# https://github.com/mikedh/trimesh
v -0.10154274 -0.40625000 -0.07812500
v -0.09375000 -0.41423644 -0.07812500
v -0.09375000 -0.40625000 -0.08591774
v -0.09375000 -0.40625000 -0.07033226
v -0.10117107 -0.39062500 -0.07812500
v -0.09375000 -0.39062500 -0.08554607
v -0.09375000 -0.39062500 -0.07070393
v -0.10132626 -0.37500000 -0.07812500
v -0.09375000 -0.37500000 -0.08570126
v -0.09375000 -0.37500000 -0.07054874
v -0.10124251 -0.35937500 -0.07812500
v -0.09375000 -0.35937500 -0.08561751
v -0.09375000 -0.35937500 -0.07063249
v -0.10070868 -0.34375000 -0.07812500
v -0.09375000 -0.34375000 -0.08508368
v -0.09375000 -0.34375000 -0.07116632
v -0.09966873 -0.32812500 -0.07812500
v -0.09375000 -0.32812500 -0.08404373
v -0.09375000 -0.32812500 -0.07220627
v -0.10032653 -0.31250000 -0.07812500
v -0.09375000 -0.31250000 -0.08470153
v -0.09375000 -0.31250000 -0.07154847
v -0.10082708 -0.29687500 -0.07812500
v -0.09375000 -0.29687500 -0.08520208
v -0.09375000 -0.29687500 -0.07104792
v -0.10112540 -0.28125000 -0.07812500
v -0.09375000 -0.28125000 -0.08550040
v -0.09375000 -0.28125000 -0.07074960
v -0.10130308 -0.26562500 -0.07812500
v -0.09375000 -0.26562500 -0.08567808
v -0.09375000 -0.26562500 -0.07057192
v -0.10140879 -0.25000000 -0.07812500
v -0.09375000 -0.25000000 -0.08578379
v -0.09375000 -0.25000000 -0.07046621
v -0.10146544 -0.23437500 -0.07812500
v -0.09375000 -0.23437500 -0.08584044
v -0.09375000 -0.23437500 -0.07040956
v -0.10149492 -0.21875000 -0.07812500
v -0.09375000 -0.21875000 -0.08586992
v -0.09375000 -0.21875000 -0.07038008
v -0.10152355 -0.20312500 -0.07812500
v -0.09375000 -0.20312500 -0.08589855
v -0.09375000 -0.20312500 -0.07035145
v -0.10153627 -0.18750000 -0.07812500
v -0.09375000 -0.18750000 -0.08591127
v -0.09375000 -0.18750000 -0.07033873
v -0.10153972 -0.17187500 -0.07812500
v -0.09375000 -0.17187500 -0.08591472
v -0.09375000 -0.17187500 -0.07033528
v -0.10154222 -0.15625000 -0.07812500
v -0.09375000 -0.15625000 -0.08591722
v -0.09375000 -0.15625000 -0.07033278
v -0.10154038 -0.14062500 -0.07812500
v -0.09375000 -0.14062500 -0.08591538
v -0.09375000 -0.14062500 -0.07033462
v -0.10153730 -0.12500000 -0.07812500
v -0.09375000 -0.12500000 -0.08591230
v -0.09375000 -0.12500000 -0.07033770
v -0.10153458 -0.10937500 -0.07812500
v -0.09375000 -0.10937500 -0.08590958
v -0.09375000 -0.10937500 -0.07034042
v -0.10153300 -0.09375000 -0.07812500
v -0.09375000 -0.09375000 -0.08590800
v -0.09375000 -0.09375000 -0.07034200
v -0.10153008 -0.07812500 -0.07812500
v -0.09375000 -0.07812500 -0.08590508
v -0.09375000 -0.07812500 -0.07034492
v -0.10152343 -0.06250000 -0.07812500
v -0.09375000 -0.06250000 -0.08589843
v -0.09375000 -0.06250000 -0.07035157
v -0.10151694 -0.04687500 -0.07812500
v -0.09375000 -0.04687500 -0.08589194
v -0.09375000 -0.04687500 -0.07035806
v -0.10151354 -0.03125000 -0.07812500
v -0.09375000 -0.03125000 -0.08588854
v -0.09375000 -0.03125000 -0.07036146
v -0.10150418 -0.01562500 -0.07812500
v -0.09375000 -0.01562500 -0.08587918
v -0.09375000 -0.01562500 -0.07037082
v -0.10149623 0.00000000 -0.07812500
v -0.09375000 0.00000000 -0.08587123
v -0.09375000 0.00000000 -0.07037877
v -0.10148326 0.01562500 -0.07812500
v -0.09375000 0.01562500 -0.08585826
v -0.09375000 0.01562500 -0.07039174
v -0.10132641 0.03125000 -0.07812500
v -0.09375000 0.03125000 -0.08570141
v -0.09375000 0.03125000 -0.07054859
v -0.10081047 0.04687500 -0.07812500
v -0.09375000 0.04687500 -0.08518547
v -0.09375000 0.04687500 -0.07106453
v -0.10012469 0.06250000 -0.07812500
v -0.09375000 0.06250000 -0.08449969
v -0.09375000 0.06250000 -0.07175031
v -0.10015452 0.07812500 -0.07812500
v -0.09375000 0.07812500 -0.08452952
v -0.09375000 0.07812500 -0.07172048
v -0.10017792 0.09375000 -0.07812500
v -0.09375000 0.09375000 -0.08455292
v -0.09375000 0.09375000 -0.07169708
v -0.09849114 0.10937500 -0.07812500
v -0.09375000 0.10937500 -0.08286614
v -0.09375000 0.10937500 -0.07338386
v -0.09728051 0.12500000 -0.07812500
v -0.09375000 0.12500000 -0.08165551
v -0.09375000 0.12500000 -0.07459449
v -0.09496688 0.14062500 -0.07812500
v -0.09375000 0.14062500 -0.07934188
v -0.09375000 0.14062500 -0.07690812
v -0.09375000 0.14184188 -0.07812500
v -0.08473549 -0.42187500 -0.07812500
v -0.07812500 -0.42829710 -0.07812500
v -0.07812500 -0.42187500 -0.08454710
v -0.08364480 -0.42187500 -0.06250000
v -0.07812500 -0.42739404 -0.06250000
v -0.08304510 -0.42187500 -0.04687500
v -0.07812500 -0.42679510 -0.04687500
v -0.07812500 -0.42187500 -0.04127018
v -0.07812500 -0.40625000 -0.08593750
v -0.08593749 -0.40625000 -0.06250000
v -0.08593721 -0.40625000 -0.04687500
v -0.08562643 -0.40625000 -0.03125000
v -0.07812500 -0.41451793 -0.03125000
v -0.07812500 -0.40625000 -0.02374857
v -0.07812500 -0.39062500 -0.08593749
v -0.08593739 -0.39062500 -0.06250000
v -0.08593307 -0.39062500 -0.04687500
v -0.07812500 -0.39874857 -0.03125000
v -0.07812500 -0.39062500 -0.03906693
v -0.07812500 -0.37500000 -0.08593749
v -0.08593737 -0.37500000 -0.06250000
v -0.08593223 -0.37500000 -0.04687500
v -0.07812500 -0.37500000 -0.03906777
v -0.07812500 -0.35937500 -0.08593750
v -0.08593738 -0.35937500 -0.06250000
v -0.08586466 -0.35937500 -0.04687500
v -0.07812500 -0.35937500 -0.03913534
v -0.07812500 -0.34375000 -0.08593750
v -0.08593748 -0.34375000 -0.06250000
v -0.08553941 -0.34375000 -0.04687500
v -0.07812500 -0.34375000 -0.03946059
v -0.07812500 -0.32812500 -0.08593750
v -0.08593750 -0.32812500 -0.06250000
v -0.08386738 -0.32812500 -0.04687500
v -0.07812500 -0.32812500 -0.04113262
v -0.07812500 -0.31250000 -0.08593750
v -0.08593750 -0.31250000 -0.06250000
v -0.08433182 -0.31250000 -0.04687500
v -0.07812500 -0.31250000 -0.04066818
v -0.07812500 -0.29687500 -0.08593750
v -0.08593750 -0.29687500 -0.06250000
v -0.08501091 -0.29687500 -0.04687500
v -0.07812500 -0.29687500 -0.03998909
v -0.07812500 -0.28125000 -0.08593750
v -0.08593750 -0.28125000 -0.06250000
v -0.08540287 -0.28125000 -0.04687500
v -0.07812500 -0.28125000 -0.03959713
v -0.07812500 -0.26562500 -0.08593750
v -0.08593750 -0.26562500 -0.06250000
v -0.08562907 -0.26562500 -0.04687500
v -0.07812500 -0.26562500 -0.03937093
v -0.07812500 -0.25000000 -0.08593750
v -0.08593750 -0.25000000 -0.06250000
v -0.08575959 -0.25000000 -0.04687500
v -0.07812500 -0.25000000 -0.03924041
v -0.07812500 -0.23437500 -0.08593750
v -0.08593750 -0.23437500 -0.06250000
v -0.08583491 -0.23437500 -0.04687500
v -0.07812500 -0.23437500 -0.03916509
v -0.07812500 -0.21875000 -0.08593750
v -0.08593750 -0.21875000 -0.06250000
v -0.08587460 -0.21875000 -0.04687500
v -0.07812500 -0.21875000 -0.03912540
v -0.07812500 -0.20312500 -0.08593750
v -0.08593750 -0.20312500 -0.06250000
v -0.08589165 -0.20312500 -0.04687500
v -0.07812500 -0.20312500 -0.03910835
v -0.07812500 -0.18750000 -0.08593750
v -0.08593750 -0.18750000 -0.06250000
v -0.08590412 -0.18750000 -0.04687500
v -0.07812500 -0.18750000 -0.03909588
v -0.07812500 -0.17187500 -0.08593750
v -0.08593750 -0.17187500 -0.06250000
v -0.08591322 -0.17187500 -0.04687500
v -0.07812500 -0.17187500 -0.03908678
v -0.07812500 -0.15625000 -0.08593750
v -0.08593750 -0.15625000 -0.06250000
v -0.08592046 -0.15625000 -0.04687500
v -0.07812500 -0.15625000 -0.03907954
v -0.07812500 -0.14062500 -0.08593750
v -0.08593750 -0.14062500 -0.06250000
v -0.08592796 -0.14062500 -0.04687500
v -0.07812500 -0.14062500 -0.03907204
v -0.07812500 -0.12500000 -0.08593750
v -0.08593750 -0.12500000 -0.06250000
v -0.08593218 -0.12500000 -0.04687500
v -0.07812500 -0.12500000 -0.03906782
v -0.07812500 -0.10937500 -0.08593750
v -0.08593750 -0.10937500 -0.06250000
v -0.08593455 -0.10937500 -0.04687500
v -0.07812500 -0.10937500 -0.03906545
v -0.07812500 -0.09375000 -0.08593750
v -0.08593750 -0.09375000 -0.06250000
v -0.08593588 -0.09375000 -0.04687500
v -0.07812500 -0.09375000 -0.03906412
v -0.07812500 -0.07812500 -0.08593750
v -0.08593750 -0.07812500 -0.06250000
v -0.08593650 -0.07812500 -0.04687500
v -0.07812500 -0.07812500 -0.03906350
v -0.07812500 -0.06250000 -0.08593750
v -0.08593750 -0.06250000 -0.06250000
v -0.08593694 -0.06250000 -0.04687500
v -0.07812500 -0.06250000 -0.03906306
v -0.07812500 -0.04687500 -0.08593750
v -0.08593750 -0.04687500 -0.06250000
v -0.08593727 -0.04687500 -0.04687500
v -0.07812500 -0.04687500 -0.03906273
v -0.07812500 -0.03125000 -0.08593750
v -0.08593750 -0.03125000 -0.06250000
v -0.08593742 -0.03125000 -0.04687500
v -0.07812500 -0.03125000 -0.03906258
v -0.07812500 -0.01562500 -0.08593750
v -0.08593750 -0.01562500 -0.06250000
v -0.08593747 -0.01562500 -0.04687500
v -0.07812500 -0.01562500 -0.03906253
v -0.07812500 0.00000000 -0.08593748
v -0.08593750 0.00000000 -0.06250000
v -0.08593749 0.00000000 -0.04687500
v -0.07812500 0.00000000 -0.03906251
v -0.07812500 0.01562500 -0.08593741
v -0.08593750 0.01562500 -0.06250000
v -0.08593750 0.01562500 -0.04687500
v -0.07812500 0.01562500 -0.03906250
v -0.07812500 0.03125000 -0.08593712
v -0.08593750 0.03125000 -0.06250000
v -0.08593750 0.03125000 -0.04687500
v -0.07812500 0.03125000 -0.03906250
v -0.07812500 0.04687500 -0.08593589
v -0.08593750 0.04687500 -0.06250000
v -0.08593750 0.04687500 -0.04687500
v -0.07812500 0.04687500 -0.03906250
v -0.07812500 0.06250000 -0.08593072
v -0.08593750 0.06250000 -0.06250000
v -0.08593750 0.06250000 -0.04687500
v -0.07812500 0.06250000 -0.03906250
v -0.07812500 0.07812500 -0.08591532
v -0.08593750 0.07812500 -0.06250000
v -0.08593750 0.07812500 -0.04687500
v -0.07812500 0.07812500 -0.03906250
v -0.07812500 0.09375000 -0.08589463
v -0.08593750 0.09375000 -0.06250000
v -0.08593750 0.09375000 -0.04687500
v -0.07812500 0.09375000 -0.03906250
v -0.07812500 0.10937500 -0.08591098
v -0.08593750 0.10937500 -0.06250000
v -0.08593750 0.10937500 -0.04687500
v -0.07812500 0.10937500 -0.03906250
v -0.07812500 0.12500000 -0.08592981
v -0.08593750 0.12500000 -0.06250000
v -0.08593750 0.12500000 -0.04687500
v -0.07812500 0.12500000 -0.03906250
v -0.07812500 0.14062500 -0.08593527
v -0.08593750 0.14062500 -0.06250000
v -0.08593750 0.14062500 -0.04687500
v -0.07812500 0.14062500 -0.03906250
v -0.08593499 0.15625000 -0.07812500
v -0.07812500 0.15625000 -0.08593499
v -0.08593750 0.15625000 -0.06250000
v -0.08593750 0.15625000 -0.04687500
v -0.07812500 0.15625000 -0.03906250
v -0.08593264 0.17187500 -0.07812500
v -0.07812500 0.17187500 -0.08593264
v -0.08593750 0.17187500 -0.06250000
v -0.08593750 0.17187500 -0.04687500
v -0.07812500 0.17187500 -0.03906250
v -0.08592236 0.18750000 -0.07812500
v -0.07812500 0.18750000 -0.08592236
v -0.08593750 0.18750000 -0.06250000
v -0.08593750 0.18750000 -0.04687500
v -0.07812500 0.18750000 -0.03906250
v -0.08588710 0.20312500 -0.07812500
v -0.07812500 0.20312500 -0.08588710
v -0.08593750 0.20312500 -0.06250000
v -0.08593750 0.20312500 -0.04687500
v -0.07812500 0.20312500 -0.03906250
v -0.08576981 0.21875000 -0.07812500
v -0.07812500 0.21875000 -0.08576981
v -0.08593750 0.21875000 -0.06250000
v -0.08593750 0.21875000 -0.04687500
v -0.07812500 0.21875000 -0.03906250
v -0.08537844 0.23437500 -0.07812500
v -0.07812500 0.23437500 -0.08537844
v -0.08593750 0.23437500 -0.06250000
v -0.08593750 0.23437500 -0.04687500
v -0.07812500 0.23437500 -0.03906250
v -0.07812500 0.24162844 -0.07812500
v -0.08593750 0.25000000 -0.06250000
v -0.07812500 0.25000000 -0.07031250
v -0.08593750 0.25000000 -0.04687500
v -0.07812500 0.25000000 -0.03906250
v -0.08593750 0.26562500 -0.06250000
v -0.07812500 0.26562500 -0.07031250
v -0.08593750 0.26562500 -0.04687500
v -0.07812500 0.26562500 -0.03906250
v -0.08593750 0.28125000 -0.06250000
v -0.07812500 0.28125000 -0.07031250
v -0.08593748 0.28125000 -0.04687500
v -0.07812500 0.28125000 -0.03906252
v -0.08593750 0.29687500 -0.06250000
v -0.07812500 0.29687500 -0.07031250
v -0.08593743 0.29687500 -0.04687500
v -0.07812500 0.29687500 -0.03906257
v -0.08593750 0.31250000 -0.06250000
v -0.07812500 0.31250000 -0.07031250
v -0.08593723 0.31250000 -0.04687500
v -0.07812500 0.31250000 -0.03906277
v -0.08593750 0.32812500 -0.06250000
v -0.07812500 0.32812500 -0.07031250
v -0.08593643 0.32812500 -0.04687500
v -0.07812500 0.32812500 -0.03906357
v -0.08593750 0.34375000 -0.06250000
v -0.07812500 0.34375000 -0.07031250
v -0.08593385 0.34375000 -0.04687500
v -0.07812500 0.34375000 -0.03906615
v -0.08593750 0.35937500 -0.06250000
v -0.07812500 0.35937500 -0.07031250
v -0.08593176 0.35937500 -0.04687500
v -0.07812500 0.35937500 -0.03906824
v -0.08593688 0.37500000 -0.06250000
v -0.07812500 0.37500000 -0.07031188
v -0.08589003 0.37500000 -0.04687500
v -0.07812500 0.37500000 -0.03910997
v -0.07812500 0.38286897 -0.06250000
v -0.07812500 0.38279219 -0.04687500
v -0.06250000 -0.42446709 -0.07812500
v -0.06250000 -0.42187500 -0.08071709
v -0.06250000 -0.42662986 -0.06250000
v -0.06250000 -0.42707527 -0.04687500
v -0.07097556 -0.42187500 -0.03125000
v -0.06250000 -0.42958498 -0.03125000
v -0.07030813 -0.42187500 -0.01562500
v -0.06250000 -0.42968313 -0.01562500
v -0.06250000 -0.42187500 -0.00645268
v -0.06690825 -0.40625000 -0.09375000
v -0.06250000 -0.41065825 -0.09375000
v -0.06250000 -0.40625000 -0.09815825
v -0.07031250 -0.40625000 -0.01562500
v -0.07024176 -0.40625000 0.00000000
v -0.06250000 -0.41535786 0.00000000
v -0.06250000 -0.40625000 0.00774176
v -0.06900963 -0.39062500 -0.09375000
v -0.06250000 -0.39062500 -0.10025963
v -0.07031250 -0.39062500 -0.03125000
v -0.07031249 -0.39062500 -0.01562500
v -0.06250000 -0.39850824 0.00000000
v -0.06250000 -0.39062500 -0.00781251
v -0.06894399 -0.37500000 -0.09375000
v -0.06250000 -0.37500000 -0.10019399
v -0.07031250 -0.37500000 -0.03125000
v -0.07031219 -0.37500000 -0.01562500
v -0.06250000 -0.37500000 -0.00781281
v -0.06656062 -0.35937500 -0.09375000
v -0.06250000 -0.35937500 -0.09781062
v -0.07031250 -0.35937500 -0.03125000
v -0.07023918 -0.35937500 -0.01562500
v -0.06250000 -0.35937500 -0.00788582
v -0.06880100 -0.34375000 -0.09375000
v -0.06250000 -0.34375000 -0.10005100
v -0.07031250 -0.34375000 -0.03125000
v -0.06971240 -0.34375000 -0.01562500
v -0.06250000 -0.34375000 -0.00841260
v -0.06938560 -0.32812500 -0.09375000
v -0.06250000 -0.32812500 -0.10063560
v -0.07031250 -0.32812500 -0.03125000
v -0.06658350 -0.32812500 -0.01562500
v -0.06250000 -0.32812500 -0.01154150
v -0.06822738 -0.31250000 -0.09375000
v -0.06250000 -0.31250000 -0.09947738
v -0.07031250 -0.31250000 -0.03125000
v -0.06308279 -0.31250000 -0.01562500
v -0.06250000 -0.31250000 -0.01504221
v -0.06562449 -0.29687500 -0.09375000
v -0.06250000 -0.29687500 -0.09687449
v -0.07031250 -0.29687500 -0.03125000
v -0.06467971 -0.29687500 -0.01562500
v -0.06250000 -0.29687500 -0.01344529
v -0.06250000 -0.29375051 -0.09375000
v -0.06250000 -0.28125000 -0.08593750
v -0.07031250 -0.28125000 -0.03125000
v -0.06592466 -0.28125000 -0.01562500
v -0.06250000 -0.28125000 -0.01220034
v -0.06250000 -0.26562500 -0.08593750
v -0.07031250 -0.26562500 -0.03125000
v -0.06689537 -0.26562500 -0.01562500
v -0.06250000 -0.26562500 -0.01122963
v -0.06250000 -0.25000000 -0.08593750
v -0.07031250 -0.25000000 -0.03125000
v -0.06778497 -0.25000000 -0.01562500
v -0.06250000 -0.25000000 -0.01034003
v -0.06250000 -0.23437500 -0.08593750
v -0.07031250 -0.23437500 -0.03125000
v -0.06848655 -0.23437500 -0.01562500
v -0.06250000 -0.23437500 -0.00963845
v -0.06250000 -0.21875000 -0.08593750
v -0.07031250 -0.21875000 -0.03125000
v -0.06899366 -0.21875000 -0.01562500
v -0.06250000 -0.21875000 -0.00913134
v -0.06250000 -0.20312500 -0.08593750
v -0.07031250 -0.20312500 -0.03125000
v -0.06940517 -0.20312500 -0.01562500
v -0.06250000 -0.20312500 -0.00871983
v -0.06250000 -0.18750000 -0.08593750
v -0.07031250 -0.18750000 -0.03125000
v -0.06970469 -0.18750000 -0.01562500
v -0.06250000 -0.18750000 -0.00842031
v -0.06250000 -0.17187500 -0.08593750
v -0.07031250 -0.17187500 -0.03125000
v -0.06991981 -0.17187500 -0.01562500
v -0.06250000 -0.17187500 -0.00820519
v -0.06250000 -0.15625000 -0.08593750
v -0.07031250 -0.15625000 -0.03125000
v -0.07001307 -0.15625000 -0.01562500
v -0.06250000 -0.15625000 -0.00811193
v -0.06250000 -0.14062500 -0.08593750
v -0.07031250 -0.14062500 -0.03125000
v -0.07003401 -0.14062500 -0.01562500
v -0.06250000 -0.14062500 -0.00809099
v -0.06250000 -0.12500000 -0.08593750
v -0.07031250 -0.12500000 -0.03125000
v -0.07005480 -0.12500000 -0.01562500
v -0.06250000 -0.12500000 -0.00807020
v -0.06250000 -0.10937500 -0.08593750
v -0.07031250 -0.10937500 -0.03125000
v -0.07007617 -0.10937500 -0.01562500
v -0.06250000 -0.10937500 -0.00804883
v -0.06250000 -0.09375000 -0.08593750
v -0.07031250 -0.09375000 -0.03125000
v -0.07011503 -0.09375000 -0.01562500
v -0.06250000 -0.09375000 -0.00800997
v -0.06250000 -0.07812500 -0.08593750
v -0.07031250 -0.07812500 -0.03125000
v -0.07021910 -0.07812500 -0.01562500
v -0.06250000 -0.07812500 -0.00790590
v -0.06250000 -0.06250000 -0.08593750
v -0.07031250 -0.06250000 -0.03125000
v -0.07027322 -0.06250000 -0.01562500
v -0.06250000 -0.06250000 -0.00785178
v -0.06250000 -0.04687500 -0.08593750
v -0.07031250 -0.04687500 -0.03125000
v -0.07029929 -0.04687500 -0.01562500
v -0.06250000 -0.04687500 -0.00782571
v -0.06250000 -0.03125000 -0.08593750
v -0.07031250 -0.03125000 -0.03125000
v -0.07030842 -0.03125000 -0.01562500
v -0.06250000 -0.03125000 -0.00781658
v -0.06250000 -0.01562500 -0.08593750
v -0.07031250 -0.01562500 -0.03125000
v -0.07031103 -0.01562500 -0.01562500
v -0.06250000 -0.01562500 -0.00781397
v -0.06250000 0.00000000 -0.08593750
v -0.07031250 0.00000000 -0.03125000
v -0.07031204 0.00000000 -0.01562500
v -0.06250000 0.00000000 -0.00781296
v -0.06250000 0.01562500 -0.08593750
v -0.07031250 0.01562500 -0.03125000
v -0.07031236 0.01562500 -0.01562500
v -0.06250000 0.01562500 -0.00781264
v -0.06250000 0.03125000 -0.08593750
v -0.07031250 0.03125000 -0.03125000
v -0.07031246 0.03125000 -0.01562500
v -0.06250000 0.03125000 -0.00781254
v -0.06250000 0.04687500 -0.08593747
v -0.07031250 0.04687500 -0.03125000
v -0.07031249 0.04687500 -0.01562500
v -0.06250000 0.04687500 -0.00781251
v -0.06250000 0.06250000 -0.08593722
v -0.07031250 0.06250000 -0.03125000
v -0.07031250 0.06250000 -0.01562500
v -0.06250000 0.06250000 -0.00781250
v -0.06250000 0.07812500 -0.08593502
v -0.07031250 0.07812500 -0.03125000
v -0.07031250 0.07812500 -0.01562500
v -0.06250000 0.07812500 -0.00781250
v -0.06250000 0.09375000 -0.08591756
v -0.07031250 0.09375000 -0.03125000
v -0.07031250 0.09375000 -0.01562500
v -0.06250000 0.09375000 -0.00781250
v -0.06250000 0.10937500 -0.08580466
v -0.07031250 0.10937500 -0.03125000
v -0.07031250 0.10937500 -0.01562500
v -0.06250000 0.10937500 -0.00781250
v -0.06250000 0.12500000 -0.08575436
v -0.07031250 0.12500000 -0.03125000
v -0.07031250 0.12500000 -0.01562500
v -0.06250000 0.12500000 -0.00781250
v -0.06250000 0.14062500 -0.08584763
v -0.07031250 0.14062500 -0.03125000
v -0.07031250 0.14062500 -0.01562500
v -0.06250000 0.14062500 -0.00781250
v -0.06250000 0.15625000 -0.08589342
v -0.07031250 0.15625000 -0.03125000
v -0.07031250 0.15625000 -0.01562500
v -0.06250000 0.15625000 -0.00781250
v -0.06250000 0.17187500 -0.08591588
v -0.07031250 0.17187500 -0.03125000
v -0.07031250 0.17187500 -0.01562500
v -0.06250000 0.17187500 -0.00781250
v -0.06250000 0.18750000 -0.08591927
v -0.07031250 0.18750000 -0.03125000
v -0.07031250 0.18750000 -0.01562500
v -0.06250000 0.18750000 -0.00781250
v -0.06250000 0.20312500 -0.08589759
v -0.07031250 0.20312500 -0.03125000
v -0.07031250 0.20312500 -0.01562500
v -0.06250000 0.20312500 -0.00781250
v -0.06250000 0.21875000 -0.08584241
v -0.07031250 0.21875000 -0.03125000
v -0.07031250 0.21875000 -0.01562500
v -0.06250000 0.21875000 -0.00781250
v -0.06250000 0.23437500 -0.08572671
v -0.07031250 0.23437500 -0.03125000
v -0.07031250 0.23437500 -0.01562500
v -0.06250000 0.23437500 -0.00781250
v -0.06983734 0.25000000 -0.07812500
v -0.06250000 0.25000000 -0.08546234
v -0.07031250 0.25000000 -0.03125000
v -0.07031250 0.25000000 -0.01562500
v -0.06250000 0.25000000 -0.00781250
v -0.06878906 0.26562500 -0.07812500
v -0.06250000 0.26562500 -0.08441406
v -0.07031250 0.26562500 -0.03125000
v -0.07031250 0.26562500 -0.01562500
v -0.06250000 0.26562500 -0.00781250
v -0.06250000 0.27191406 -0.07812500
v -0.06250000 0.28125000 -0.07031250
v -0.07031250 0.28125000 -0.03125000
v -0.07031250 0.28125000 -0.01562500
v -0.06250000 0.28125000 -0.00781250
v -0.06250000 0.29687500 -0.07031250
v -0.07031250 0.29687500 -0.03125000
v -0.07031250 0.29687500 -0.01562500
v -0.06250000 0.29687500 -0.00781250
v -0.06250000 0.31250000 -0.07031250
v -0.07031250 0.31250000 -0.03125000
v -0.07031250 0.31250000 -0.01562500
v -0.06250000 0.31250000 -0.00781250
v -0.06250000 0.32812500 -0.07031250
v -0.07031250 0.32812500 -0.03125000
v -0.07031250 0.32812500 -0.01562500
v -0.06250000 0.32812500 -0.00781250
v -0.06250000 0.34375000 -0.07031250
v -0.07031250 0.34375000 -0.03125000
v -0.07031249 0.34375000 -0.01562500
v -0.06250000 0.34375000 -0.00781251
v -0.06250000 0.35937500 -0.07031250
v -0.07031250 0.35937500 -0.03125000
v -0.07031248 0.35937500 -0.01562500
v -0.06250000 0.35937500 -0.00781252
v -0.06250000 0.37500000 -0.07031241
v -0.07031250 0.37500000 -0.03125000
v -0.07031249 0.37500000 -0.01562500
v -0.06250000 0.37500000 -0.00781251
v -0.06250000 0.38302714 -0.06250000
v -0.06990473 0.39062500 -0.04687500
v -0.06250000 0.39062500 -0.05446705
v -0.07025363 0.39062500 -0.03125000
v -0.07022351 0.39062500 -0.01562500
v -0.06250000 0.39062500 -0.00790149
v -0.06250000 0.39800265 -0.04687500
v -0.06250000 0.39837863 -0.03125000
v -0.06250000 0.39834851 -0.01562500
v -0.05952101 -0.42187500 -0.07812500
v -0.04687500 -0.42361057 -0.06250000
v -0.04687500 -0.42187500 -0.06451439
v -0.04687500 -0.42937475 -0.04687500
v -0.04687500 -0.42962612 -0.03125000
v -0.04687500 -0.42962330 -0.01562500
v -0.05216996 -0.42187500 0.00000000
v -0.04687500 -0.42601266 0.00000000
v -0.04687500 -0.42187500 0.00429995
v -0.05248485 -0.40625000 -0.09375000
v -0.04687500 -0.41472209 -0.07812500
v -0.04687500 -0.40625000 -0.09093094
v -0.05468687 -0.40625000 0.01562500
v -0.04687500 -0.41426769 0.01562500
v -0.04687500 -0.40625000 0.02729648
v -0.04687500 -0.40305320 -0.09375000
v -0.04687500 -0.39062500 -0.10095557
v -0.05468750 -0.39062500 0.00000000
v -0.05468531 -0.39062500 0.01562500
v -0.04687500 -0.39062500 0.02343531
v -0.04687500 -0.37500000 -0.10142595
v -0.05468750 -0.37500000 0.00000000
v -0.05468725 -0.37500000 0.01562500
v -0.04687500 -0.37500000 0.02343725
v -0.04687500 -0.35937500 -0.10155426
v -0.05468750 -0.35937500 0.00000000
v -0.05468734 -0.35937500 0.01562500
v -0.04687500 -0.35937500 0.02343734
v -0.04687500 -0.34375000 -0.10156217
v -0.05468750 -0.34375000 0.00000000
v -0.05468714 -0.34375000 0.01562500
v -0.04687500 -0.34375000 0.02343714
v -0.04687500 -0.32812500 -0.10156238
v -0.05468750 -0.32812500 0.00000000
v -0.05468665 -0.32812500 0.01562500
v -0.04687500 -0.32812500 0.02343665
v -0.04687500 -0.31250000 -0.10156220
v -0.05468750 -0.31250000 0.00000000
v -0.05468620 -0.31250000 0.01562500
v -0.04687500 -0.31250000 0.02343620
v -0.04687500 -0.29687500 -0.10156178
v -0.05468750 -0.29687500 0.00000000
v -0.05468647 -0.29687500 0.01562500
v -0.04687500 -0.29687500 0.02343647
v -0.05468577 -0.28125000 -0.09375000
v -0.04687500 -0.28125000 -0.10156077
v -0.05468750 -0.28125000 0.00000000
v -0.05468665 -0.28125000 0.01562500
v -0.04687500 -0.28125000 0.02343665
v -0.05468327 -0.26562500 -0.09375000
v -0.04687500 -0.26562500 -0.10155827
v -0.05468750 -0.26562500 0.00000000
v -0.05468665 -0.26562500 0.01562500
v -0.04687500 -0.26562500 0.02343665
v -0.05467567 -0.25000000 -0.09375000
v -0.04687500 -0.25000000 -0.10155067
v -0.05468750 -0.25000000 0.00000000
v -0.05468627 -0.25000000 0.01562500
v -0.04687500 -0.25000000 0.02343627
v -0.05464880 -0.23437500 -0.09375000
v -0.04687500 -0.23437500 -0.10152380
v -0.05468750 -0.23437500 0.00000000
v -0.05468575 -0.23437500 0.01562500
v -0.04687500 -0.23437500 0.02343575
v -0.05456099 -0.21875000 -0.09375000
v -0.04687500 -0.21875000 -0.10143599
v -0.05468750 -0.21875000 0.00000000
v -0.05468496 -0.21875000 0.01562500
v -0.04687500 -0.21875000 0.02343496
v -0.05427303 -0.20312500 -0.09375000
v -0.04687500 -0.20312500 -0.10114803
v -0.05468750 -0.20312500 0.00000000
v -0.05468292 -0.20312500 0.01562500
v -0.04687500 -0.20312500 0.02343292
v -0.05331445 -0.18750000 -0.09375000
v -0.04687500 -0.18750000 -0.10018945
v -0.05468750 -0.18750000 0.00000000
v -0.05467914 -0.18750000 0.01562500
v -0.04687500 -0.18750000 0.02342914
v -0.05010797 -0.17187500 -0.09375000
v -0.04687500 -0.17187500 -0.09698297
v -0.05468750 -0.17187500 0.00000000
v -0.05467270 -0.17187500 0.01562500
v -0.04687500 -0.17187500 0.02342270
v -0.04687500 -0.16864203 -0.09375000
v -0.04687500 -0.15625000 -0.08593750
v -0.05468750 -0.15625000 0.00000000
v -0.05467137 -0.15625000 0.01562500
v -0.04687500 -0.15625000 0.02342137
v -0.04687500 -0.14062500 -0.08593750
v -0.05468750 -0.14062500 0.00000000
v -0.05467254 -0.14062500 0.01562500
v -0.04687500 -0.14062500 0.02342254
v -0.04687500 -0.12500000 -0.08593750
v -0.05468750 -0.12500000 0.00000000
v -0.05467390 -0.12500000 0.01562500
v -0.04687500 -0.12500000 0.02342390
v -0.04687500 -0.10937500 -0.08593750
v -0.05468750 -0.10937500 0.00000000
v -0.05467756 -0.10937500 0.01562500
v -0.04687500 -0.10937500 0.02342756
v -0.04687500 -0.09375000 -0.08593750
v -0.05468750 -0.09375000 0.00000000
v -0.05468051 -0.09375000 0.01562500
v -0.04687500 -0.09375000 0.02343051
v -0.04687500 -0.07812500 -0.08593750
v -0.05468750 -0.07812500 0.00000000
v -0.05468288 -0.07812500 0.01562500
v -0.04687500 -0.07812500 0.02343288
v -0.04687500 -0.06250000 -0.08593750
v -0.05468750 -0.06250000 0.00000000
v -0.05468470 -0.06250000 0.01562500
v -0.04687500 -0.06250000 0.02343470
v -0.04687500 -0.04687500 -0.08593750
v -0.05468750 -0.04687500 0.00000000
v -0.05468578 -0.04687500 0.01562500
v -0.04687500 -0.04687500 0.02343578
v -0.04687500 -0.03125000 -0.08593750
v -0.05468750 -0.03125000 0.00000000
v -0.05468667 -0.03125000 0.01562500
v -0.04687500 -0.03125000 0.02343667
v -0.04687500 -0.01562500 -0.08593750
v -0.05468750 -0.01562500 0.00000000
v -0.05468714 -0.01562500 0.01562500
v -0.04687500 -0.01562500 0.02343714
v -0.04687500 0.00000000 -0.08593750
v -0.05468750 0.00000000 0.00000000
v -0.05468734 0.00000000 0.01562500
v -0.04687500 0.00000000 0.02343734
v -0.04687500 0.01562500 -0.08593750
v -0.05468750 0.01562500 0.00000000
v -0.05468741 0.01562500 0.01562500
v -0.04687500 0.01562500 0.02343741
v -0.04687500 0.03125000 -0.08593748
v -0.05468750 0.03125000 0.00000000
v -0.05468743 0.03125000 0.01562500
v -0.04687500 0.03125000 0.02343743
v -0.04687500 0.04687500 -0.08593744
v -0.05468750 0.04687500 0.00000000
v -0.05468745 0.04687500 0.01562500
v -0.04687500 0.04687500 0.02343745
v -0.04687500 0.06250000 -0.08593727
v -0.05468750 0.06250000 0.00000000
v -0.05468747 0.06250000 0.01562500
v -0.04687500 0.06250000 0.02343747
v -0.04687500 0.07812500 -0.08593584
v -0.05468750 0.07812500 0.00000000
v -0.05468748 0.07812500 0.01562500
v -0.04687500 0.07812500 0.02343748
v -0.04687500 0.09375000 -0.08592431
v -0.05468750 0.09375000 0.00000000
v -0.05468749 0.09375000 0.01562500
v -0.04687500 0.09375000 0.02343749
v -0.04687500 0.10937500 -0.08583278
v -0.05468750 0.10937500 0.00000000
v -0.05468750 0.10937500 0.01562500
v -0.04687500 0.10937500 0.02343750
v -0.04687500 0.12500000 -0.08572426
v -0.05468750 0.12500000 0.00000000
v -0.05468750 0.12500000 0.01562500
v -0.04687500 0.12500000 0.02343750
v -0.04687500 0.14062500 -0.08561824
v -0.05468750 0.14062500 0.00000000
v -0.05468750 0.14062500 0.01562500
v -0.04687500 0.14062500 0.02343750
v -0.04687500 0.15625000 -0.08558365
v -0.05468750 0.15625000 0.00000000
v -0.05468750 0.15625000 0.01562500
v -0.04687500 0.15625000 0.02343750
v -0.04687500 0.17187500 -0.08579625
v -0.05468750 0.17187500 0.00000000
v -0.05468750 0.17187500 0.01562500
v -0.04687500 0.17187500 0.02343750
v -0.04687500 0.18750000 -0.08589792
v -0.05468750 0.18750000 0.00000000
v -0.05468750 0.18750000 0.01562500
v -0.04687500 0.18750000 0.02343750
v -0.04687500 0.20312500 -0.08592641
v -0.05468750 0.20312500 0.00000000
v -0.05468750 0.20312500 0.01562500
v -0.04687500 0.20312500 0.02343750
v -0.04687500 0.21875000 -0.08593238
v -0.05468750 0.21875000 0.00000000
v -0.05468750 0.21875000 0.01562500
v -0.04687500 0.21875000 0.02343750
v -0.04687500 0.23437500 -0.08592213
v -0.05468750 0.23437500 0.00000000
v -0.05468750 0.23437500 0.01562500
v -0.04687500 0.23437500 0.02343750
v -0.04687500 0.25000000 -0.08590561
v -0.05468750 0.25000000 0.00000000
v -0.05468750 0.25000000 0.01562500
v -0.04687500 0.25000000 0.02343750
v -0.04687500 0.26562500 -0.08586271
v -0.05468750 0.26562500 0.00000000
v -0.05468749 0.26562500 0.01562500
v -0.04687500 0.26562500 0.02343749
v -0.05438576 0.28125000 -0.07812500
v -0.04687500 0.28125000 -0.08563576
v -0.05468750 0.28125000 0.00000000
v -0.05468749 0.28125000 0.01562500
v -0.04687500 0.28125000 0.02343749
v -0.05350823 0.29687500 -0.07812500
v -0.04687500 0.29687500 -0.08475823
v -0.05468750 0.29687500 0.00000000
v -0.05468749 0.29687500 0.01562500
v -0.04687500 0.29687500 0.02343749
v -0.05113760 0.31250000 -0.07812500
v -0.04687500 0.31250000 -0.08238760
v -0.05468750 0.31250000 0.00000000
v -0.05468749 0.31250000 0.01562500
v -0.04687500 0.31250000 0.02343749
v -0.04687500 0.32354773 -0.07812500
v -0.04687500 0.32812500 -0.07602309
v -0.05468750 0.32812500 0.00000000
v -0.05468749 0.32812500 0.01562500
v -0.04687500 0.32812500 0.02343749
v -0.04687500 0.34375000 -0.07031250
v -0.05468750 0.34375000 0.00000000
v -0.05468749 0.34375000 0.01562500
v -0.04687500 0.34375000 0.02343749
v -0.04687500 0.35937500 -0.07031250
v -0.05468750 0.35937500 0.00000000
v -0.05468749 0.35937500 0.01562500
v -0.04687500 0.35937500 0.02343749
v -0.04687500 0.37500000 -0.07031246
v -0.05468750 0.37500000 0.00000000
v -0.05468750 0.37500000 0.01562500
v -0.04687500 0.37500000 0.02343750
v -0.04687500 0.38300738 -0.06250000
v -0.04687500 0.39062500 -0.05487030
v -0.05461779 0.39062500 0.00000000
v -0.05455846 0.39062500 0.01562500
v -0.04687500 0.39062500 0.02330846
v -0.04687500 0.39842537 -0.04687500
v -0.04687500 0.39841324 -0.03125000
v -0.04687500 0.39836118 -0.01562500
v -0.04687500 0.39836779 0.00000000
v -0.04687500 0.39830846 0.01562500
v -0.04342467 -0.42187500 -0.06250000
v -0.03125000 -0.42906488 -0.04687500
v -0.03125000 -0.42187500 -0.05717305
v -0.03125000 -0.42964708 -0.03125000
v -0.03125000 -0.42882400 -0.01562500
v -0.03792803 -0.42187500 0.00000000
v -0.03125000 -0.42187500 -0.00392670
v -0.03125000 -0.41466535 -0.07812500
v -0.03125000 -0.40625000 -0.08593736
v -0.03125000 -0.41709380 -0.06250000
v -0.03125000 -0.41856431 0.00000000
v -0.03125000 -0.42048479 0.01562500
v -0.04292185 -0.40625000 0.03125000
v -0.03125000 -0.41466126 0.03125000
v -0.03125000 -0.40625000 0.03906236
v -0.03125000 -0.39667621 -0.09375000
v -0.03125000 -0.39062500 -0.09980121
v -0.03903135 -0.39062500 0.03125000
v -0.03125000 -0.39062500 0.03903135
v -0.03125000 -0.37500000 -0.10153456
v -0.03903985 -0.37500000 0.03125000
v -0.03125000 -0.37500000 0.03903985
v -0.03125000 -0.35937500 -0.10156189
v -0.03905608 -0.35937500 0.03125000
v -0.03125000 -0.35937500 0.03905608
v -0.03125000 -0.34375000 -0.10156247
v -0.03906145 -0.34375000 0.03125000
v -0.03125000 -0.34375000 0.03906145
v -0.03125000 -0.32812500 -0.10156250
v -0.03906213 -0.32812500 0.03125000
v -0.03125000 -0.32812500 0.03906213
v -0.03125000 -0.31250000 -0.10156249
v -0.03906234 -0.31250000 0.03125000
v -0.03125000 -0.31250000 0.03906234
v -0.03125000 -0.29687500 -0.10156247
v -0.03906238 -0.29687500 0.03125000
v -0.03125000 -0.29687500 0.03906238
v -0.03125000 -0.28125000 -0.10156242
v -0.03906239 -0.28125000 0.03125000
v -0.03125000 -0.28125000 0.03906239
v -0.03125000 -0.26562500 -0.10156228
v -0.03906241 -0.26562500 0.03125000
v -0.03125000 -0.26562500 0.03906241
v -0.03125000 -0.25000000 -0.10156185
v -0.03906241 -0.25000000 0.03125000
v -0.03125000 -0.25000000 0.03906241
v -0.03125000 -0.23437500 -0.10156064
v -0.03906241 -0.23437500 0.03125000
v -0.03125000 -0.23437500 0.03906241
v -0.03125000 -0.21875000 -0.10155704
v -0.03906242 -0.21875000 0.03125000
v -0.03125000 -0.21875000 0.03906242
v -0.03125000 -0.20312500 -0.10154618
v -0.03906242 -0.20312500 0.03125000
v -0.03125000 -0.20312500 0.03906242
v -0.03125000 -0.18750000 -0.10151377
v -0.03906243 -0.18750000 0.03125000
v -0.03125000 -0.18750000 0.03906243
v -0.03125000 -0.17187500 -0.10141705
v -0.03906243 -0.17187500 0.03125000
v -0.03125000 -0.17187500 0.03906243
v -0.03862865 -0.15625000 -0.09375000
v -0.03125000 -0.15625000 -0.10112865
v -0.03906243 -0.15625000 0.03125000
v -0.03125000 -0.15625000 0.03906243
v -0.03776548 -0.14062500 -0.09375000
v -0.03125000 -0.14062500 -0.10026548
v -0.03906241 -0.14062500 0.03125000
v -0.03125000 -0.14062500 0.03906241
v -0.03125000 -0.13410952 -0.09375000
v -0.03125000 -0.12500000 -0.08593750
v -0.03906240 -0.12500000 0.03125000
v -0.03125000 -0.12500000 0.03906240
v -0.03125000 -0.10937500 -0.08593750
v -0.03906238 -0.10937500 0.03125000
v -0.03125000 -0.10937500 0.03906238
v -0.03125000 -0.09375000 -0.08593750
v -0.03906235 -0.09375000 0.03125000
v -0.03125000 -0.09375000 0.03906235
v -0.03125000 -0.07812500 -0.08593750
v -0.03906232 -0.07812500 0.03125000
v -0.03125000 -0.07812500 0.03906232
v -0.03125000 -0.06250000 -0.08593750
v -0.03906229 -0.06250000 0.03125000
v -0.03125000 -0.06250000 0.03906229
v -0.03125000 -0.04687500 -0.08593750
v -0.03906225 -0.04687500 0.03125000
v -0.03125000 -0.04687500 0.03906225
v -0.03125000 -0.03125000 -0.08593750
v -0.03906220 -0.03125000 0.03125000
v -0.03125000 -0.03125000 0.03906220
v -0.03125000 -0.01562500 -0.08593750
v -0.03906214 -0.01562500 0.03125000
v -0.03125000 -0.01562500 0.03906214
v -0.03125000 0.00000000 -0.08593750
v -0.03906207 0.00000000 0.03125000
v -0.03125000 0.00000000 0.03906207
v -0.03125000 0.01562500 -0.08593750
v -0.03906194 0.01562500 0.03125000
v -0.03125000 0.01562500 0.03906194
v -0.03125000 0.03125000 -0.08593750
v -0.03906175 0.03125000 0.03125000
v -0.03125000 0.03125000 0.03906175
v -0.03125000 0.04687500 -0.08593750
v -0.03906151 0.04687500 0.03125000
v -0.03125000 0.04687500 0.03906151
v -0.03125000 0.06250000 -0.08593749
v -0.03906086 0.06250000 0.03125000
v -0.03125000 0.06250000 0.03906086
v -0.03125000 0.07812500 -0.08593748
v -0.03905822 0.07812500 0.03125000
v -0.03125000 0.07812500 0.03905822
v -0.03125000 0.09375000 -0.08593745
v -0.03905134 0.09375000 0.03125000
v -0.03125000 0.09375000 0.03905134
v -0.03125000 0.10937500 -0.08593740
v -0.03904036 0.10937500 0.03125000
v -0.03125000 0.10937500 0.03904036
v -0.03125000 0.12500000 -0.08593739
v -0.03903745 0.12500000 0.03125000
v -0.03125000 0.12500000 0.03903745
v -0.03125000 0.14062500 -0.08593744
v -0.03904750 0.14062500 0.03125000
v -0.03125000 0.14062500 0.03904750
v -0.03125000 0.15625000 -0.08593747
v -0.03905543 0.15625000 0.03125000
v -0.03125000 0.15625000 0.03905543
v -0.03125000 0.17187500 -0.08593748
v -0.03905850 0.17187500 0.03125000
v -0.03125000 0.17187500 0.03905850
v -0.03125000 0.18750000 -0.08593748
v -0.03905924 0.18750000 0.03125000
v -0.03125000 0.18750000 0.03905924
v -0.03125000 0.20312500 -0.08593747
v -0.03905941 0.20312500 0.03125000
v -0.03125000 0.20312500 0.03905941
v -0.03125000 0.21875000 -0.08593747
v -0.03905957 0.21875000 0.03125000
v -0.03125000 0.21875000 0.03905957
v -0.03125000 0.23437500 -0.08593747
v -0.03905976 0.23437500 0.03125000
v -0.03125000 0.23437500 0.03905976
v -0.03125000 0.25000000 -0.08593747
v -0.03905995 0.25000000 0.03125000
v -0.03125000 0.25000000 0.03905995
v -0.03125000 0.26562500 -0.08593735
v -0.03906008 0.26562500 0.03125000
v -0.03125000 0.26562500 0.03906008
v -0.03125000 0.28125000 -0.08593678
v -0.03906020 0.28125000 0.03125000
v -0.03125000 0.28125000 0.03906020
v -0.03125000 0.29687500 -0.08593556
v -0.03906003 0.29687500 0.03125000
v -0.03125000 0.29687500 0.03906003
v -0.03125000 0.31250000 -0.08593148
v -0.03905813 0.31250000 0.03125000
v -0.03125000 0.31250000 0.03905813
v -0.04476525 0.32812500 -0.07812500
v -0.03125000 0.32812500 -0.08592069
v -0.03905456 0.32812500 0.03125000
v -0.03125000 0.32812500 0.03905456
v -0.03903540 0.34375000 -0.07812500
v -0.03125000 0.34375000 -0.08591040
v -0.03904808 0.34375000 0.03125000
v -0.03125000 0.34375000 0.03904808
v -0.03847359 0.35937500 -0.07812500
v -0.03125000 0.35937500 -0.08534859
v -0.03899997 0.35937500 0.03125000
v -0.03125000 0.35937500 0.03899997
v -0.03125000 0.36683229 -0.07812500
v -0.03125000 0.37500000 -0.07054697
v -0.03888934 0.37500000 0.03125000
v -0.03125000 0.37500000 0.03888934
v -0.03125000 0.38688413 -0.06250000
v -0.03125000 0.39062500 -0.05866235
v -0.03125000 0.38280845 0.03125000
v -0.03125000 0.39062500 0.02254236
v -0.03125000 0.39830577 -0.04687500
v -0.03125000 0.39843155 -0.03125000
v -0.03125000 0.39642208 -0.01562500
v -0.03125000 0.39794314 0.00000000
v -0.03125000 0.39737588 0.01562500
v -0.01562500 -0.42821422 -0.04687500
v -0.01562500 -0.42187500 -0.06118559
v -0.01562500 -0.42962736 -0.03125000
v -0.01562500 -0.42915937 -0.01562500
v -0.02573093 -0.42187500 0.00000000
v -0.01562500 -0.42702950 0.00000000
v -0.02810625 -0.42187500 0.01562500
v -0.01562500 -0.42624067 0.01562500
v -0.02286700 -0.42187500 0.03125000
v -0.01562500 -0.42852461 0.03125000
v -0.01562500 -0.42187500 0.03789961
v -0.02015285 -0.40625000 -0.09375000
v -0.01562500 -0.41077785 -0.09375000
v -0.01562500 -0.40625000 -0.09827785
v -0.01562500 -0.41427427 -0.07812500
v -0.01562500 -0.42095304 -0.06250000
v -0.01562500 -0.40625000 0.03906250
v -0.02313359 -0.39062500 -0.09375000
v -0.01562500 -0.39982813 -0.09375000
v -0.01562500 -0.39062500 -0.08798447
v -0.01562500 -0.39062500 0.03906064
v -0.01562500 -0.38469890 -0.09375000
v -0.01562500 -0.37500000 -0.10139080
v -0.01562500 -0.37500000 0.03889171
v -0.01562500 -0.35937500 -0.10156236
v -0.01562500 -0.35937500 0.03900648
v -0.01562500 -0.34375000 -0.10156246
v -0.01562500 -0.34375000 0.03905503
v -0.01562500 -0.32812500 -0.10156248
v -0.01562500 -0.32812500 0.03906004
v -0.01562500 -0.31250000 -0.10156247
v -0.01562500 -0.31250000 0.03906138
v -0.01562500 -0.29687500 -0.10156245
v -0.01562500 -0.29687500 0.03906186
v -0.01562500 -0.28125000 -0.10156242
v -0.01562500 -0.28125000 0.03906214
v -0.01562500 -0.26562500 -0.10156237
v -0.01562500 -0.26562500 0.03906229
v -0.01562500 -0.25000000 -0.10156228
v -0.01562500 -0.25000000 0.03906236
v -0.01562500 -0.23437500 -0.10156213
v -0.01562500 -0.23437500 0.03906237
v -0.01562500 -0.21875000 -0.10156180
v -0.01562500 -0.21875000 0.03906237
v -0.01562500 -0.20312500 -0.10156088
v -0.01562500 -0.20312500 0.03906234
v -0.01562500 -0.18750000 -0.10155872
v -0.01562500 -0.18750000 0.03906224
v -0.01562500 -0.17187500 -0.10155694
v -0.01562500 -0.17187500 0.03906210
v -0.01562500 -0.15625000 -0.10155459
v -0.01562500 -0.15625000 0.03906188
v -0.01562500 -0.14062500 -0.10155123
v -0.01562500 -0.14062500 0.03906153
v -0.02342202 -0.12500000 -0.09375000
v -0.01562500 -0.12500000 -0.10154702
v -0.01562500 -0.12500000 0.03906100
v -0.02341040 -0.10937500 -0.09375000
v -0.01562500 -0.10937500 -0.10153540
v -0.01562500 -0.10937500 0.03906016
v -0.02335943 -0.09375000 -0.09375000
v -0.01562500 -0.09375000 -0.10148443
v -0.01562500 -0.09375000 0.03905887
v -0.02321041 -0.07812500 -0.09375000
v -0.01562500 -0.07812500 -0.10133541
v -0.01562500 -0.07812500 0.03905688
v -0.02285287 -0.06250000 -0.09375000
v -0.01562500 -0.06250000 -0.10097787
v -0.01562500 -0.06250000 0.03905383
v -0.02123793 -0.04687500 -0.09375000
v -0.01562500 -0.04687500 -0.09936293
v -0.01562500 -0.04687500 0.03904934
v -0.01562500 -0.04126207 -0.09375000
v -0.01562500 -0.03125000 -0.08593750
v -0.01562500 -0.03125000 0.03904418
v -0.01562500 -0.01562500 -0.08593750
v -0.01562500 -0.01562500 0.03903730
v -0.01562500 0.00000000 -0.08593750
v -0.01562500 0.00000000 0.03902790
v -0.01562500 0.01562500 -0.08593750
v -0.01562500 0.01562500 0.03901506
v -0.01562500 0.03125000 -0.08593750
v -0.01562500 0.03125000 0.03902696
v -0.01562500 0.04687500 -0.08593750
v -0.01562500 0.04687500 0.03903806
v -0.01562500 0.06250000 -0.08593750
v -0.01562500 0.06250000 0.03904325
v -0.01562500 0.07812500 -0.08593750
v -0.01562500 0.07812500 0.03904588
v -0.01562500 0.09375000 -0.08593750
v -0.01562500 0.09375000 0.03904713
v -0.01562500 0.10937500 -0.08593750
v -0.01562500 0.10937500 0.03903983
v -0.01562500 0.12500000 -0.08593750
v -0.01562500 0.12500000 0.03903201
v -0.01562500 0.14062500 -0.08593750
v -0.01562500 0.14062500 0.03903628
v -0.01562500 0.15625000 -0.08593750
v -0.01562500 0.15625000 0.03904237
v -0.01562500 0.17187500 -0.08593750
v -0.01562500 0.17187500 0.03904294
v -0.01562500 0.18750000 -0.08593750
v -0.01562500 0.18750000 0.03903279
v -0.01562500 0.20312500 -0.08593750
v -0.01562500 0.20312500 0.03901726
v -0.01562500 0.21875000 -0.08593750
v -0.01562500 0.21875000 0.03899350
v -0.01562500 0.23437500 -0.08593750
v -0.01562500 0.23437500 0.03895709
v -0.01562500 0.25000000 -0.08593750
v -0.01562500 0.25000000 0.03890124
v -0.01562500 0.26562500 -0.08593750
v -0.01562500 0.26562500 0.03881464
v -0.01562500 0.28125000 -0.08593750
v -0.01562500 0.28125000 0.03867499
v -0.01562500 0.29687500 -0.08593750
v -0.01562500 0.29687500 0.03845498
v -0.01562500 0.31250000 -0.08593750
v -0.01562500 0.31250000 0.03807852
v -0.01562500 0.32812500 -0.08593750
v -0.01562500 0.32812500 0.03746051
v -0.01562500 0.34375000 -0.08593749
v -0.01562500 0.34375000 0.03652504
v -0.01562500 0.35937500 -0.08593709
v -0.01562500 0.35937500 0.03455011
v -0.02364745 0.37500000 -0.07812500
v -0.01562500 0.37500000 -0.08591293
v -0.01562500 0.37500000 0.03897779
v -0.01562500 0.38281485 -0.07812500
v -0.01562500 0.38611771 -0.06250000
v -0.02142642 0.39062500 -0.04687500
v -0.01562500 0.38494593 -0.04687500
v -0.01562500 0.39062500 -0.03371403
v -0.02348709 0.39062500 0.00000000
v -0.01562500 0.38325743 0.00000000
v -0.01562500 0.39062500 -0.01145937
v -0.01562500 0.39062500 0.00915652
v -0.01795510 0.39062500 0.03125000
v -0.01562500 0.39062500 0.03349555
v -0.01562500 0.39213399 -0.03125000
v -0.01562500 0.39445165 -0.01562500
v -0.01562500 0.39666588 0.01562500
v -0.01562500 0.39287055 0.03125000
v -0.01411648 -0.42187500 -0.06250000
v 0.00000000 -0.42765295 -0.06250000
v 0.00000000 -0.42187500 -0.07131016
v 0.00000000 -0.42903471 -0.04687500
v -0.00284278 -0.42187500 -0.03125000
v 0.00000000 -0.42187500 -0.03446375
v 0.00000000 -0.42892139 -0.01562500
v 0.00000000 -0.42187500 -0.02796094
v 0.00000000 -0.42919857 0.00000000
v 0.00000000 -0.42630263 0.01562500
v 0.00000000 -0.42952962 0.03125000
v 0.00000000 -0.42187500 0.03890462
v 0.00000000 -0.41399512 -0.09375000
v 0.00000000 -0.40625000 -0.10149368
v 0.00000000 -0.41699709 -0.07812500
v 0.00000000 -0.41906785 -0.03125000
v 0.00000000 -0.40625000 0.03906249
v 0.00000000 -0.39575172 -0.09375000
v 0.00000000 -0.39062500 -0.08846716
v -0.00340107 -0.39062500 -0.03125000
v 0.00000000 -0.39402606 -0.03125000
v 0.00000000 -0.39062500 -0.03486453
v 0.00000000 -0.39062500 -0.02604064
v 0.00000000 -0.39062500 0.03901945
v -0.00798180 -0.37500000 -0.09375000
v -0.00763986 -0.37500000 -0.07812500
v 0.00000000 -0.38288435 -0.07812500
v -0.00263098 -0.37500000 -0.06250000
v 0.00000000 -0.37766654 -0.06250000
v 0.00000000 -0.37500000 -0.05877553
v -0.00322016 -0.37500000 -0.03125000
v 0.00000000 -0.37500000 -0.03572422
v 0.00000000 -0.37500000 -0.02796829
v -0.00712438 -0.37500000 0.01562500
v 0.00000000 -0.38216692 0.01562500
v 0.00000000 -0.37500000 0.00812452
v -0.00798329 -0.37500000 0.03125000
v 0.00000000 -0.38285555 0.03125000
v -0.00754096 -0.35937500 -0.09375000
v 0.00000000 -0.36399642 -0.07812500
v 0.00000000 -0.35937500 -0.08282944
v 0.00000000 -0.37224351 -0.06250000
v 0.00000000 -0.37169165 -0.03125000
v -0.00106748 -0.35937500 0.01562500
v 0.00000000 -0.35937500 0.01403938
v -0.00786852 -0.35937500 0.03125000
v -0.00695548 -0.34375000 -0.09375000
v 0.00000000 -0.34375000 -0.08000622
v -0.00698621 -0.34375000 0.01562500
v 0.00000000 -0.34375000 0.00377930
v -0.00781997 -0.34375000 0.03125000
v -0.00774845 -0.32812500 -0.09375000
v -0.00588165 -0.32812500 -0.07812500
v 0.00000000 -0.34134506 -0.07812500
v -0.00636392 -0.32812500 -0.06250000
v 0.00000000 -0.33909556 -0.06250000
v 0.00000000 -0.32812500 -0.05486390
v -0.00583567 -0.32812500 -0.01562500
v 0.00000000 -0.33467873 -0.01562500
v 0.00000000 -0.32812500 -0.02306069
v -0.00615223 -0.32812500 0.00000000
v 0.00000000 -0.33930754 0.00000000
v -0.00765192 -0.32812500 0.01562500
v -0.00781496 -0.32812500 0.03125000
v -0.00780651 -0.31250000 -0.09375000
v -0.00667917 -0.31250000 -0.07812500
v -0.00743307 -0.31250000 -0.06250000
v -0.00083624 -0.31250000 -0.04687500
v 0.00000000 -0.31363935 -0.04687500
v 0.00000000 -0.31250000 -0.04476474
v -0.00635838 -0.31250000 -0.01562500
v 0.00000000 -0.31250000 -0.02585231
v -0.00607057 -0.31250000 0.00000000
v -0.00759702 -0.31250000 0.01562500
v -0.00781362 -0.31250000 0.03125000
v -0.00780731 -0.29687500 -0.09375000
v -0.00657212 -0.29687500 -0.07812500
v -0.00739472 -0.29687500 -0.06250000
v -0.00336066 -0.29687500 -0.04687500
v 0.00000000 -0.29687500 -0.04040962
v -0.00598046 -0.29687500 -0.01562500
v 0.00000000 -0.29687500 -0.02523416
v -0.00544469 -0.29687500 0.00000000
v -0.00745515 -0.29687500 0.01562500
v -0.00781314 -0.29687500 0.03125000
v -0.00780803 -0.28125000 -0.09375000
v -0.00645713 -0.28125000 -0.07812500
v -0.00735310 -0.28125000 -0.06250000
v -0.00497506 -0.28125000 -0.04687500
v 0.00000000 -0.28125000 -0.03854909
v -0.00550836 -0.28125000 -0.01562500
v 0.00000000 -0.28125000 -0.02454263
v -0.00458441 -0.28125000 0.00000000
v -0.00741929 -0.28125000 0.01562500
v -0.00781286 -0.28125000 0.03125000
v -0.00780571 -0.26562500 -0.09375000
v -0.00543295 -0.26562500 -0.07812500
v -0.00721981 -0.26562500 -0.06250000
v -0.00560813 -0.26562500 -0.04687500
v 0.00000000 -0.26562500 -0.03802498
v -0.00492091 -0.26562500 -0.01562500
v 0.00000000 -0.26562500 -0.02371123
v -0.00484576 -0.26562500 0.00000000
v -0.00740403 -0.26562500 0.01562500
v -0.00781271 -0.26562500 0.03125000
v -0.00779964 -0.25000000 -0.09375000
v -0.00180118 -0.25000000 -0.07812500
v -0.00630514 -0.25000000 -0.06250000
v -0.00443504 -0.25000000 -0.04687500
v 0.00000000 -0.25000000 -0.04042692
v -0.00520563 -0.25000000 -0.01562500
v 0.00000000 -0.25000000 -0.02296405
v -0.00531891 -0.25000000 0.00000000
v -0.00744818 -0.25000000 0.01562500
v -0.00781264 -0.25000000 0.03125000
v -0.00779271 -0.23437500 -0.09375000
v 0.00000000 -0.24495095 -0.07812500
v 0.00000000 -0.23437500 -0.08148870
v -0.00401184 -0.23437500 -0.06250000
v 0.00000000 -0.23437500 -0.07122888
v -0.00163616 -0.23437500 -0.04687500
v 0.00000000 -0.23437500 -0.04460217
v -0.00478205 -0.23437500 -0.01562500
v 0.00000000 -0.23437500 -0.02173334
v -0.00417938 -0.23437500 0.00000000
v -0.00743813 -0.23437500 0.01562500
v -0.00781263 -0.23437500 0.03125000
v -0.00778300 -0.21875000 -0.09375000
v 0.00000000 -0.21875000 -0.08368191
v 0.00000000 -0.21948684 -0.06250000
v -0.00116266 -0.21875000 -0.04687500
v 0.00000000 -0.21875000 -0.05975979
v 0.00000000 -0.21875000 -0.04531077
v -0.00454652 -0.21875000 -0.01562500
v 0.00000000 -0.21875000 -0.02128446
v -0.00110913 -0.21875000 0.00000000
v -0.00727683 -0.21875000 0.01562500
v -0.00781263 -0.21875000 0.03125000
v -0.00777043 -0.20312500 -0.09375000
v 0.00000000 -0.20312500 -0.08480806
v -0.00215269 -0.20312500 -0.04687500
v 0.00000000 -0.20312500 -0.05422422
v 0.00000000 -0.20312500 -0.04411390
v -0.00430940 -0.20312500 -0.01562500
v 0.00000000 -0.20312500 -0.02091310
v 0.00000000 -0.21471905 0.00000000
v 0.00000000 -0.20312500 -0.00571738
v -0.00705045 -0.20312500 0.01562500
v 0.00000000 -0.20312500 0.00329541
v -0.00781266 -0.20312500 0.03125000
v -0.00775351 -0.18750000 -0.09375000
v 0.00000000 -0.18750000 -0.08518350
v -0.00210180 -0.18750000 -0.04687500
v 0.00000000 -0.18750000 -0.05292049
v 0.00000000 -0.18750000 -0.04412330
v -0.00404433 -0.18750000 -0.01562500
v 0.00000000 -0.18750000 -0.02069471
v 0.00000000 -0.18750000 -0.00901280
v -0.00673501 -0.18750000 0.01562500
v 0.00000000 -0.18750000 0.00602929
v -0.00781276 -0.18750000 0.03125000
v -0.00773222 -0.17187500 -0.09375000
v 0.00000000 -0.17187500 -0.08534838
v -0.00133855 -0.17187500 -0.04687500
v 0.00000000 -0.17187500 -0.05053290
v 0.00000000 -0.17187500 -0.04505409
v -0.00335568 -0.17187500 -0.01562500
v 0.00000000 -0.17187500 -0.01996892
v 0.00000000 -0.17187500 -0.01108576
v -0.00630321 -0.17187500 0.01562500
v 0.00000000 -0.17187500 0.00776464
v -0.00781290 -0.17187500 0.03125000
v -0.00770719 -0.15625000 -0.09375000
v 0.00000000 -0.15625000 -0.08548399
v -0.00068664 -0.15625000 -0.04687500
v 0.00000000 -0.15625000 -0.04865468
v 0.00000000 -0.15625000 -0.04579881
v -0.00260579 -0.15625000 -0.01562500
v 0.00000000 -0.15625000 -0.01943167
v 0.00000000 -0.15625000 -0.01237030
v -0.00571666 -0.15625000 0.01562500
v 0.00000000 -0.15625000 0.00888574
v -0.00781312 -0.15625000 0.03125000
v -0.00767897 -0.14062500 -0.09375000
v 0.00000000 -0.14062500 -0.08558577
v -0.00013270 -0.14062500 -0.04687500
v 0.00000000 -0.14062500 -0.04720063
v 0.00000000 -0.14062500 -0.04660458
v -0.00181241 -0.14062500 -0.01562500
v 0.00000000 -0.14062500 -0.01894475
v 0.00000000 -0.14062500 -0.01333246
v -0.00433774 -0.14062500 0.01562500
v 0.00000000 -0.14062500 0.01039160
v -0.00781347 -0.14062500 0.03125000
v -0.00764828 -0.12500000 -0.09375000
v 0.00000000 -0.12500000 -0.08565974
v 0.00000000 -0.13639657 -0.04687500
v -0.00102505 -0.12500000 -0.01562500
v 0.00000000 -0.12500000 -0.01845887
v 0.00000000 -0.12500000 -0.01430361
v -0.00116665 -0.12500000 0.01562500
v 0.00000000 -0.12500000 0.01412527
v -0.00781400 -0.12500000 0.03125000
v -0.00758917 -0.10937500 -0.09375000
v 0.00000000 -0.10937500 -0.08573749
v 0.00000000 -0.11276920 -0.01562500
v 0.00000000 -0.12113074 0.01562500
v -0.00781484 -0.10937500 0.03125000
v 0.00000000 -0.10937500 0.01870139
v -0.00754767 -0.09375000 -0.09375000
v 0.00000000 -0.09375000 -0.08572817
v -0.00135443 -0.09375000 -0.03125000
v 0.00000000 -0.10063983 -0.03125000
v 0.00000000 -0.09375000 -0.04099428
v 0.00000000 -0.09375000 -0.02275318
v -0.00781613 -0.09375000 0.03125000
v 0.00000000 -0.09375000 0.02091461
v -0.00772429 -0.07812500 -0.09375000
v 0.00000000 -0.07812500 -0.08560621
v -0.00367577 -0.07812500 -0.03125000
v 0.00000000 -0.07812500 -0.04446798
v 0.00000000 -0.07812500 -0.01922332
v -0.00781812 -0.07812500 0.03125000
v 0.00000000 -0.07812500 0.02186135
v -0.00813878 -0.06250000 -0.09375000
v 0.00000000 -0.06250000 -0.08544271
v -0.00431790 -0.06250000 -0.03125000
v 0.00000000 -0.06250000 -0.04540754
v 0.00000000 -0.06250000 -0.01832540
v -0.00782117 -0.06250000 0.03125000
v 0.00000000 -0.06250000 0.02231229
v -0.00982133 -0.04687500 -0.09375000
v 0.00000000 -0.04687500 -0.08533428
v -0.00001602 -0.04687500 -0.04687500
v 0.00000000 -0.04726988 -0.04687500
v 0.00000000 -0.04687500 -0.04691093
v -0.00574410 -0.04687500 -0.03125000
v 0.00000000 -0.04687500 -0.01666940
v -0.00782566 -0.04687500 0.03125000
v 0.00000000 -0.04687500 0.02259482
v 0.00000000 -0.03125000 -0.08514825
v -0.00510934 -0.03125000 -0.04687500
v 0.00000000 -0.03125000 -0.05740812
v -0.00731607 -0.03125000 -0.03125000
v -0.00324005 -0.03125000 -0.01562500
v 0.00000000 -0.04472948 -0.01562500
v 0.00000000 -0.03125000 -0.01218080
v -0.00783082 -0.03125000 0.03125000
v 0.00000000 -0.03125000 0.02277614
v 0.00000000 -0.01562500 -0.08416917
v -0.00268804 -0.01562500 -0.06250000
v 0.00000000 -0.02295918 -0.06250000
v 0.00000000 -0.01562500 -0.06639547
v -0.00667814 -0.01562500 -0.04687500
v -0.00765781 -0.01562500 -0.03125000
v -0.00656019 -0.01562500 -0.01562500
v 0.00000000 -0.01562500 -0.00886776
v -0.00783770 -0.01562500 0.03125000
v 0.00000000 -0.01562500 0.02289600
v 0.00000000 0.00000000 -0.08199267
v -0.00496410 0.00000000 -0.06250000
v 0.00000000 0.00000000 -0.07166540
v -0.00732866 0.00000000 -0.04687500
v -0.00775246 0.00000000 -0.03125000
v -0.00734530 0.00000000 -0.01562500
v 0.00000000 0.00000000 -0.00804746
v -0.00784710 0.00000000 0.03125000
v 0.00000000 0.00000000 0.02298079
v -0.00075581 0.01562500 -0.07812500
v 0.00000000 0.01352943 -0.07812500
v -0.00584680 0.01562500 -0.06250000
v -0.00760350 0.01562500 -0.04687500
v -0.00778890 0.01562500 -0.03125000
v -0.00759527 0.01562500 -0.01562500
v 0.00000000 0.01562500 -0.00742082
v -0.00785994 0.01562500 0.03125000
v 0.00000000 0.01562500 0.02304555
v -0.00503543 0.03125000 -0.07812500
v -0.00692944 0.03125000 -0.06250000
v -0.00769916 0.03125000 -0.04687500
v -0.00780145 0.03125000 -0.03125000
v -0.00769894 0.03125000 -0.01562500
v 0.00000000 0.03125000 -0.00615481
v -0.00784804 0.03125000 0.03125000
v 0.00000000 0.03125000 0.02302548
v -0.00691772 0.04687500 -0.07812500
v -0.00749743 0.04687500 -0.06250000
v -0.00774554 0.04687500 -0.04687500
v -0.00780534 0.04687500 -0.03125000
v -0.00773062 0.04687500 -0.01562500
v 0.00000000 0.04687500 -0.00273234
v -0.00783694 0.04687500 0.03125000
v 0.00000000 0.04687500 0.02231608
v -0.00752569 0.06250000 -0.07812500
v -0.00769940 0.06250000 -0.06250000
v -0.00776389 0.06250000 -0.04687500
v -0.00780663 0.06250000 -0.03125000
v -0.00773863 0.06250000 -0.01562500
v -0.00371242 0.06250000 0.00000000
v 0.00000000 0.05312093 0.00000000
v 0.00000000 0.06250000 0.00577974
v -0.00783175 0.06250000 0.03125000
v 0.00000000 0.06250000 0.02104324
v -0.00772056 0.07812500 -0.07812500
v -0.00776057 0.07812500 -0.06250000
v -0.00777427 0.07812500 -0.04687500
v -0.00780575 0.07812500 -0.03125000
v -0.00774396 0.07812500 -0.01562500
v -0.00634347 0.07812500 0.00000000
v 0.00000000 0.07812500 0.01047477
v -0.00782912 0.07812500 0.03125000
v 0.00000000 0.07812500 0.01955498
v -0.00778302 0.09375000 -0.07812500
v -0.00779458 0.09375000 -0.06250000
v -0.00777717 0.09375000 -0.04687500
v -0.00780191 0.09375000 -0.03125000
v -0.00773032 0.09375000 -0.01562500
v -0.00706283 0.09375000 0.00000000
v 0.00000000 0.09375000 0.01126543
v -0.00782787 0.09375000 0.03125000
v 0.00000000 0.09375000 0.01940588
v -0.00780305 0.10937500 -0.07812500
v -0.00780552 0.10937500 -0.06250000
v -0.00776213 0.10937500 -0.04687500
v -0.00777838 0.10937500 -0.03125000
v -0.00748861 0.10937500 -0.01562500
v -0.00703249 0.10937500 0.00000000
v 0.00000000 0.10937500 0.00965806
v -0.00783517 0.10937500 0.03125000
v 0.00000000 0.10937500 0.02087243
v -0.00780713 0.12500000 -0.07812500
v -0.00780740 0.12500000 -0.06250000
v -0.00772909 0.12500000 -0.04687500
v -0.00768962 0.12500000 -0.03125000
v -0.00696071 0.12500000 -0.01562500
v -0.00687195 0.12500000 0.00000000
v 0.00000000 0.12500000 0.00780733
v -0.00784299 0.12500000 0.03125000
v 0.00000000 0.12500000 0.02250204
v -0.00780013 0.14062500 -0.07812500
v -0.00779610 0.14062500 -0.06250000
v -0.00772847 0.14062500 -0.04687500
v -0.00757240 0.14062500 -0.03125000
v -0.00617645 0.14062500 -0.01562500
v -0.00708107 0.14062500 0.00000000
v 0.00000000 0.14062500 0.00743054
v -0.00783872 0.14062500 0.03125000
v 0.00000000 0.14062500 0.02308643
v -0.00779485 0.15625000 -0.07812500
v -0.00775670 0.15625000 -0.06250000
v -0.00642212 0.15625000 -0.04687500
v -0.00188471 0.15625000 -0.03125000
v 0.00000000 0.15441559 -0.01562500
v 0.00000000 0.15625000 -0.02168713
v -0.00711882 0.15625000 0.00000000
v 0.00000000 0.15625000 -0.01415437
v 0.00000000 0.15625000 0.00747898
v -0.00783263 0.15625000 0.03125000
v 0.00000000 0.15625000 0.02307597
v -0.00778699 0.17187500 -0.07812500
v -0.00767956 0.17187500 -0.06250000
v -0.00452479 0.17187500 -0.04687500
v 0.00000000 0.15839208 -0.03125000
v 0.00000000 0.17187500 -0.04186382
v -0.00212918 0.17187500 0.00000000
v 0.00000000 0.17187500 -0.00216714
v 0.00000000 0.17187500 0.00233460
v -0.00783206 0.17187500 0.03125000
v 0.00000000 0.17187500 0.02301821
v -0.00777434 0.18750000 -0.07812500
v -0.00749643 0.18750000 -0.06250000
v -0.00004040 0.18750000 -0.04687500
v 0.00000000 0.18750000 -0.04683370
v 0.00000000 0.17744591 0.00000000
v -0.00784221 0.18750000 0.03125000
v 0.00000000 0.18750000 0.02295638
v -0.00775124 0.20312500 -0.07812500
v -0.00702317 0.20312500 -0.06250000
v 0.00000000 0.18759995 -0.04687500
v 0.00000000 0.20312500 -0.05203547
v -0.00785774 0.20312500 0.03125000
v 0.00000000 0.20312500 0.02288125
v -0.00771435 0.21875000 -0.07812500
v -0.00536457 0.21875000 -0.06250000
v 0.00000000 0.21875000 -0.05578604
v -0.00788150 0.21875000 0.03125000
v 0.00000000 0.21875000 0.02278903
v -0.00765426 0.23437500 -0.07812500
v -0.00023084 0.23437500 -0.06250000
v 0.00000000 0.23437500 -0.06223516
v -0.00791791 0.23437500 0.03125000
v 0.00000000 0.23437500 0.02266700
v -0.00750616 0.25000000 -0.07812500
v 0.00000000 0.23482967 -0.06250000
v 0.00000000 0.25000000 -0.06798649
v -0.00797376 0.25000000 0.03125000
v 0.00000000 0.25000000 0.02203436
v -0.00721743 0.26562500 -0.07812500
v 0.00000000 0.26562500 -0.07006369
v -0.00806036 0.26562500 0.03125000
v 0.00000000 0.26562500 0.02062360
v -0.00566000 0.28125000 -0.07812500
v 0.00000000 0.28125000 -0.07221068
v -0.00820001 0.28125000 0.03125000
v 0.00000000 0.28125000 0.01777333
v 0.00000000 0.29461646 -0.07812500
v 0.00000000 0.29687500 -0.07949327
v -0.00247688 0.29687500 0.01562500
v 0.00000000 0.28841174 0.01562500
v 0.00000000 0.29687500 0.01092972
v -0.00842002 0.29687500 0.03125000
v 0.00000000 0.31250000 -0.08457617
v -0.00624035 0.31250000 -0.03125000
v 0.00000000 0.29992779 -0.03125000
v 0.00000000 0.31250000 -0.04143940
v 0.00000000 0.31250000 -0.02259931
v -0.00517795 0.31250000 0.01562500
v 0.00000000 0.31250000 0.00682331
v -0.00879648 0.31250000 0.03125000
v 0.00000000 0.32812500 -0.08504330
v -0.00517918 0.32812500 -0.04687500
v 0.00000000 0.31901654 -0.04687500
v 0.00000000 0.32812500 -0.05292831
v -0.00764164 0.32812500 -0.03125000
v -0.00421761 0.32812500 -0.01562500
v 0.00000000 0.32174739 -0.01562500
v -0.00233676 0.32812500 0.00000000
v 0.00000000 0.32321912 0.00000000
v -0.00651501 0.32812500 0.01562500
v -0.00941449 0.32812500 0.03125000
v 0.00000000 0.34375000 -0.08593710
v 0.00000000 0.33334275 -0.04687500
v 0.00000000 0.34352886 -0.03125000
v 0.00000000 0.33255206 -0.01562500
v 0.00000000 0.33192201 0.00000000
v 0.00000000 0.33702151 0.01562500
v -0.01034996 0.34375000 0.03125000
v 0.00000000 0.34375000 0.02110957
v 0.00000000 0.35937500 -0.08590242
v 0.00000000 0.35538729 0.03125000
v 0.00000000 0.35937500 0.03523771
v 0.00000000 0.37500000 -0.08586194
v 0.00000000 0.37500000 0.03904406
v 0.00000000 0.38603978 -0.07812500
v 0.00000000 0.38414801 -0.06250000
v 0.00000000 0.38496215 -0.04687500
v -0.01119546 0.39062500 -0.03125000
v 0.00000000 0.38729826 -0.03125000
v 0.00000000 0.39062500 -0.02692618
v 0.00000000 0.38910529 0.00000000
v 0.00000000 0.39062500 -0.00206829
v 0.00000000 0.39062500 0.00269291
v 0.00000000 0.39062500 0.03883254
v 0.00000000 0.39709210 -0.01562500
v 0.00000000 0.39595271 0.01562500
v 0.00000000 0.39820754 0.03125000
v 0.00709746 -0.42187500 -0.07812500
v 0.01562500 -0.42738890 -0.07812500
v 0.01562500 -0.42187500 -0.08388185
v 0.01562500 -0.42571759 -0.06250000
v 0.01175174 -0.42187500 -0.04687500
v 0.01562500 -0.42187500 -0.05407567
v 0.00851273 -0.42187500 -0.01562500
v 0.01562500 -0.42811293 0.00000000
v 0.01562500 -0.42187500 -0.00768677
v 0.01562500 -0.42810582 0.01562500
v 0.01562500 -0.42964629 0.03125000
v 0.01562500 -0.42187500 0.03902129
v 0.01562500 -0.41432400 -0.09375000
v 0.01562500 -0.40625000 -0.10156066
v 0.01562500 -0.41846888 -0.04687500
v 0.01562500 -0.41417414 -0.03125000
v 0.01562500 -0.41551605 -0.01562500
v 0.01562500 -0.40625000 0.03906243
v 0.01562500 -0.39826993 -0.09375000
v 0.00823698 -0.39062500 -0.07812500
v 0.01562500 -0.39776978 -0.07812500
v 0.01562500 -0.39062500 -0.06814242
v 0.01562500 -0.39533796 -0.03125000
v 0.01562500 -0.39062500 -0.03687531
v 0.00576199 -0.39062500 -0.01562500
v 0.01562500 -0.39824635 -0.01562500
v 0.01094655 -0.39062500 0.00000000
v 0.01562500 -0.39454658 0.00000000
v 0.01562500 -0.39062500 0.00449828
v 0.01562500 -0.39062500 0.03445822
v 0.01562500 -0.38558454 -0.06250000
v 0.00613780 -0.37500000 -0.04687500
v 0.01562500 -0.38383885 -0.04687500
v 0.00771911 -0.37500000 -0.01562500
v 0.00743507 -0.37500000 0.00000000
v 0.01562500 -0.38354372 0.01562500
v 0.01562500 -0.38741678 0.03125000
v 0.00447887 -0.35937500 -0.07812500
v 0.00759261 -0.35937500 -0.06250000
v 0.00779578 -0.35937500 -0.04687500
v 0.00767910 -0.35937500 -0.03125000
v 0.00752218 -0.35937500 -0.01562500
v 0.00615104 -0.35937500 0.00000000
v 0.00154607 -0.34375000 -0.07812500
v 0.00352706 -0.34375000 -0.06250000
v 0.00768978 -0.34375000 -0.04687500
v 0.00754392 -0.34375000 -0.03125000
v 0.00706392 -0.34375000 -0.01562500
v 0.00320461 -0.34375000 0.00000000
v 0.00653497 -0.32812500 -0.04687500
v 0.00619271 -0.32812500 -0.03125000
v 0.00415404 -0.31250000 -0.03125000
v 0.00436948 -0.29687500 -0.03125000
v 0.00453976 -0.28125000 -0.03125000
v 0.00468770 -0.26562500 -0.03125000
v 0.00563505 -0.25000000 -0.03125000
v 0.00335010 -0.23437500 -0.07812500
v 0.00636362 -0.23437500 -0.03125000
v 0.00552926 -0.21875000 -0.07812500
v 0.00026265 -0.21875000 -0.06250000
v 0.00655465 -0.21875000 -0.03125000
v 0.00664032 -0.20312500 -0.07812500
v 0.00238270 -0.20312500 -0.06250000
v 0.00666798 -0.20312500 -0.03125000
v 0.00281520 -0.20312500 0.00000000
v 0.00699637 -0.18750000 -0.07812500
v 0.00308766 -0.18750000 -0.06250000
v 0.00657810 -0.18750000 -0.03125000
v 0.00503911 -0.18750000 0.00000000
v 0.00713810 -0.17187500 -0.07812500
v 0.00366580 -0.17187500 -0.06250000
v 0.00648906 -0.17187500 -0.03125000
v 0.00625720 -0.17187500 0.00000000
v 0.00724625 -0.15625000 -0.07812500
v 0.00411566 -0.15625000 -0.06250000
v 0.00598821 -0.15625000 -0.03125000
v 0.00675077 -0.15625000 0.00000000
v 0.00731639 -0.14062500 -0.07812500
v 0.00448376 -0.14062500 -0.06250000
v 0.00511280 -0.14062500 -0.03125000
v 0.00676269 -0.14062500 0.00000000
v 0.00735543 -0.12500000 -0.07812500
v 0.00477580 -0.12500000 -0.06250000
v 0.00035259 -0.12500000 -0.04687500
v 0.00376002 -0.12500000 -0.03125000
v 0.00674711 -0.12500000 0.00000000
v 0.00736246 -0.10937500 -0.07812500
v 0.00499366 -0.10937500 -0.06250000
v 0.00068419 -0.10937500 -0.04687500
v 0.00167823 -0.10937500 -0.03125000
v 0.00029862 -0.10937500 -0.01562500
v 0.00670532 -0.10937500 0.00000000
v 0.00307639 -0.10937500 0.01562500
v 0.00726103 -0.09375000 -0.07812500
v 0.00513749 -0.09375000 -0.06250000
v 0.00084650 -0.09375000 -0.04687500
v 0.00115235 -0.09375000 -0.01562500
v 0.00662612 -0.09375000 0.00000000
v 0.00528961 -0.09375000 0.01562500
v 0.00716712 -0.07812500 -0.07812500
v 0.00519583 -0.07812500 -0.06250000
v 0.00082884 -0.07812500 -0.04687500
v 0.00131688 -0.07812500 -0.01562500
v 0.00680679 -0.07812500 0.00000000
v 0.00623635 -0.07812500 0.01562500
v 0.00706014 -0.06250000 -0.07812500
v 0.00510171 -0.06250000 -0.06250000
v 0.00059492 -0.06250000 -0.04687500
v 0.00115455 -0.06250000 -0.01562500
v 0.00712445 -0.06250000 0.00000000
v 0.00668729 -0.06250000 0.01562500
v 0.00700529 -0.04687500 -0.07812500
v 0.00481366 -0.04687500 -0.06250000
v 0.00062462 -0.04687500 -0.01562500
v 0.00733603 -0.04687500 0.00000000
v 0.00696982 -0.04687500 0.01562500
v 0.00690604 -0.03125000 -0.07812500
v 0.00297197 -0.03125000 -0.06250000
v 0.00750904 -0.03125000 0.00000000
v 0.00715114 -0.03125000 0.01562500
v 0.00601341 -0.01562500 -0.07812500
v 0.00761109 -0.01562500 0.00000000
v 0.00727100 -0.01562500 0.01562500
v 0.00386071 0.00000000 -0.07812500
v 0.00757984 0.00000000 0.00000000
v 0.00735579 0.00000000 0.01562500
v 0.00720444 0.01562500 0.00000000
v 0.00742055 0.01562500 0.01562500
v 0.00604670 0.03125000 0.00000000
v 0.00740048 0.03125000 0.01562500
v 0.00268540 0.04687500 0.00000000
v 0.00669108 0.04687500 0.01562500
v 0.00541824 0.06250000 0.01562500
v 0.00392998 0.07812500 0.01562500
v 0.00378088 0.09375000 0.01562500
v 0.00524743 0.10937500 0.01562500
v 0.00687704 0.12500000 0.01562500
v 0.00746143 0.14062500 0.01562500
v 0.00124996 0.15625000 -0.01562500
v 0.00745097 0.15625000 0.01562500
v 0.00723967 0.17187500 -0.03125000
v 0.00773246 0.17187500 -0.01562500
v 0.00739321 0.17187500 0.01562500
v 0.00772631 0.18750000 -0.03125000
v 0.00779305 0.18750000 -0.01562500
v 0.00346289 0.18750000 0.00000000
v 0.00733138 0.18750000 0.01562500
v 0.00448525 0.20312500 -0.04687500
v 0.00777138 0.20312500 -0.03125000
v 0.00780681 0.20312500 -0.01562500
v 0.00574541 0.20312500 0.00000000
v 0.00725625 0.20312500 0.01562500
v 0.00640092 0.21875000 -0.04687500
v 0.00778194 0.21875000 -0.03125000
v 0.00781037 0.21875000 -0.01562500
v 0.00483540 0.21875000 0.00000000
v 0.00716403 0.21875000 0.01562500
v 0.00726795 0.23437500 -0.04687500
v 0.00776309 0.23437500 -0.03125000
v 0.00781176 0.23437500 -0.01562500
v 0.00469384 0.23437500 0.00000000
v 0.00704200 0.23437500 0.01562500
v 0.00521052 0.25000000 -0.06250000
v 0.00763113 0.25000000 -0.04687500
v 0.00773683 0.25000000 -0.03125000
v 0.00781190 0.25000000 -0.01562500
v 0.00487779 0.25000000 0.00000000
v 0.00640936 0.25000000 0.01562500
v 0.00697067 0.26562500 -0.06250000
v 0.00769313 0.26562500 -0.04687500
v 0.00769415 0.26562500 -0.03125000
v 0.00780821 0.26562500 -0.01562500
v 0.00503560 0.26562500 0.00000000
v 0.00499860 0.26562500 0.01562500
v 0.00753994 0.28125000 -0.06250000
v 0.00767759 0.28125000 -0.04687500
v 0.00701441 0.28125000 -0.03125000
v 0.00777748 0.28125000 -0.01562500
v 0.00512897 0.28125000 0.00000000
v 0.00214833 0.28125000 0.01562500
v 0.00136827 0.29687500 -0.07812500
v 0.00772713 0.29687500 -0.06250000
v 0.00721875 0.29687500 -0.04687500
v 0.00217215 0.29687500 -0.03125000
v 0.00752531 0.29687500 -0.01562500
v 0.00476312 0.29687500 0.00000000
v 0.00645117 0.31250000 -0.07812500
v 0.00751704 0.31250000 -0.06250000
v 0.00409128 0.31250000 -0.04687500
v 0.00545309 0.31250000 -0.01562500
v 0.00433711 0.31250000 0.00000000
v 0.00691830 0.32812500 -0.07812500
v 0.00686657 0.32812500 -0.06250000
v 0.00781211 0.34375000 -0.07812500
v 0.00781209 0.34375000 -0.06250000
v 0.00776906 0.34375000 -0.04687500
v 0.00021180 0.34375000 -0.03125000
v 0.00755088 0.34375000 -0.01562500
v 0.00552997 0.34375000 0.00000000
v 0.00548458 0.34375000 0.01562500
v 0.01019932 0.35937500 -0.07812500
v 0.01562500 0.35638470 -0.06250000
v 0.01562500 0.35937500 -0.06734110
v 0.01562500 0.35163714 -0.04687500
v 0.01562500 0.35272451 -0.03125000
v 0.01044744 0.35937500 -0.01562500
v 0.01562500 0.35937500 -0.02188678
v 0.00976294 0.35937500 0.00000000
v 0.01562500 0.35156694 0.01562500
v 0.01562500 0.35937500 0.00586568
v 0.01562500 0.35171423 0.03125000
v 0.01562500 0.35937500 0.03891077
v 0.01562500 0.36478236 -0.07812500
v 0.01562500 0.37500000 -0.08592264
v 0.01562500 0.36455260 -0.01562500
v 0.01562500 0.36523653 0.00000000
v 0.01562500 0.37500000 0.03906091
v 0.00996024 0.39062500 -0.07812500
v 0.01562500 0.39062500 -0.08106419
v 0.00939922 0.39062500 -0.06250000
v 0.01089182 0.39062500 -0.04687500
v 0.00707261 0.39062500 -0.03125000
v 0.01151160 0.39062500 -0.01562500
v 0.01562500 0.38747666 -0.01562500
v 0.01562500 0.39062500 -0.02243402
v 0.00196657 0.39062500 0.00000000
v 0.01562500 0.39062500 -0.01168467
v 0.01562500 0.39062500 0.03884557
v 0.01562500 0.39356420 -0.07812500
v 0.01562500 0.39559322 -0.06250000
v 0.01562500 0.39370560 -0.04687500
v 0.01562500 0.39447277 -0.03125000
v 0.01562500 0.39731264 0.00000000
v 0.01562500 0.39632151 0.01562500
v 0.01562500 0.39822057 0.03125000
v 0.02218471 -0.42187500 -0.07812500
v 0.02231219 -0.42187500 -0.06250000
v 0.02534894 -0.42187500 -0.03125000
v 0.03125000 -0.42767146 -0.03125000
v 0.03125000 -0.42187500 -0.03877483
v 0.02816367 -0.42187500 -0.01562500
v 0.03125000 -0.42413295 -0.01562500
v 0.03125000 -0.42849546 0.00000000
v 0.03125000 -0.42876641 0.01562500
v 0.03125000 -0.42854390 0.03125000
v 0.03125000 -0.42187500 0.03791890
v 0.03125000 -0.41447757 -0.09375000
v 0.03125000 -0.40625000 -0.10155665
v 0.03125000 -0.41516004 -0.07812500
v 0.03125000 -0.41713175 -0.06250000
v 0.03125000 -0.41580745 -0.04687500
v 0.03125000 -0.40625000 0.03894222
v 0.03125000 -0.39842619 -0.09375000
v 0.03125000 -0.39767674 -0.07812500
v 0.03125000 -0.39062500 -0.07023972
v 0.02034301 -0.39062500 -0.03125000
v 0.02353941 -0.39062500 -0.01562500
v 0.02008688 -0.39062500 0.00000000
v 0.01883322 -0.39062500 0.03125000
v 0.03125000 -0.39855778 0.03125000
v 0.03125000 -0.39062500 0.02165362
v 0.03125000 -0.38364534 -0.06250000
v 0.03125000 -0.38283627 -0.04687500
v 0.03125000 -0.38281849 -0.03125000
v 0.03125000 -0.38310548 -0.01562500
v 0.03125000 -0.38349960 0.00000000
v 0.03125000 -0.38459638 0.01562500
v 0.02183025 0.35937500 -0.07812500
v 0.03125000 0.35242903 -0.07812500
v 0.03125000 0.35937500 -0.08507097
v 0.03125000 0.35377407 -0.06250000
v 0.03120209 0.35937500 -0.04687500
v 0.03125000 0.35937500 -0.04695892
v 0.02780900 0.35937500 -0.03125000
v 0.03125000 0.35214479 0.01562500
v 0.03125000 0.35937500 0.00755267
v 0.03125000 0.35250066 0.03125000
v 0.03125000 0.35937500 0.03812434
v 0.03125000 0.37500000 -0.08593672
v 0.03125000 0.35942200 -0.04687500
v 0.03125000 0.36207914 -0.03125000
v 0.03125000 0.36644413 -0.01562500
v 0.03125000 0.36634747 0.00000000
v 0.03125000 0.37500000 0.03906104
v 0.03125000 0.39062500 -0.08542892
v 0.02261162 0.39062500 -0.03125000
v 0.03125000 0.38612929 -0.03125000
v 0.03125000 0.39062500 -0.03642006
v 0.03125000 0.38319131 -0.01562500
v 0.03125000 0.39062500 -0.00536455
v 0.03125000 0.39062500 0.03490144
v 0.03125000 0.39792892 -0.07812500
v 0.03125000 0.39805470 -0.06250000
v 0.03125000 0.39765008 -0.04687500
v 0.03125000 0.39565304 0.00000000
v 0.03125000 0.39801983 0.01562500
v 0.03125000 0.39427644 0.03125000
v 0.04337070 -0.42187500 -0.07812500
v 0.04687500 -0.42467040 -0.07812500
v 0.04687500 -0.42187500 -0.08250384
v 0.03662376 -0.42187500 -0.06250000
v 0.04687500 -0.42896886 -0.06250000
v 0.03760927 -0.42187500 -0.04687500
v 0.04687500 -0.42938313 -0.04687500
v 0.04687500 -0.42966921 -0.03125000
v 0.04687500 -0.42966812 -0.01562500
v 0.04687500 -0.42923375 0.00000000
v 0.04687500 -0.42954952 0.01562500
v 0.04632198 -0.42187500 0.03125000
v 0.04687500 -0.42187500 0.03081992
v 0.03931001 -0.40625000 -0.10937500
v 0.04687500 -0.41381499 -0.10937500
v 0.04687500 -0.40625000 -0.11693999
v 0.04687500 -0.41626853 -0.09375000
v 0.04687500 -0.42130028 0.03125000
v 0.04687500 -0.40625000 0.03776673
v 0.04687500 -0.39868091 -0.10937500
v 0.04687500 -0.39692191 -0.09375000
v 0.03885691 -0.39062500 -0.07812500
v 0.04687500 -0.39062500 -0.08690996
v 0.04687500 -0.39973327 0.03125000
v 0.04687500 -0.39062500 0.02190259
v 0.04687500 -0.38336916 -0.07812500
v 0.04687500 -0.38281978 -0.06250000
v 0.04687500 -0.38281386 -0.04687500
v 0.04687500 -0.38281675 -0.03125000
v 0.04687500 -0.38281708 -0.01562500
v 0.04687500 -0.38282445 0.00000000
v 0.04687500 -0.38434741 0.01562500
v 0.03955621 0.35937500 -0.09375000
v 0.04687500 0.35205621 -0.09375000
v 0.04687500 0.35937500 -0.10106879
v 0.04687500 0.35380463 -0.07812500
v 0.04151304 0.35937500 -0.06250000
v 0.04687500 0.35937500 -0.06789199
v 0.03516450 0.35937500 -0.03125000
v 0.04687500 0.35335893 -0.03125000
v 0.04687500 0.35937500 -0.04679505
v 0.04047238 0.35937500 -0.01562500
v 0.04687500 0.35367940 -0.01562500
v 0.04182624 0.35937500 0.00000000
v 0.04687500 0.35503422 0.00000000
v 0.04687500 0.35157715 0.01562500
v 0.04687500 0.35351614 0.03125000
v 0.04687500 0.35937500 0.03710886
v 0.03906294 0.37500000 -0.09375000
v 0.04687500 0.37500000 -0.10156206
v 0.04687500 0.36290560 -0.06250000
v 0.04687500 0.35942515 -0.04687500
v 0.04687500 0.37500000 0.03906248
v 0.04321015 0.39062500 -0.09375000
v 0.04687500 0.39062500 -0.09741485
v 0.04687500 0.38646301 -0.03125000
v 0.04687500 0.39062500 -0.03576464
v 0.04687500 0.38689304 -0.01562500
v 0.04211630 0.39062500 0.00000000
v 0.04687500 0.38793673 0.00000000
v 0.04687500 0.39062500 0.00270335
v 0.04687500 0.39062500 0.03903675
v 0.04687500 0.39428985 -0.09375000
v 0.04687500 0.39663036 -0.07812500
v 0.04687500 0.39750223 -0.06250000
v 0.04687500 0.39799819 -0.04687500
v 0.04687500 0.39841088 0.01562500
v 0.04687500 0.39841175 0.03125000
v 0.05760321 -0.42187500 -0.07812500
v 0.06250000 -0.42695872 -0.06250000
v 0.06250000 -0.42187500 -0.07545371
v 0.06250000 -0.42963768 -0.04687500
v 0.06250000 -0.42966388 -0.03125000
v 0.06250000 -0.42966801 -0.01562500
v 0.06250000 -0.42948513 0.00000000
v 0.06250000 -0.42960215 0.01562500
v 0.06250000 -0.42187500 0.02344121
v 0.06250000 -0.41451866 -0.10937500
v 0.06250000 -0.40625000 -0.11718627
v 0.06250000 -0.41582458 -0.09375000
v 0.06250000 -0.42046159 -0.07812500
v 0.05564569 -0.40625000 0.03125000
v 0.06250000 -0.40625000 0.02564651
v 0.05889631 -0.39062500 -0.10937500
v 0.06250000 -0.39062500 -0.11297578
v 0.05380910 -0.39062500 -0.09375000
v 0.06250000 -0.39062500 0.02307267
v 0.06250000 -0.38702422 -0.10937500
v 0.06250000 -0.38346398 -0.09375000
v 0.06250000 -0.38365370 -0.07812500
v 0.06250000 -0.38448884 -0.06250000
v 0.06250000 -0.38324230 -0.04687500
v 0.06250000 -0.38306354 -0.03125000
v 0.06250000 -0.38311309 -0.01562500
v 0.06250000 -0.38284676 0.00000000
v 0.06250000 -0.38317733 0.01562500
v 0.06250000 0.35161749 -0.09375000
v 0.06250000 0.35937500 -0.10215855
v 0.06250000 0.35264263 -0.07812500
v 0.06250000 0.35937500 -0.07021779
v 0.05311594 0.35937500 -0.03125000
v 0.05320480 0.35937500 -0.01562500
v 0.05860626 0.35937500 0.00000000
v 0.06250000 0.35237963 0.01562500
v 0.06250000 0.35937500 0.00212616
v 0.05276015 0.35937500 0.03125000
v 0.06250000 0.35937500 0.02264809
v 0.05490924 0.37500000 -0.10937500
v 0.06250000 0.36675754 -0.10937500
v 0.06250000 0.37500000 -0.11696576
v 0.06250000 0.36601541 -0.06250000
v 0.06250000 0.36711010 -0.04687500
v 0.06250000 0.36695176 -0.03125000
v 0.06250000 0.36651894 -0.01562500
v 0.06250000 0.36114417 0.00000000
v 0.06250000 0.36715950 0.03125000
v 0.06250000 0.37500000 0.03906248
v 0.06250000 0.38259076 -0.10937500
v 0.05151711 0.39062500 -0.09375000
v 0.06250000 0.38405813 -0.09375000
v 0.05303548 0.39062500 -0.07812500
v 0.06250000 0.38297549 -0.07812500
v 0.05384272 0.39062500 -0.06250000
v 0.06250000 0.38290337 -0.06250000
v 0.05451409 0.39062500 -0.04687500
v 0.06250000 0.38307794 -0.04687500
v 0.05192449 0.39062500 -0.03125000
v 0.06250000 0.39062500 -0.03826182
v 0.05087305 0.39062500 -0.01562500
v 0.05104672 0.39062500 0.00000000
v 0.06250000 0.39062500 0.03906078
v 0.06250000 0.39737430 -0.03125000
v 0.06250000 0.39808031 -0.01562500
v 0.06250000 0.39630080 0.00000000
v 0.06250000 0.39842098 0.01562500
v 0.06250000 0.39843653 0.03125000
v 0.06758741 -0.42187500 -0.06250000
v 0.07029474 -0.42187500 -0.04687500
v 0.07034349 -0.42187500 -0.03125000
v 0.07032099 -0.42187500 -0.01562500
v 0.07018286 -0.42187500 0.00000000
v 0.07102437 -0.42187500 0.01562500
v 0.07812500 -0.41422080 -0.10937500
v 0.07812500 -0.40625000 -0.11715508
v 0.07812500 -0.41282827 -0.09375000
v 0.07812500 -0.41031377 -0.07812500
v 0.07812500 -0.41243091 -0.06250000
v 0.07812500 -0.41368187 -0.04687500
v 0.07812500 -0.41392000 -0.03125000
v 0.07812500 -0.41309945 -0.01562500
v 0.07812500 -0.41403087 0.00000000
v 0.07812500 -0.41473904 0.01562500
v 0.07812500 -0.40625000 0.02331653
v 0.06643221 -0.39062500 -0.10937500
v 0.07812500 -0.39802430 -0.10937500
v 0.06966202 -0.39062500 -0.09375000
v 0.07812500 -0.39967631 -0.09375000
v 0.06947130 -0.39062500 -0.07812500
v 0.07812500 -0.40218731 -0.07812500
v 0.06863616 -0.39062500 -0.06250000
v 0.07812500 -0.40007311 -0.06250000
v 0.06988270 -0.39062500 -0.04687500
v 0.07812500 -0.39885011 -0.04687500
v 0.07006146 -0.39062500 -0.03125000
v 0.07812500 -0.39863457 -0.03125000
v 0.07001192 -0.39062500 -0.01562500
v 0.07812500 -0.39942810 -0.01562500
v 0.07027869 -0.39062500 0.00000000
v 0.07812500 -0.39854145 0.00000000
v 0.06995030 -0.39062500 0.01562500
v 0.07812500 -0.39855584 0.01562500
v 0.07036156 0.35937500 -0.09375000
v 0.06923262 0.35937500 -0.07812500
v 0.06949556 0.35937500 0.01562500
v 0.07812500 0.36678978 -0.10937500
v 0.07812500 0.37500000 -0.11718352
v 0.07812500 0.36708488 -0.09375000
v 0.07812500 0.36728021 -0.07812500
v 0.07363263 0.37500000 -0.06250000
v 0.07812500 0.37500000 -0.06706826
v 0.07034515 0.37500000 -0.04687500
v 0.07055468 0.37500000 -0.03125000
v 0.07096198 0.37500000 -0.01562500
v 0.07812500 0.36874056 0.00000000
v 0.07812500 0.37500000 -0.00689374
v 0.07812500 0.36728119 0.01562500
v 0.07812500 0.37289575 0.03125000
v 0.07812500 0.37500000 0.03335425
v 0.07812500 0.38280864 -0.10937500
v 0.07812500 0.38282151 -0.09375000
v 0.07812500 0.38272047 -0.07812500
v 0.06925185 0.39062500 -0.03125000
v 0.07043680 0.39062500 -0.01562500
v 0.07149819 0.39062500 0.00000000
v 0.07812500 0.38459402 0.00000000
v 0.07812500 0.39062500 0.00999944
v 0.07812500 0.39062500 0.03126156
v 0.07812500 0.39361212 0.01562500
v 0.07812500 0.39063656 0.03125000
v 0.08590019 -0.40625000 -0.10937500
v 0.08469775 -0.40625000 -0.09375000
v 0.08218769 -0.40625000 -0.07812500
v 0.08430190 -0.40625000 -0.06250000
v 0.08552489 -0.40625000 -0.04687500
v 0.08574043 -0.40625000 -0.03125000
v 0.08494691 -0.40625000 -0.01562500
v 0.08583323 -0.40625000 0.00000000
v 0.08581764 -0.40625000 0.01562500
v 0.08593363 0.37500000 -0.10937500
v 0.08593632 0.37500000 -0.09375000
v 0.08584460 0.37500000 -0.07812500
v 0.08438444 0.37500000 0.00000000
v 0.08584398 0.37500000 0.01562500
v 0.08022925 0.37500000 0.03125000
v 0.08111225 0.39062500 0.01562500
v 0.07813656 0.39062500 0.03125000
v -0.17962395 -0.42187500 -0.18750000
v -0.17187500 -0.42962397 -0.18750000
v -0.17187500 -0.42187500 -0.19524895
v -0.17929184 -0.42187500 -0.17187500
v -0.17187500 -0.42929198 -0.17187500
v -0.17187500 -0.42187500 -0.16445664
v -0.17187500 -0.41412526 -0.18750000
v -0.17187500 -0.41445814 -0.17187500
v -0.16303655 -0.42187500 -0.18750000
v -0.15625000 -0.42962256 -0.17187500
v -0.15625000 -0.42187500 -0.18071207
v -0.15732682 -0.42187500 -0.15625000
v -0.15625000 -0.42295143 -0.15625000
v -0.15625000 -0.42187500 -0.15517357
v -0.16364526 -0.40625000 -0.17187500
v -0.15625000 -0.40625000 -0.17942154
v -0.15625000 -0.42073251 -0.15625000
v -0.15625000 -0.40625000 -0.16422970
v -0.15625000 -0.39885300 -0.17187500
v -0.14800195 -0.42187500 -0.17187500
v -0.15511112 -0.42187500 -0.15625000
v -0.14452968 -0.42187500 -0.12500000
v -0.14062500 -0.42577968 -0.12500000
v -0.14062500 -0.42187500 -0.12913473
v -0.14062500 -0.42187500 -0.12039264
v -0.14062500 -0.41424682 -0.17187500
v -0.14062500 -0.40625000 -0.17937126
v -0.14805713 -0.40625000 -0.15625000
v -0.14062500 -0.41366883 -0.15625000
v -0.14783471 -0.40625000 -0.14062500
v -0.14062500 -0.41375971 -0.14062500
v -0.14771225 -0.40625000 -0.12500000
v -0.14062500 -0.40625000 -0.11714956
v -0.14836828 -0.39062500 -0.17187500
v -0.14062500 -0.39062500 -0.17961751
v -0.14807587 -0.39062500 -0.15625000
v -0.14204627 -0.39062500 -0.14062500
v -0.14062500 -0.39906309 -0.12500000
v -0.14062500 -0.39062500 -0.13917017
v -0.14840520 -0.37500000 -0.17187500
v -0.14062500 -0.37500000 -0.17965567
v -0.14706373 -0.37500000 -0.15625000
v -0.14062500 -0.38725325 -0.14062500
v -0.14062500 -0.37500000 -0.14596235
v -0.14839606 -0.35937500 -0.17187500
v -0.14062500 -0.35937500 -0.17964610
v -0.14547785 -0.35937500 -0.15625000
v -0.14062500 -0.35937500 -0.14956913
v -0.14821879 -0.34375000 -0.17187500
v -0.14062500 -0.34375000 -0.17946880
v -0.14062500 -0.35098917 -0.15625000
v -0.14062500 -0.34375000 -0.16080365
v -0.14673618 -0.32812500 -0.17187500
v -0.14062500 -0.32812500 -0.17798618
v -0.14062500 -0.32812500 -0.16520962
v -0.14760196 -0.31250000 -0.17187500
v -0.14062500 -0.31250000 -0.17885196
v -0.14062500 -0.31250000 -0.16374223
v -0.14783508 -0.29687500 -0.17187500
v -0.14062500 -0.29687500 -0.17908508
v -0.14062500 -0.29687500 -0.16132941
v -0.14797227 -0.28125000 -0.17187500
v -0.14062500 -0.28125000 -0.17922227
v -0.14062500 -0.28125000 -0.15721092
v -0.14807747 -0.26562500 -0.17187500
v -0.14062500 -0.26562500 -0.17932747
v -0.14385646 -0.26562500 -0.15625000
v -0.14062500 -0.27840022 -0.15625000
v -0.14062500 -0.26562500 -0.15260105
v -0.14815816 -0.25000000 -0.17187500
v -0.14062500 -0.25000000 -0.17940816
v -0.14604266 -0.25000000 -0.15625000
v -0.14062500 -0.25000000 -0.15005593
v -0.14822111 -0.23437500 -0.17187500
v -0.14062500 -0.23437500 -0.17947111
v -0.14708737 -0.23437500 -0.15625000
v -0.14062500 -0.23437500 -0.14839232
v -0.14826940 -0.21875000 -0.17187500
v -0.14062500 -0.21875000 -0.17951940
v -0.14766766 -0.21875000 -0.15625000
v -0.14062500 -0.21875000 -0.14662174
v -0.14830645 -0.20312500 -0.17187500
v -0.14062500 -0.20312500 -0.17955645
v -0.14799710 -0.20312500 -0.15625000
v -0.14062500 -0.20312500 -0.14391265
v -0.14835732 -0.18750000 -0.17187500
v -0.14062500 -0.18750000 -0.17960732
v -0.14818439 -0.18750000 -0.15625000
v -0.14174517 -0.18750000 -0.14062500
v -0.14062500 -0.19132747 -0.14062500
v -0.14062500 -0.18750000 -0.13892656
v -0.14840746 -0.17187500 -0.17187500
v -0.14062500 -0.17187500 -0.17965746
v -0.14827335 -0.17187500 -0.15625000
v -0.14489414 -0.17187500 -0.14062500
v -0.14062500 -0.17187500 -0.13404087
v -0.14842615 -0.15625000 -0.17187500
v -0.14062500 -0.15625000 -0.17967619
v -0.14834785 -0.15625000 -0.15625000
v -0.14655073 -0.15625000 -0.14062500
v -0.14062500 -0.15625000 -0.13096811
v -0.14843148 -0.14062500 -0.17187500
v -0.14062500 -0.14062500 -0.17968171
v -0.14840508 -0.14062500 -0.15625000
v -0.14742431 -0.14062500 -0.14062500
v -0.14062500 -0.14062500 -0.12849468
v -0.14843040 -0.12500000 -0.17187500
v -0.14062500 -0.12500000 -0.17968152
v -0.14842248 -0.12500000 -0.15625000
v -0.14805739 -0.12500000 -0.14062500
v -0.14062500 -0.12500000 -0.12593968
v -0.14842895 -0.10937500 -0.17187500
v -0.14062500 -0.10937500 -0.17968105
v -0.14841993 -0.10937500 -0.15625000
v -0.14833115 -0.10937500 -0.14062500
v -0.14208101 -0.10937500 -0.12500000
v -0.14062500 -0.11935964 -0.12500000
v -0.14062500 -0.10937500 -0.12354399
v -0.14842694 -0.09375000 -0.17187500
v -0.14062500 -0.09375000 -0.17968060
v -0.14841638 -0.09375000 -0.15625000
v -0.14835368 -0.09375000 -0.14062500
v -0.14539641 -0.09375000 -0.12500000
v -0.14062500 -0.09375000 -0.12022859
v -0.14842434 -0.07812500 -0.17187500
v -0.14062500 -0.07812500 -0.17968027
v -0.14841115 -0.07812500 -0.15625000
v -0.14835111 -0.07812500 -0.14062500
v -0.14727268 -0.07812500 -0.12500000
v -0.14062500 -0.07812500 -0.11835232
v -0.14842036 -0.06250000 -0.17187500
v -0.14062500 -0.06250000 -0.17968082
v -0.14840288 -0.06250000 -0.15625000
v -0.14834313 -0.06250000 -0.14062500
v -0.14784041 -0.06250000 -0.12500000
v -0.14062500 -0.06250000 -0.11778459
v -0.14841387 -0.04687500 -0.17187500
v -0.14062500 -0.04687500 -0.17967923
v -0.14838904 -0.04687500 -0.15625000
v -0.14832704 -0.04687500 -0.14062500
v -0.14752303 -0.04687500 -0.12500000
v -0.14062500 -0.04687500 -0.11810197
v -0.14840260 -0.03125000 -0.17187500
v -0.14062500 -0.03125000 -0.17967529
v -0.14836497 -0.03125000 -0.15625000
v -0.14828540 -0.03125000 -0.14062500
v -0.14736811 -0.03125000 -0.12500000
v -0.14062500 -0.03125000 -0.11825689
v -0.14838260 -0.01562500 -0.17187500
v -0.14062500 -0.01562500 -0.17966742
v -0.14831902 -0.01562500 -0.15625000
v -0.14819605 -0.01562500 -0.14062500
v -0.14717274 -0.01562500 -0.12500000
v -0.14062500 -0.01562500 -0.11844651
v -0.14834516 0.00000000 -0.17187500
v -0.14062500 0.00000000 -0.17964730
v -0.14822554 0.00000000 -0.15625000
v -0.14797084 0.00000000 -0.14062500
v -0.14700421 0.00000000 -0.12500000
v -0.14062500 0.00000000 -0.11859339
v -0.14828355 0.01562500 -0.17187500
v -0.14062500 0.01562500 -0.17959602
v -0.14807021 0.01562500 -0.15625000
v -0.14779879 0.01562500 -0.14062500
v -0.14678617 0.01562500 -0.12500000
v -0.14062500 0.01562500 -0.11876126
v -0.14817581 0.03125000 -0.17187500
v -0.14062500 0.03125000 -0.17949781
v -0.14787915 0.03125000 -0.15625000
v -0.14768826 0.03125000 -0.14062500
v -0.14651655 0.03125000 -0.12500000
v -0.14062500 0.03125000 -0.11902020
v -0.14803332 0.04687500 -0.17187500
v -0.14062500 0.04687500 -0.17934312
v -0.14781752 0.04687500 -0.15625000
v -0.14756395 0.04687500 -0.14062500
v -0.14642969 0.04687500 -0.12500000
v -0.14062500 0.04687500 -0.11909398
v -0.14807784 0.06250000 -0.17187500
v -0.14062500 0.06250000 -0.17938713
v -0.14786635 0.06250000 -0.15625000
v -0.14749769 0.06250000 -0.14062500
v -0.14636320 0.06250000 -0.12500000
v -0.14062500 0.06250000 -0.11914328
v -0.14811493 0.07812500 -0.17187500
v -0.14062500 0.07812500 -0.17942371
v -0.14793918 0.07812500 -0.15625000
v -0.14756911 0.07812500 -0.14062500
v -0.14673018 0.07812500 -0.12500000
v -0.14062500 0.07812500 -0.11869385
v -0.14820931 0.09375000 -0.17187500
v -0.14062500 0.09375000 -0.17949428
v -0.14800212 0.09375000 -0.15625000
v -0.14762082 0.09375000 -0.14062500
v -0.14705670 0.09375000 -0.12500000
v -0.14062500 0.09375000 -0.11843218
v -0.14832007 0.10937500 -0.17187500
v -0.14062500 0.10937500 -0.17958258
v -0.14805585 0.10937500 -0.15625000
v -0.14769699 0.10937500 -0.14062500
v -0.14731842 0.10937500 -0.12500000
v -0.14062500 0.10937500 -0.11822164
v -0.14832941 0.12500000 -0.17187500
v -0.14062500 0.12500000 -0.17958393
v -0.14810213 0.12500000 -0.15625000
v -0.14778458 0.12500000 -0.14062500
v -0.14752899 0.12500000 -0.12500000
v -0.14062500 0.12500000 -0.11803873
v -0.14827929 0.14062500 -0.17187500
v -0.14062500 0.14062500 -0.17953092
v -0.14814218 0.14062500 -0.15625000
v -0.14786088 0.14062500 -0.14062500
v -0.14769902 0.14062500 -0.12500000
v -0.14062500 0.14062500 -0.11788649
v -0.14820536 0.15625000 -0.17187500
v -0.14062500 0.15625000 -0.17945594
v -0.14814272 0.15625000 -0.15625000
v -0.14792761 0.15625000 -0.14062500
v -0.14771751 0.15625000 -0.12500000
v -0.14062500 0.15625000 -0.11787780
v -0.14804590 0.17187500 -0.17187500
v -0.14062500 0.17187500 -0.17929611
v -0.14782485 0.17187500 -0.15625000
v -0.14798619 0.17187500 -0.14062500
v -0.14721216 0.17187500 -0.12500000
v -0.14062500 0.17187500 -0.11839082
v -0.14777424 0.18750000 -0.17187500
v -0.14062500 0.18750000 -0.17902438
v -0.14757114 0.18750000 -0.15625000
v -0.14803772 0.18750000 -0.14062500
v -0.14635069 0.18750000 -0.12500000
v -0.14062500 0.18750000 -0.11925851
v -0.14731292 0.20312500 -0.17187500
v -0.14062500 0.20312500 -0.17856303
v -0.14721129 0.20312500 -0.15625000
v -0.14778175 0.20312500 -0.14062500
v -0.14488168 0.20312500 -0.12500000
v -0.14062500 0.20312500 -0.12073316
v -0.14676229 0.21875000 -0.17187500
v -0.14062500 0.21875000 -0.17801238
v -0.14670057 0.21875000 -0.15625000
v -0.14681284 0.21875000 -0.14062500
v -0.14237581 0.21875000 -0.12500000
v -0.14062500 0.21875000 -0.12324426
v -0.14687744 0.23437500 -0.17187500
v -0.14062500 0.23437500 -0.17812751
v -0.14597558 0.23437500 -0.15625000
v -0.14317119 0.23437500 -0.14062500
v -0.14062500 0.23017158 -0.12500000
v -0.14062500 0.23437500 -0.12800948
v -0.14698365 0.25000000 -0.17187500
v -0.14062500 0.25000000 -0.17823371
v -0.14494609 0.25000000 -0.15625000
v -0.14062500 0.23990048 -0.14062500
v -0.14062500 0.25000000 -0.14815779
v -0.14709848 0.26562500 -0.17187500
v -0.14062500 0.26562500 -0.17834852
v -0.14545904 0.26562500 -0.15625000
v -0.14062500 0.26562500 -0.14875008
v -0.14756000 0.28125000 -0.17187500
v -0.14062500 0.28125000 -0.17881006
v -0.14716719 0.28125000 -0.15625000
v -0.14062500 0.28125000 -0.14770377
v -0.14809808 0.29687500 -0.17187500
v -0.14062500 0.29687500 -0.17934816
v -0.14796631 0.29687500 -0.15625000
v -0.14062500 0.29687500 -0.14666845
v -0.14087893 0.29687500 -0.10937500
v -0.14062500 0.29654089 -0.10937500
v -0.14062500 0.29687500 -0.10975614
v -0.14062500 0.29687500 -0.10912107
v -0.14830646 0.31250000 -0.17187500
v -0.14062500 0.31250000 -0.17955664
v -0.14812024 0.31250000 -0.15625000
v -0.14062500 0.31250000 -0.14239233
v -0.14621625 0.31250000 -0.10937500
v -0.14062500 0.31250000 -0.11866050
v -0.14062500 0.31250000 -0.10378375
v -0.14838689 0.32812500 -0.17187500
v -0.14062500 0.32812500 -0.17963734
v -0.14821805 0.32812500 -0.15625000
v -0.14672042 0.32812500 -0.14062500
v -0.14062500 0.31492626 -0.14062500
v -0.14062500 0.32812500 -0.12717972
v -0.14757769 0.32812500 -0.10937500
v -0.14062500 0.32812500 -0.12321048
v -0.14062500 0.32812500 -0.10242231
v -0.14841745 0.34375000 -0.17187500
v -0.14062500 0.34375000 -0.17966931
v -0.14834619 0.34375000 -0.15625000
v -0.14813948 0.34375000 -0.14062500
v -0.14588868 0.34375000 -0.12500000
v -0.14062500 0.33077372 -0.12500000
v -0.14797108 0.34375000 -0.10937500
v -0.14062500 0.34375000 -0.10202892
v -0.14843664 0.35937500 -0.17187500
v -0.14062500 0.35937500 -0.17969106
v -0.14843726 0.35937500 -0.15625000
v -0.14843664 0.35937500 -0.14062500
v -0.14841314 0.35937500 -0.12500000
v -0.14829101 0.35937500 -0.10937500
v -0.14062500 0.35937500 -0.10170899
v -0.14843739 0.37500000 -0.17187500
v -0.14062500 0.37500000 -0.17970134
v -0.14843750 0.37500000 -0.15625000
v -0.14843749 0.37500000 -0.14062500
v -0.14843715 0.37500000 -0.12500000
v -0.14836730 0.37500000 -0.10937500
v -0.14062500 0.37500000 -0.10163270
v -0.14062500 0.38387487 -0.17187500
v -0.14817890 0.39062500 -0.15625000
v -0.14062500 0.39062500 -0.16487002
v -0.14721599 0.39062500 -0.14062500
v -0.14062500 0.38290629 -0.12500000
v -0.14062500 0.39062500 -0.13394200
v -0.14062500 0.38274268 -0.10937500
v -0.14062500 0.39817890 -0.15625000
v -0.14062500 0.39721599 -0.14062500
v -0.13648852 -0.42187500 -0.12500000
v -0.13181150 -0.42187500 -0.10937500
v -0.12500000 -0.42782933 -0.10937500
v -0.12500000 -0.42187500 -0.11561799
v -0.12500000 -0.42187500 -0.10342067
v -0.12500000 -0.41406744 -0.17187500
v -0.12500000 -0.40625000 -0.17971834
v -0.12500000 -0.41407343 -0.15625000
v -0.12500000 -0.41406458 -0.14062500
v -0.12500000 -0.41436564 -0.12500000
v -0.13357528 -0.40625000 -0.10937500
v -0.12500000 -0.40625000 -0.10156256
v -0.12500000 -0.39062500 -0.18374044
v -0.13291291 -0.39062500 -0.12500000
v -0.13281253 -0.39062500 -0.10937500
v -0.12500000 -0.39062500 -0.10156251
v -0.12500000 -0.37500000 -0.18373110
v -0.13645831 -0.37500000 -0.14062500
v -0.13283252 -0.37500000 -0.12500000
v -0.13281250 -0.37500000 -0.10937500
v -0.12500000 -0.37500000 -0.10156250
v -0.12500000 -0.35937500 -0.18085849
v -0.13474665 -0.35937500 -0.14062500
v -0.13282746 -0.35937500 -0.12500000
v -0.13281249 -0.35937500 -0.10937500
v -0.12500000 -0.35937500 -0.10156251
v -0.12500000 -0.34375000 -0.17987292
v -0.13624991 -0.34375000 -0.15625000
v -0.13318752 -0.34375000 -0.14062500
v -0.13282746 -0.34375000 -0.12500000
v -0.13281241 -0.34375000 -0.10937500
v -0.12500000 -0.34375000 -0.10156259
v -0.12500000 -0.32812500 -0.17976632
v -0.13338501 -0.32812500 -0.15625000
v -0.13286652 -0.32812500 -0.14062500
v -0.13281610 -0.32812500 -0.12500000
v -0.13281103 -0.32812500 -0.10937500
v -0.12500000 -0.32812500 -0.10156397
v -0.12500000 -0.31250000 -0.17979874
v -0.13396326 -0.31250000 -0.15625000
v -0.13288237 -0.31250000 -0.14062500
v -0.13281752 -0.31250000 -0.12500000
v -0.13281026 -0.31250000 -0.10937500
v -0.12500000 -0.31250000 -0.10156474
v -0.12500000 -0.29687500 -0.17981055
v -0.13606039 -0.29687500 -0.15625000
v -0.13297695 -0.29687500 -0.14062500
v -0.13282979 -0.29687500 -0.12500000
v -0.13281128 -0.29687500 -0.10937500
v -0.12500000 -0.29687500 -0.10156372
v -0.12500000 -0.28125000 -0.17978828
v -0.13976616 -0.28125000 -0.15625000
v -0.13319929 -0.28125000 -0.14062500
v -0.13286748 -0.28125000 -0.12500000
v -0.13281205 -0.28125000 -0.10937500
v -0.12500000 -0.28125000 -0.10156295
v -0.12500000 -0.26562500 -0.17975538
v -0.13341976 -0.26562500 -0.14062500
v -0.13297596 -0.26562500 -0.12500000
v -0.13281234 -0.26562500 -0.10937500
v -0.12500000 -0.26562500 -0.10156266
v -0.12500000 -0.25000000 -0.17973318
v -0.13364156 -0.25000000 -0.14062500
v -0.13315121 -0.25000000 -0.12500000
v -0.13281245 -0.25000000 -0.10937500
v -0.12500000 -0.25000000 -0.10156255
v -0.12500000 -0.23437500 -0.17971820
v -0.13420642 -0.23437500 -0.14062500
v -0.13338423 -0.23437500 -0.12500000
v -0.13281248 -0.23437500 -0.10937500
v -0.12500000 -0.23437500 -0.10156252
v -0.12500000 -0.21875000 -0.17970810
v -0.13534021 -0.21875000 -0.14062500
v -0.13377664 -0.21875000 -0.12500000
v -0.13281249 -0.21875000 -0.10937500
v -0.12500000 -0.21875000 -0.10156251
v -0.12500000 -0.20312500 -0.17970130
v -0.13762076 -0.20312500 -0.14062500
v -0.13404450 -0.20312500 -0.12500000
v -0.13281250 -0.20312500 -0.10937500
v -0.12500000 -0.20312500 -0.10156250
v -0.12500000 -0.18750000 -0.17969624
v -0.13456691 -0.18750000 -0.12500000
v -0.13281250 -0.18750000 -0.10937500
v -0.12500000 -0.18750000 -0.10156250
v -0.12500000 -0.17187500 -0.17969606
v -0.13530525 -0.17187500 -0.12500000
v -0.13281250 -0.17187500 -0.10937500
v -0.12500000 -0.17187500 -0.10156250
v -0.12500000 -0.15625000 -0.17971721
v -0.13634240 -0.15625000 -0.12500000
v -0.13281250 -0.15625000 -0.10937500
v -0.12500000 -0.15625000 -0.10156250
v -0.12500000 -0.14062500 -0.17979182
v -0.13778695 -0.14062500 -0.12500000
v -0.13281250 -0.14062500 -0.10937500
v -0.12500000 -0.14062500 -0.10156250
v -0.12500000 -0.12500000 -0.18005214
v -0.13976774 -0.12500000 -0.12500000
v -0.13281250 -0.12500000 -0.10937500
v -0.12500000 -0.12500000 -0.10156250
v -0.12500000 -0.10937500 -0.18067713
v -0.13281250 -0.10937500 -0.10937500
v -0.12500000 -0.10937500 -0.10156250
v -0.12500000 -0.09375000 -0.18197951
v -0.13281250 -0.09375000 -0.10937500
v -0.12500000 -0.09375000 -0.10156250
v -0.12500000 -0.07812500 -0.18500168
v -0.13281250 -0.07812500 -0.10937500
v -0.12500000 -0.07812500 -0.10156250
v -0.12792288 -0.06250000 -0.18750000
v -0.12500000 -0.07104143 -0.18750000
v -0.12500000 -0.06250000 -0.19041652
v -0.13281250 -0.06250000 -0.10937500
v -0.12500000 -0.06250000 -0.10156250
v -0.13078270 -0.04687500 -0.18750000
v -0.12500000 -0.04687500 -0.19326838
v -0.13281250 -0.04687500 -0.10937500
v -0.12500000 -0.04687500 -0.10156250
v -0.13140222 -0.03125000 -0.18750000
v -0.12500000 -0.03125000 -0.19388028
v -0.13281250 -0.03125000 -0.10937500
v -0.12500000 -0.03125000 -0.10156250
v -0.13051465 -0.01562500 -0.18750000
v -0.12500000 -0.01562500 -0.19298287
v -0.13281841 -0.01562500 -0.10937500
v -0.12500000 -0.01562500 -0.10156250
v -0.12912300 0.00000000 -0.18750000
v -0.12500000 0.00000000 -0.19158261
v -0.13284083 0.00000000 -0.10937500
v -0.12500000 0.00000000 -0.10156250
v -0.12698533 0.01562500 -0.18750000
v -0.12500000 0.01562500 -0.18945778
v -0.13289352 0.01562500 -0.10937500
v -0.12500000 0.01562500 -0.10156250
v -0.12500000 0.02825430 -0.18750000
v -0.12500000 0.03125000 -0.18698654
v -0.13290615 0.03125000 -0.10937500
v -0.12500000 0.03125000 -0.10156250
v -0.12500000 0.04687500 -0.18333183
v -0.13292061 0.04687500 -0.10937500
v -0.12500000 0.04687500 -0.10156250
v -0.12500000 0.06250000 -0.18119290
v -0.13293946 0.06250000 -0.10937500
v -0.12500000 0.06250000 -0.10156250
v -0.12500000 0.07812500 -0.18127924
v -0.13302231 0.07812500 -0.10937500
v -0.12500000 0.07812500 -0.10156250
v -0.12500000 0.09375000 -0.18042346
v -0.13295256 0.09375000 -0.10937500
v -0.12500000 0.09375000 -0.10156250
v -0.12500000 0.10937500 -0.18002753
v -0.13289908 0.10937500 -0.10937500
v -0.12500000 0.10937500 -0.10156250
v -0.12500000 0.12500000 -0.17984440
v -0.13287051 0.12500000 -0.10937500
v -0.12500000 0.12500000 -0.10156250
v -0.12500000 0.14062500 -0.17975983
v -0.13285233 0.14062500 -0.10937500
v -0.12500000 0.14062500 -0.10156250
v -0.12500000 0.15625000 -0.17972081
v -0.13284243 0.15625000 -0.10937500
v -0.12500000 0.15625000 -0.10156250
v -0.12500000 0.17187500 -0.17970283
v -0.13283507 0.17187500 -0.10937500
v -0.12500000 0.17187500 -0.10156250
v -0.12500000 0.18750000 -0.17969457
v -0.13282950 0.18750000 -0.10937500
v -0.12500000 0.18750000 -0.10156250
v -0.12500000 0.20312500 -0.17969076
v -0.13282530 0.20312500 -0.10937500
v -0.12500000 0.20312500 -0.10156250
v -0.12500000 0.21875000 -0.17969021
v -0.13282485 0.21875000 -0.10937500
v -0.12500000 0.21875000 -0.10156250
v -0.12500000 0.23437500 -0.17969005
v -0.13993155 0.23437500 -0.12500000
v -0.13283039 0.23437500 -0.10937500
v -0.12500000 0.23437500 -0.10156250
v -0.12500000 0.25000000 -0.17968990
v -0.13652423 0.25000000 -0.14062500
v -0.13712493 0.25000000 -0.12500000
v -0.13283841 0.25000000 -0.10937500
v -0.12500000 0.25000000 -0.10156250
v -0.12500000 0.26562500 -0.17968940
v -0.13551968 0.26562500 -0.14062500
v -0.13434498 0.26562500 -0.12500000
v -0.13296608 0.26562500 -0.10937500
v -0.12500000 0.26562500 -0.10156250
v -0.12500000 0.28125000 -0.17968897
v -0.13478640 0.28125000 -0.14062500
v -0.13358478 0.28125000 -0.12500000
v -0.13389778 0.28125000 -0.10937500
v -0.12500000 0.28125000 -0.10156250
v -0.12500000 0.29687500 -0.17968863
v -0.13502255 0.29687500 -0.14062500
v -0.13440863 0.29687500 -0.12500000
v -0.12500000 0.29687500 -0.10156250
v -0.12500000 0.31250000 -0.17968864
v -0.13898110 0.31250000 -0.14062500
v -0.13631879 0.31250000 -0.12500000
v -0.12500000 0.31250000 -0.10156250
v -0.12500000 0.32812500 -0.17968875
v -0.13915698 0.32812500 -0.12500000
v -0.12500000 0.32812500 -0.10156250
v -0.12500000 0.34375000 -0.17968902
v -0.12500000 0.34375000 -0.10156250
v -0.12500000 0.35937500 -0.17968926
v -0.12500000 0.35937500 -0.10156250
v -0.12500000 0.37500000 -0.17968868
v -0.12500000 0.37500000 -0.10156250
v -0.12500000 0.38282137 -0.17187500
v -0.12500000 0.39062500 -0.16245927
v -0.13285517 0.39062500 -0.12500000
v -0.12922491 0.39062500 -0.10937500
v -0.12500000 0.39062500 -0.10515039
v -0.12500000 0.39682577 -0.15625000
v -0.12500000 0.39841608 -0.14062500
v -0.12500000 0.39838602 -0.12500000
v -0.12500000 0.39484961 -0.10937500
v -0.11903584 -0.42187500 -0.10937500
v -0.10937500 -0.41469101 -0.17187500
v -0.10937500 -0.40625000 -0.17970078
v -0.10937500 -0.41537183 -0.15625000
v -0.10937500 -0.41415032 -0.14062500
v -0.10937500 -0.41407723 -0.12500000
v -0.10937500 -0.41407292 -0.10937500
v -0.11655105 -0.40625000 -0.09375000
v -0.10937500 -0.41342606 -0.09375000
v -0.10937500 -0.40625000 -0.08657395
v -0.11958300 -0.39062500 -0.18750000
v -0.10937500 -0.39647899 -0.18750000
v -0.10937500 -0.39062500 -0.19334155
v -0.11715211 -0.39062500 -0.09375000
v -0.10937500 -0.39062500 -0.08597289
v -0.12069581 -0.37500000 -0.18750000
v -0.10937500 -0.37500000 -0.19461512
v -0.11486305 -0.37500000 -0.09375000
v -0.10937500 -0.37500000 -0.08826195
v -0.11799822 -0.35937500 -0.18750000
v -0.10937500 -0.35937500 -0.19494654
v -0.10937500 -0.36951195 -0.09375000
v -0.10937500 -0.35937500 -0.10156250
v -0.11578854 -0.34375000 -0.18750000
v -0.10937500 -0.34375000 -0.19373483
v -0.10937500 -0.34375000 -0.10156250
v -0.11264301 -0.32812500 -0.18750000
v -0.10937500 -0.32812500 -0.19071616
v -0.10937500 -0.32812500 -0.10156250
v -0.11334981 -0.31250000 -0.18750000
v -0.10937500 -0.31250000 -0.19139100
v -0.10937500 -0.31250000 -0.10156250
v -0.11393952 -0.29687500 -0.18750000
v -0.10937500 -0.29687500 -0.19196340
v -0.10937500 -0.29687500 -0.10156250
v -0.11423376 -0.28125000 -0.18750000
v -0.10937500 -0.28125000 -0.19227281
v -0.10937500 -0.28125000 -0.10156250
v -0.11246282 -0.26562500 -0.18750000
v -0.10937500 -0.26562500 -0.19054499
v -0.10937500 -0.26562500 -0.10156250
v -0.10967033 -0.25000000 -0.18750000
v -0.10937500 -0.25000000 -0.18779196
v -0.10937500 -0.25000000 -0.10156250
v -0.10937500 -0.24916443 -0.18750000
v -0.10937500 -0.23437500 -0.18356137
v -0.10937500 -0.23437500 -0.10156250
v -0.10937500 -0.21875000 -0.18118546
v -0.10937500 -0.21875000 -0.10156250
v -0.10937500 -0.20312500 -0.18026158
v -0.10937500 -0.20312500 -0.10156250
v -0.10937500 -0.18750000 -0.17992483
v -0.10937500 -0.18750000 -0.10156250
v -0.10937500 -0.17187500 -0.17978679
v -0.11538109 -0.17187500 -0.09375000
v -0.10937500 -0.17788109 -0.09375000
v -0.10937500 -0.17187500 -0.08774391
v -0.10937500 -0.15625000 -0.17972877
v -0.11684201 -0.15625000 -0.09375000
v -0.10937500 -0.15625000 -0.08628299
v -0.10937500 -0.14062500 -0.17970445
v -0.11712930 -0.14062500 -0.09375000
v -0.10937500 -0.14062500 -0.08599570
v -0.10937500 -0.12500000 -0.17971029
v -0.11717774 -0.12500000 -0.09375000
v -0.10937500 -0.12500000 -0.08594726
v -0.10937500 -0.10937500 -0.17974830
v -0.11718564 -0.10937500 -0.09375000
v -0.10937500 -0.10937500 -0.08593936
v -0.10937500 -0.09375000 -0.17984841
v -0.11718715 -0.09375000 -0.09375000
v -0.10937500 -0.09375000 -0.08593785
v -0.10937500 -0.07812500 -0.18011121
v -0.11718743 -0.07812500 -0.09375000
v -0.10937500 -0.07812500 -0.08593757
v -0.12133331 -0.06250000 -0.18750000
v -0.10937500 -0.06250000 -0.18081144
v -0.11718749 -0.06250000 -0.09375000
v -0.10937500 -0.06250000 -0.08593751
v -0.11602246 -0.04687500 -0.18750000
v -0.10937500 -0.04687500 -0.18277615
v -0.11718750 -0.04687500 -0.09375000
v -0.10937500 -0.04687500 -0.08593750
v -0.10937500 -0.03341599 -0.18750000
v -0.10937500 -0.03125000 -0.18851861
v -0.11718750 -0.03125000 -0.09375000
v -0.10937500 -0.03125000 -0.08593750
v -0.10937500 -0.01562500 -0.19306792
v -0.11718750 -0.01562500 -0.09375000
v -0.10937500 -0.01562500 -0.08593750
v -0.10937500 0.00000000 -0.19457962
v -0.11718750 0.00000000 -0.09375000
v -0.10937500 0.00000000 -0.08593750
v -0.10937500 0.01562500 -0.19504128
v -0.11718750 0.01562500 -0.09375000
v -0.10937500 0.01562500 -0.08593750
v -0.12447302 0.03125000 -0.18750000
v -0.10937500 0.03125000 -0.19520748
v -0.11718750 0.03125000 -0.09375000
v -0.10937500 0.03125000 -0.08593750
v -0.12079838 0.04687500 -0.18750000
v -0.10937500 0.04687500 -0.19526985
v -0.11718750 0.04687500 -0.09375000
v -0.10937500 0.04687500 -0.08593750
v -0.11863532 0.06250000 -0.18750000
v -0.10937500 0.06250000 -0.19525279
v -0.11718750 0.06250000 -0.09375000
v -0.10937500 0.06250000 -0.08593750
v -0.11852049 0.07812500 -0.18750000
v -0.10937500 0.07812500 -0.19504443
v -0.11718750 0.07812500 -0.09375000
v -0.10937500 0.07812500 -0.08593750
v -0.11732152 0.09375000 -0.18750000
v -0.10937500 0.09375000 -0.19470959
v -0.11718750 0.09375000 -0.09375000
v -0.10937500 0.09375000 -0.08593750
v -0.11626546 0.10937500 -0.18750000
v -0.10937500 0.10937500 -0.19405688
v -0.11718750 0.10937500 -0.09375000
v -0.10937500 0.10937500 -0.08593750
v -0.11470864 0.12500000 -0.18750000
v -0.10937500 0.12500000 -0.19269342
v -0.11718750 0.12500000 -0.09375000
v -0.10937500 0.12500000 -0.08593750
v -0.11175390 0.14062500 -0.18750000
v -0.10937500 0.14062500 -0.18984180
v -0.11718750 0.14062500 -0.09375000
v -0.10937500 0.14062500 -0.08593750
v -0.10937500 0.14817776 -0.18750000
v -0.10937500 0.15625000 -0.18502267
v -0.11718750 0.15625000 -0.09375000
v -0.10937500 0.15625000 -0.08593750
v -0.10937500 0.17187500 -0.18223655
v -0.11718750 0.17187500 -0.09375000
v -0.10937500 0.17187500 -0.08593750
v -0.10937500 0.18750000 -0.18090401
v -0.11718750 0.18750000 -0.09375000
v -0.10937500 0.18750000 -0.08593750
v -0.10937500 0.20312500 -0.18024840
v -0.11718750 0.20312500 -0.09375000
v -0.10937500 0.20312500 -0.08593750
v -0.10937500 0.21875000 -0.17990817
v -0.11718750 0.21875000 -0.09375000
v -0.10937500 0.21875000 -0.08593750
v -0.10937500 0.23437500 -0.17976947
v -0.11718750 0.23437500 -0.09375000
v -0.10937500 0.23437500 -0.08593750
v -0.10937500 0.25000000 -0.17974265
v -0.11718750 0.25000000 -0.09375000
v -0.10937500 0.25000000 -0.08593750
v -0.10937500 0.26562500 -0.17972938
v -0.11718750 0.26562500 -0.09375000
v -0.10937500 0.26562500 -0.08593750
v -0.10937500 0.28125000 -0.17971929
v -0.11718750 0.28125000 -0.09375000
v -0.10937500 0.28125000 -0.08593750
v -0.10937500 0.29687500 -0.17971200
v -0.11718750 0.29687500 -0.09375000
v -0.10937500 0.29687500 -0.08593750
v -0.10937500 0.31250000 -0.17970670
v -0.11718750 0.31250000 -0.09375000
v -0.10937500 0.31250000 -0.08593750
v -0.10937500 0.32812500 -0.17970251
v -0.11718750 0.32812500 -0.09375000
v -0.10937500 0.32812500 -0.08593750
v -0.10937500 0.34375000 -0.17970021
v -0.11718750 0.34375000 -0.09375000
v -0.10937500 0.34375000 -0.08593750
v -0.10937500 0.35937500 -0.17970393
v -0.11718750 0.35937500 -0.09375000
v -0.10937500 0.35937500 -0.08593750
v -0.10937500 0.37500000 -0.17970586
v -0.11718750 0.37500000 -0.09375000
v -0.10937500 0.37500000 -0.08593750
v -0.10937500 0.38291970 -0.17187500
v -0.11569765 0.39062500 -0.15625000
v -0.10937500 0.38579668 -0.15625000
v -0.10937500 0.39062500 -0.15135462
v -0.10937500 0.38295131 -0.09375000
v -0.10937500 0.39062500 -0.10142474
v -0.10937500 0.39835928 -0.14062500
v -0.10937500 0.39842878 -0.12500000
v -0.10937500 0.39843645 -0.10937500
v -0.09980755 -0.42187500 -0.17187500
v -0.09375000 -0.42734635 -0.17187500
v -0.09375000 -0.42187500 -0.17734635
v -0.10271833 -0.42187500 -0.15625000
v -0.09375000 -0.42953010 -0.15625000
v -0.10113043 -0.42187500 -0.14062500
v -0.09375000 -0.42916794 -0.14062500
v -0.09375000 -0.42187500 -0.12588689
v -0.09375000 -0.40625000 -0.17982833
v -0.09375000 -0.42109318 -0.12500000
v -0.09375000 -0.41435745 -0.10937500
v -0.09375000 -0.41405898 -0.09375000
v -0.09375000 -0.40625000 -0.08594109
v -0.09375000 -0.39850596 -0.18750000
v -0.09375000 -0.39062500 -0.19524012
v -0.09375000 -0.39062500 -0.08593752
v -0.09375000 -0.37500000 -0.19528299
v -0.09375000 -0.37500000 -0.08593752
v -0.09375000 -0.35937500 -0.19528612
v -0.10156249 -0.35937500 -0.09375000
v -0.09375000 -0.35937500 -0.08593751
v -0.09375000 -0.34375000 -0.19526771
v -0.10156246 -0.34375000 -0.09375000
v -0.09375000 -0.34375000 -0.08593754
v -0.09375000 -0.32812500 -0.19517787
v -0.10156230 -0.32812500 -0.09375000
v -0.09375000 -0.32812500 -0.08593770
v -0.09375000 -0.31250000 -0.19515859
v -0.10156238 -0.31250000 -0.09375000
v -0.09375000 -0.31250000 -0.08593762
v -0.09375000 -0.29687500 -0.19513394
v -0.10156245 -0.29687500 -0.09375000
v -0.09375000 -0.29687500 -0.08593755
v -0.09375000 -0.28125000 -0.19510499
v -0.10156248 -0.28125000 -0.09375000
v -0.09375000 -0.28125000 -0.08593752
v -0.09375000 -0.26562500 -0.19510150
v -0.10156249 -0.26562500 -0.09375000
v -0.09375000 -0.26562500 -0.08593751
v -0.09375000 -0.25000000 -0.19487107
v -0.10156250 -0.25000000 -0.09375000
v -0.09375000 -0.25000000 -0.08593750
v -0.10459634 -0.23437500 -0.18750000
v -0.09375000 -0.23437500 -0.19427215
v -0.10156250 -0.23437500 -0.09375000
v -0.09375000 -0.23437500 -0.08593750
v -0.10053922 -0.21875000 -0.18750000
v -0.09375000 -0.21875000 -0.19285303
v -0.10156250 -0.21875000 -0.09375000
v -0.09375000 -0.21875000 -0.08593750
v -0.09599624 -0.20312500 -0.18750000
v -0.09375000 -0.20312500 -0.18947764
v -0.10156250 -0.20312500 -0.09375000
v -0.09375000 -0.20312500 -0.08593750
v -0.09375000 -0.19786842 -0.18750000
v -0.09375000 -0.18750000 -0.18402668
v -0.10156250 -0.18750000 -0.09375000
v -0.09375000 -0.18750000 -0.08593750
v -0.09375000 -0.17187500 -0.18147368
v -0.09375000 -0.17187500 -0.08593750
v -0.09375000 -0.15625000 -0.18041800
v -0.09375000 -0.15625000 -0.08593750
v -0.09375000 -0.14062500 -0.17998690
v -0.09375000 -0.14062500 -0.08593750
v -0.09375000 -0.12500000 -0.17981774
v -0.09375000 -0.12500000 -0.08593750
v -0.09375000 -0.10937500 -0.17974355
v -0.09375000 -0.10937500 -0.08593750
v -0.09375000 -0.09375000 -0.17971135
v -0.09375000 -0.09375000 -0.08593750
v -0.09375000 -0.07812500 -0.17974324
v -0.09375000 -0.07812500 -0.08593750
v -0.09375000 -0.06250000 -0.17984939
v -0.09375000 -0.06250000 -0.08593750
v -0.09375000 -0.04687500 -0.18018302
v -0.09375000 -0.04687500 -0.08593750
v -0.10787382 -0.03125000 -0.18750000
v -0.09375000 -0.03125000 -0.18130969
v -0.09375000 -0.03125000 -0.08593750
v -0.09744955 -0.01562500 -0.18750000
v -0.09375000 -0.01562500 -0.18520976
v -0.09375000 -0.01562500 -0.08593750
v -0.09375000 -0.01104808 -0.18750000
v -0.09375000 0.00000000 -0.19207932
v -0.09375000 0.00000000 -0.08593750
v -0.09375000 0.01562500 -0.19435843
v -0.09375000 0.01562500 -0.08593750
v -0.09375000 0.03125000 -0.19502676
v -0.09375000 0.03125000 -0.08593750
v -0.09375000 0.04687500 -0.19522629
v -0.09375000 0.04687500 -0.08593750
v -0.09375000 0.06250000 -0.19522106
v -0.09375000 0.06250000 -0.08593750
v -0.09375000 0.07812500 -0.19496310
v -0.09375000 0.07812500 -0.08593750
v -0.09375000 0.09375000 -0.19394981
v -0.09375000 0.09375000 -0.08593750
v -0.09375000 0.10937500 -0.19243329
v -0.09375000 0.10937500 -0.08593750
v -0.09375000 0.12500000 -0.19263759
v -0.09375000 0.12500000 -0.08593750
v -0.09375000 0.14062500 -0.19282222
v -0.09375000 0.14062500 -0.08593750
v -0.10534224 0.15625000 -0.18750000
v -0.09375000 0.15625000 -0.19298960
v -0.09895106 0.15625000 -0.07812500
v -0.09375000 0.15104894 -0.07812500
v -0.09375000 0.15625000 -0.07292394
v -0.10199554 0.17187500 -0.18750000
v -0.09375000 0.17187500 -0.19315753
v -0.10075841 0.17187500 -0.07812500
v -0.09375000 0.17187500 -0.07111659
v -0.10078221 0.18750000 -0.18750000
v -0.09375000 0.18750000 -0.19334628
v -0.10131471 0.18750000 -0.07812500
v -0.09375000 0.18750000 -0.07056029
v -0.10046605 0.20312500 -0.18750000
v -0.09375000 0.20312500 -0.19367169
v -0.10149090 0.20312500 -0.07812500
v -0.09375000 0.20312500 -0.07038410
v -0.10063885 0.21875000 -0.18750000
v -0.09375000 0.21875000 -0.19417199
v -0.10153669 0.21875000 -0.07812500
v -0.09375000 0.21875000 -0.07033831
v -0.10083892 0.23437500 -0.18750000
v -0.09375000 0.23437500 -0.19450773
v -0.10155137 0.23437500 -0.07812500
v -0.09375000 0.23437500 -0.07032363
v -0.10104820 0.25000000 -0.18750000
v -0.09375000 0.25000000 -0.19474332
v -0.10155701 0.25000000 -0.07812500
v -0.09375000 0.25000000 -0.07031799
v -0.10120136 0.26562500 -0.18750000
v -0.09375000 0.26562500 -0.19490958
v -0.10155939 0.26562500 -0.07812500
v -0.09375000 0.26562500 -0.07031561
v -0.10130920 0.28125000 -0.18750000
v -0.09375000 0.28125000 -0.19502745
v -0.10156064 0.28125000 -0.07812500
v -0.09375000 0.28125000 -0.07031436
v -0.10133572 0.29687500 -0.18750000
v -0.09375000 0.29687500 -0.19506124
v -0.10156142 0.29687500 -0.07812500
v -0.09375000 0.29687500 -0.07031358
v -0.10127799 0.31250000 -0.18750000
v -0.09375000 0.31250000 -0.19500882
v -0.10156188 0.31250000 -0.07812500
v -0.09375000 0.31250000 -0.07031312
v -0.10108654 0.32812500 -0.18750000
v -0.09375000 0.32812500 -0.19482159
v -0.10156210 0.32812500 -0.07812500
v -0.09375000 0.32812500 -0.07031290
v -0.10106172 0.34375000 -0.18750000
v -0.09375000 0.34375000 -0.19479906
v -0.10156224 0.34375000 -0.07812500
v -0.09375000 0.34375000 -0.07031276
v -0.10090993 0.35937500 -0.18750000
v -0.09375000 0.35937500 -0.19464362
v -0.10156173 0.35937500 -0.07812500
v -0.09375000 0.35937500 -0.07031327
v -0.10059407 0.37500000 -0.18750000
v -0.09375000 0.37500000 -0.19432599
v -0.10106815 0.37500000 -0.07812500
v -0.09375000 0.37500000 -0.07080685
v -0.09375000 0.38182601 -0.18750000
v -0.09375000 0.38387079 -0.17187500
v -0.09375000 0.38573891 -0.15625000
v -0.09375000 0.39062500 -0.15051418
v -0.10170056 0.39062500 -0.09375000
v -0.09375000 0.38231815 -0.07812500
v -0.09375000 0.39062500 -0.08593826
v -0.09375000 0.39749381 -0.14062500
v -0.09375000 0.39843508 -0.12500000
v -0.09375000 0.39843739 -0.10937500
v -0.09375000 0.39843674 -0.09375000
v -0.07812500 -0.42947823 -0.17187500
v -0.07812500 -0.42187500 -0.17947823
v -0.07812500 -0.42965789 -0.15625000
v -0.07812500 -0.42968662 -0.14062500
v -0.09292737 -0.42187500 -0.12500000
v -0.07812500 -0.42947804 -0.12500000
v -0.08426579 -0.42187500 -0.10937500
v -0.07812500 -0.42773660 -0.10937500
v -0.07812500 -0.42187500 -0.10351337
v -0.07812500 -0.40625000 -0.18063710
v -0.07812500 -0.41369152 -0.09375000
v -0.07812500 -0.40625000 -0.08630851
v -0.07812500 -0.39875485 -0.18750000
v -0.07812500 -0.39062500 -0.19467711
v -0.07812500 -0.39062500 -0.08595447
v -0.07812500 -0.37500000 -0.19512707
v -0.07812500 -0.37500000 -0.08594249
v -0.07812500 -0.35937500 -0.19502332
v -0.07812500 -0.35937500 -0.08594024
v -0.07812500 -0.34375000 -0.19504491
v -0.07812500 -0.34375000 -0.08594407
v -0.07812500 -0.32812500 -0.19495118
v -0.07812500 -0.32812500 -0.08596757
v -0.07812500 -0.31250000 -0.19500230
v -0.07812500 -0.31250000 -0.08595045
v -0.07812500 -0.29687500 -0.19507129
v -0.07812500 -0.29687500 -0.08594260
v -0.07812500 -0.28125000 -0.19515103
v -0.07812500 -0.28125000 -0.08593951
v -0.07812500 -0.26562500 -0.19520797
v -0.07812500 -0.26562500 -0.08593830
v -0.07812500 -0.25000000 -0.19524462
v -0.07812500 -0.25000000 -0.08593782
v -0.07812500 -0.23437500 -0.19524176
v -0.07812500 -0.23437500 -0.08593762
v -0.07812500 -0.21875000 -0.19518275
v -0.07812500 -0.21875000 -0.08593755
v -0.07812500 -0.20312500 -0.19505852
v -0.07812500 -0.20312500 -0.08593751
v -0.08990379 -0.18750000 -0.18750000
v -0.07812500 -0.18750000 -0.19479317
v -0.07812500 -0.18750000 -0.08593750
v -0.08659404 -0.17187500 -0.18750000
v -0.07812500 -0.17187500 -0.19416073
v -0.07812500 -0.17187500 -0.08593750
v -0.08357354 -0.15625000 -0.18750000
v -0.07812500 -0.15625000 -0.19230319
v -0.07812500 -0.15625000 -0.08593750
v -0.07812500 -0.14086356 -0.18750000
v -0.07812500 -0.14062500 -0.18739321
v -0.07812500 -0.14062500 -0.08593750
v -0.07812500 -0.12500000 -0.18257450
v -0.07812500 -0.12500000 -0.08593750
v -0.07812500 -0.10937500 -0.18075736
v -0.07812500 -0.10937500 -0.08593750
v -0.07812500 -0.09375000 -0.18007724
v -0.07812500 -0.09375000 -0.08593750
v -0.07812500 -0.07812500 -0.17982843
v -0.07812500 -0.07812500 -0.08593750
v -0.07812500 -0.06250000 -0.17973855
v -0.07812500 -0.06250000 -0.08593750
v -0.07812500 -0.04687500 -0.17971551
v -0.07812500 -0.04687500 -0.08593750
v -0.07812500 -0.03125000 -0.17976071
v -0.07812500 -0.03125000 -0.08593750
v -0.07812500 -0.01562500 -0.17988765
v -0.07812500 -0.01562500 -0.08593750
v -0.08869655 0.00000000 -0.18750000
v -0.07812500 0.00000000 -0.18024279
v -0.07812500 0.00000000 -0.08593750
v -0.08534210 0.01562500 -0.18750000
v -0.07812500 0.01562500 -0.18122268
v -0.07812500 0.01562500 -0.08593750
v -0.08005578 0.03125000 -0.18750000
v -0.07812500 0.03125000 -0.18568968
v -0.07812500 0.03125000 -0.08593750
v -0.07812500 0.03441771 -0.18750000
v -0.07812500 0.04687500 -0.19281376
v -0.07812500 0.04687500 -0.08593750
v -0.07812500 0.06250000 -0.19349133
v -0.07812500 0.06250000 -0.08593750
v -0.07812500 0.07812500 -0.19059753
v -0.07812500 0.07812500 -0.08593750
v -0.08186146 0.09375000 -0.18750000
v -0.07812500 0.08637677 -0.18750000
v -0.07812500 0.09375000 -0.18467258
v -0.07812500 0.09375000 -0.08593750
v -0.08691387 0.10937500 -0.18750000
v -0.07812500 0.10937500 -0.18168221
v -0.07812500 0.10937500 -0.08593750
v -0.08797341 0.12500000 -0.18750000
v -0.07812500 0.12500000 -0.18038910
v -0.07812500 0.12500000 -0.08593750
v -0.08730716 0.14062500 -0.18750000
v -0.07812500 0.14062500 -0.18087445
v -0.07812500 0.14062500 -0.08593750
v -0.08614793 0.15625000 -0.18750000
v -0.07812500 0.15625000 -0.18181703
v -0.08854894 0.15625000 -0.07812500
v -0.07812500 0.15625000 -0.08593750
v -0.08417331 0.17187500 -0.18750000
v -0.07812500 0.17187500 -0.18337686
v -0.08674159 0.17187500 -0.07812500
v -0.07812500 0.17187500 -0.08593750
v -0.08129993 0.18750000 -0.18750000
v -0.07812500 0.18750000 -0.18543294
v -0.08618529 0.18750000 -0.07812500
v -0.07812500 0.18750000 -0.08593750
v -0.07859534 0.20312500 -0.18750000
v -0.07812500 0.20312500 -0.18718969
v -0.08600910 0.20312500 -0.07812500
v -0.07812500 0.20312500 -0.08593750
v -0.07812500 0.20532808 -0.18750000
v -0.07812500 0.21875000 -0.18921687
v -0.08596331 0.21875000 -0.07812500
v -0.07812500 0.21875000 -0.08593750
v -0.07812500 0.23437500 -0.19077973
v -0.08594863 0.23437500 -0.07812500
v -0.07812500 0.23437500 -0.08593750
v -0.07812500 0.25000000 -0.19150522
v -0.07812500 0.24245868 -0.07812500
v -0.07812500 0.25000000 -0.07058368
v -0.07812500 0.26562500 -0.19212811
v -0.07812500 0.26562500 -0.07039478
v -0.07812500 0.28125000 -0.19442153
v -0.07812500 0.28125000 -0.07033054
v -0.07812500 0.29687500 -0.19497653
v -0.07812500 0.29687500 -0.07031598
v -0.07812500 0.31250000 -0.19518026
v -0.07812500 0.31250000 -0.07031317
v -0.07812500 0.32812500 -0.19518159
v -0.07812500 0.32812500 -0.07031284
v -0.07812500 0.34375000 -0.19454465
v -0.07812500 0.34375000 -0.07031269
v -0.07812500 0.35937500 -0.19505879
v -0.07812500 0.35937500 -0.07031263
v -0.07812500 0.37500000 -0.19530842
v -0.07812500 0.37500000 -0.07031430
v -0.07812500 0.38281523 -0.18750000
v -0.07812500 0.38868903 -0.17187500
v -0.07812500 0.38415000 -0.15625000
v -0.07974862 0.39062500 -0.14062500
v -0.07812500 0.38932217 -0.14062500
v -0.07812500 0.39062500 -0.13931877
v -0.07812500 0.38281070 -0.07812500
v -0.07812500 0.39062500 -0.08593752
v -0.07812500 0.39842641 -0.12500000
v -0.07812500 0.39843748 -0.10937500
v -0.07812500 0.39843748 -0.09375000
v -0.06250000 -0.42931062 -0.17187500
v -0.06250000 -0.42187500 -0.17931062
v -0.06250000 -0.42964737 -0.15625000
v -0.06250000 -0.42968677 -0.14062500
v -0.06250000 -0.42968598 -0.12500000
v -0.06250000 -0.42960616 -0.10937500
v -0.06250000 -0.42187500 -0.10164384
v -0.06250000 -0.40625000 -0.18093885
v -0.07068351 -0.40625000 -0.09375000
v -0.06250000 -0.40625000 -0.10156250
v -0.06250000 -0.39805931 -0.18750000
v -0.06250000 -0.39062500 -0.19369550
v -0.07032947 -0.39062500 -0.09375000
v -0.06250000 -0.39062500 -0.10156250
v -0.06250000 -0.37500000 -0.19347522
v -0.07031749 -0.37500000 -0.09375000
v -0.06250000 -0.37500000 -0.10156250
v -0.06464664 -0.35937500 -0.18750000
v -0.06250000 -0.36238746 -0.18750000
v -0.06250000 -0.35937500 -0.18548686
v -0.07031524 -0.35937500 -0.09375000
v -0.06250000 -0.35937500 -0.10156250
v -0.06674709 -0.34375000 -0.18750000
v -0.06250000 -0.34375000 -0.18346151
v -0.07031907 -0.34375000 -0.09375000
v -0.06250000 -0.34375000 -0.10156250
v -0.06256732 -0.32812500 -0.18750000
v -0.06250000 -0.32812500 -0.18743861
v -0.07034257 -0.32812500 -0.09375000
v -0.06250000 -0.32812500 -0.10156250
v -0.06250000 -0.32768690 -0.18750000
v -0.06250000 -0.31250000 -0.18937944
v -0.07032545 -0.31250000 -0.09375000
v -0.06250000 -0.31250000 -0.10156250
v -0.06250000 -0.29687500 -0.19090891
v -0.07031760 -0.29687500 -0.09375000
v -0.06250000 -0.29687500 -0.10156250
v -0.06250000 -0.28125000 -0.19216412
v -0.06250000 -0.28434631 -0.09375000
v -0.06250000 -0.28125000 -0.09065369
v -0.06250000 -0.26562500 -0.19329608
v -0.06250000 -0.26562500 -0.08772326
v -0.06250000 -0.25000000 -0.19402302
v -0.06250000 -0.25000000 -0.08663544
v -0.06250000 -0.23437500 -0.19447850
v -0.06250000 -0.23437500 -0.08621047
v -0.06250000 -0.21875000 -0.19468791
v -0.06250000 -0.21875000 -0.08604435
v -0.06250000 -0.20312500 -0.19427751
v -0.06250000 -0.20312500 -0.08597833
v -0.06250000 -0.18750000 -0.19359152
v -0.06250000 -0.18750000 -0.08595164
v -0.06250000 -0.17187500 -0.19246526
v -0.06250000 -0.17187500 -0.08594045
v -0.06250000 -0.15625000 -0.19057877
v -0.06250000 -0.15625000 -0.08593806
v -0.06250000 -0.14109766 -0.18750000
v -0.06250000 -0.14062500 -0.18738130
v -0.06250000 -0.14062500 -0.08593761
v -0.06250000 -0.12500000 -0.18430488
v -0.06250000 -0.12500000 -0.08593752
v -0.06250000 -0.10937500 -0.18320937
v -0.06250000 -0.10937500 -0.08593750
v -0.06250000 -0.09375000 -0.18212101
v -0.06250000 -0.09375000 -0.08593750
v -0.06250000 -0.07812500 -0.18127271
v -0.06250000 -0.07812500 -0.08593750
v -0.06250000 -0.06250000 -0.18072578
v -0.06250000 -0.06250000 -0.08593750
v -0.06250000 -0.04687500 -0.18038483
v -0.06250000 -0.04687500 -0.08593750
v -0.06250000 -0.03125000 -0.18017399
v -0.06250000 -0.03125000 -0.08593750
v -0.06250000 -0.01562500 -0.18003710
v -0.06250000 -0.01562500 -0.08593750
v -0.06250000 0.00000000 -0.18031034
v -0.06250000 0.00000000 -0.08593750
v -0.06250000 0.01562500 -0.18242305
v -0.06250000 0.01562500 -0.08593750
v -0.07213776 0.03125000 -0.18750000
v -0.06250000 0.02648882 -0.18750000
v -0.06250000 0.03125000 -0.19022182
v -0.06250000 0.03125000 -0.08593750
v -0.06250000 0.04687500 -0.19414678
v -0.06250000 0.04687500 -0.08593750
v -0.06250000 0.06250000 -0.19462169
v -0.06250000 0.06250000 -0.08593750
v -0.06250000 0.07812500 -0.19246649
v -0.06250000 0.07812500 -0.08593750
v -0.06250000 0.08993933 -0.18750000
v -0.06250000 0.09375000 -0.18545847
v -0.06250000 0.09375000 -0.08593750
v -0.06250000 0.10937500 -0.18132091
v -0.06250000 0.10937500 -0.08593750
v -0.06250000 0.12500000 -0.18014857
v -0.06250000 0.12500000 -0.08593750
v -0.06250000 0.14062500 -0.17982454
v -0.06250000 0.14062500 -0.08593750
v -0.06250000 0.15625000 -0.17974944
v -0.06250000 0.15625000 -0.08593750
v -0.06250000 0.17187500 -0.17975694
v -0.06250000 0.17187500 -0.08593750
v -0.06250000 0.18750000 -0.17976691
v -0.06250000 0.18750000 -0.08593750
v -0.06250000 0.20312500 -0.17978580
v -0.06250000 0.20312500 -0.08593750
v -0.07621340 0.21875000 -0.18750000
v -0.06250000 0.21875000 -0.18016166
v -0.06250000 0.21875000 -0.08593750
v -0.07301974 0.23437500 -0.18750000
v -0.06250000 0.23437500 -0.18197242
v -0.06250000 0.23437500 -0.08593750
v -0.06250000 0.24622568 -0.18750000
v -0.06250000 0.25000000 -0.18981976
v -0.07058368 0.25000000 -0.07812500
v -0.06250000 0.25000000 -0.08593750
v -0.06250000 0.26562500 -0.19384240
v -0.07039478 0.26562500 -0.07812500
v -0.06250000 0.26562500 -0.08593750
v -0.06250000 0.28125000 -0.19460664
v -0.06250000 0.27405109 -0.07812500
v -0.06250000 0.28125000 -0.07092609
v -0.06250000 0.29687500 -0.19464843
v -0.06250000 0.29687500 -0.07046149
v -0.06250000 0.31250000 -0.19468749
v -0.06250000 0.31250000 -0.07037742
v -0.06250000 0.32812500 -0.19416701
v -0.06250000 0.32812500 -0.07034880
v -0.06250000 0.34375000 -0.18798698
v -0.06250000 0.34375000 -0.07033330
v -0.06610662 0.35937500 -0.18750000
v -0.06250000 0.34535392 -0.18750000
v -0.06250000 0.35937500 -0.18407046
v -0.06250000 0.35937500 -0.07032309
v -0.06250000 0.36281069 -0.18750000
v -0.06250000 0.37500000 -0.19530354
v -0.06250000 0.37500000 -0.07031901
v -0.06250000 0.38503141 -0.18750000
v -0.07596381 0.39062500 -0.17187500
v -0.06250000 0.39062500 -0.18145243
v -0.07084217 0.39062500 -0.15625000
v -0.07651134 0.39062500 -0.14062500
v -0.06250000 0.38280600 -0.07812500
v -0.06250000 0.39062500 -0.08593777
v -0.06250000 0.39794346 -0.17187500
v -0.06250000 0.39762018 -0.15625000
v -0.06250000 0.39752024 -0.14062500
v -0.06250000 0.39840311 -0.12500000
v -0.06250000 0.39843700 -0.10937500
v -0.06250000 0.39843722 -0.09375000
v -0.05331061 -0.42187500 -0.17187500
v -0.04687500 -0.42960603 -0.15625000
v -0.04687500 -0.42187500 -0.16572386
v -0.04687500 -0.42968343 -0.14062500
v -0.04687500 -0.42968748 -0.12500000
v -0.04687500 -0.42949040 -0.10937500
v -0.04687500 -0.42187500 -0.10175960
v -0.04687500 -0.41580148 -0.17187500
v -0.04687500 -0.40625000 -0.18213591
v -0.04687500 -0.40625000 -0.10156250
v -0.04687500 -0.40035767 -0.18750000
v -0.04687500 -0.39062500 -0.19474018
v -0.04687500 -0.39062500 -0.10156250
v -0.04687500 -0.37500000 -0.19462300
v -0.04687500 -0.37500000 -0.10156250
v -0.04687500 -0.36542593 -0.18750000
v -0.04687500 -0.35937500 -0.18209075
v -0.04687500 -0.35937500 -0.10156250
v -0.04687500 -0.34375000 -0.18010538
v -0.04687500 -0.34375000 -0.10156250
v -0.04687500 -0.32812500 -0.18068309
v -0.04687500 -0.32812500 -0.10156250
v -0.05982048 -0.31250000 -0.18750000
v -0.04687500 -0.31250000 -0.18128435
v -0.04687500 -0.31250000 -0.10156250
v -0.05709814 -0.29687500 -0.18750000
v -0.04687500 -0.29687500 -0.18210006
v -0.04687500 -0.29687500 -0.10156250
v -0.05408244 -0.28125000 -0.18750000
v -0.04687500 -0.28125000 -0.18332733
v -0.05940369 -0.28125000 -0.09375000
v -0.04687500 -0.28125000 -0.10156250
v -0.05045583 -0.26562500 -0.18750000
v -0.04687500 -0.26562500 -0.18516923
v -0.05647326 -0.26562500 -0.09375000
v -0.04687500 -0.26562500 -0.10156250
v -0.04687500 -0.25629113 -0.18750000
v -0.04687500 -0.25000000 -0.18915126
v -0.05538544 -0.25000000 -0.09375000
v -0.04687500 -0.25000000 -0.10156250
v -0.04687500 -0.23437500 -0.19208968
v -0.05496047 -0.23437500 -0.09375000
v -0.04687500 -0.23437500 -0.10156250
v -0.04687500 -0.21875000 -0.19362254
v -0.05479435 -0.21875000 -0.09375000
v -0.04687500 -0.21875000 -0.10156250
v -0.04687500 -0.20312500 -0.19441997
v -0.05472833 -0.20312500 -0.09375000
v -0.04687500 -0.20312500 -0.10156250
v -0.04687500 -0.18750000 -0.19436256
v -0.05470164 -0.18750000 -0.09375000
v -0.04687500 -0.18750000 -0.10156250
v -0.04687500 -0.17187500 -0.19408747
v -0.05469045 -0.17187500 -0.09375000
v -0.04687500 -0.17187500 -0.10156250
v -0.04687500 -0.15625000 -0.19372708
v -0.04687500 -0.16174319 -0.09375000
v -0.04687500 -0.15625000 -0.08825681
v -0.06229738 -0.14062500 -0.18750000
v -0.04687500 -0.14062500 -0.19325216
v -0.04687500 -0.14062500 -0.08624657
v -0.05711174 -0.12500000 -0.18750000
v -0.04687500 -0.12500000 -0.19262681
v -0.04687500 -0.12500000 -0.08597871
v -0.05470995 -0.10937500 -0.18750000
v -0.04687500 -0.10937500 -0.19180854
v -0.04687500 -0.10937500 -0.08594300
v -0.05205708 -0.09375000 -0.18750000
v -0.04687500 -0.09375000 -0.19072925
v -0.04687500 -0.09375000 -0.08593809
v -0.04949059 -0.07812500 -0.18750000
v -0.04687500 -0.07812500 -0.18933693
v -0.04687500 -0.07812500 -0.08593754
v -0.04701212 -0.06250000 -0.18750000
v -0.04687500 -0.06250000 -0.18760517
v -0.04687500 -0.06250000 -0.08593750
v -0.04687500 -0.06159313 -0.18750000
v -0.04687500 -0.04687500 -0.18595185
v -0.04687500 -0.04687500 -0.08593750
v -0.04687500 -0.03125000 -0.18477175
v -0.04687500 -0.03125000 -0.08593750
v -0.04687500 -0.01562500 -0.18390727
v -0.04687500 -0.01562500 -0.08593750
v -0.04687500 0.00000000 -0.18322325
v -0.04687500 0.00000000 -0.08593750
v -0.04687500 0.01562500 -0.18266693
v -0.04687500 0.01562500 -0.08593750
v -0.05813027 0.03125000 -0.18750000
v -0.04687500 0.03125000 -0.18199921
v -0.04687500 0.03125000 -0.08593750
v -0.04698904 0.04687500 -0.18750000
v -0.04687500 0.04687500 -0.18741542
v -0.04687500 0.04687500 -0.08593750
v -0.04687500 0.04707049 -0.18750000
v -0.04687500 0.06250000 -0.19219530
v -0.04687500 0.06250000 -0.08593750
v -0.04798618 0.07812500 -0.18750000
v -0.04687500 0.07692695 -0.18750000
v -0.04687500 0.07812500 -0.18696179
v -0.04687500 0.07812500 -0.08593750
v -0.04687500 0.09375000 -0.18189060
v -0.04687500 0.09375000 -0.08593750
v -0.04687500 0.10937500 -0.18035282
v -0.04687500 0.10937500 -0.08593750
v -0.04687500 0.12500000 -0.17988790
v -0.04687500 0.12500000 -0.08593750
v -0.04687500 0.14062500 -0.17974773
v -0.04687500 0.14062500 -0.08593750
v -0.04687500 0.15625000 -0.17973263
v -0.04687500 0.15625000 -0.08593750
v -0.04687500 0.17187500 -0.17975375
v -0.04687500 0.17187500 -0.08593750
v -0.04687500 0.18750000 -0.17990835
v -0.04687500 0.18750000 -0.08593750
v -0.04687500 0.20312500 -0.18105526
v -0.04687500 0.20312500 -0.08593750
v -0.04687500 0.21875000 -0.18683927
v -0.04687500 0.21875000 -0.08593750
v -0.05497084 0.23437500 -0.18750000
v -0.04687500 0.21984027 -0.18750000
v -0.04687500 0.23437500 -0.19328946
v -0.04687500 0.23437500 -0.08593750
v -0.04687500 0.25000000 -0.19407922
v -0.04687500 0.25000000 -0.08593750
v -0.04687500 0.26562500 -0.19392326
v -0.04687500 0.26562500 -0.08593750
v -0.04687500 0.28125000 -0.19355524
v -0.05530109 0.28125000 -0.07812500
v -0.04687500 0.28125000 -0.08593750
v -0.04687500 0.29687500 -0.19308823
v -0.05483649 0.29687500 -0.07812500
v -0.04687500 0.29687500 -0.08593750
v -0.04687500 0.31250000 -0.19259594
v -0.05475242 0.31250000 -0.07812500
v -0.04687500 0.31250000 -0.08593750
v -0.04915840 0.32812500 -0.18750000
v -0.04687500 0.32486953 -0.18750000
v -0.04687500 0.32812500 -0.18573459
v -0.05472380 0.32812500 -0.07812500
v -0.04687500 0.32812500 -0.08593750
v -0.06193415 0.34375000 -0.18750000
v -0.04687500 0.34375000 -0.18029306
v -0.04986981 0.34375000 -0.07812500
v -0.04687500 0.34375000 -0.08110694
v -0.04687500 0.35937500 -0.17974192
v -0.04687500 0.35038269 -0.07812500
v -0.04687500 0.35937500 -0.07433924
v -0.04687500 0.36726241 -0.18750000
v -0.04687500 0.37500000 -0.19518318
v -0.04687500 0.37500000 -0.07077027
v -0.04687500 0.38308872 -0.18750000
v -0.04687500 0.39062500 -0.18006703
v -0.04687500 0.38235474 -0.07812500
v -0.04687500 0.39062500 -0.08593897
v -0.04687500 0.39841166 -0.17187500
v -0.04687500 0.39843260 -0.15625000
v -0.04687500 0.39843224 -0.14062500
v -0.04687500 0.39841758 -0.12500000
v -0.04687500 0.39842191 -0.10937500
v -0.04687500 0.39843602 -0.09375000
v -0.03125000 -0.42942061 -0.15625000
v -0.03125000 -0.42187500 -0.16383353
v -0.03125000 -0.42968546 -0.14062500
v -0.03125000 -0.42968721 -0.12500000
v -0.03125000 -0.42863537 -0.10937500
v -0.03125000 -0.42187500 -0.10261463
v -0.03125000 -0.41410043 -0.17187500
v -0.03125000 -0.40625000 -0.17985712
v -0.03125000 -0.40625000 -0.09975188
v -0.03125000 -0.39833552 -0.18750000
v -0.03125000 -0.39062500 -0.19504095
v -0.03125000 -0.39062500 -0.10156250
v -0.03125000 -0.37500000 -0.19507193
v -0.03125000 -0.37500000 -0.10156250
v -0.03391573 -0.35937500 -0.18750000
v -0.03125000 -0.35937500 -0.18903470
v -0.03125000 -0.35937500 -0.10156250
v -0.03125000 -0.35704996 -0.18750000
v -0.03125000 -0.34375000 -0.18150193
v -0.03125000 -0.34375000 -0.10156250
v -0.03125000 -0.32812500 -0.18442062
v -0.03125000 -0.32812500 -0.10156250
v -0.03375508 -0.31250000 -0.18750000
v -0.03125000 -0.31780370 -0.18750000
v -0.03125000 -0.31250000 -0.18925004
v -0.03125000 -0.31250000 -0.10156250
v -0.03585408 -0.29687500 -0.18750000
v -0.03125000 -0.29687500 -0.19032414
v -0.03125000 -0.29687500 -0.10156250
v -0.03843985 -0.28125000 -0.18750000
v -0.03125000 -0.28125000 -0.19120262
v -0.03125000 -0.28125000 -0.10156250
v -0.04206932 -0.26562500 -0.18750000
v -0.03125000 -0.26562500 -0.19192197
v -0.03125000 -0.26562500 -0.10156250
v -0.03125000 -0.25000000 -0.19251074
v -0.03125000 -0.25000000 -0.10156250
v -0.03125000 -0.23437500 -0.19337397
v -0.03125000 -0.23437500 -0.10156250
v -0.03125000 -0.21875000 -0.19425203
v -0.03125000 -0.21875000 -0.10156250
v -0.03125000 -0.20312500 -0.19475586
v -0.03125000 -0.20312500 -0.10156250
v -0.03125000 -0.18750000 -0.19501954
v -0.03125000 -0.18750000 -0.10156250
v -0.03125000 -0.17187500 -0.19508807
v -0.03125000 -0.17187500 -0.10156250
v -0.03125000 -0.15625000 -0.19502312
v -0.04138181 -0.15625000 -0.09375000
v -0.03125000 -0.15625000 -0.10156250
v -0.03125000 -0.14062500 -0.19493915
v -0.03937157 -0.14062500 -0.09375000
v -0.03125000 -0.14062500 -0.10156250
v -0.03125000 -0.12500000 -0.19482973
v -0.03125000 -0.12743966 -0.09375000
v -0.03125000 -0.12500000 -0.09131034
v -0.03125000 -0.10937500 -0.19468746
v -0.03125000 -0.10937500 -0.08643392
v -0.03125000 -0.09375000 -0.19450395
v -0.03125000 -0.09375000 -0.08601161
v -0.03125000 -0.07812500 -0.19427069
v -0.03125000 -0.07812500 -0.08596256
v -0.03125000 -0.06250000 -0.19398261
v -0.03125000 -0.06250000 -0.08594317
v -0.04460867 -0.04687500 -0.18750000
v -0.03125000 -0.04687500 -0.19364531
v -0.03125000 -0.04687500 -0.08593877
v -0.04271710 -0.03125000 -0.18750000
v -0.03125000 -0.03125000 -0.19325715
v -0.03125000 -0.03125000 -0.08593779
v -0.04114643 -0.01562500 -0.18750000
v -0.03125000 -0.01562500 -0.19281715
v -0.03125000 -0.01562500 -0.08593757
v -0.03973205 0.00000000 -0.18750000
v -0.03125000 0.00000000 -0.19233064
v -0.03125000 0.00000000 -0.08593751
v -0.03919247 0.01562500 -0.18750000
v -0.03125000 0.01562500 -0.19244484
v -0.03125000 0.01562500 -0.08593750
v -0.03857145 0.03125000 -0.18750000
v -0.03125000 0.03125000 -0.19256091
v -0.03125000 0.03125000 -0.08593750
v -0.04665518 0.04687500 -0.18750000
v -0.03125000 0.04687500 -0.19181427
v -0.03125000 0.04687500 -0.08593750
v -0.03446721 0.06250000 -0.18750000
v -0.03125000 0.05896841 -0.18750000
v -0.03125000 0.06250000 -0.18593399
v -0.03125000 0.06250000 -0.08593750
v -0.03125000 0.07812500 -0.18047853
v -0.03125000 0.07812500 -0.08593750
v -0.03125000 0.09375000 -0.17997392
v -0.03125000 0.09375000 -0.08593750
v -0.03125000 0.10937500 -0.17996486
v -0.03125000 0.10937500 -0.08593750
v -0.03125000 0.12500000 -0.18021969
v -0.03125000 0.12500000 -0.08593750
v -0.03125000 0.14062500 -0.18070820
v -0.03125000 0.14062500 -0.08593750
v -0.03125000 0.15625000 -0.18138551
v -0.03125000 0.15625000 -0.08593750
v -0.03125000 0.17187500 -0.18209815
v -0.03125000 0.17187500 -0.08593750
v -0.03125000 0.18750000 -0.18275247
v -0.03125000 0.18750000 -0.08593750
v -0.03125000 0.20312500 -0.18354204
v -0.03125000 0.20312500 -0.08593750
v -0.03587850 0.21875000 -0.18750000
v -0.03125000 0.21793848 -0.18750000
v -0.03125000 0.21875000 -0.18778509
v -0.03125000 0.21875000 -0.08593750
v -0.03125000 0.23437500 -0.18887065
v -0.03125000 0.23437500 -0.08593750
v -0.03125000 0.25000000 -0.18979610
v -0.03125000 0.25000000 -0.08593750
v -0.03125000 0.26562500 -0.19026032
v -0.03125000 0.26562500 -0.08593750
v -0.03125000 0.28125000 -0.18928270
v -0.03125000 0.28125000 -0.08593750
v -0.03125000 0.29687500 -0.18811242
v -0.03125000 0.29687500 -0.08593750
v -0.03266111 0.31250000 -0.18750000
v -0.03125000 0.30404952 -0.18750000
v -0.03125000 0.31250000 -0.18678366
v -0.03125000 0.31250000 -0.08593750
v -0.03125000 0.32812500 -0.18148071
v -0.03125000 0.32812500 -0.08593750
v -0.03125000 0.34375000 -0.18000629
v -0.03125000 0.34375000 -0.08593750
v -0.03125000 0.35937500 -0.17976150
v -0.04308924 0.35937500 -0.07812500
v -0.03125000 0.35937500 -0.08593750
v -0.03125000 0.36740061 -0.18750000
v -0.03125000 0.37500000 -0.19502545
v -0.03952027 0.37500000 -0.07812500
v -0.03125000 0.37500000 -0.08593750
v -0.03125000 0.38252731 -0.18750000
v -0.03125000 0.39062500 -0.17712401
v -0.03125000 0.39062500 -0.08594348
v -0.03125000 0.39587235 -0.17187500
v -0.03125000 0.39843292 -0.15625000
v -0.03125000 0.39843674 -0.14062500
v -0.03125000 0.39843620 -0.12500000
v -0.03125000 0.39843001 -0.10937500
v -0.03125000 0.39843152 -0.09375000
v -0.01562500 -0.42933510 -0.15625000
v -0.01562500 -0.42187500 -0.16378073
v -0.01562500 -0.42968023 -0.14062500
v -0.01562500 -0.42954738 -0.12500000
v -0.01562500 -0.42875657 -0.10937500
v -0.01562500 -0.42187500 -0.10249342
v -0.01562500 -0.41413283 -0.17187500
v -0.01562500 -0.40625000 -0.17977478
v -0.01562500 -0.40625000 -0.10156250
v -0.01562500 -0.39735808 -0.18750000
v -0.01562500 -0.39062500 -0.19414719
v -0.01562500 -0.39062500 -0.10156250
v -0.01562500 -0.37500000 -0.19490011
v -0.01562500 -0.37500000 -0.10156250
v -0.01562500 -0.35937500 -0.19399026
v -0.01562500 -0.35937500 -0.10156250
v -0.02053092 -0.34375000 -0.18750000
v -0.01562500 -0.34375000 -0.19096697
v -0.01562500 -0.34375000 -0.10156250
v -0.02681852 -0.32812500 -0.18750000
v -0.01562500 -0.32812500 -0.19347992
v -0.01562500 -0.32812500 -0.10156250
v -0.01562500 -0.31250000 -0.19459620
v -0.01562500 -0.31250000 -0.10156250
v -0.01562500 -0.29687500 -0.19482336
v -0.01562500 -0.29687500 -0.10156250
v -0.01562500 -0.28125000 -0.19475678
v -0.01562500 -0.28125000 -0.10156250
v -0.01562500 -0.26562500 -0.19467235
v -0.01562500 -0.26562500 -0.10156250
v -0.01562500 -0.25000000 -0.19457424
v -0.01562500 -0.25000000 -0.10156250
v -0.01562500 -0.23437500 -0.19445966
v -0.01562500 -0.23437500 -0.10156250
v -0.01562500 -0.21875000 -0.19299265
v -0.01562500 -0.21875000 -0.10156250
v -0.01562500 -0.20312500 -0.19319004
v -0.01562500 -0.20312500 -0.10156250
v -0.01562500 -0.18750000 -0.19404185
v -0.01562500 -0.18750000 -0.10156250
v -0.01562500 -0.17187500 -0.19455478
v -0.01562500 -0.17187500 -0.10156250
v -0.01562500 -0.15625000 -0.19479798
v -0.01562500 -0.15625000 -0.10156250
v -0.01562500 -0.14062500 -0.19476526
v -0.01562500 -0.14062500 -0.10156250
v -0.01562500 -0.12500000 -0.19461288
v -0.02881034 -0.12500000 -0.09375000
v -0.01562500 -0.12500000 -0.10156250
v -0.01562500 -0.10937500 -0.19422324
v -0.02393392 -0.10937500 -0.09375000
v -0.01562500 -0.10937500 -0.10156250
v -0.01562500 -0.09375000 -0.19362989
v -0.02351161 -0.09375000 -0.09375000
v -0.01562500 -0.09375000 -0.10156250
v -0.01562500 -0.07812500 -0.19273878
v -0.02346256 -0.07812500 -0.09375000
v -0.01562500 -0.07812500 -0.10156250
v -0.01562500 -0.06250000 -0.19143150
v -0.02344317 -0.06250000 -0.09375000
v -0.01562500 -0.06250000 -0.10156250
v -0.01562500 -0.04687500 -0.18956794
v -0.02343877 -0.04687500 -0.09375000
v -0.01562500 -0.04687500 -0.10156250
v -0.01562500 -0.03125000 -0.18883073
v -0.01562500 -0.03864909 -0.09375000
v -0.01562500 -0.03125000 -0.08635091
v -0.01562500 -0.01562500 -0.18882589
v -0.01562500 -0.01562500 -0.08602325
v -0.01562500 0.00000000 -0.18892768
v -0.01562500 0.00000000 -0.08595717
v -0.01562500 0.01562500 -0.18912303
v -0.01562500 0.01562500 -0.08594208
v -0.01562500 0.03125000 -0.18936932
v -0.01562500 0.03125000 -0.08593857
v -0.01964166 0.04687500 -0.18750000
v -0.01562500 0.03917664 -0.18750000
v -0.01562500 0.04687500 -0.18567823
v -0.01562500 0.04687500 -0.08593775
v -0.01562500 0.06250000 -0.18573962
v -0.01562500 0.06250000 -0.08593756
v -0.01562500 0.07812500 -0.18363990
v -0.01562500 0.07812500 -0.08593751
v -0.01562500 0.09375000 -0.18059380
v -0.01562500 0.09375000 -0.08593750
v -0.01562500 0.10937500 -0.17987380
v -0.01562500 0.10937500 -0.08593750
v -0.01562500 0.12500000 -0.17976748
v -0.01562500 0.12500000 -0.08593750
v -0.01562500 0.14062500 -0.17982146
v -0.01562500 0.14062500 -0.08593750
v -0.01562500 0.15625000 -0.17991193
v -0.01562500 0.15625000 -0.08593750
v -0.01562500 0.17187500 -0.18006358
v -0.01562500 0.17187500 -0.08593750
v -0.01562500 0.18750000 -0.18009841
v -0.01562500 0.18750000 -0.08593750
v -0.01562500 0.20312500 -0.17995341
v -0.01562500 0.20312500 -0.08593750
v -0.03094919 0.21875000 -0.18750000
v -0.01562500 0.21875000 -0.17990115
v -0.01562500 0.21875000 -0.08593750
v -0.02979717 0.23437500 -0.18750000
v -0.01562500 0.23437500 -0.17993747
v -0.01562500 0.23437500 -0.08593750
v -0.02847983 0.25000000 -0.18750000
v -0.01562500 0.25000000 -0.18055852
v -0.01562500 0.25000000 -0.08593750
v -0.02698376 0.26562500 -0.18750000
v -0.01562500 0.26562500 -0.18181914
v -0.01562500 0.26562500 -0.08593751
v -0.02693477 0.28125000 -0.18750000
v -0.01562500 0.28125000 -0.18355693
v -0.01562500 0.28125000 -0.08593752
v -0.02747858 0.29687500 -0.18750000
v -0.01562500 0.29687500 -0.18572431
v -0.01562500 0.29687500 -0.08593753
v -0.02746243 0.31250000 -0.18750000
v -0.01562500 0.30407139 -0.18750000
v -0.01562500 0.31250000 -0.18954003
v -0.01562500 0.31250000 -0.08593753
v -0.01562500 0.31586415 -0.18750000
v -0.01562500 0.32812500 -0.18197325
v -0.01562500 0.32812500 -0.08593754
v -0.01562500 0.34375000 -0.18008221
v -0.01562500 0.34375000 -0.08593759
v -0.01562500 0.35937500 -0.17979146
v -0.01562500 0.35937500 -0.08593751
v -0.01562500 0.37268988 -0.18750000
v -0.01562500 0.37500000 -0.18975526
v -0.01562500 0.37500000 -0.08593750
v -0.01562500 0.37725529 -0.18750000
v -0.02572741 0.39062500 -0.17187500
v -0.01562500 0.38311682 -0.17187500
v -0.01562500 0.39062500 -0.16253629
v -0.01562500 0.39062500 -0.08595243
v -0.01562500 0.39662058 -0.15625000
v -0.01562500 0.39834833 -0.14062500
v -0.01562500 0.39842109 -0.12500000
v -0.01562500 0.39843661 -0.10937500
v -0.01562500 0.39842257 -0.09375000
v -0.00338047 -0.42187500 -0.15625000
v 0.00000000 -0.42554226 -0.14062500
v 0.00000000 -0.42187500 -0.14919837
v -0.00239232 -0.42187500 -0.12500000
v 0.00000000 -0.42187500 -0.13066466
v -0.00502580 -0.42187500 -0.10937500
v 0.00000000 -0.41507369 -0.17187500
v 0.00000000 -0.40625000 -0.18042145
v 0.00000000 -0.41872752 -0.15625000
v 0.00000000 -0.41955446 -0.12500000
v 0.00000000 -0.41762856 -0.10937500
v 0.00000000 -0.40625000 -0.10156250
v 0.00000000 -0.39623755 -0.18750000
v 0.00000000 -0.39062500 -0.19245406
v 0.00000000 -0.39062500 -0.10156251
v -0.00560444 -0.37500000 -0.18750000
v 0.00000000 -0.38312704 -0.18750000
v 0.00000000 -0.37500000 -0.18224835
v 0.00000000 -0.37500000 -0.10157042
v -0.00911836 -0.35937500 -0.18750000
v 0.00000000 -0.35937500 -0.17555125
v -0.00130229 -0.35937500 -0.12500000
v 0.00000000 -0.36070263 -0.12500000
v 0.00000000 -0.35937500 -0.13484250
v 0.00000000 -0.35937500 -0.12358662
v 0.00000000 -0.35937500 -0.10191245
v -0.01215016 -0.34375000 -0.18750000
v 0.00000000 -0.34375000 -0.17649953
v -0.00189211 -0.34375000 -0.14062500
v 0.00000000 -0.35500955 -0.14062500
v 0.00000000 -0.34375000 -0.15333379
v 0.00000000 -0.34875125 -0.12500000
v 0.00000000 -0.34375000 -0.12870361
v 0.00000000 -0.34375000 -0.10277168
v -0.00947131 -0.32812500 -0.18750000
v 0.00000000 -0.32812500 -0.17947768
v 0.00000000 -0.33458077 -0.14062500
v -0.00530798 -0.32812500 -0.12500000
v 0.00000000 -0.34254989 -0.12500000
v 0.00000000 -0.32812500 -0.13814627
v -0.00343657 -0.32812500 -0.10937500
v 0.00000000 -0.33247015 -0.10937500
v -0.00579430 -0.31250000 -0.18750000
v 0.00000000 -0.31250000 -0.18223297
v -0.00459044 -0.31250000 -0.14062500
v 0.00000000 -0.32517043 -0.14062500
v 0.00000000 -0.31250000 -0.14837629
v -0.00700928 -0.31250000 -0.12500000
v -0.00651302 -0.31250000 -0.10937500
v -0.00097812 -0.29687500 -0.18750000
v 0.00000000 -0.29687500 -0.18660415
v -0.00411074 -0.29687500 -0.14062500
v 0.00000000 -0.29687500 -0.14769350
v -0.00670417 -0.29687500 -0.12500000
v -0.00550839 -0.29687500 -0.10937500
v -0.00537899 -0.28125000 -0.18750000
v 0.00000000 -0.28125000 -0.18258041
v 0.00000000 -0.28821994 -0.14062500
v -0.00446919 -0.28125000 -0.12500000
v 0.00000000 -0.28125000 -0.13409671
v -0.00220093 -0.28125000 -0.10937500
v -0.00754813 -0.26562500 -0.18750000
v 0.00000000 -0.26562500 -0.18054672
v 0.00000000 -0.27097442 -0.12500000
v 0.00000000 -0.27736180 -0.10937500
v 0.00000000 -0.26562500 -0.10420215
v -0.00829140 -0.25000000 -0.18750000
v 0.00000000 -0.25000000 -0.17986269
v 0.00000000 -0.25000000 -0.10256914
v -0.00859114 -0.23437500 -0.18750000
v 0.00000000 -0.23437500 -0.17955615
v 0.00000000 -0.23437500 -0.10260740
v -0.01011266 -0.21875000 -0.18750000
v 0.00000000 -0.21875000 -0.17919539
v 0.00000000 -0.21875000 -0.10265530
v -0.00992917 -0.20312500 -0.18750000
v 0.00000000 -0.20312500 -0.17838578
v 0.00000000 -0.20312500 -0.10282564
v -0.00907998 -0.18750000 -0.18750000
v 0.00000000 -0.18750000 -0.17633865
v 0.00000000 -0.18750000 -0.10306530
v -0.00856436 -0.17187500 -0.18750000
v 0.00000000 -0.17187500 -0.17311453
v 0.00000000 -0.17187500 -0.10337740
v -0.00831634 -0.15625000 -0.18750000
v 0.00000000 -0.15625000 -0.17605052
v -0.00303108 -0.15625000 -0.15625000
v 0.00000000 -0.16841553 -0.15625000
v 0.00000000 -0.15625000 -0.16247235
v 0.00000000 -0.15625000 -0.14737665
v 0.00000000 -0.15625000 -0.10462538
v -0.00834038 -0.14062500 -0.18750000
v 0.00000000 -0.14062500 -0.17762091
v 0.00000000 -0.14609776 -0.15625000
v -0.00226798 -0.14062500 -0.14062500
v 0.00000000 -0.14814236 -0.14062500
v 0.00000000 -0.14062500 -0.14948220
v 0.00000000 -0.14062500 -0.13386009
v 0.00000000 -0.14062500 -0.10774891
v -0.00847261 -0.12500000 -0.18750000
v 0.00000000 -0.12500000 -0.17859960
v 0.00000000 -0.12986358 -0.14062500
v -0.00414680 -0.12500000 -0.12500000
v 0.00000000 -0.13467160 -0.12500000
v 0.00000000 -0.12500000 -0.13788754
v -0.00307771 -0.12500000 -0.10937500
v 0.00000000 -0.13560359 -0.10937500
v -0.00881704 -0.10937500 -0.18750000
v 0.00000000 -0.10937500 -0.17934418
v -0.00352923 -0.10937500 -0.12500000
v 0.00000000 -0.10937500 -0.13459295
v -0.00560953 -0.10937500 -0.10937500
v -0.00938288 -0.09375000 -0.18750000
v 0.00000000 -0.09375000 -0.17962529
v -0.00267303 -0.09375000 -0.12500000
v 0.00000000 -0.09375000 -0.13171475
v -0.00499255 -0.09375000 -0.10937500
v -0.01025401 -0.07812500 -0.18750000
v 0.00000000 -0.07812500 -0.17971706
v -0.00182957 -0.07812500 -0.12500000
v 0.00000000 -0.07812500 -0.12861130
v -0.00422715 -0.07812500 -0.10937500
v -0.01152411 -0.06250000 -0.18750000
v 0.00000000 -0.06250000 -0.17974518
v 0.00000000 -0.06353512 -0.12500000
v -0.00405921 -0.06250000 -0.10937500
v 0.00000000 -0.06250000 -0.12459204
v -0.01341072 -0.04687500 -0.18750000
v 0.00000000 -0.04687500 -0.17974133
v -0.00348798 -0.04687500 -0.10937500
v 0.00000000 -0.04687500 -0.11785724
v -0.01391014 -0.03125000 -0.18750000
v 0.00000000 -0.03125000 -0.18036677
v -0.00147273 -0.03125000 -0.10937500
v 0.00000000 -0.03125000 -0.11241236
v -0.00822591 -0.03125000 -0.09375000
v -0.01212717 -0.01562500 -0.18750000
v 0.00000000 -0.01562500 -0.18315464
v 0.00000000 -0.02300179 -0.10937500
v -0.00789825 -0.01562500 -0.09375000
v 0.00000000 -0.01562500 -0.10804462
v 0.00000000 -0.00768494 -0.18750000
v 0.00000000 0.00000000 -0.19120803
v -0.00783217 0.00000000 -0.09375000
v 0.00000000 0.00000000 -0.10598865
v 0.00000000 0.01562500 -0.19400407
v -0.00781708 0.01562500 -0.09375000
v 0.00000000 0.01562500 -0.10564483
v 0.00000000 0.03125000 -0.19478964
v -0.00105174 0.03125000 -0.12500000
v 0.00000000 0.02716692 -0.12500000
v 0.00000000 0.03125000 -0.13364091
v 0.00000000 0.03125000 -0.11831738
v -0.00781176 0.03125000 -0.09375000
v 0.00000000 0.03125000 -0.10799835
v -0.01332338 0.04687500 -0.18750000
v 0.00000000 0.04687500 -0.19426727
v -0.00078038 0.04687500 -0.15625000
v 0.00000000 0.04290565 -0.15625000
v 0.00000000 0.04687500 -0.15715024
v -0.00294075 0.04687500 -0.14062500
v 0.00000000 0.03439096 -0.14062500
v -0.00394143 0.04687500 -0.12500000
v -0.00192018 0.04687500 -0.10937500
v 0.00000000 0.03762542 -0.10937500
v -0.00780908 0.04687500 -0.09375000
v -0.01279173 0.06250000 -0.18750000
v 0.00000000 0.06250000 -0.19319330
v 0.00000000 0.05087335 -0.15625000
v -0.00515536 0.06250000 -0.14062500
v 0.00000000 0.06250000 -0.15254845
v -0.00535732 0.06250000 -0.12500000
v -0.00420954 0.06250000 -0.10937500
v -0.00780619 0.06250000 -0.09375000
v -0.00623916 0.07812500 -0.18750000
v 0.00000000 0.07812500 -0.19029768
v -0.00638322 0.07812500 -0.14062500
v 0.00000000 0.07812500 -0.15109656
v -0.00627041 0.07812500 -0.12500000
v -0.00563947 0.07812500 -0.10937500
v -0.00780158 0.07812500 -0.09375000
v 0.00000000 0.08205319 -0.18750000
v 0.00000000 0.09375000 -0.17890107
v -0.00610528 0.09375000 -0.14062500
v 0.00000000 0.09375000 -0.15042746
v -0.00685418 0.09375000 -0.12500000
v -0.00651644 0.09375000 -0.10937500
v -0.00779385 0.09375000 -0.09375000
v 0.00000000 0.10937500 -0.17507329
v -0.00469567 0.10937500 -0.14062500
v 0.00000000 0.10937500 -0.15266841
v -0.00727088 0.10937500 -0.12500000
v -0.00702713 0.10937500 -0.10937500
v -0.00778034 0.10937500 -0.09375000
v -0.00135609 0.12500000 -0.17187500
v 0.00000000 0.12062745 -0.17187500
v -0.00218018 0.12500000 -0.15625000
v 0.00000000 0.11626087 -0.15625000
v -0.00426054 0.12500000 -0.14062500
v -0.00712362 0.12500000 -0.12500000
v -0.00739469 0.12500000 -0.10937500
v -0.00774011 0.12500000 -0.09375000
v -0.00458678 0.14062500 -0.17187500
v -0.00491155 0.14062500 -0.15625000
v -0.00551733 0.14062500 -0.14062500
v -0.00656074 0.14062500 -0.12500000
v -0.00749127 0.14062500 -0.10937500
v -0.00760258 0.14062500 -0.09375000
v -0.00605617 0.15625000 -0.17187500
v -0.00622596 0.15625000 -0.15625000
v -0.00625922 0.15625000 -0.14062500
v -0.00640136 0.15625000 -0.12500000
v -0.00758392 0.15625000 -0.10937500
v -0.00736772 0.15625000 -0.09375000
v -0.00642538 0.17187500 -0.17187500
v -0.00645465 0.17187500 -0.15625000
v -0.00615949 0.17187500 -0.14062500
v -0.00639524 0.17187500 -0.12500000
v -0.00756876 0.17187500 -0.10937500
v -0.00739925 0.17187500 -0.09375000
v -0.00658877 0.18750000 -0.17187500
v -0.00655372 0.18750000 -0.15625000
v -0.00616573 0.18750000 -0.14062500
v -0.00692939 0.18750000 -0.12500000
v -0.00753375 0.18750000 -0.10937500
v -0.00743021 0.18750000 -0.09375000
v -0.00653401 0.20312500 -0.17187500
v -0.00664869 0.20312500 -0.15625000
v -0.00629000 0.20312500 -0.14062500
v -0.00731292 0.20312500 -0.12500000
v -0.00765761 0.20312500 -0.10937500
v -0.00746017 0.20312500 -0.09375000
v -0.00646428 0.21875000 -0.17187500
v -0.00673886 0.21875000 -0.15625000
v -0.00686613 0.21875000 -0.14062500
v -0.00752109 0.21875000 -0.12500000
v -0.00772820 0.21875000 -0.10937500
v -0.00748879 0.21875000 -0.09375000
v -0.00617819 0.23437500 -0.17187500
v -0.00691290 0.23437500 -0.15625000
v -0.00733489 0.23437500 -0.14062500
v -0.00764177 0.23437500 -0.12500000
v -0.00776724 0.23437500 -0.10937500
v -0.00767484 0.23437500 -0.09375000
v -0.00517628 0.25000000 -0.17187500
v -0.00713906 0.25000000 -0.15625000
v -0.00756901 0.25000000 -0.14062500
v -0.00772003 0.25000000 -0.12500000
v -0.00778826 0.25000000 -0.10937500
v -0.00775106 0.25000000 -0.09375000
v -0.00216374 0.26562500 -0.17187500
v -0.00740247 0.26562500 -0.15625000
v -0.00768934 0.26562500 -0.14062500
v -0.00776257 0.26562500 -0.12500000
v -0.00779931 0.26562500 -0.10937500
v -0.00778500 0.26562500 -0.09375000
v 0.00000000 0.26866056 -0.17187500
v 0.00000000 0.28125000 -0.17812630
v -0.00742298 0.28125000 -0.15625000
v 0.00000000 0.28125000 -0.16524747
v -0.00774016 0.28125000 -0.14062500
v -0.00778463 0.28125000 -0.12500000
v -0.00780459 0.28125000 -0.10937500
v -0.00779943 0.28125000 -0.09375000
v 0.00000000 0.29687500 -0.17934438
v -0.00628576 0.29687500 -0.15625000
v 0.00000000 0.29687500 -0.16287411
v -0.00771274 0.29687500 -0.14062500
v -0.00779695 0.29687500 -0.12500000
v -0.00780655 0.29687500 -0.10937500
v -0.00780512 0.29687500 -0.09375000
v -0.01356442 0.31250000 -0.18750000
v 0.00000000 0.31250000 -0.17966171
v -0.00132662 0.31250000 -0.15625000
v 0.00000000 0.31250000 -0.15759880
v -0.00752211 0.31250000 -0.14062500
v -0.00778195 0.31250000 -0.12500000
v -0.00780838 0.31250000 -0.10937500
v -0.00780727 0.31250000 -0.09375000
v 0.00000000 0.32812500 -0.17954103
v 0.00000000 0.31455057 -0.15625000
v -0.00472775 0.32812500 -0.14062500
v 0.00000000 0.32812500 -0.14709310
v -0.00760968 0.32812500 -0.12500000
v -0.00778227 0.32812500 -0.10937500
v -0.00779986 0.32812500 -0.09375000
v 0.00000000 0.34375000 -0.17605614
v -0.00233143 0.34375000 -0.15625000
v 0.00000000 0.34027939 -0.15625000
v 0.00000000 0.34375000 -0.16132368
v -0.00747610 0.34375000 -0.14062500
v -0.00771272 0.34375000 -0.12500000
v -0.00715618 0.34375000 -0.10937500
v -0.00303050 0.34375000 -0.09375000
v -0.00109551 0.35937500 -0.17187500
v 0.00000000 0.35670163 -0.17187500
v 0.00000000 0.34618809 -0.15625000
v 0.00000000 0.35937500 -0.17072611
v 0.00000000 0.35126546 -0.14062500
v 0.00000000 0.35147426 -0.12500000
v 0.00000000 0.35090915 -0.10937500
v 0.00000000 0.34679297 -0.09375000
v 0.00000000 0.35937500 -0.08595749
v -0.01327536 0.37500000 -0.18750000
v 0.00000000 0.36047571 -0.17187500
v 0.00000000 0.37500000 -0.17984941
v 0.00000000 0.37500000 -0.08593765
v 0.00000000 0.38279835 -0.17187500
v 0.00000000 0.39062500 -0.15841423
v 0.00000000 0.39062500 -0.08967479
v 0.00000000 0.39278363 -0.15625000
v 0.00000000 0.39828480 -0.14062500
v 0.00000000 0.39842644 -0.12500000
v 0.00000000 0.39831925 -0.10937500
v 0.00000000 0.39470021 -0.09375000
v 0.00516906 -0.42187500 -0.14062500
v 0.01194240 -0.40625000 -0.18750000
v 0.01562500 -0.40942866 -0.18750000
v 0.01562500 -0.40625000 -0.19067865
v 0.01562500 -0.41521050 -0.17187500
v 0.01562500 -0.41539541 -0.15625000
v 0.01562500 -0.41589254 -0.14062500
v 0.01562500 -0.41912304 -0.12500000
v 0.01562500 -0.41649144 -0.10937500
v 0.01562500 -0.40625000 -0.10156262
v 0.00538806 -0.39062500 -0.18750000
v 0.01562500 -0.40274175 -0.18750000
v 0.01562500 -0.39062500 -0.18010169
v 0.00836633 -0.39062500 -0.12500000
v 0.01562500 -0.39788468 -0.12500000
v 0.01562500 -0.39062500 -0.14004822
v 0.01562500 -0.39062500 -0.11695960
v 0.01562500 -0.39062500 -0.10234264
v 0.00778962 -0.37500000 -0.17187500
v 0.01562500 -0.38288739 -0.17187500
v 0.00776129 -0.37500000 -0.15625000
v 0.01562500 -0.38302606 -0.15625000
v 0.00772035 -0.37500000 -0.14062500
v 0.01562500 -0.39012213 -0.14062500
v 0.00773031 -0.37500000 -0.12500000
v 0.00780481 -0.37500000 -0.10937500
v 0.01562500 -0.38359241 -0.10937500
v 0.00366413 -0.35937500 -0.17187500
v 0.00199371 -0.35937500 -0.15625000
v 0.00079234 -0.35937500 -0.14062500
v 0.00746255 -0.35937500 -0.10937500
v 0.00461505 -0.34375000 -0.17187500
v 0.00047885 -0.34375000 -0.15625000
v 0.00064136 -0.34375000 -0.12500000
v 0.00660332 -0.34375000 -0.10937500
v 0.00742005 -0.32812500 -0.17187500
v 0.00678715 -0.32812500 -0.15625000
v 0.00138169 -0.32812500 -0.14062500
v 0.00767097 -0.31250000 -0.17187500
v 0.00464140 -0.31250000 -0.15625000
v 0.00768782 -0.29687500 -0.17187500
v 0.00471497 -0.29687500 -0.15625000
v 0.00777591 -0.28125000 -0.17187500
v 0.00696411 -0.28125000 -0.15625000
v 0.00348910 -0.28125000 -0.14062500
v 0.00776915 -0.26562500 -0.17187500
v 0.00742288 -0.26562500 -0.15625000
v 0.00657441 -0.26562500 -0.14062500
v 0.00269638 -0.26562500 -0.12500000
v 0.00517285 -0.26562500 -0.10937500
v 0.00772675 -0.25000000 -0.17187500
v 0.00737129 -0.25000000 -0.15625000
v 0.00640273 -0.25000000 -0.14062500
v 0.00363707 -0.25000000 -0.12500000
v 0.00680586 -0.25000000 -0.10937500
v 0.00760617 -0.23437500 -0.17187500
v 0.00731031 -0.23437500 -0.15625000
v 0.00620489 -0.23437500 -0.14062500
v 0.00352119 -0.23437500 -0.12500000
v 0.00676760 -0.23437500 -0.10937500
v 0.00729891 -0.21875000 -0.17187500
v 0.00723733 -0.21875000 -0.15625000
v 0.00596738 -0.21875000 -0.14062500
v 0.00373145 -0.21875000 -0.12500000
v 0.00671970 -0.21875000 -0.10937500
v 0.00650470 -0.20312500 -0.17187500
v 0.00666126 -0.20312500 -0.15625000
v 0.00578000 -0.20312500 -0.14062500
v 0.00393718 -0.20312500 -0.12500000
v 0.00654936 -0.20312500 -0.10937500
v 0.00446099 -0.18750000 -0.17187500
v 0.00508492 -0.18750000 -0.15625000
v 0.00577646 -0.18750000 -0.14062500
v 0.00409602 -0.18750000 -0.12500000
v 0.00630970 -0.18750000 -0.10937500
v 0.00123781 -0.17187500 -0.17187500
v 0.00100089 -0.17187500 -0.15625000
v 0.00520679 -0.17187500 -0.14062500
v 0.00422992 -0.17187500 -0.12500000
v 0.00599760 -0.17187500 -0.10937500
v 0.00416712 -0.15625000 -0.17187500
v 0.00241850 -0.15625000 -0.14062500
v 0.00430744 -0.15625000 -0.12500000
v 0.00474962 -0.15625000 -0.10937500
v 0.00572783 -0.14062500 -0.17187500
v 0.00179441 -0.14062500 -0.15625000
v 0.00284261 -0.14062500 -0.12500000
v 0.00162609 -0.14062500 -0.10937500
v 0.00668559 -0.12500000 -0.17187500
v 0.00492815 -0.12500000 -0.15625000
v 0.00111359 -0.12500000 -0.14062500
v 0.00738313 -0.10937500 -0.17187500
v 0.00596338 -0.10937500 -0.15625000
v 0.00242227 -0.10937500 -0.14062500
v 0.00763300 -0.09375000 -0.17187500
v 0.00658856 -0.09375000 -0.15625000
v 0.00335913 -0.09375000 -0.14062500
v 0.00769467 -0.07812500 -0.17187500
v 0.00714316 -0.07812500 -0.15625000
v 0.00478328 -0.07812500 -0.14062500
v 0.00764842 -0.06250000 -0.17187500
v 0.00742609 -0.06250000 -0.15625000
v 0.00613723 -0.06250000 -0.14062500
v 0.00014565 -0.06250000 -0.12500000
v 0.00755692 -0.04687500 -0.17187500
v 0.00734654 -0.04687500 -0.15625000
v 0.00677598 -0.04687500 -0.14062500
v 0.00304450 -0.04687500 -0.12500000
v 0.00739684 -0.03125000 -0.17187500
v 0.00710235 -0.03125000 -0.15625000
v 0.00694511 -0.03125000 -0.14062500
v 0.00470809 -0.03125000 -0.12500000
v 0.00710772 -0.01562500 -0.17187500
v 0.00668055 -0.01562500 -0.15625000
v 0.00642839 -0.01562500 -0.14062500
v 0.00569978 -0.01562500 -0.12500000
v 0.00133038 -0.01562500 -0.10937500
v 0.00370803 0.00000000 -0.18750000
v 0.00656463 0.00000000 -0.17187500
v 0.00593278 0.00000000 -0.15625000
v 0.00551536 0.00000000 -0.14062500
v 0.00477642 0.00000000 -0.12500000
v 0.00338635 0.00000000 -0.10937500
v 0.00650407 0.01562500 -0.18750000
v 0.00667944 0.01562500 -0.17187500
v 0.00457738 0.01562500 -0.15625000
v 0.00387072 0.01562500 -0.14062500
v 0.00264748 0.01562500 -0.12500000
v 0.00373017 0.01562500 -0.10937500
v 0.00728964 0.03125000 -0.18750000
v 0.00700369 0.03125000 -0.17187500
v 0.00208944 0.03125000 -0.15625000
v 0.00086119 0.03125000 -0.14062500
v 0.00137606 0.03125000 -0.10937500
v 0.00676727 0.04687500 -0.18750000
v 0.00722381 0.04687500 -0.17187500
v 0.00569330 0.06250000 -0.18750000
v 0.00729420 0.06250000 -0.17187500
v 0.00207181 0.06250000 -0.15625000
v 0.00279768 0.07812500 -0.18750000
v 0.00666085 0.07812500 -0.17187500
v 0.00396381 0.07812500 -0.15625000
v 0.00541689 0.09375000 -0.17187500
v 0.00431025 0.09375000 -0.15625000
v 0.00307051 0.10937500 -0.17187500
v 0.00177023 0.10937500 -0.15625000
v 0.00624982 0.28125000 -0.17187500
v 0.00746379 0.29687500 -0.17187500
v 0.00774166 0.31250000 -0.17187500
v 0.00764497 0.32812500 -0.17187500
v 0.00594527 0.32812500 -0.15625000
v 0.00417750 0.34375000 -0.17187500
v 0.00264754 0.35937500 -0.17187500
v 0.01562500 0.35516159 -0.17187500
v 0.01562500 0.35937500 -0.17608672
v 0.01562500 0.35391985 -0.15625000
v 0.01562500 0.35317703 -0.14062500
v 0.01562500 0.35267897 -0.12500000
v 0.01562500 0.35171878 -0.10937500
v 0.01562500 0.35233613 -0.09375000
v 0.01562500 0.35937500 -0.08671119
v 0.01562500 0.37500000 -0.17973199
v 0.01562500 0.37500000 -0.08595246
v 0.01562500 0.38307817 -0.17187500
v 0.01562500 0.39062500 -0.16415398
v 0.00459525 0.39062500 -0.09375000
v 0.01562500 0.38344527 -0.09375000
v 0.01562500 0.39062500 -0.10139057
v 0.01562500 0.39826272 -0.15625000
v 0.01562500 0.39843589 -0.14062500
v 0.01562500 0.39842582 -0.12500000
v 0.01562500 0.39796095 -0.10937500
v 0.02612023 -0.42187500 -0.17187500
v 0.03125000 -0.42604055 -0.17187500
v 0.03125000 -0.42187500 -0.17604056
v 0.02465780 -0.42187500 -0.15625000
v 0.03125000 -0.42720039 -0.15625000
v 0.02298128 -0.42187500 -0.14062500
v 0.03125000 -0.42829424 -0.14062500
v 0.01861863 -0.42187500 -0.12500000
v 0.03125000 -0.42928399 -0.12500000
v 0.02102275 -0.42187500 -0.10937500
v 0.03125000 -0.42967168 -0.10937500
v 0.03125000 -0.42187500 -0.10157832
v 0.02866638 -0.40625000 -0.18750000
v 0.03125000 -0.40625000 -0.18674752
v 0.03125000 -0.40625000 -0.10156250
v 0.03125000 -0.39062500 -0.17977248
v 0.01998531 -0.39062500 -0.14062500
v 0.03125000 -0.39186121 -0.14062500
v 0.03125000 -0.39062500 -0.14189129
v 0.03125000 -0.39634084 -0.12500000
v 0.02510233 -0.39062500 -0.10937500
v 0.03125000 -0.39604348 -0.10937500
v 0.03125000 -0.38283811 -0.17187500
v 0.03125000 -0.38291481 -0.15625000
v 0.03125000 0.35560194 -0.17187500
v 0.03125000 0.35937500 -0.17564806
v 0.02899427 0.35937500 -0.15625000
v 0.03125000 0.35937500 -0.15970875
v 0.02619290 0.35937500 -0.14062500
v 0.03125000 0.35575423 -0.12500000
v 0.03125000 0.35937500 -0.13264774
v 0.03125000 0.35170113 -0.10937500
v 0.02917594 0.35937500 -0.09375000
v 0.03125000 0.35937500 -0.09554765
v 0.03125000 0.37500000 -0.17969012
v 0.03125000 0.36067178 -0.15625000
v 0.03125000 0.36311453 -0.14062500
v 0.03125000 0.36170130 -0.09375000
v 0.03125000 0.37500000 -0.08722363
v 0.03125000 0.38718460 -0.17187500
v 0.03125000 0.39062500 -0.16836197
v 0.03125000 0.38153783 -0.09375000
v 0.03125000 0.39062500 -0.10660295
v 0.03125000 0.39833294 -0.15625000
v 0.03125000 0.39840600 -0.14062500
v 0.03125000 0.39834255 -0.12500000
v 0.03125000 0.39339018 -0.10937500
v 0.04687500 -0.42896560 -0.17187500
v 0.04687500 -0.42187500 -0.17896561
v 0.04687500 -0.42899469 -0.15625000
v 0.04687500 -0.42943054 -0.14062500
v 0.04687500 -0.42965347 -0.12500000
v 0.04082759 -0.42187500 -0.10937500
v 0.04687500 -0.42187500 -0.11543978
v 0.04687500 -0.40625000 -0.18310909
v 0.03906250 -0.40625000 -0.10937500
v 0.04687500 -0.40625000 -0.11718752
v 0.04687500 -0.39062500 -0.17967225
v 0.03454061 -0.39062500 -0.14062500
v 0.03994944 -0.39062500 -0.12500000
v 0.04687500 -0.39062500 -0.12008304
v 0.04687500 -0.38283785 -0.17187500
v 0.04687500 -0.38312722 -0.15625000
v 0.04687500 -0.38681902 -0.14062500
v 0.04687500 -0.38570804 -0.12500000
v 0.03776577 0.35937500 -0.17187500
v 0.04687500 0.35514172 -0.12500000
v 0.04687500 0.35937500 -0.12982262
v 0.04687500 0.35156859 -0.10937500
v 0.04687500 0.35937500 -0.10156859
v 0.04687500 0.36418775 -0.17187500
v 0.04687500 0.37500000 -0.17968700
v 0.04687500 0.36588591 -0.15625000
v 0.04687500 0.36647456 -0.14062500
v 0.03777637 0.37500000 -0.09375000
v 0.04687500 0.37500000 -0.10156381
v 0.04687500 0.38484310 -0.17187500
v 0.04687500 0.39062500 -0.15953876
v 0.03530357 0.39062500 -0.10937500
v 0.04687500 0.38468080 -0.10937500
v 0.04687500 0.39062500 -0.11613223
v 0.04687500 0.39274036 -0.15625000
v 0.04687500 0.39399118 -0.14062500
v 0.04687500 0.39759607 -0.12500000
v 0.06250000 -0.42781396 -0.17187500
v 0.06250000 -0.42187500 -0.17781396
v 0.06250000 -0.42895785 -0.15625000
v 0.06250000 -0.42953811 -0.14062500
v 0.06250000 -0.42903478 -0.12500000
v 0.06250000 -0.42187500 -0.11784045
v 0.06250000 -0.40625000 -0.17969391
v 0.06250000 -0.40625000 -0.11725908
v 0.05767999 -0.39062500 -0.17187500
v 0.06250000 -0.39542350 -0.17187500
v 0.06250000 -0.39062500 -0.16469468
v 0.05179222 -0.39062500 -0.12500000
v 0.06250000 -0.39850878 -0.12500000
v 0.06250000 -0.39062500 -0.13481503
v 0.06250000 -0.38527118 -0.15625000
v 0.06250000 -0.38481531 -0.14062500
v 0.05395169 0.35937500 -0.17187500
v 0.06250000 0.35391185 -0.17187500
v 0.06250000 0.35937500 -0.17733815
v 0.06184378 0.35937500 -0.15625000
v 0.06250000 0.35890058 -0.15625000
v 0.05602895 0.35937500 -0.14062500
v 0.06250000 0.35358679 -0.14062500
v 0.06250000 0.35158686 -0.12500000
v 0.05468141 0.35937500 -0.10937500
v 0.06250000 0.35937500 -0.11721186
v 0.06250000 0.37500000 -0.17968739
v 0.05468619 0.37500000 -0.10937500
v 0.06250000 0.37500000 -0.11718752
v 0.05959687 0.39062500 -0.17187500
v 0.06250000 0.39062500 -0.17372169
v 0.05001692 0.39062500 -0.15625000
v 0.06250000 0.38463104 -0.15625000
v 0.06250000 0.39062500 -0.16910536
v 0.05209086 0.39062500 -0.14062500
v 0.06250000 0.38509306 -0.14062500
v 0.05929267 0.39062500 -0.12500000
v 0.06250000 0.38793395 -0.12500000
v 0.06250000 0.39247170 -0.17187500
v 0.07812500 -0.42352738 -0.17187500
v 0.07812500 -0.42187500 -0.17352738
v 0.07812500 -0.42827397 -0.15625000
v 0.07812500 -0.42965112 -0.14062500
v 0.06965958 -0.42187500 -0.12500000
v 0.07812500 -0.42187500 -0.13284887
v 0.07812500 -0.40625000 -0.17936357
v 0.07024092 -0.40625000 -0.12500000
v 0.07812500 -0.40625000 -0.13283257
v 0.07812500 -0.39875575 -0.17187500
v 0.06792999 -0.39062500 -0.15625000
v 0.07812500 -0.39838041 -0.15625000
v 0.06830994 -0.39062500 -0.14062500
v 0.07812500 -0.39845730 -0.14062500
v 0.06804122 0.35937500 -0.17187500
v 0.07812500 0.35228021 -0.15625000
v 0.07812500 0.35937500 -0.16342970
v 0.07561365 0.35937500 -0.14062500
v 0.07812500 0.35937500 -0.14248938
v 0.07028823 0.35937500 -0.12500000
v 0.07812500 0.36711310 -0.17187500
v 0.07812500 0.37500000 -0.17967635
v 0.07812500 0.36096300 -0.14062500
v 0.07036481 0.37500000 -0.12500000
v 0.07812500 0.37500000 -0.13277548
v 0.06439119 0.39062500 -0.17187500
v 0.07812500 0.38290700 -0.17187500
v 0.07054690 0.39062500 -0.15625000
v 0.07812500 0.39062500 -0.16212107
v 0.07812500 0.38287464 -0.14062500
v 0.07812500 0.39062500 -0.15040537
v 0.07812500 0.39639862 -0.15625000
v 0.07978796 -0.42187500 -0.17187500
v 0.08557109 -0.42187500 -0.15625000
v 0.08590118 -0.42187500 -0.14062500
v 0.08567108 -0.40625000 -0.17187500
v 0.08749249 -0.40625000 -0.15625000
v 0.08591744 -0.40625000 -0.14062500
v 0.08521983 0.35937500 -0.15625000
v 0.08670777 0.37500000 -0.17187500
v 0.08768166 0.37500000 -0.15625000
v 0.08592240 0.37500000 -0.14062500
v 0.08389753 0.39062500 -0.15625000
v -0.11689164 -0.40625000 0.09375000
v -0.10937500 -0.41875537 0.09375000
v -0.10937500 -0.40625000 0.08623336
v -0.10937500 -0.40625000 0.10126664
v -0.11716627 -0.39062500 0.09375000
v -0.10937500 -0.39062500 0.08595873
v -0.10937500 -0.39062500 0.10154127
v -0.11718421 -0.37500000 0.09375000
v -0.10937500 -0.37500000 0.08594079
v -0.10937500 -0.37500000 0.10155921
v -0.11718115 -0.35937500 0.09375000
v -0.10937500 -0.35937500 0.08594385
v -0.10937500 -0.35937500 0.10155615
v -0.11716854 -0.34375000 0.09375000
v -0.10937500 -0.34375000 0.08595646
v -0.10937500 -0.34375000 0.10154354
v -0.11708006 -0.32812500 0.09375000
v -0.10937500 -0.32812500 0.08604494
v -0.10937500 -0.32812500 0.10145506
v -0.11654571 -0.31250000 0.09375000
v -0.10937500 -0.31250000 0.08657929
v -0.10937500 -0.31250000 0.10092071
v -0.11358253 -0.29687500 0.09375000
v -0.10937500 -0.29687500 0.08954247
v -0.10937500 -0.29687500 0.09795753
v -0.11557805 -0.28125000 0.09375000
v -0.10937500 -0.28125000 0.08754695
v -0.10937500 -0.28125000 0.09995305
v -0.11646381 -0.26562500 0.09375000
v -0.10937500 -0.26562500 0.08666119
v -0.10937500 -0.26562500 0.10083881
v -0.11686203 -0.25000000 0.09375000
v -0.10937500 -0.25000000 0.08626297
v -0.10937500 -0.25000000 0.10123703
v -0.11704110 -0.23437500 0.09375000
v -0.10937500 -0.23437500 0.08608390
v -0.10937500 -0.23437500 0.10141610
v -0.11712163 -0.21875000 0.09375000
v -0.10937500 -0.21875000 0.08600337
v -0.10937500 -0.21875000 0.10149663
v -0.11715224 -0.20312500 0.09375000
v -0.10937500 -0.20312500 0.08597276
v -0.10937500 -0.20312500 0.10152724
v -0.11713978 -0.18750000 0.09375000
v -0.10937500 -0.18750000 0.08598522
v -0.10937500 -0.18750000 0.10151478
v -0.11709636 -0.17187500 0.09375000
v -0.10937500 -0.17187500 0.08602864
v -0.10937500 -0.17187500 0.10147136
v -0.11698451 -0.15625000 0.09375000
v -0.10937500 -0.15625000 0.08614049
v -0.10937500 -0.15625000 0.10135951
v -0.11648783 -0.14062500 0.09375000
v -0.10937500 -0.14062500 0.08663717
v -0.10937500 -0.14062500 0.10086283
v -0.11445384 -0.12500000 0.09375000
v -0.10937500 -0.12500000 0.08867116
v -0.10937500 -0.12500000 0.09882884
v -0.10937500 -0.11320277 0.09375000
v -0.11226380 0.07812500 0.09375000
v -0.10937500 0.07345748 0.09375000
v -0.10937500 0.07812500 0.09086120
v -0.10937500 0.07812500 0.09663880
v -0.11624252 0.09375000 0.09375000
v -0.10937500 0.09375000 0.08688248
v -0.10937500 0.09375000 0.10061752
v -0.11690401 0.10937500 0.09375000
v -0.10937500 0.10937500 0.08622099
v -0.10937500 0.10937500 0.10127901
v -0.11704665 0.12500000 0.09375000
v -0.10937500 0.12500000 0.08607835
v -0.10937500 0.12500000 0.10142165
v -0.11711748 0.14062500 0.09375000
v -0.10937500 0.14062500 0.08600752
v -0.10937500 0.14062500 0.10149248
v -0.11712396 0.15625000 0.09375000
v -0.10937500 0.15625000 0.08600104
v -0.10937500 0.15625000 0.10149896
v -0.11708570 0.17187500 0.09375000
v -0.10937500 0.17187500 0.08603930
v -0.10937500 0.17187500 0.10146070
v -0.11701828 0.18750000 0.09375000
v -0.10937500 0.18750000 0.08610672
v -0.10937500 0.18750000 0.10139328
v -0.11675195 0.20312500 0.09375000
v -0.10937500 0.20312500 0.08637305
v -0.10937500 0.20312500 0.10112695
v -0.11595179 0.21875000 0.09375000
v -0.10937500 0.21875000 0.08717321
v -0.10937500 0.21875000 0.10032679
v -0.11237246 0.23437500 0.09375000
v -0.10937500 0.23437500 0.09075254
v -0.10937500 0.23437500 0.09674746
v -0.10937500 0.24008513 0.09375000
v -0.10153747 -0.42187500 0.07812500
v -0.09375000 -0.42947464 0.07812500
v -0.09375000 -0.42187500 0.07052784
v -0.10615710 -0.42187500 0.09375000
v -0.09375000 -0.42924020 0.09375000
v -0.09375000 -0.42187500 0.10111504
v -0.10156142 -0.40625000 0.07812500
v -0.09375000 -0.40625000 0.07031358
v -0.09375000 -0.40625000 0.10155767
v -0.10155815 -0.39062500 0.07812500
v -0.09375000 -0.39062500 0.07031685
v -0.09375000 -0.39062500 0.10151210
v -0.10155983 -0.37500000 0.07812500
v -0.09375000 -0.37500000 0.07031517
v -0.09375000 -0.37500000 0.10154392
v -0.10155845 -0.35937500 0.07812500
v -0.09375000 -0.35937500 0.07031655
v -0.09375000 -0.35937500 0.10149541
v -0.10155366 -0.34375000 0.07812500
v -0.09375000 -0.34375000 0.07032134
v -0.09375000 -0.34375000 0.10120395
v -0.10154325 -0.32812500 0.07812500
v -0.09375000 -0.32812500 0.07033175
v -0.09375000 -0.32812500 0.09823977
v -0.10152310 -0.31250000 0.07812500
v -0.09375000 -0.31250000 0.07035190
v -0.10070216 -0.31250000 0.09375000
v -0.09375000 -0.32230831 0.09375000
v -0.09375000 -0.31250000 0.08738817
v -0.10149954 -0.29687500 0.07812500
v -0.09375000 -0.29687500 0.07037546
v -0.10480151 -0.29687500 0.09375000
v -0.09375000 -0.29687500 0.08632726
v -0.10147039 -0.28125000 0.07812500
v -0.09375000 -0.28125000 0.07040461
v -0.10243141 -0.28125000 0.09375000
v -0.09375000 -0.28125000 0.08660407
v -0.10147013 -0.26562500 0.07812500
v -0.09375000 -0.26562500 0.07040487
v -0.10101083 -0.26562500 0.09375000
v -0.09375000 -0.26562500 0.08711446
v -0.10149509 -0.25000000 0.07812500
v -0.09375000 -0.25000000 0.07037991
v -0.09975325 -0.25000000 0.09375000
v -0.09375000 -0.25000000 0.08798920
v -0.10151333 -0.23437500 0.07812500
v -0.09375000 -0.23437500 0.07036167
v -0.09705916 -0.23437500 0.09375000
v -0.09375000 -0.23437500 0.09050531
v -0.10152667 -0.21875000 0.07812500
v -0.09375000 -0.21875000 0.07034833
v -0.09375000 -0.22560312 0.09375000
v -0.09375000 -0.21875000 0.09637794
v -0.10153642 -0.20312500 0.07812500
v -0.09375000 -0.20312500 0.07033858
v -0.09375000 -0.20312500 0.09952537
v -0.10154355 -0.18750000 0.07812500
v -0.09375000 -0.18750000 0.07033145
v -0.09375000 -0.18750000 0.10051140
v -0.10154875 -0.17187500 0.07812500
v -0.09375000 -0.17187500 0.07032625
v -0.09375000 -0.17187500 0.10021718
v -0.10155254 -0.15625000 0.07812500
v -0.09375000 -0.15625000 0.07032246
v -0.09375000 -0.15625000 0.09945483
v -0.10155532 -0.14062500 0.07812500
v -0.09375000 -0.14062500 0.07031968
v -0.09375000 -0.14062500 0.09828440
v -0.10155732 -0.12500000 0.07812500
v -0.09375000 -0.12500000 0.07031768
v -0.09375000 -0.12500000 0.09627907
v -0.10155878 -0.10937500 0.07812500
v -0.09375000 -0.10937500 0.07031622
v -0.09375000 -0.10940942 0.09375000
v -0.09375000 -0.10937500 0.09374333
v -0.10156127 -0.09375000 0.07812500
v -0.09375000 -0.09375000 0.07031373
v -0.09375000 -0.09375000 0.09241290
v -0.10156216 -0.07812500 0.07812500
v -0.09375000 -0.07812500 0.07031284
v -0.09375000 -0.07812500 0.09125651
v -0.10156241 -0.06250000 0.07812500
v -0.09375000 -0.06250000 0.07031259
v -0.09375000 -0.06250000 0.09010231
v -0.10156246 -0.04687500 0.07812500
v -0.09375000 -0.04687500 0.07031254
v -0.09375000 -0.04687500 0.08888374
v -0.10156246 -0.03125000 0.07812500
v -0.09375000 -0.03125000 0.07031254
v -0.09375000 -0.03125000 0.08758525
v -0.10156245 -0.01562500 0.07812500
v -0.09375000 -0.01562500 0.07031255
v -0.09375000 -0.01562500 0.08722067
v -0.10156244 0.00000000 0.07812500
v -0.09375000 0.00000000 0.07031256
v -0.09375000 0.00000000 0.08694379
v -0.10156242 0.01562500 0.07812500
v -0.09375000 0.01562500 0.07031258
v -0.09375000 0.01562500 0.08673165
v -0.10156234 0.03125000 0.07812500
v -0.09375000 0.03125000 0.07031266
v -0.09375000 0.03125000 0.08664829
v -0.10156172 0.04687500 0.07812500
v -0.09375000 0.04687500 0.07031328
v -0.09375000 0.04687500 0.08693434
v -0.10155743 0.06250000 0.07812500
v -0.09375000 0.06250000 0.07031757
v -0.09375000 0.06250000 0.08781233
v -0.10154649 0.07812500 0.07812500
v -0.09375000 0.07812500 0.07032851
v -0.10234987 0.07812500 0.09375000
v -0.09375000 0.07812500 0.09034348
v -0.10152080 0.09375000 0.07812500
v -0.09375000 0.09375000 0.07035420
v -0.09375000 0.08476848 0.09375000
v -0.09375000 0.09375000 0.09801448
v -0.10145379 0.10937500 0.07812500
v -0.09375000 0.10937500 0.07042121
v -0.09375000 0.10937500 0.10047837
v -0.10128027 0.12500000 0.07812500
v -0.09375000 0.12500000 0.07059473
v -0.09375000 0.12500000 0.10030007
v -0.10083132 0.14062500 0.07812500
v -0.09375000 0.14062500 0.07104368
v -0.09375000 0.14062500 0.10001349
v -0.10014702 0.15625000 0.07812500
v -0.09375000 0.15625000 0.07172798
v -0.09375000 0.15625000 0.09962746
v -0.09956260 0.17187500 0.07812500
v -0.09375000 0.17187500 0.07231240
v -0.09375000 0.17187500 0.10034947
v -0.10049907 0.18750000 0.07812500
v -0.09375000 0.18750000 0.07137593
v -0.09375000 0.18750000 0.10065594
v -0.10029929 0.20312500 0.07812500
v -0.09375000 0.20312500 0.07157571
v -0.09375000 0.20312500 0.10086549
v -0.10006183 0.21875000 0.07812500
v -0.09375000 0.21875000 0.07181317
v -0.09375000 0.21875000 0.10102592
v -0.09977939 0.23437500 0.07812500
v -0.09375000 0.23437500 0.07209561
v -0.09375000 0.23437500 0.10114901
v -0.09944376 0.25000000 0.07812500
v -0.09375000 0.25000000 0.07243124
v -0.10454633 0.25000000 0.09375000
v -0.09375000 0.25000000 0.10124359
v -0.09891863 0.26562500 0.07812500
v -0.09375000 0.26562500 0.07295637
v -0.10218701 0.26562500 0.09375000
v -0.09375000 0.26562500 0.10135109
v -0.09857744 0.28125000 0.07812500
v -0.09375000 0.28125000 0.07329756
v -0.10162499 0.28125000 0.09375000
v -0.09375000 0.28125000 0.10141105
v -0.09828494 0.29687500 0.07812500
v -0.09375000 0.29687500 0.07359006
v -0.10131890 0.29687500 0.09375000
v -0.09375000 0.29687500 0.10124782
v -0.09796160 0.31250000 0.07812500
v -0.09375000 0.31250000 0.07391340
v -0.10087884 0.31250000 0.09375000
v -0.09375000 0.31250000 0.10085020
v -0.09581400 0.32812500 0.07812500
v -0.09375000 0.32812500 0.07606100
v -0.09996081 0.32812500 0.09375000
v -0.09375000 0.32812500 0.09994959
v -0.09375000 0.33835365 0.07812500
v -0.09791228 0.34375000 0.09375000
v -0.09375000 0.34375000 0.08095681
v -0.09375000 0.34375000 0.09790925
v -0.09375000 0.35581981 0.09375000
v -0.09640034 0.37500000 0.07812500
v -0.09375000 0.37234966 0.07812500
v -0.09375000 0.37500000 0.07547466
v -0.09669368 0.37500000 0.09375000
v -0.09375000 0.36430160 0.09375000
v -0.09375000 0.37500000 0.09669269
v -0.09964993 0.39062500 0.07812500
v -0.09375000 0.39062500 0.07222507
v -0.10057495 0.39062500 0.09375000
v -0.09375000 0.39062500 0.10056862
v -0.09375000 0.39662175 0.07812500
v -0.09375000 0.39744717 0.09375000
v -0.07812500 -0.42910739 0.07812500
v -0.07812500 -0.42187500 0.07089267
v -0.08541527 -0.42187500 0.09375000
v -0.07812500 -0.42187500 0.08632690
v -0.07812500 -0.40625000 0.07031251
v -0.07812500 -0.41493407 0.09375000
v -0.07812500 -0.40625000 0.10146676
v -0.07812500 -0.39062500 0.07031250
v -0.07812500 -0.39062500 0.10094090
v -0.07812500 -0.37500000 0.07031250
v -0.07812500 -0.37500000 0.10059077
v -0.07812500 -0.35937500 0.07031250
v -0.07812500 -0.35937500 0.10090807
v -0.07812500 -0.34375000 0.07031250
v -0.07812500 -0.34375000 0.10038696
v -0.07812500 -0.32812500 0.07031250
v -0.07812500 -0.32812500 0.09659077
v -0.07812500 -0.31250000 0.07031250
v -0.07812500 -0.32490336 0.09375000
v -0.07812500 -0.31250000 0.08654588
v -0.07812500 -0.29687500 0.07031250
v -0.07812500 -0.29687500 0.08608807
v -0.07812500 -0.28125000 0.07031250
v -0.07812500 -0.28125000 0.08618024
v -0.07812500 -0.26562500 0.07031250
v -0.07812500 -0.26562500 0.08633429
v -0.07812500 -0.25000000 0.07031250
v -0.07812500 -0.25000000 0.08667971
v -0.07812500 -0.23437500 0.07031250
v -0.07812500 -0.23437500 0.08758682
v -0.07812500 -0.21875000 0.07031250
v -0.08842899 -0.21875000 0.09375000
v -0.07812500 -0.21875000 0.08935353
v -0.07812500 -0.20312500 0.07031250
v -0.08216982 -0.20312500 0.09375000
v -0.07812500 -0.20312500 0.09109389
v -0.07812500 -0.18750000 0.07031250
v -0.07820617 -0.18750000 0.09375000
v -0.07812500 -0.18750000 0.09368801
v -0.07812500 -0.17187500 0.07031250
v -0.07812500 -0.18718631 0.09375000
v -0.07812500 -0.17187500 0.09629347
v -0.07812500 -0.15625000 0.07031250
v -0.07812500 -0.15625000 0.09462897
v -0.07812500 -0.14062500 0.07031250
v -0.07822277 -0.14062500 0.09375000
v -0.07812500 -0.14127192 0.09375000
v -0.07812500 -0.14062500 0.09370988
v -0.07812500 -0.12500000 0.07031250
v -0.08251547 -0.12500000 0.09375000
v -0.07812500 -0.12500000 0.09265352
v -0.07812500 -0.10937500 0.07031250
v -0.07812500 -0.10937500 0.09166315
v -0.07812500 -0.09375000 0.07031250
v -0.07812500 -0.09375000 0.09077734
v -0.07812500 -0.07812500 0.07031250
v -0.07812500 -0.07812500 0.08999279
v -0.07812500 -0.06250000 0.07031250
v -0.07812500 -0.06250000 0.08982085
v -0.07812500 -0.04687500 0.07031250
v -0.07812500 -0.04687500 0.09023652
v -0.07812500 -0.03125000 0.07031250
v -0.07812500 -0.03125000 0.09097345
v -0.07812500 -0.01562500 0.07031250
v -0.07812500 -0.01562500 0.09181522
v -0.07812500 0.00000000 0.07031250
v -0.07999507 0.00000000 0.09375000
v -0.07812500 -0.00665776 0.09375000
v -0.07812500 0.00000000 0.09523380
v -0.07812500 0.01562500 0.07031250
v -0.08394887 0.01562500 0.09375000
v -0.07812500 0.01562500 0.09884984
v -0.07812500 0.03125000 0.07031250
v -0.08548782 0.03125000 0.09375000
v -0.07812500 0.03125000 0.10040792
v -0.07812500 0.04687500 0.07031250
v -0.08645055 0.04687500 0.09375000
v -0.07812500 0.04687500 0.10107385
v -0.07812500 0.06250000 0.07031250
v -0.08763407 0.06250000 0.09375000
v -0.07812500 0.06250000 0.10136937
v -0.07812500 0.07812500 0.07031250
v -0.09031099 0.07812500 0.09375000
v -0.07812500 0.07812500 0.10149902
v -0.07812500 0.09375000 0.07031250
v -0.07812500 0.09375000 0.10153570
v -0.07812500 0.10937500 0.06829879
v -0.07812500 0.10937500 0.10155116
v -0.07812500 0.12500000 0.06849689
v -0.07812500 0.12500000 0.10154519
v -0.07812500 0.14062500 0.06867105
v -0.07812500 0.14062500 0.10153316
v -0.07812500 0.15625000 0.06859357
v -0.07812500 0.15625000 0.10151284
v -0.07812500 0.17187500 0.06773586
v -0.07812500 0.17187500 0.10144154
v -0.07812500 0.18750000 0.06639610
v -0.07812500 0.18750000 0.10113987
v -0.07812500 0.20312500 0.06573491
v -0.07812500 0.20312500 0.09991370
v -0.07812500 0.21875000 0.06725071
v -0.07812500 0.21875000 0.09511728
v -0.07812500 0.23437500 0.07031250
v -0.08363902 0.23437500 0.09375000
v -0.07812500 0.22130515 0.09375000
v -0.07812500 0.23437500 0.08860788
v -0.07812500 0.25000000 0.07031250
v -0.08536310 0.25000000 0.09375000
v -0.07812500 0.25000000 0.08682813
v -0.07812500 0.26562500 0.07031250
v -0.08578038 0.26562500 0.09375000
v -0.07812500 0.26562500 0.08630583
v -0.07812500 0.28125000 0.07031250
v -0.08565596 0.28125000 0.09375000
v -0.07812500 0.28125000 0.08637018
v -0.07812500 0.29687500 0.07031250
v -0.08497631 0.29687500 0.09375000
v -0.07812500 0.29687500 0.08720708
v -0.07812500 0.31250000 0.07031250
v -0.08279158 0.31250000 0.09375000
v -0.07812500 0.31250000 0.08965909
v -0.07812500 0.32812500 0.07031250
v -0.07812500 0.32303539 0.09375000
v -0.07812500 0.32812500 0.09603563
v -0.09258862 0.34375000 0.07812500
v -0.07812500 0.34375000 0.07031250
v -0.07812500 0.34375000 0.10031247
v -0.08593750 0.35937500 0.07812500
v -0.07812500 0.35937500 0.07031250
v -0.09209743 0.35937500 0.09375000
v -0.07812500 0.35937500 0.10116607
v -0.07812500 0.37500000 0.07031252
v -0.07812500 0.37500000 0.10133083
v -0.08393795 0.39062500 0.06250000
v -0.07812500 0.38481205 0.06250000
v -0.07812500 0.39062500 0.05668705
v -0.07812500 0.39062500 0.10085315
v -0.07812500 0.39933919 0.06250000
v -0.07812500 0.39848829 0.07812500
v -0.07812500 0.39772918 0.09375000
v -0.07003047 -0.42187500 0.06250000
v -0.06250000 -0.42940547 0.06250000
v -0.06250000 -0.42187500 0.05496953
v -0.06250000 -0.42920399 0.07812500
v -0.06250000 -0.42187500 0.08546461
v -0.07031247 -0.40625000 0.06250000
v -0.06250000 -0.40625000 0.05468753
v -0.06942463 -0.40625000 0.09375000
v -0.06250000 -0.40625000 0.08691974
v -0.07031237 -0.39062500 0.06250000
v -0.06250000 -0.39062500 0.05468763
v -0.06250000 -0.39761778 0.09375000
v -0.06250000 -0.39062500 0.09978400
v -0.07031244 -0.37500000 0.06250000
v -0.06250000 -0.37500000 0.05468756
v -0.06250000 -0.37500000 0.09976758
v -0.07031250 -0.35937500 0.06250000
v -0.06250000 -0.35937500 0.05468750
v -0.06250000 -0.35937500 0.09921166
v -0.07031250 -0.34375000 0.06250000
v -0.06250000 -0.34375000 0.05468750
v -0.06250000 -0.34375000 0.09698272
v -0.07031250 -0.32812500 0.06250000
v -0.06250000 -0.32812500 0.05468750
v -0.06829558 -0.32812500 0.09375000
v -0.06250000 -0.33334889 0.09375000
v -0.06250000 -0.32812500 0.09193999
v -0.07031250 -0.31250000 0.06250000
v -0.06250000 -0.31250000 0.05468750
v -0.06250000 -0.31250000 0.08863516
v -0.07031250 -0.29687500 0.06250000
v -0.06250000 -0.29687500 0.05468750
v -0.06250000 -0.29687500 0.08893899
v -0.07031249 -0.28125000 0.06250000
v -0.06250000 -0.28125000 0.05468751
v -0.06250000 -0.28125000 0.09087323
v -0.07031249 -0.26562500 0.06250000
v -0.06250000 -0.26562500 0.05468751
v -0.06554681 -0.26562500 0.09375000
v -0.06250000 -0.27331716 0.09375000
v -0.06250000 -0.26562500 0.09655516
v -0.07031249 -0.25000000 0.06250000
v -0.06250000 -0.25000000 0.05468751
v -0.06903795 -0.25000000 0.09375000
v -0.06250000 -0.25000000 0.09957652
v -0.07031249 -0.23437500 0.06250000
v -0.06250000 -0.23437500 0.05468751
v -0.07086270 -0.23437500 0.09375000
v -0.06250000 -0.23437500 0.10044679
v -0.07031248 -0.21875000 0.06250000
v -0.06250000 -0.21875000 0.05468752
v -0.07320091 -0.21875000 0.09375000
v -0.06250000 -0.21875000 0.10093313
v -0.07031248 -0.20312500 0.06250000
v -0.06250000 -0.20312500 0.05468752
v -0.07526450 -0.20312500 0.09375000
v -0.06250000 -0.20312500 0.10121109
v -0.07031248 -0.18750000 0.06250000
v -0.06250000 -0.18750000 0.05468752
v -0.07805997 -0.18750000 0.09375000
v -0.06250000 -0.18750000 0.10137521
v -0.07031248 -0.17187500 0.06250000
v -0.06250000 -0.17187500 0.05468752
v -0.06250000 -0.17187500 0.10146189
v -0.07031250 -0.15625000 0.06250000
v -0.06250000 -0.15625000 0.05468750
v -0.06250000 -0.15625000 0.10150782
v -0.07031250 -0.14062500 0.06250000
v -0.06250000 -0.14062500 0.05468750
v -0.07808413 -0.14062500 0.09375000
v -0.06250000 -0.14062500 0.10149057
v -0.07031250 -0.12500000 0.06250000
v -0.06250000 -0.12500000 0.05468750
v -0.07700343 -0.12500000 0.09375000
v -0.06250000 -0.12500000 0.10146738
v -0.07031250 -0.10937500 0.06250000
v -0.06250000 -0.10937500 0.05468750
v -0.07597883 -0.10937500 0.09375000
v -0.06250000 -0.10937500 0.10143588
v -0.07031250 -0.09375000 0.06250000
v -0.06250000 -0.09375000 0.05468750
v -0.07504368 -0.09375000 0.09375000
v -0.06250000 -0.09375000 0.10138860
v -0.07031250 -0.07812500 0.06250000
v -0.06250000 -0.07812500 0.05468750
v -0.07418828 -0.07812500 0.09375000
v -0.06250000 -0.07812500 0.10132072
v -0.07031250 -0.06250000 0.06250000
v -0.06250000 -0.06250000 0.05468750
v -0.07393451 -0.06250000 0.09375000
v -0.06250000 -0.06250000 0.10122289
v -0.07031250 -0.04687500 0.06250000
v -0.06250000 -0.04687500 0.05468750
v -0.07417106 -0.04687500 0.09375000
v -0.06250000 -0.04687500 0.10095765
v -0.07031250 -0.03125000 0.06250000
v -0.06250000 -0.03125000 0.05468750
v -0.07449972 -0.03125000 0.09375000
v -0.06250000 -0.03125000 0.10026577
v -0.07031250 -0.01562500 0.06250000
v -0.06250000 -0.01562500 0.05468750
v -0.07463737 -0.01562500 0.09375000
v -0.06250000 -0.01562500 0.09890128
v -0.07031250 0.00000000 0.06250000
v -0.06250000 0.00000000 0.05468750
v -0.06250000 0.00000000 0.09617170
v -0.07031250 0.01562500 0.06250000
v -0.06250000 0.01562500 0.05468750
v -0.06431223 0.01562500 0.09375000
v -0.06250000 0.01160334 0.09375000
v -0.06250000 0.01562500 0.09281607
v -0.07031250 0.03125000 0.06250000
v -0.06250000 0.03125000 0.05468750
v -0.06250000 0.02134836 0.09375000
v -0.06250000 0.03125000 0.09529818
v -0.07031250 0.04687500 0.06250000
v -0.06250000 0.04687500 0.05468750
v -0.06250000 0.04687500 0.09497010
v -0.07031250 0.06250000 0.06250000
v -0.06250000 0.06250000 0.05468750
v -0.06250000 0.06250000 0.09455227
v -0.07031250 0.07812500 0.06250000
v -0.06250000 0.07812500 0.05468750
v -0.06250000 0.07812500 0.09404557
v -0.07031250 0.09375000 0.06250000
v -0.06250000 0.09375000 0.05468750
v -0.06250000 0.09375000 0.09712955
v -0.07232621 0.10937500 0.06250000
v -0.06250000 0.10937500 0.05468750
v -0.06250000 0.10937500 0.09948211
v -0.07212811 0.12500000 0.06250000
v -0.06250000 0.12500000 0.05468750
v -0.06250000 0.12500000 0.09958452
v -0.07195395 0.14062500 0.06250000
v -0.06250000 0.14062500 0.05468750
v -0.06250000 0.14062500 0.09884754
v -0.07203143 0.15625000 0.06250000
v -0.06250000 0.15625000 0.05468750
v -0.06250000 0.15625000 0.09781934
v -0.07288914 0.17187500 0.06250000
v -0.06250000 0.17187500 0.05468750
v -0.06250000 0.17187500 0.09656481
v -0.07422890 0.18750000 0.06250000
v -0.06250000 0.18750000 0.05468750
v -0.06250000 0.18750000 0.09674119
v -0.07489009 0.20312500 0.06250000
v -0.06250000 0.20312500 0.05468750
v -0.06250000 0.20312500 0.09605628
v -0.07337429 0.21875000 0.06250000
v -0.06250000 0.21875000 0.05468750
v -0.06250000 0.21875000 0.09484607
v -0.07031250 0.23437500 0.06250000
v -0.06250000 0.23437500 0.05468750
v -0.06542100 0.23437500 0.09375000
v -0.06250000 0.23437500 0.09533366
v -0.07031250 0.25000000 0.06250000
v -0.06250000 0.25000000 0.05468750
v -0.06496562 0.25000000 0.09375000
v -0.06250000 0.25000000 0.09577643
v -0.07031250 0.26562500 0.06250000
v -0.06250000 0.26562500 0.05468750
v -0.06512953 0.26562500 0.09375000
v -0.06250000 0.26562500 0.09617956
v -0.07031250 0.28125000 0.06250000
v -0.06250000 0.28125000 0.05468750
v -0.06556256 0.28125000 0.09375000
v -0.06250000 0.28125000 0.09654870
v -0.07031250 0.29687500 0.06250000
v -0.06250000 0.29687500 0.05468750
v -0.06653957 0.29687500 0.09375000
v -0.06250000 0.29687500 0.09688693
v -0.07031250 0.31250000 0.06250000
v -0.06250000 0.31250000 0.05468750
v -0.06943720 0.31250000 0.09375000
v -0.06250000 0.31250000 0.09719852
v -0.07031250 0.32812500 0.06250000
v -0.06250000 0.32812500 0.05468750
v -0.06250000 0.32812500 0.09748574
v -0.07031250 0.34375000 0.06250000
v -0.06250000 0.34375000 0.05468750
v -0.06250000 0.34375000 0.09784188
v -0.07031250 0.35937500 0.06250000
v -0.06250000 0.35937500 0.05468750
v -0.06250000 0.35937500 0.09663843
v -0.07031210 0.37500000 0.06250000
v -0.06250000 0.37500000 0.05468790
v -0.06250000 0.37500000 0.10082321
v -0.06250000 0.39062500 0.05491924
v -0.06250000 0.39062500 0.09976994
v -0.06250000 0.39820596 0.06250000
v -0.06250000 0.39836118 0.07812500
v -0.06250000 0.39664497 0.09375000
v -0.04687500 -0.42967874 0.06250000
v -0.04687500 -0.42187500 0.05469629
v -0.04687500 -0.42964884 0.07812500
v -0.04687500 -0.42187500 0.08589898
v -0.04687500 -0.40625000 0.05468750
v -0.04687500 -0.40625000 0.08595125
v -0.04687500 -0.39062500 0.05468750
v -0.05541552 -0.39062500 0.09375000
v -0.04687500 -0.39062500 0.08701074
v -0.04687500 -0.37500000 0.05468750
v -0.04687500 -0.37919816 0.09375000
v -0.04687500 -0.37500000 0.09715503
v -0.04687500 -0.35937500 0.05362369
v -0.04871072 -0.35937500 0.09375000
v -0.04687500 -0.36256708 0.09375000
v -0.04687500 -0.35937500 0.09270681
v -0.04923248 -0.34375000 0.04687500
v -0.04687500 -0.34670992 0.04687500
v -0.04687500 -0.34375000 0.04451752
v -0.05492937 -0.34375000 0.09375000
v -0.04687500 -0.34375000 0.09035560
v -0.05417221 -0.32812500 0.04687500
v -0.04687500 -0.32812500 0.03957779
v -0.04687500 -0.32812500 0.08873810
v -0.05448237 -0.31250000 0.04687500
v -0.04687500 -0.31250000 0.03926763
v -0.04687500 -0.31250000 0.08737245
v -0.05444501 -0.29687500 0.04687500
v -0.04687500 -0.29687500 0.03930499
v -0.04687500 -0.29687500 0.08809240
v -0.05436190 -0.28125000 0.04687500
v -0.04687500 -0.28125000 0.03938810
v -0.04687500 -0.28125000 0.09002008
v -0.05417748 -0.26562500 0.04687500
v -0.04687500 -0.26562500 0.03957252
v -0.05163217 -0.26562500 0.09375000
v -0.04687500 -0.26562500 0.09238423
v -0.05380945 -0.25000000 0.04687500
v -0.04687500 -0.25000000 0.03994055
v -0.04687500 -0.26126035 0.09375000
v -0.04687500 -0.25000000 0.09684599
v -0.05295088 -0.23437500 0.04687500
v -0.04687500 -0.23437500 0.04079912
v -0.04687500 -0.23437500 0.09751602
v -0.05128339 -0.21875000 0.04687500
v -0.04687500 -0.21875000 0.04246661
v -0.04687500 -0.21875000 0.09788636
v -0.04974711 -0.20312500 0.04687500
v -0.04687500 -0.20312500 0.04400289
v -0.04687500 -0.20312500 0.09819049
v -0.05235789 -0.18750000 0.04687500
v -0.04687500 -0.18750000 0.04139211
v -0.04687500 -0.18750000 0.09843314
v -0.05381301 -0.17187500 0.04687500
v -0.04687500 -0.17187500 0.03993699
v -0.04687500 -0.17187500 0.09882764
v -0.05436004 -0.15625000 0.04687500
v -0.04687500 -0.15625000 0.03938996
v -0.04687500 -0.15625000 0.09917727
v -0.05456572 -0.14062500 0.04687500
v -0.04687500 -0.14062500 0.03918428
v -0.04687500 -0.14062500 0.09943803
v -0.05464304 -0.12500000 0.04687500
v -0.04687500 -0.12500000 0.03910696
v -0.04687500 -0.12500000 0.09755285
v -0.05467365 -0.10937500 0.04687500
v -0.04687500 -0.10937500 0.03907635
v -0.04687500 -0.10937500 0.09381744
v -0.05468326 -0.09375000 0.04687500
v -0.04687500 -0.09375000 0.03906674
v -0.05081550 -0.09375000 0.09375000
v -0.04687500 -0.10916780 0.09375000
v -0.04687500 -0.09375000 0.08993925
v -0.05468617 -0.07812500 0.04687500
v -0.04687500 -0.07812500 0.03906383
v -0.05292824 -0.07812500 0.09375000
v -0.04687500 -0.07812500 0.08792469
v -0.05468707 -0.06250000 0.04687500
v -0.04687500 -0.06250000 0.03906293
v -0.05406312 -0.06250000 0.09375000
v -0.04687500 -0.06250000 0.08689815
v -0.05468737 -0.04687500 0.04687500
v -0.04687500 -0.04687500 0.03906263
v -0.05483484 -0.04687500 0.09375000
v -0.04687500 -0.04687500 0.08639569
v -0.05468746 -0.03125000 0.04687500
v -0.04687500 -0.03125000 0.03906254
v -0.05575689 -0.03125000 0.09375000
v -0.04687500 -0.03125000 0.08617013
v -0.05468749 -0.01562500 0.04687500
v -0.04687500 -0.01562500 0.03906251
v -0.05724607 -0.01562500 0.09375000
v -0.04687500 -0.01562500 0.08605304
v -0.05468749 0.00000000 0.04687500
v -0.04687500 0.00000000 0.03906251
v -0.06005574 0.00000000 0.09375000
v -0.04687500 0.00000000 0.08598041
v -0.05468750 0.01562500 0.04687500
v -0.04687500 0.01562500 0.03906250
v -0.04687500 0.01562500 0.08595054
v -0.05468750 0.03125000 0.04687500
v -0.04687500 0.03125000 0.03906250
v -0.06095044 0.03125000 0.09375000
v -0.04687500 0.03125000 0.08594139
v -0.05468750 0.04687500 0.04687500
v -0.04687500 0.04687500 0.03906250
v -0.06127920 0.04687500 0.09375000
v -0.04687500 0.04687500 0.08593991
v -0.05468750 0.06250000 0.04687500
v -0.04687500 0.06250000 0.03906250
v -0.06169717 0.06250000 0.09375000
v -0.04687500 0.06250000 0.08594038
v -0.05468750 0.07812500 0.04687500
v -0.04687500 0.07812500 0.03906250
v -0.06220415 0.07812500 0.09375000
v -0.04687500 0.07812500 0.08594126
v -0.05468750 0.09375000 0.04687500
v -0.04687500 0.09375000 0.03906250
v -0.05911264 0.09375000 0.09375000
v -0.04687500 0.09375000 0.08594901
v -0.05468750 0.10937500 0.04687500
v -0.04687500 0.10937500 0.03906250
v -0.05672334 0.10937500 0.09375000
v -0.04687500 0.10937500 0.08598537
v -0.05468750 0.12500000 0.04687500
v -0.04687500 0.12500000 0.03906250
v -0.05635799 0.12500000 0.09375000
v -0.04687500 0.12500000 0.08626259
v -0.05468750 0.14062500 0.04687500
v -0.04687500 0.14062500 0.03906250
v -0.05703750 0.14062500 0.09375000
v -0.04687500 0.14062500 0.08634507
v -0.05468750 0.15625000 0.04687500
v -0.04687500 0.15625000 0.03906250
v -0.05802667 0.15625000 0.09375000
v -0.04687500 0.15625000 0.08644553
v -0.05468750 0.17187500 0.04687500
v -0.04687500 0.17187500 0.03906250
v -0.05928886 0.17187500 0.09375000
v -0.04687500 0.17187500 0.08657343
v -0.05468750 0.18750000 0.04687500
v -0.04687500 0.18750000 0.03906250
v -0.05828294 0.18750000 0.09375000
v -0.04687500 0.18750000 0.08764964
v -0.05468750 0.20312500 0.04687500
v -0.04687500 0.20312500 0.03906250
v -0.05761415 0.20312500 0.09375000
v -0.04687500 0.20312500 0.08944247
v -0.05468750 0.21875000 0.04687500
v -0.04687500 0.21875000 0.03906250
v -0.05152586 0.21875000 0.09375000
v -0.04687500 0.21875000 0.09326592
v -0.05468749 0.23437500 0.04687500
v -0.04687500 0.23437500 0.03906251
v -0.04687500 0.22015540 0.09375000
v -0.04687500 0.23437500 0.09756907
v -0.05468749 0.25000000 0.04687500
v -0.04687500 0.25000000 0.03906251
v -0.04687500 0.25000000 0.09964346
v -0.05468749 0.26562500 0.04687500
v -0.04687500 0.26562500 0.03906251
v -0.04687500 0.26562500 0.10050987
v -0.05468748 0.28125000 0.04687500
v -0.04687500 0.28125000 0.03906252
v -0.04687500 0.28125000 0.10090956
v -0.05468746 0.29687500 0.04687500
v -0.04687500 0.29687500 0.03906254
v -0.04687500 0.29687500 0.10115747
v -0.05468742 0.31250000 0.04687500
v -0.04687500 0.31250000 0.03906258
v -0.04687500 0.31250000 0.10131587
v -0.05468736 0.32812500 0.04687500
v -0.04687500 0.32812500 0.03906264
v -0.04687500 0.32812500 0.10135658
v -0.05468719 0.34375000 0.04687500
v -0.04687500 0.34375000 0.03906281
v -0.04687500 0.34375000 0.10135449
v -0.05466434 0.35937500 0.04687500
v -0.04687500 0.35937500 0.03908566
v -0.04687500 0.35937500 0.10056845
v -0.05239468 0.37500000 0.04687500
v -0.04687500 0.37500000 0.04135532
v -0.04687500 0.37500000 0.09951634
v -0.04687500 0.38051968 0.04687500
v -0.04687500 0.39062500 0.05650816
v -0.05646861 0.39062500 0.09375000
v -0.04687500 0.38077759 0.09375000
v -0.04687500 0.39062500 0.07869450
v -0.04687500 0.39661684 0.06250000
v -0.04687500 0.39119281 0.07812500
v -0.03125000 -0.42965195 0.06250000
v -0.03125000 -0.42187500 0.05458695
v -0.03125000 -0.42968515 0.07812500
v -0.03125000 -0.42187500 0.08593524
v -0.03875332 -0.40625000 0.04687500
v -0.03125000 -0.41388929 0.04687500
v -0.03125000 -0.40625000 0.03937168
v -0.03125000 -0.40625000 0.08595453
v -0.03906109 -0.39062500 0.04687500
v -0.03125000 -0.39062500 0.03906391
v -0.03125000 -0.39062500 0.08628465
v -0.03906241 -0.37500000 0.04687500
v -0.03125000 -0.37500000 0.03906259
v -0.04239072 -0.37500000 0.09375000
v -0.03125000 -0.37500000 0.08735819
v -0.04012631 -0.35937500 0.04687500
v -0.03125000 -0.35937500 0.03906250
v -0.03125000 -0.35937500 0.08681885
v -0.03125000 -0.34375000 0.03906250
v -0.03125000 -0.34375000 0.08627114
v -0.03125000 -0.32812500 0.03906250
v -0.03125000 -0.32812500 0.08614627
v -0.03125000 -0.31250000 0.03906250
v -0.03125000 -0.31250000 0.08604795
v -0.03125000 -0.29687500 0.03906250
v -0.03125000 -0.29687500 0.08608067
v -0.03125000 -0.28125000 0.03906250
v -0.03125000 -0.28125000 0.08607309
v -0.03125000 -0.26562500 0.03906250
v -0.03125000 -0.26562500 0.08603825
v -0.03125000 -0.25000000 0.03906250
v -0.04373144 -0.25000000 0.09375000
v -0.03125000 -0.25000000 0.08601192
v -0.03125000 -0.23437500 0.03906250
v -0.04305894 -0.23437500 0.09375000
v -0.03125000 -0.23437500 0.08600558
v -0.03125000 -0.21875000 0.03906250
v -0.04268356 -0.21875000 0.09375000
v -0.03125000 -0.21875000 0.08600794
v -0.03125000 -0.20312500 0.03906250
v -0.04237513 -0.20312500 0.09375000
v -0.03125000 -0.20312500 0.08601017
v -0.03125000 -0.18750000 0.03906250
v -0.04212436 -0.18750000 0.09375000
v -0.03125000 -0.18750000 0.08601758
v -0.03125000 -0.17187500 0.03906250
v -0.04171492 -0.17187500 0.09375000
v -0.03125000 -0.17187500 0.08603106
v -0.03125000 -0.15625000 0.03906250
v -0.04134991 -0.15625000 0.09375000
v -0.03125000 -0.15625000 0.08604492
v -0.03125000 -0.14062500 0.03906250
v -0.04107464 -0.14062500 0.09375000
v -0.03125000 -0.14062500 0.08605829
v -0.03125000 -0.12500000 0.03906250
v -0.04297364 -0.12500000 0.09375000
v -0.03125000 -0.12500000 0.08607008
v -0.03125000 -0.10937500 0.03906250
v -0.04680627 -0.10937500 0.09375000
v -0.03125000 -0.10937500 0.08601169
v -0.03125000 -0.09375000 0.03906250
v -0.03125000 -0.09375000 0.08598884
v -0.03125000 -0.07812500 0.03906250
v -0.03125000 -0.07812500 0.08597301
v -0.03125000 -0.06250000 0.03906250
v -0.03125000 -0.06250000 0.08596157
v -0.03125000 -0.04687500 0.03906250
v -0.03125000 -0.04687500 0.08595327
v -0.03125000 -0.03125000 0.03906250
v -0.03125000 -0.03125000 0.08594461
v -0.03125000 -0.01562500 0.03906250
v -0.03125000 -0.01562500 0.08594070
v -0.03125000 0.00000000 0.03906250
v -0.03125000 0.00000000 0.08594036
v -0.03125000 0.01562500 0.03906250
v -0.03125000 0.01562500 0.08594000
v -0.03125000 0.03125000 0.03906250
v -0.03125000 0.03125000 0.08593985
v -0.03125000 0.04687500 0.03906250
v -0.03125000 0.04687500 0.08593976
v -0.03125000 0.06250000 0.03906250
v -0.03125000 0.06250000 0.08593965
v -0.03125000 0.07812500 0.03906250
v -0.03125000 0.07812500 0.08594275
v -0.03125000 0.09375000 0.03906250
v -0.03125000 0.09375000 0.08595036
v -0.03125000 0.10937500 0.03906250
v -0.03125000 0.10937500 0.08596873
v -0.03125000 0.12500000 0.03906250
v -0.03125000 0.12500000 0.08601391
v -0.03125000 0.14062500 0.03906250
v -0.03125000 0.14062500 0.08605179
v -0.03125000 0.15625000 0.03906250
v -0.03125000 0.15625000 0.08606659
v -0.03125000 0.17187500 0.03906250
v -0.03125000 0.17187500 0.08614759
v -0.03125000 0.18750000 0.03906250
v -0.03125000 0.18750000 0.08634363
v -0.03125000 0.20312500 0.03906250
v -0.03125000 0.20312500 0.08651428
v -0.03125000 0.21875000 0.03906250
v -0.03125000 0.21875000 0.08664220
v -0.03125000 0.23437500 0.03906250
v -0.04194868 0.23437500 0.09375000
v -0.03125000 0.23437500 0.08730252
v -0.03125000 0.25000000 0.03906250
v -0.03799480 0.25000000 0.09375000
v -0.03125000 0.25000000 0.08882723
v -0.03125000 0.26562500 0.03906250
v -0.03334972 0.26562500 0.09375000
v -0.03125000 0.26562500 0.09209614
v -0.03125000 0.28125000 0.03906250
v -0.03125000 0.27053247 0.09375000
v -0.03125000 0.28125000 0.09695969
v -0.03125000 0.29687500 0.03906250
v -0.03125000 0.29687500 0.09942124
v -0.03125000 0.31250000 0.03906250
v -0.03125000 0.31250000 0.10049680
v -0.03125000 0.32812500 0.03906250
v -0.03125000 0.32812500 0.10092299
v -0.03125000 0.34375000 0.03906250
v -0.03125000 0.34375000 0.10117711
v -0.03125000 0.35937500 0.03906250
v -0.03556927 0.35937500 0.09375000
v -0.03125000 0.35552918 0.09375000
v -0.03125000 0.35937500 0.09018323
v -0.03125000 0.37500000 0.03906251
v -0.03847262 0.37500000 0.09375000
v -0.03125000 0.37500000 0.08852242
v -0.03855946 0.39062500 0.04687500
v -0.03125000 0.39062500 0.03956554
v -0.03125000 0.39062500 0.08541901
v -0.03125000 0.39793446 0.04687500
v -0.03125000 0.39823585 0.06250000
v -0.03125000 0.39791690 0.07812500
v -0.01562500 -0.42700775 0.06250000
v -0.01562500 -0.42187500 0.05539986
v -0.01562500 -0.42964515 0.07812500
v -0.01562500 -0.42187500 0.08589566
v -0.01562500 -0.41609126 0.04687500
v -0.01562500 -0.40625000 0.03906480
v -0.01562500 -0.40625000 0.08673379
v -0.01562500 -0.39062500 0.03906250
v -0.02277923 -0.39062500 0.09375000
v -0.01562500 -0.39822939 0.09375000
v -0.01562500 -0.39062500 0.10056083
v -0.01562500 -0.37500000 0.03906250
v -0.02461858 -0.37500000 0.09375000
v -0.01562500 -0.37500000 0.10131612
v -0.01562500 -0.35937500 0.03906250
v -0.02421745 -0.35937500 0.09375000
v -0.01562500 -0.35937500 0.10145994
v -0.01562500 -0.34375000 0.03906250
v -0.02315239 -0.34375000 0.09375000
v -0.01562500 -0.34375000 0.10094472
v -0.01562500 -0.32812500 0.03906250
v -0.02104481 -0.32812500 0.09375000
v -0.01562500 -0.32812500 0.09898216
v -0.01562500 -0.31250000 0.03906250
v -0.01562500 -0.31858493 0.09375000
v -0.01562500 -0.31250000 0.08995220
v -0.01562500 -0.29687500 0.03906250
v -0.01562500 -0.29687500 0.08784007
v -0.01562500 -0.28125000 0.03906250
v -0.01562500 -0.28125000 0.08684345
v -0.01562500 -0.26562500 0.03906250
v -0.01562500 -0.26562500 0.08636833
v -0.01562500 -0.25000000 0.03906250
v -0.01562500 -0.25000000 0.08616457
v -0.01562500 -0.23437500 0.03906250
v -0.01562500 -0.23437500 0.08611694
v -0.01562500 -0.21875000 0.03906250
v -0.01562500 -0.21875000 0.08611022
v -0.01562500 -0.20312500 0.03906250
v -0.01562500 -0.20312500 0.08616956
v -0.01562500 -0.18750000 0.03906250
v -0.01562500 -0.18750000 0.08627646
v -0.01562500 -0.17187500 0.03906250
v -0.01562500 -0.17187500 0.08642551
v -0.01562500 -0.15625000 0.03906250
v -0.01562500 -0.15625000 0.08662816
v -0.01562500 -0.14062500 0.03906250
v -0.01562500 -0.14062500 0.08689543
v -0.01562500 -0.12500000 0.03906250
v -0.01562500 -0.12500000 0.08723544
v -0.01562500 -0.10937500 0.03906250
v -0.01562500 -0.10937500 0.08773827
v -0.01562500 -0.09375000 0.03906250
v -0.01562500 -0.09375000 0.09085622
v -0.01562500 -0.07812500 0.03906250
v -0.01663011 -0.07812500 0.09375000
v -0.01562500 -0.08172824 0.09375000
v -0.01562500 -0.07812500 0.09474659
v -0.01562500 -0.06250000 0.03906250
v -0.01703881 -0.06250000 0.09375000
v -0.01562500 -0.06250000 0.09515591
v -0.01562500 -0.04687500 0.03906250
v -0.01617060 -0.04687500 0.09375000
v -0.01562500 -0.04687500 0.09429348
v -0.01562500 -0.03125000 0.03906250
v -0.01562500 -0.03746116 0.09375000
v -0.01562500 -0.03125000 0.09338712
v -0.01562500 -0.01562500 0.03906250
v -0.01562500 -0.01562500 0.09242848
v -0.01562500 0.00000000 0.03906250
v -0.01562500 0.00000000 0.09151297
v -0.01562500 0.01562500 0.03906250
v -0.01562500 0.01562500 0.09083396
v -0.01562500 0.03125000 0.03906250
v -0.01562500 0.03125000 0.09016713
v -0.01562500 0.04687500 0.03906250
v -0.01562500 0.04687500 0.08953587
v -0.01562500 0.06250000 0.03906250
v -0.01562500 0.06250000 0.08895685
v -0.01562500 0.07812500 0.03906250
v -0.01562500 0.07812500 0.08844077
v -0.01562500 0.09375000 0.03906250
v -0.01562500 0.09375000 0.08928547
v -0.01562500 0.10937500 0.03906250
v -0.01568647 0.10937500 0.09375000
v -0.01562500 0.10922344 0.09375000
v -0.01562500 0.10937500 0.09381098
v -0.01562500 0.12500000 0.03906250
v -0.02017949 0.12500000 0.09375000
v -0.01562500 0.12500000 0.09824162
v -0.01562500 0.14062500 0.03906250
v -0.02211615 0.14062500 0.09375000
v -0.01562500 0.14062500 0.10013041
v -0.01562500 0.15625000 0.03906250
v -0.02142802 0.15625000 0.09375000
v -0.01562500 0.15625000 0.09943299
v -0.01562500 0.17187500 0.03906250
v -0.02154510 0.17187500 0.09375000
v -0.01562500 0.17187500 0.09947361
v -0.01562500 0.18750000 0.03906250
v -0.02194985 0.18750000 0.09375000
v -0.01562500 0.18750000 0.09968728
v -0.01562500 0.20312500 0.03906250
v -0.02220134 0.20312500 0.09375000
v -0.01562500 0.20312500 0.09977049
v -0.01562500 0.21875000 0.03906250
v -0.02186496 0.21875000 0.09375000
v -0.01562500 0.21875000 0.09932588
v -0.01562500 0.23437500 0.03906250
v -0.02275420 0.23437500 0.09375000
v -0.01562500 0.23437500 0.09954501
v -0.01562500 0.25000000 0.03906250
v -0.02461054 0.25000000 0.09375000
v -0.01562500 0.25000000 0.09974486
v -0.01562500 0.26562500 0.03906250
v -0.02884916 0.26562500 0.09375000
v -0.01562500 0.26562500 0.09991699
v -0.01562500 0.28125000 0.03906250
v -0.01562500 0.28125000 0.10054319
v -0.01562500 0.29687500 0.03906250
v -0.01562500 0.29687500 0.10102403
v -0.01562500 0.31250000 0.03906250
v -0.01562500 0.31250000 0.10127750
v -0.01562500 0.32812500 0.03906250
v -0.01562500 0.32812500 0.10141139
v -0.01562500 0.34375000 0.03906250
v -0.01562500 0.34375000 0.10147230
v -0.01562500 0.35937500 0.03906250
v -0.01562500 0.35630858 0.09375000
v -0.01562500 0.35937500 0.09074009
v -0.01562500 0.37500000 0.03906250
v -0.01562500 0.37500000 0.08690350
v -0.01562500 0.39062500 0.03982614
v -0.01562500 0.39062500 0.08073731
v -0.01562500 0.39767386 0.04687500
v -0.01562500 0.39590302 0.06250000
v -0.01562500 0.39323719 0.07812500
v 0.00000000 -0.42262128 0.06250000
v 0.00000000 -0.42187500 0.06171093
v 0.00000000 -0.42946652 0.07812500
v 0.00000000 -0.42187500 0.08571671
v 0.00000000 -0.41429149 0.04687500
v 0.00000000 -0.40625000 0.03906250
v 0.00000000 -0.40625000 0.08602508
v 0.00000000 -0.39062500 0.03906250
v -0.00515432 -0.39062500 0.09375000
v 0.00000000 -0.39062500 0.08944437
v 0.00000000 -0.37500000 0.03654386
v 0.00000000 -0.38578430 0.09375000
v 0.00000000 -0.37500000 0.10091726
v 0.00000000 -0.35937500 0.03693284
v 0.00000000 -0.35937500 0.10139916
v 0.00000000 -0.34375000 0.03900052
v 0.00000000 -0.34375000 0.10127932
v 0.00000000 -0.32812500 0.03905854
v 0.00000000 -0.32812500 0.10067254
v 0.00000000 -0.31250000 0.03905848
v -0.01053187 -0.31250000 0.09375000
v 0.00000000 -0.31250000 0.09998500
v 0.00000000 -0.29687500 0.03905377
v -0.00924631 -0.29687500 0.09375000
v 0.00000000 -0.29687500 0.10107180
v 0.00000000 -0.28125000 0.03904268
v -0.00823056 -0.28125000 0.09375000
v 0.00000000 -0.28125000 0.10107156
v 0.00000000 -0.26562500 0.03903775
v -0.00757978 -0.26562500 0.09375000
v 0.00000000 -0.26562500 0.10090004
v 0.00000000 -0.25000000 0.03903469
v -0.00714429 -0.25000000 0.09375000
v 0.00000000 -0.25000000 0.10066945
v 0.00000000 -0.23437500 0.03903290
v -0.00677174 -0.23437500 0.09375000
v 0.00000000 -0.23437500 0.10034602
v 0.00000000 -0.21875000 0.03902040
v -0.00630670 -0.21875000 0.09375000
v 0.00000000 -0.21875000 0.09989111
v 0.00000000 -0.20312500 0.03899033
v -0.00602543 -0.20312500 0.09375000
v 0.00000000 -0.20312500 0.09955700
v 0.00000000 -0.18750000 0.03893959
v -0.00702943 -0.18750000 0.09375000
v 0.00000000 -0.18750000 0.10044532
v 0.00000000 -0.17187500 0.03885757
v -0.00767005 -0.17187500 0.09375000
v 0.00000000 -0.17187500 0.10093275
v 0.00000000 -0.15625000 0.03871282
v -0.00814271 -0.15625000 0.09375000
v 0.00000000 -0.15625000 0.10120070
v 0.00000000 -0.14062500 0.03847426
v -0.00857356 -0.14062500 0.09375000
v 0.00000000 -0.14062500 0.10136324
v 0.00000000 -0.12500000 0.03811449
v -0.00901263 -0.12500000 0.09375000
v 0.00000000 -0.12500000 0.10146212
v 0.00000000 -0.10937500 0.03753605
v -0.00946001 -0.10937500 0.09375000
v 0.00000000 -0.10937500 0.10140140
v 0.00000000 -0.09375000 0.03662392
v -0.01255411 -0.09375000 0.09375000
v 0.00000000 -0.09375000 0.10127585
v 0.00000000 -0.07812500 0.03517184
v 0.00000000 -0.07812500 0.10111946
v 0.00000000 -0.06250000 0.03286361
v 0.00000000 -0.06250000 0.10095990
v -0.00163060 -0.04687500 0.03125000
v 0.00000000 -0.05473315 0.03125000
v 0.00000000 -0.04687500 0.02961940
v 0.00000000 -0.04687500 0.10083025
v -0.00421000 -0.03125000 0.03125000
v 0.00000000 -0.03125000 0.02704000
v -0.01517118 -0.03125000 0.09375000
v 0.00000000 -0.03125000 0.10066953
v -0.00571123 -0.01562500 0.03125000
v 0.00000000 -0.01562500 0.02553877
v -0.01390448 -0.01562500 0.09375000
v 0.00000000 -0.01562500 0.10042939
v -0.00663900 0.00000000 0.03125000
v 0.00000000 0.00000000 0.02461100
v -0.01254106 0.00000000 0.09375000
v 0.00000000 0.00000000 0.10007161
v -0.00719047 0.01562500 0.03125000
v 0.00000000 0.01562500 0.02405953
v -0.01124073 0.01562500 0.09375000
v 0.00000000 0.01562500 0.09953729
v -0.00748262 0.03125000 0.03125000
v 0.00000000 0.03125000 0.02376738
v -0.00955693 0.03125000 0.09375000
v 0.00000000 0.03125000 0.09873557
v -0.00757468 0.04687500 0.03125000
v 0.00000000 0.04687500 0.02367532
v -0.00723539 0.04687500 0.09375000
v 0.00000000 0.04687500 0.09752442
v -0.00748301 0.06250000 0.03125000
v 0.00000000 0.06250000 0.02376699
v -0.00320311 0.06250000 0.09375000
v 0.00000000 0.06250000 0.09535028
v -0.00731533 0.07812500 0.03125000
v 0.00000000 0.07812500 0.02393467
v 0.00000000 0.07170164 0.09375000
v 0.00000000 0.07812500 0.09259725
v -0.00692591 0.09375000 0.03125000
v 0.00000000 0.09375000 0.02432409
v 0.00000000 0.09375000 0.09041465
v -0.00557755 0.10937500 0.03125000
v 0.00000000 0.10937500 0.02567245
v -0.01548819 0.10937500 0.09375000
v 0.00000000 0.10937500 0.08894875
v -0.00328891 0.12500000 0.03125000
v 0.00000000 0.12500000 0.02796109
v -0.00224637 0.12500000 0.09375000
v 0.00000000 0.12500000 0.09275871
v 0.00000000 0.13614119 0.03125000
v 0.00000000 0.14062500 0.03276407
v 0.00000000 0.12775742 0.09375000
v 0.00000000 0.14062500 0.09750291
v 0.00000000 0.15625000 0.03620524
v 0.00000000 0.15625000 0.09963455
v 0.00000000 0.17187500 0.03776647
v 0.00000000 0.17187500 0.09930774
v 0.00000000 0.18750000 0.03751518
v 0.00000000 0.18750000 0.09899206
v 0.00000000 0.20312500 0.03684944
v 0.00000000 0.20312500 0.09842842
v 0.00000000 0.21875000 0.03583044
v 0.00000000 0.21875000 0.09630337
v 0.00000000 0.23437500 0.03449054
v -0.00151045 0.23437500 0.09375000
v 0.00000000 0.23056058 0.09375000
v 0.00000000 0.23437500 0.09282276
v 0.00000000 0.25000000 0.03277142
v -0.00525070 0.25000000 0.09375000
v 0.00000000 0.25000000 0.09000651
v -0.00075982 0.26562500 0.03125000
v 0.00000000 0.26060163 0.03125000
v 0.00000000 0.26562500 0.03049018
v -0.00700961 0.26562500 0.09375000
v 0.00000000 0.26562500 0.08833402
v -0.00268443 0.28125000 0.03125000
v 0.00000000 0.28125000 0.02856557
v -0.00736196 0.28125000 0.09375000
v 0.00000000 0.28125000 0.08739638
v -0.00408318 0.29687500 0.03125000
v 0.00000000 0.29687500 0.02716682
v -0.00723706 0.29687500 0.09375000
v 0.00000000 0.29687500 0.08704578
v -0.00477135 0.31250000 0.03125000
v 0.00000000 0.31250000 0.02647865
v -0.00707250 0.31250000 0.09375000
v 0.00000000 0.31250000 0.08695897
v -0.00522726 0.32812500 0.03125000
v 0.00000000 0.32812500 0.02602274
v -0.00612687 0.32812500 0.09375000
v 0.00000000 0.32812500 0.08776661
v 0.00000000 0.34244743 0.03125000
v 0.00000000 0.34375000 0.03193316
v -0.00721894 0.34375000 0.09375000
v 0.00000000 0.34375000 0.08662066
v 0.00000000 0.35937500 0.03906250
v 0.00000000 0.35937500 0.08596439
v 0.00000000 0.37500000 0.03906250
v 0.00000000 0.37500000 0.08594174
v 0.00000000 0.39062500 0.03976641
v -0.01208052 0.39062500 0.07812500
v 0.00000000 0.38427755 0.07812500
v 0.00000000 0.39062500 0.07077991
v 0.00000000 0.39773359 0.04687500
v 0.00000000 0.39742854 0.06250000
v 0.01562500 -0.42192273 0.06250000
v 0.01562500 -0.42187500 0.06245046
v 0.01562500 -0.42845212 0.07812500
v 0.01562500 -0.42187500 0.08470238
v 0.01562500 -0.41420866 0.04687500
v 0.01562500 -0.40625000 0.03906250
v 0.01562500 -0.40625000 0.08606281
v 0.01562500 -0.39062500 0.03906250
v 0.01562500 -0.39062500 0.08710857
v 0.00610922 -0.37500000 0.03125000
v 0.01562500 -0.38193549 0.03125000
v 0.01562500 -0.37500000 0.02431451
v 0.01190147 -0.37500000 0.09375000
v 0.01562500 -0.37500000 0.09047554
v 0.01562500 -0.36039014 0.03125000
v 0.01562500 -0.35937500 0.03207100
v 0.01468730 -0.35937500 0.09375000
v 0.01562500 -0.35937500 0.09284849
v 0.01562500 -0.34375000 0.03843238
v 0.01147277 -0.34375000 0.09375000
v 0.01562500 -0.34375000 0.08981510
v 0.01562500 -0.32812500 0.03902015
v 0.00848114 -0.32812500 0.09375000
v 0.01562500 -0.32812500 0.08748106
v 0.01562500 -0.31250000 0.03900739
v 0.00740107 -0.31250000 0.09375000
v 0.01562500 -0.31250000 0.08711611
v 0.01562500 -0.29687500 0.03882194
v 0.01125042 -0.29687500 0.09375000
v 0.01562500 -0.29687500 0.08976045
v 0.01562500 -0.28125000 0.03801449
v 0.01562500 -0.29041496 0.09375000
v 0.01562500 -0.28125000 0.09886337
v 0.01562500 -0.26562500 0.03450799
v 0.01562500 -0.26562500 0.10099997
v 0.01088144 -0.25000000 0.03125000
v 0.01562500 -0.25971318 0.03125000
v 0.01562500 -0.25000000 0.02652993
v 0.01562500 -0.25000000 0.10115135
v 0.00936862 -0.23437500 0.03125000
v 0.01562500 -0.23437500 0.02502202
v 0.01562500 -0.23437500 0.10126009
v 0.00962155 -0.21875000 0.03125000
v 0.01562500 -0.21875000 0.02528634
v 0.01562500 -0.21875000 0.10133989
v 0.01066229 -0.20312500 0.03125000
v 0.01562500 -0.20312500 0.02634965
v 0.01562500 -0.20312500 0.10139710
v 0.01086652 -0.18750000 0.03125000
v 0.01562500 -0.18750000 0.02659501
v 0.01562500 -0.18750000 0.10145121
v 0.00971174 -0.17187500 0.03125000
v 0.01562500 -0.17187500 0.02552833
v 0.01562500 -0.17187500 0.10150070
v 0.00878570 -0.15625000 0.03125000
v 0.01562500 -0.15625000 0.02475304
v 0.01562500 -0.15625000 0.10150672
v 0.00807796 -0.14062500 0.03125000
v 0.01562500 -0.14062500 0.02428902
v 0.01562500 -0.14062500 0.10145602
v 0.00747847 -0.12500000 0.03125000
v 0.01562500 -0.12500000 0.02405467
v 0.01562500 -0.12500000 0.10135350
v 0.00683920 -0.10937500 0.03125000
v 0.01562500 -0.10937500 0.02400446
v 0.01562500 -0.10937500 0.10113815
v 0.00585773 -0.09375000 0.03125000
v 0.01562500 -0.09375000 0.02396229
v 0.01562500 -0.09375000 0.10066614
v 0.00424978 -0.07812500 0.03125000
v 0.01562500 -0.07812500 0.02386179
v 0.01562500 -0.07812500 0.09958377
v 0.00175384 -0.06250000 0.03125000
v 0.01562500 -0.06250000 0.02380204
v 0.01562500 -0.06250000 0.09694599
v 0.01562500 -0.04687500 0.02381987
v 0.01183659 -0.04687500 0.09375000
v 0.01562500 -0.05480812 0.09375000
v 0.01562500 -0.04687500 0.09047479
v 0.01562500 -0.03125000 0.02390870
v 0.00876273 -0.03125000 0.09375000
v 0.01562500 -0.03125000 0.08775542
v 0.01562500 -0.01562500 0.02402546
v 0.00757918 -0.01562500 0.09375000
v 0.01562500 -0.01562500 0.08684120
v 0.01562500 0.00000000 0.02418772
v 0.00674330 0.00000000 0.09375000
v 0.01562500 0.00000000 0.08637050
v 0.01562500 0.01562500 0.02430926
v 0.00597609 0.01562500 0.09375000
v 0.01562500 0.01562500 0.08613855
v 0.01562500 0.03125000 0.02433000
v 0.00507095 0.03125000 0.09375000
v 0.01562500 0.03125000 0.08603530
v 0.01562500 0.04687500 0.02436134
v 0.00382074 0.04687500 0.09375000
v 0.01562500 0.04687500 0.08600044
v 0.01562500 0.06250000 0.02443484
v 0.00161623 0.06250000 0.09375000
v 0.01562500 0.06250000 0.08598069
v 0.01562500 0.07812500 0.02460145
v 0.01562500 0.07812500 0.08596792
v 0.01562500 0.09375000 0.02483266
v 0.01562500 0.09375000 0.08595952
v 0.01562500 0.10937500 0.02484404
v 0.01562500 0.10937500 0.08595374
v 0.01562500 0.12500000 0.02569139
v 0.01562500 0.12500000 0.08594942
v 0.01192422 0.14062500 0.03125000
v 0.01562500 0.14062500 0.03074645
v 0.00376536 0.14062500 0.09375000
v 0.01562500 0.14062500 0.08595454
v 0.01562500 0.14167782 0.03125000
v 0.01562500 0.15625000 0.03617968
v 0.00594408 0.15625000 0.09375000
v 0.01562500 0.15625000 0.08600076
v 0.01562500 0.17187500 0.03773137
v 0.00580182 0.17187500 0.09375000
v 0.01562500 0.17187500 0.08620116
v 0.01562500 0.18750000 0.03807273
v 0.00628046 0.18750000 0.09375000
v 0.01562500 0.18750000 0.08704752
v 0.01562500 0.20312500 0.03802403
v 0.00733416 0.20312500 0.09375000
v 0.01562500 0.20312500 0.08866012
v 0.01562500 0.21875000 0.03758712
v 0.01562500 0.21752309 0.09375000
v 0.01562500 0.21875000 0.09436784
v 0.01562500 0.23437500 0.03686349
v 0.00154884 0.23437500 0.09375000
v 0.01562500 0.23437500 0.09944395
v 0.01562500 0.25000000 0.03578694
v 0.00507414 0.25000000 0.09375000
v 0.01562500 0.25000000 0.09993468
v 0.00282852 0.26562500 0.03125000
v 0.01562500 0.26562500 0.03418461
v 0.00702355 0.26562500 0.09375000
v 0.01562500 0.26562500 0.09990354
v 0.01108080 0.28125000 0.03125000
v 0.01562500 0.28125000 0.03247503
v 0.00805904 0.28125000 0.09375000
v 0.01562500 0.28125000 0.09986708
v 0.01520590 0.29687500 0.03125000
v 0.01562500 0.29687500 0.03140088
v 0.00839833 0.29687500 0.09375000
v 0.01562500 0.29687500 0.09988622
v 0.01562500 0.29889678 0.03125000
v 0.01562500 0.31250000 0.03028802
v 0.00840767 0.31250000 0.09375000
v 0.01562500 0.31250000 0.09996180
v 0.01562500 0.32812500 0.02933075
v 0.00762033 0.32812500 0.09375000
v 0.01562500 0.32812500 0.09991608
v 0.01562500 0.33026842 0.03125000
v 0.01562500 0.34375000 0.03856722
v 0.01562500 0.33519929 0.09375000
v 0.01562500 0.34375000 0.08686416
v 0.01562500 0.35937500 0.03906250
v 0.01562500 0.35937500 0.08597296
v 0.01562500 0.37500000 0.03906250
v 0.01562500 0.37500000 0.08594110
v 0.01562500 0.39062500 0.03981035
v 0.01562500 0.38944517 0.07812500
v 0.01562500 0.39062500 0.07691369
v 0.01562500 0.39768965 0.04687500
v 0.01562500 0.39832613 0.06250000
v 0.03125000 -0.42422296 0.06250000
v 0.03125000 -0.42187500 0.05994142
v 0.03125000 -0.42734529 0.07812500
v 0.03125000 -0.42187500 0.08359534
v 0.03125000 -0.41446020 0.04687500
v 0.03125000 -0.40625000 0.03906250
v 0.03125000 -0.40625000 0.08595995
v 0.03125000 -0.39062500 0.03616814
v 0.03125000 -0.39062500 0.08616720
v 0.03125000 -0.38387484 0.03125000
v 0.03125000 -0.37500000 0.02536671
v 0.03125000 -0.37500000 0.08628520
v 0.03125000 -0.36671191 0.03125000
v 0.03125000 -0.35937500 0.03669331
v 0.03125000 -0.35937500 0.08668727
v 0.03125000 -0.34375000 0.03882119
v 0.03125000 -0.34375000 0.08754413
v 0.03125000 -0.32812500 0.03901459
v 0.03125000 -0.32812500 0.08680719
v 0.03125000 -0.31250000 0.03901207
v 0.03125000 -0.31250000 0.08666444
v 0.03125000 -0.29687500 0.03888018
v 0.03125000 -0.29687500 0.08992935
v 0.03125000 -0.28125000 0.03840188
v 0.03125000 -0.29097898 0.09375000
v 0.03125000 -0.28125000 0.09918972
v 0.03125000 -0.26562500 0.03666807
v 0.03125000 -0.26562500 0.10118598
v 0.03125000 -0.25108231 0.03125000
v 0.03125000 -0.25000000 0.03065619
v 0.03125000 -0.25000000 0.10150277
v 0.03125000 -0.23437500 0.02552344
v 0.03125000 -0.23437500 0.10154160
v 0.03125000 -0.21875000 0.02424851
v 0.03125000 -0.21875000 0.10154790
v 0.03125000 -0.20312500 0.02457527
v 0.03125000 -0.20312500 0.10155222
v 0.03125000 -0.18750000 0.02515233
v 0.03125000 -0.18750000 0.10154281
v 0.03125000 -0.17187500 0.02633405
v 0.03125000 -0.17187500 0.10151966
v 0.03125000 -0.15625000 0.02815410
v 0.03125000 -0.15625000 0.10146988
v 0.03125000 -0.14062500 0.02713903
v 0.03125000 -0.14062500 0.10135788
v 0.03125000 -0.12500000 0.02688585
v 0.03125000 -0.12500000 0.10109885
v 0.03125000 -0.10937500 0.02668531
v 0.03125000 -0.10937500 0.10047780
v 0.03125000 -0.09375000 0.02653980
v 0.03125000 -0.09375000 0.09895092
v 0.03125000 -0.07812500 0.02645095
v 0.03125000 -0.07812500 0.09598332
v 0.03125000 -0.06250000 0.02643873
v 0.02387925 -0.06250000 0.09375000
v 0.03125000 -0.07155118 0.09375000
v 0.03125000 -0.06250000 0.09083222
v 0.03125000 -0.04687500 0.02765244
v 0.03125000 -0.04687500 0.08804717
v 0.03125000 -0.03125000 0.02957022
v 0.03125000 -0.03125000 0.08684024
v 0.03125000 -0.01562500 0.03035281
v 0.03125000 -0.01562500 0.08630442
v 0.03109791 0.00000000 0.03125000
v 0.03125000 -0.00183519 0.03125000
v 0.03125000 0.00000000 0.03137566
v 0.03125000 0.00000000 0.08608754
v 0.02970262 0.01562500 0.03125000
v 0.03125000 0.01562500 0.03251180
v 0.03125000 0.01562500 0.08601103
v 0.02824360 0.03125000 0.03125000
v 0.03125000 0.03125000 0.03373808
v 0.03125000 0.03125000 0.08597554
v 0.02706014 0.04687500 0.03125000
v 0.03125000 0.04687500 0.03475236
v 0.03125000 0.04687500 0.08595658
v 0.02658613 0.06250000 0.03125000
v 0.03125000 0.06250000 0.03511940
v 0.03125000 0.06250000 0.08594774
v 0.02604947 0.07812500 0.03125000
v 0.03125000 0.07812500 0.03546573
v 0.03125000 0.07812500 0.08594564
v 0.02671703 0.09375000 0.03125000
v 0.03125000 0.09375000 0.03471381
v 0.03125000 0.09375000 0.08594350
v 0.02809606 0.10937500 0.03125000
v 0.03125000 0.10937500 0.03358540
v 0.03125000 0.10937500 0.08594188
v 0.02966342 0.12500000 0.03125000
v 0.03125000 0.12500000 0.03216784
v 0.03125000 0.12500000 0.08594147
v 0.03125000 0.12712718 0.03125000
v 0.03125000 0.14062500 0.02681769
v 0.03125000 0.14062500 0.08594228
v 0.02332249 0.15625000 0.03125000
v 0.03125000 0.15625000 0.02622043
v 0.03125000 0.15625000 0.08594347
v 0.02799999 0.17187500 0.03125000
v 0.03125000 0.17187500 0.02879775
v 0.03125000 0.17187500 0.08596436
v 0.03125000 0.18180467 0.03125000
v 0.03125000 0.18750000 0.03275742
v 0.03125000 0.18750000 0.08607027
v 0.03125000 0.20312500 0.03483389
v 0.03125000 0.20312500 0.08659165
v 0.03125000 0.21875000 0.03616745
v 0.01724741 0.21875000 0.09375000
v 0.03125000 0.21875000 0.08965361
v 0.03125000 0.23437500 0.03632320
v 0.03125000 0.23082876 0.09375000
v 0.03125000 0.23437500 0.09522603
v 0.03125000 0.25000000 0.03644605
v 0.03125000 0.25000000 0.09956846
v 0.03125000 0.26562500 0.03650861
v 0.03125000 0.26562500 0.10093405
v 0.03125000 0.28125000 0.03555615
v 0.03125000 0.28125000 0.10136421
v 0.03125000 0.29687500 0.03424810
v 0.03125000 0.29687500 0.10150026
v 0.02258724 0.31250000 0.03125000
v 0.03125000 0.31250000 0.03242921
v 0.03125000 0.31250000 0.10151603
v 0.03125000 0.32053016 0.03125000
v 0.03125000 0.32812500 0.03013013
v 0.03125000 0.32812500 0.10151276
v 0.03125000 0.32952018 0.03125000
v 0.03125000 0.34375000 0.03813342
v 0.02730858 0.34375000 0.09375000
v 0.03125000 0.34375000 0.09703108
v 0.03125000 0.35937500 0.03906250
v 0.03125000 0.34898166 0.09375000
v 0.03125000 0.35937500 0.08835042
v 0.03125000 0.37500000 0.03906250
v 0.03125000 0.37500000 0.08609664
v 0.03066331 0.39062500 0.04687500
v 0.03125000 0.39013762 0.04687500
v 0.03125000 0.39062500 0.04737824
v 0.01695511 0.39062500 0.07812500
v 0.03125000 0.39062500 0.08542908
v 0.03125000 0.39830830 0.06250000
v 0.03125000 0.39792906 0.07812500
v 0.04687500 -0.42846109 0.06250000
v 0.04687500 -0.42187500 0.05404084
v 0.04022520 -0.42187500 0.07812500
v 0.04687500 -0.42187500 0.07259520
v 0.04687500 -0.41591154 0.04687500
v 0.04687500 -0.40625000 0.03906250
v 0.04687500 -0.41741771 0.07812500
v 0.04687500 -0.40625000 0.08617830
v 0.04687500 -0.39062500 0.03906222
v 0.04687500 -0.39062500 0.08785165
v 0.03713495 -0.37500000 0.03125000
v 0.04687500 -0.37500000 0.03906073
v 0.04687500 -0.37500000 0.08661342
v 0.04687500 -0.35937500 0.03906202
v 0.04687500 -0.35937500 0.08653619
v 0.04687500 -0.34375000 0.03906236
v 0.04687500 -0.34375000 0.08650654
v 0.04687500 -0.32812500 0.03906247
v 0.04687500 -0.32812500 0.08620760
v 0.04687500 -0.31250000 0.03906245
v 0.04687500 -0.31250000 0.08631016
v 0.04687500 -0.29687500 0.03906245
v 0.04687500 -0.29687500 0.08729728
v 0.04687500 -0.28125000 0.03906248
v 0.04195533 -0.28125000 0.09375000
v 0.04687500 -0.28125000 0.09067080
v 0.04687500 -0.26562500 0.03906249
v 0.04687500 -0.27617370 0.09375000
v 0.04687500 -0.26562500 0.09902749
v 0.03184381 -0.25000000 0.03125000
v 0.04687500 -0.25000000 0.03906250
v 0.04687500 -0.25000000 0.10124828
v 0.03697656 -0.23437500 0.03125000
v 0.04687500 -0.23437500 0.03906250
v 0.04687500 -0.23437500 0.10150820
v 0.03825149 -0.21875000 0.03125000
v 0.04687500 -0.21875000 0.03906250
v 0.04687500 -0.21875000 0.10154323
v 0.03792473 -0.20312500 0.03125000
v 0.04687500 -0.20312500 0.03906250
v 0.04687500 -0.20312500 0.10153072
v 0.03734767 -0.18750000 0.03125000
v 0.04687500 -0.18750000 0.03906250
v 0.04687500 -0.18750000 0.10150811
v 0.03616595 -0.17187500 0.03125000
v 0.04687500 -0.17187500 0.03906250
v 0.04687500 -0.17187500 0.10146749
v 0.03434590 -0.15625000 0.03125000
v 0.04687500 -0.15625000 0.03906250
v 0.04687500 -0.15625000 0.10137796
v 0.03536097 -0.14062500 0.03125000
v 0.04687500 -0.14062500 0.03906250
v 0.04687500 -0.14062500 0.10123163
v 0.03561415 -0.12500000 0.03125000
v 0.04687500 -0.12500000 0.03906250
v 0.04687500 -0.12500000 0.10095085
v 0.03581469 -0.10937500 0.03125000
v 0.04687500 -0.10937500 0.03906250
v 0.04687500 -0.10937500 0.10038891
v 0.03596020 -0.09375000 0.03125000
v 0.04687500 -0.09375000 0.03906250
v 0.04687500 -0.09375000 0.09920757
v 0.03604905 -0.07812500 0.03125000
v 0.04687500 -0.07812500 0.03906250
v 0.04687500 -0.07812500 0.09656392
v 0.03606127 -0.06250000 0.03125000
v 0.04687500 -0.06250000 0.03906250
v 0.04687500 -0.06896603 0.09375000
v 0.04687500 -0.06250000 0.09165236
v 0.03484756 -0.04687500 0.03125000
v 0.04687500 -0.04687500 0.03906250
v 0.04687500 -0.04687500 0.08928131
v 0.03292978 -0.03125000 0.03125000
v 0.04687500 -0.03125000 0.03906250
v 0.04687500 -0.03125000 0.08800810
v 0.03214719 -0.01562500 0.03125000
v 0.04687500 -0.01562500 0.03906250
v 0.04687500 -0.01562500 0.08721764
v 0.04687500 0.00000000 0.03906250
v 0.04687500 0.00000000 0.08669439
v 0.04687500 0.01562500 0.03906250
v 0.04687500 0.01562500 0.08636933
v 0.04687500 0.03125000 0.03906250
v 0.04687500 0.03125000 0.08617748
v 0.04687500 0.04687500 0.03906250
v 0.04687500 0.04687500 0.08609185
v 0.04687500 0.06250000 0.03906250
v 0.04687500 0.06250000 0.08604104
v 0.04687500 0.07812500 0.03906250
v 0.04687500 0.07812500 0.08600662
v 0.04687500 0.09375000 0.03906250
v 0.04687500 0.09375000 0.08599258
v 0.04687500 0.10937500 0.03906250
v 0.04687500 0.10937500 0.08598110
v 0.04687500 0.12500000 0.03906250
v 0.04687500 0.12500000 0.08597397
v 0.03568232 0.14062500 0.03125000
v 0.04687500 0.14062500 0.03906250
v 0.04687500 0.14062500 0.08597608
v 0.03627963 0.15625000 0.03125000
v 0.04687500 0.15625000 0.03906244
v 0.04687500 0.15625000 0.08597818
v 0.03370258 0.17187500 0.03125000
v 0.04687500 0.17187500 0.03906187
v 0.04687500 0.17187500 0.08598585
v 0.04687500 0.18750000 0.03905753
v 0.04687500 0.18750000 0.08603833
v 0.04687500 0.20312500 0.03905826
v 0.04687500 0.20312500 0.08631992
v 0.04687500 0.21875000 0.03906039
v 0.04687500 0.21875000 0.08744690
v 0.04687500 0.23437500 0.03906208
v 0.04687500 0.23318363 0.09375000
v 0.04687500 0.23437500 0.09457595
v 0.04687500 0.25000000 0.03906246
v 0.04687500 0.25000000 0.09980659
v 0.04687500 0.26562500 0.03906250
v 0.04687500 0.26562500 0.10048306
v 0.04687500 0.28125000 0.03906250
v 0.04687500 0.28125000 0.10089695
v 0.04687500 0.29687500 0.03906250
v 0.04687500 0.29687500 0.10130594
v 0.04687500 0.31250000 0.03906250
v 0.04687500 0.31250000 0.10148096
v 0.03236987 0.32812500 0.03125000
v 0.04687500 0.32812500 0.03906250
v 0.04687500 0.32812500 0.10150653
v 0.04687500 0.34375000 0.03906250
v 0.04687500 0.34375000 0.10004740
v 0.04687500 0.35937500 0.03906250
v 0.03699000 0.35937500 0.09375000
v 0.04687500 0.35937500 0.10119169
v 0.04687500 0.37500000 0.03906250
v 0.04376710 0.37500000 0.09375000
v 0.04687500 0.37500000 0.09675769
v 0.03202527 0.39062500 0.04687500
v 0.04687500 0.39062500 0.04091477
v 0.04687500 0.37800845 0.09375000
v 0.04687500 0.39062500 0.08576716
v 0.04687500 0.39658523 0.04687500
v 0.04687500 0.39838310 0.06250000
v 0.04687500 0.39826595 0.07812500
v 0.06250000 -0.42945850 0.06250000
v 0.06250000 -0.42187500 0.05491625
v 0.06250000 -0.42187500 0.07126718
v 0.06250000 -0.41406269 0.04687500
v 0.06250000 -0.40625000 0.03906256
v 0.06250000 -0.41524196 0.07812500
v 0.06250000 -0.40625000 0.08784976
v 0.06250000 -0.39062500 0.03906245
v 0.05602366 -0.39062500 0.09375000
v 0.06250000 -0.39709939 0.09375000
v 0.06250000 -0.39062500 0.09844291
v 0.06250000 -0.37500000 0.03906250
v 0.06250000 -0.38370260 0.09375000
v 0.06250000 -0.37500000 0.08827325
v 0.06250000 -0.35937500 0.03906250
v 0.06250000 -0.35937500 0.08713351
v 0.06250000 -0.34375000 0.03906250
v 0.06250000 -0.34375000 0.08685618
v 0.06250000 -0.32812500 0.03906250
v 0.06250000 -0.32812500 0.08618484
v 0.06250000 -0.31250000 0.03906250
v 0.06250000 -0.31250000 0.08618173
v 0.06250000 -0.29687500 0.03906250
v 0.06250000 -0.29687500 0.08652520
v 0.06250000 -0.28125000 0.03906250
v 0.06250000 -0.28125000 0.08728074
v 0.06250000 -0.26562500 0.03906250
v 0.05391669 -0.26562500 0.09375000
v 0.06250000 -0.26562500 0.08776005
v 0.06250000 -0.25000000 0.03906250
v 0.05620247 -0.25000000 0.09375000
v 0.06250000 -0.25000000 0.08775254
v 0.06250000 -0.23437500 0.03906250
v 0.05707258 -0.23437500 0.09375000
v 0.06250000 -0.23437500 0.08837171
v 0.06250000 -0.21875000 0.03906250
v 0.06106570 -0.21875000 0.09375000
v 0.06250000 -0.21875000 0.09232211
v 0.06250000 -0.20312500 0.03906250
v 0.06250000 -0.21533258 0.09375000
v 0.06250000 -0.20312500 0.09787989
v 0.06250000 -0.18750000 0.03906250
v 0.06250000 -0.18750000 0.09893415
v 0.06250000 -0.17187500 0.03906250
v 0.06250000 -0.17187500 0.09842788
v 0.06250000 -0.15625000 0.03906250
v 0.06250000 -0.15625000 0.09781032
v 0.06250000 -0.14062500 0.03906250
v 0.06250000 -0.14062500 0.09702236
v 0.06250000 -0.12500000 0.03906250
v 0.06250000 -0.12500000 0.09730993
v 0.06250000 -0.10937500 0.03906250
v 0.06250000 -0.10937500 0.09745351
v 0.06250000 -0.09375000 0.03906250
v 0.06250000 -0.09375000 0.09737322
v 0.06250000 -0.07812500 0.03906250
v 0.06250000 -0.07812500 0.09698661
v 0.06250000 -0.06250000 0.03906250
v 0.05337846 -0.06250000 0.09375000
v 0.06250000 -0.06250000 0.09654123
v 0.06250000 -0.04687500 0.03906250
v 0.05786490 -0.04687500 0.09375000
v 0.06250000 -0.04687500 0.09600815
v 0.06250000 -0.03125000 0.03906250
v 0.05989361 -0.03125000 0.09375000
v 0.06250000 -0.03125000 0.09537806
v 0.06250000 -0.01562500 0.03906250
v 0.06185793 -0.01562500 0.09375000
v 0.06250000 -0.01562500 0.09421668
v 0.06250000 0.00000000 0.03906250
v 0.06250000 -0.01129832 0.09375000
v 0.06250000 0.00000000 0.09258731
v 0.06250000 0.01562500 0.03906250
v 0.06250000 0.01562500 0.08971033
v 0.06250000 0.03125000 0.03906250
v 0.06250000 0.03125000 0.08797887
v 0.06250000 0.04687500 0.03906250
v 0.06250000 0.04687500 0.08712025
v 0.06250000 0.06250000 0.03906250
v 0.06250000 0.06250000 0.08669623
v 0.06250000 0.07812500 0.03906250
v 0.06250000 0.07812500 0.08656636
v 0.06250000 0.09375000 0.03906250
v 0.06250000 0.09375000 0.08646067
v 0.06250000 0.10937500 0.03906250
v 0.06250000 0.10937500 0.08637041
v 0.06250000 0.12500000 0.03906250
v 0.06250000 0.12500000 0.08634179
v 0.06250000 0.14062500 0.03906250
v 0.06250000 0.14062500 0.08638578
v 0.06250000 0.15625000 0.03906250
v 0.06250000 0.15625000 0.08643326
v 0.06250000 0.17187500 0.03906250
v 0.06250000 0.17187500 0.08648464
v 0.06250000 0.18750000 0.03906250
v 0.06250000 0.18750000 0.08654019
v 0.06250000 0.20312500 0.03906250
v 0.06250000 0.20312500 0.08659892
v 0.06250000 0.21875000 0.03906250
v 0.06250000 0.21875000 0.08806355
v 0.06250000 0.23437500 0.03906250
v 0.06250000 0.23379546 0.09375000
v 0.06250000 0.23437500 0.09408693
v 0.06250000 0.25000000 0.03906250
v 0.06250000 0.25000000 0.09957157
v 0.06250000 0.26562500 0.03906250
v 0.06250000 0.26562500 0.10130822
v 0.06250000 0.28125000 0.03906250
v 0.06250000 0.28125000 0.10143257
v 0.06250000 0.29687500 0.03906250
v 0.06250000 0.29687500 0.10146170
v 0.06250000 0.31250000 0.03906250
v 0.06250000 0.31250000 0.10148425
v 0.06250000 0.32812500 0.03906250
v 0.06250000 0.32812500 0.10112575
v 0.06250000 0.34375000 0.03906250
v 0.06102825 0.34375000 0.09375000
v 0.06250000 0.34261245 0.09375000
v 0.06250000 0.34375000 0.09272500
v 0.06250000 0.35937500 0.03906250
v 0.06250000 0.34484375 0.09375000
v 0.06250000 0.35937500 0.10129056
v 0.06250000 0.37500000 0.03906300
v 0.06250000 0.37500000 0.10126381
v 0.05307209 0.39062500 0.04687500
v 0.06250000 0.38306107 0.04687500
v 0.06250000 0.39062500 0.05451684
v 0.06250000 0.38251797 0.09375000
v 0.06250000 0.39062500 0.08591077
v 0.06250000 0.39835903 0.06250000
v 0.06250000 0.39840661 0.07812500
v 0.07812500 -0.42944693 0.06250000
v 0.07812500 -0.42187500 0.05492805
v 0.07576530 -0.42187500 0.07812500
v 0.07812500 -0.42368747 0.07812500
v 0.07812500 -0.42187500 0.07993747
v 0.07812500 -0.41405778 0.04687500
v 0.07812500 -0.40625000 0.03906694
v 0.07812500 -0.40625000 0.08606707
v 0.07812500 -0.39062500 0.03906235
v 0.07812500 -0.39646962 0.09375000
v 0.07812500 -0.39062500 0.09947378
v 0.07812500 -0.37500000 0.03906250
v 0.07812500 -0.37907158 0.09375000
v 0.07812500 -0.37500000 0.09110553
v 0.07812500 -0.35937500 0.03906250
v 0.07812500 -0.35937500 0.08792005
v 0.07812500 -0.34375000 0.03906250
v 0.07812500 -0.34375000 0.08675358
v 0.07812500 -0.32812500 0.03906791
v 0.07812500 -0.32812500 0.08614755
v 0.07812500 -0.31250000 0.03907325
v 0.07812500 -0.31250000 0.08621440
v 0.07812500 -0.29687500 0.03907666
v 0.07812500 -0.29687500 0.08623417
v 0.07812500 -0.28125000 0.03908793
v 0.07812500 -0.28125000 0.08626062
v 0.07812500 -0.26562500 0.03912022
v 0.07812500 -0.26562500 0.08625915
v 0.07812500 -0.25000000 0.03919327
v 0.07812500 -0.25000000 0.08625691
v 0.07812500 -0.23437500 0.03935911
v 0.07812500 -0.23437500 0.08625381
v 0.07812500 -0.21875000 0.04008194
v 0.07812500 -0.21875000 0.08625033
v 0.07812500 -0.20312500 0.04226771
v 0.06700456 -0.20312500 0.09375000
v 0.07812500 -0.20312500 0.08640559
v 0.07812500 -0.18750000 0.04677050
v 0.06934443 -0.18750000 0.09375000
v 0.07812500 -0.18750000 0.08767001
v 0.07812500 -0.17187500 0.04245328
v 0.07292024 -0.17187500 0.09375000
v 0.07812500 -0.17187500 0.09100164
v 0.07812500 -0.15625000 0.04044497
v 0.07045228 -0.15625000 0.09375000
v 0.07812500 -0.15625000 0.08979630
v 0.07812500 -0.14062500 0.03989683
v 0.06816999 -0.14062500 0.09375000
v 0.07812500 -0.14062500 0.08878969
v 0.07812500 -0.12500000 0.04115242
v 0.06774522 -0.12500000 0.09375000
v 0.07812500 -0.12500000 0.08798991
v 0.07812500 -0.10937500 0.04237059
v 0.06778172 -0.10937500 0.09375000
v 0.07812500 -0.10937500 0.08783982
v 0.07812500 -0.09375000 0.04252630
v 0.06771337 -0.09375000 0.09375000
v 0.07812500 -0.09375000 0.08787292
v 0.07812500 -0.07812500 0.04193124
v 0.06721499 -0.07812500 0.09375000
v 0.07812500 -0.07812500 0.08786303
v 0.07812500 -0.06250000 0.04157261
v 0.06643853 -0.06250000 0.09375000
v 0.07812500 -0.06250000 0.08762151
v 0.07812500 -0.04687500 0.04161674
v 0.06550333 -0.04687500 0.09375000
v 0.07812500 -0.04687500 0.08726260
v 0.07812500 -0.03125000 0.04236436
v 0.06455738 -0.03125000 0.09375000
v 0.07812500 -0.03125000 0.08696741
v 0.07812500 -0.01562500 0.04398915
v 0.06305828 -0.01562500 0.09375000
v 0.07812500 -0.01562500 0.08665920
v 0.07804883 0.00000000 0.04687500
v 0.07812500 -0.00033073 0.04687500
v 0.07812500 0.00000000 0.04695117
v 0.07812500 0.00000000 0.08641435
v 0.07494512 0.01562500 0.04687500
v 0.07812500 0.01562500 0.05005488
v 0.07812500 0.01562500 0.08632755
v 0.07293146 0.03125000 0.04687500
v 0.07812500 0.03125000 0.05206854
v 0.07812500 0.03125000 0.08625637
v 0.07185221 0.04687500 0.04687500
v 0.07812500 0.04687500 0.05314779
v 0.07812500 0.04687500 0.08620721
v 0.07224984 0.06250000 0.04687500
v 0.07812500 0.06250000 0.05275016
v 0.07812500 0.06250000 0.08615013
v 0.07274303 0.07812500 0.04687500
v 0.07812500 0.07812500 0.05225697
v 0.07812500 0.07812500 0.08610366
v 0.07444049 0.09375000 0.04687500
v 0.07812500 0.09375000 0.05055951
v 0.07812500 0.09375000 0.08607937
v 0.07812500 0.10317416 0.04687500
v 0.07812500 0.10937500 0.04423801
v 0.07812500 0.10937500 0.08608191
v 0.07812500 0.12500000 0.04084810
v 0.07812500 0.12500000 0.08611542
v 0.07812500 0.14062500 0.03966646
v 0.07812500 0.14062500 0.08618056
v 0.07812500 0.15625000 0.03926669
v 0.07812500 0.15625000 0.08625958
v 0.07812500 0.17187500 0.03912213
v 0.07812500 0.17187500 0.08634840
v 0.07812500 0.18750000 0.03907037
v 0.07812500 0.18750000 0.08633577
v 0.07812500 0.20312500 0.03906337
v 0.07812500 0.20312500 0.08625761
v 0.07812500 0.21875000 0.03906272
v 0.07812500 0.21875000 0.08619446
v 0.07812500 0.23437500 0.03906259
v 0.06287333 0.23437500 0.09375000
v 0.07812500 0.23437500 0.08634710
v 0.07812500 0.25000000 0.03906261
v 0.06961736 0.25000000 0.09375000
v 0.07812500 0.25000000 0.08726335
v 0.07812500 0.26562500 0.03906291
v 0.07442029 0.26562500 0.09375000
v 0.07812500 0.26562500 0.09022618
v 0.07812500 0.28125000 0.03906393
v 0.07812500 0.27143738 0.09375000
v 0.07812500 0.28125000 0.09889972
v 0.07812500 0.29687500 0.03906680
v 0.07812500 0.29687500 0.10127978
v 0.07812500 0.31250000 0.03907424
v 0.07812500 0.31250000 0.10139334
v 0.07812500 0.32812500 0.03906933
v 0.07812500 0.32812500 0.09894087
v 0.07812500 0.34375000 0.03907677
v 0.07812500 0.33808289 0.09375000
v 0.07812500 0.34375000 0.09030230
v 0.07782540 0.35937500 0.04687500
v 0.07812500 0.35907433 0.04687500
v 0.07812500 0.35937500 0.04717460
v 0.07812500 0.34759175 0.09375000
v 0.07812500 0.35937500 0.10101218
v 0.07031664 0.37500000 0.04687500
v 0.07812500 0.37500000 0.05468285
v 0.07812500 0.37500000 0.10084114
v 0.07812500 0.39062500 0.05496597
v 0.07812500 0.38209842 0.09375000
v 0.07812500 0.39062500 0.08594354
v 0.07812500 0.39815904 0.06250000
v 0.07812500 0.39843622 0.07812500
v 0.08666079 -0.42187500 0.06250000
v 0.09375000 -0.42964942 0.07812500
v 0.09375000 -0.42187500 0.06938891
v 0.09375000 -0.42187500 0.08589960
v 0.09375000 -0.41406329 0.04687500
v 0.09375000 -0.40625000 0.03906297
v 0.09375000 -0.41502362 0.06250000
v 0.08782241 -0.40625000 0.09375000
v 0.09375000 -0.41205621 0.09375000
v 0.09375000 -0.40625000 0.09955605
v 0.09375000 -0.39062500 0.03906250
v 0.09375000 -0.39062500 0.10155732
v 0.09375000 -0.37500000 0.03906250
v 0.08077458 -0.37500000 0.09375000
v 0.09375000 -0.37500000 0.10155343
v 0.09375000 -0.35937500 0.03906290
v 0.08430218 -0.35937500 0.09375000
v 0.09375000 -0.35937500 0.10119580
v 0.09375000 -0.34375000 0.03919171
v 0.09114739 -0.34375000 0.09375000
v 0.09375000 -0.34375000 0.09592896
v 0.08692407 -0.32812500 0.04687500
v 0.09375000 -0.33507300 0.04687500
v 0.09375000 -0.32812500 0.05369561
v 0.09375000 -0.34131596 0.09375000
v 0.09375000 -0.32812500 0.08644405
v 0.08641069 -0.31250000 0.04687500
v 0.09375000 -0.31250000 0.05420360
v 0.09375000 -0.31250000 0.08627630
v 0.08632552 -0.29687500 0.04687500
v 0.09375000 -0.29687500 0.05428536
v 0.09375000 -0.29687500 0.08615023
v 0.08838669 -0.28125000 0.04687500
v 0.09375000 -0.28125000 0.05221540
v 0.09375000 -0.28125000 0.08613964
v 0.09003292 -0.26562500 0.04687500
v 0.09375000 -0.26562500 0.05055038
v 0.09375000 -0.26562500 0.08623384
v 0.09196028 -0.25000000 0.04687500
v 0.09375000 -0.25000000 0.04861235
v 0.09375000 -0.25000000 0.08641521
v 0.09204563 -0.23437500 0.04687500
v 0.09375000 -0.23437500 0.04846739
v 0.09375000 -0.23437500 0.08671661
v 0.09375000 -0.22611268 0.04687500
v 0.09375000 -0.21875000 0.04544007
v 0.09375000 -0.21875000 0.08720302
v 0.09375000 -0.20312500 0.04211943
v 0.09375000 -0.20312500 0.08798226
v 0.09375000 -0.18750000 0.04067873
v 0.09375000 -0.18750000 0.08921772
v 0.09375000 -0.17187500 0.03987062
v 0.09375000 -0.17187500 0.09117374
v 0.09375000 -0.15625000 0.03939169
v 0.08527195 -0.15625000 0.09375000
v 0.09375000 -0.16672732 0.09375000
v 0.09375000 -0.15625000 0.09822898
v 0.09375000 -0.14062500 0.03919718
v 0.08520786 -0.14062500 0.09375000
v 0.09375000 -0.14062500 0.09936503
v 0.09375000 -0.12500000 0.03911702
v 0.08587511 -0.12500000 0.09375000
v 0.09375000 -0.12500000 0.09956830
v 0.09375000 -0.10937500 0.03913129
v 0.08591645 -0.10937500 0.09375000
v 0.09375000 -0.10937500 0.09968000
v 0.09375000 -0.09375000 0.03916915
v 0.08556678 -0.09375000 0.09375000
v 0.09375000 -0.09375000 0.09997919
v 0.09375000 -0.07812500 0.03922318
v 0.08531076 -0.07812500 0.09375000
v 0.09375000 -0.07812500 0.10023751
v 0.09375000 -0.06250000 0.03919628
v 0.08552139 -0.06250000 0.09375000
v 0.09375000 -0.06250000 0.10027987
v 0.09375000 -0.04687500 0.03920354
v 0.08597675 -0.04687500 0.09375000
v 0.09375000 -0.04687500 0.10019931
v 0.09375000 -0.03125000 0.03927361
v 0.08631717 -0.03125000 0.09375000
v 0.09375000 -0.03125000 0.10016189
v 0.09375000 -0.01562500 0.03939585
v 0.08666705 -0.01562500 0.09375000
v 0.09375000 -0.01562500 0.10012366
v 0.07821052 0.00000000 0.04687500
v 0.09375000 0.00000000 0.03951683
v 0.08745023 0.00000000 0.09375000
v 0.09375000 0.00000000 0.09959616
v 0.08181868 0.01562500 0.04687500
v 0.09375000 0.01562500 0.03980998
v 0.08852484 0.01562500 0.09375000
v 0.09375000 0.01562500 0.09863354
v 0.08447906 0.03125000 0.04687500
v 0.09375000 0.03125000 0.04030049
v 0.09022327 0.03125000 0.09375000
v 0.09375000 0.03125000 0.09705871
v 0.08647760 0.04687500 0.04687500
v 0.09375000 0.04687500 0.04111435
v 0.09295018 0.04687500 0.09375000
v 0.09375000 0.04687500 0.09449900
v 0.08757988 0.06250000 0.04687500
v 0.09375000 0.06250000 0.04246485
v 0.09375000 0.05029761 0.09375000
v 0.09375000 0.06250000 0.09137205
v 0.09002482 0.07812500 0.04687500
v 0.09375000 0.07812500 0.04466798
v 0.09375000 0.07812500 0.08915375
v 0.09375000 0.08846879 0.04687500
v 0.09375000 0.09375000 0.04808552
v 0.09375000 0.09375000 0.08781977
v 0.08415839 0.10937500 0.04687500
v 0.09375000 0.10937500 0.05068768
v 0.09375000 0.10937500 0.08678697
v 0.08662245 0.12500000 0.04687500
v 0.09375000 0.12500000 0.05226549
v 0.09375000 0.12500000 0.08645302
v 0.08718249 0.14062500 0.04687500
v 0.09375000 0.14062500 0.05286105
v 0.09375000 0.14062500 0.08629372
v 0.08744615 0.15625000 0.04687500
v 0.09375000 0.15625000 0.05298326
v 0.09375000 0.15625000 0.08618307
v 0.08755410 0.17187500 0.04687500
v 0.09375000 0.17187500 0.05301391
v 0.09375000 0.17187500 0.08610645
v 0.08831719 0.18750000 0.04687500
v 0.09375000 0.18750000 0.05230068
v 0.09375000 0.18750000 0.08605355
v 0.08977560 0.20312500 0.04687500
v 0.09375000 0.20312500 0.05084874
v 0.09375000 0.20312500 0.08601711
v 0.09349570 0.21875000 0.04687500
v 0.09375000 0.21875000 0.04712929
v 0.09375000 0.21875000 0.08599205
v 0.09375000 0.21958861 0.04687500
v 0.09375000 0.23437500 0.04334646
v 0.09375000 0.23437500 0.08598363
v 0.09375000 0.25000000 0.04176865
v 0.09375000 0.25000000 0.08602028
v 0.09375000 0.26562500 0.04087732
v 0.09375000 0.26562500 0.08645196
v 0.09375000 0.28125000 0.04155206
v 0.08641155 0.28125000 0.09375000
v 0.09375000 0.28125000 0.08901077
v 0.09132587 0.29687500 0.04687500
v 0.09375000 0.29278122 0.04687500
v 0.09375000 0.29687500 0.04929688
v 0.09375000 0.29448244 0.09375000
v 0.09375000 0.29687500 0.09489021
v 0.08728425 0.31250000 0.04687500
v 0.09375000 0.31250000 0.05332936
v 0.09375000 0.31250000 0.10055665
v 0.08829390 0.32812500 0.04687500
v 0.09375000 0.32812500 0.05232489
v 0.09375000 0.32812500 0.09534535
v 0.08652236 0.34375000 0.04687500
v 0.09375000 0.34375000 0.05408846
v 0.08270596 0.34375000 0.09375000
v 0.09375000 0.34375000 0.10008862
v 0.09375000 0.35937500 0.05459784
v 0.09375000 0.35937500 0.10147810
v 0.09375000 0.37500000 0.05463135
v 0.09375000 0.37500000 0.10077419
v 0.09375000 0.39062500 0.06184920
v 0.09375000 0.38203886 0.09375000
v 0.09375000 0.39062500 0.08595231
v 0.09375000 0.39127569 0.06250000
v 0.09375000 0.39865267 0.07812500
v 0.10160838 -0.42187500 0.07812500
v 0.10937500 -0.41424790 0.04687500
v 0.10937500 -0.40625000 0.03907032
v 0.10937500 -0.41456001 0.06250000
v 0.10937500 -0.41414646 0.07812500
v 0.10937500 -0.41399655 0.09375000
v 0.10937500 -0.40625000 0.10149069
v 0.10937500 -0.39062500 0.03906712
v 0.10937500 -0.39062500 0.10156200
v 0.10937500 -0.37500000 0.03921853
v 0.10937500 -0.37500000 0.10156186
v 0.10168027 -0.35937500 0.04687500
v 0.10937500 -0.36722537 0.04687500
v 0.10937500 -0.35937500 0.05456933
v 0.10937500 -0.35937500 0.10155938
v 0.10143500 -0.34375000 0.04687500
v 0.10937500 -0.34375000 0.05468579
v 0.10937500 -0.34375000 0.10143351
v 0.10937500 -0.32812500 0.05468731
v 0.10318552 -0.32812500 0.09375000
v 0.10937500 -0.32812500 0.09946123
v 0.10937500 -0.31250000 0.05468649
v 0.10503687 -0.31250000 0.09375000
v 0.10937500 -0.31250000 0.09782148
v 0.10937500 -0.29687500 0.05466366
v 0.10937500 -0.30280286 0.09375000
v 0.10937500 -0.29687500 0.09098061
v 0.10937500 -0.28125000 0.05412489
v 0.10937500 -0.28125000 0.08764576
v 0.10937500 -0.26562500 0.05286912
v 0.10937500 -0.26562500 0.08745756
v 0.10937500 -0.25000000 0.05083805
v 0.10937500 -0.25000000 0.08745850
v 0.10432248 -0.23437500 0.04687500
v 0.10937500 -0.23652532 0.04687500
v 0.10937500 -0.23437500 0.04607124
v 0.10937500 -0.23437500 0.08760864
v 0.10937500 -0.21875000 0.04212914
v 0.10937500 -0.21875000 0.08777212
v 0.10937500 -0.20312500 0.04040443
v 0.10937500 -0.20312500 0.08794307
v 0.10937500 -0.18750000 0.03964989
v 0.10937500 -0.18750000 0.08811852
v 0.10937500 -0.17187500 0.03931965
v 0.10937500 -0.17187500 0.08829087
v 0.10937500 -0.15625000 0.03917511
v 0.10110398 -0.15625000 0.09375000
v 0.10937500 -0.15625000 0.08888635
v 0.10937500 -0.14062500 0.03909802
v 0.10334869 -0.14062500 0.09375000
v 0.10937500 -0.14062500 0.08968046
v 0.10937500 -0.12500000 0.03907394
v 0.10603562 -0.12500000 0.09375000
v 0.10937500 -0.12500000 0.09158015
v 0.10937500 -0.10937500 0.03906796
v 0.10484486 -0.10937500 0.09375000
v 0.10937500 -0.10937500 0.09062756
v 0.10937500 -0.09375000 0.03906579
v 0.10443653 -0.09375000 0.09375000
v 0.10937500 -0.09375000 0.09008558
v 0.10937500 -0.07812500 0.03906902
v 0.10622334 -0.07812500 0.09375000
v 0.10937500 -0.07812500 0.09137333
v 0.10937500 -0.06250000 0.03907457
v 0.10937500 -0.06333897 0.09375000
v 0.10937500 -0.06250000 0.09390744
v 0.10937500 -0.04687500 0.03909721
v 0.10937500 -0.04687500 0.09638980
v 0.10937500 -0.03125000 0.03910259
v 0.10937500 -0.03125000 0.09748581
v 0.10937500 -0.01562500 0.03909065
v 0.10937500 -0.01562500 0.09780227
v 0.10937500 0.00000000 0.03908530
v 0.10937500 0.00000000 0.09775892
v 0.10937500 0.01562500 0.03909979
v 0.10937500 0.01562500 0.09780800
v 0.10937500 0.03125000 0.03912328
v 0.10937500 0.03125000 0.09742214
v 0.10937500 0.04687500 0.03916158
v 0.10937500 0.04687500 0.09666494
v 0.10937500 0.06250000 0.03926425
v 0.10242186 0.06250000 0.09375000
v 0.10937500 0.06250000 0.09571595
v 0.10937500 0.07812500 0.03947411
v 0.10762745 0.07812500 0.09375000
v 0.10937500 0.07812500 0.09452912
v 0.09514988 0.09375000 0.04687500
v 0.10937500 0.09375000 0.03968059
v 0.10937500 0.08515772 0.09375000
v 0.10937500 0.09375000 0.09280852
v 0.09799497 0.10937500 0.04687500
v 0.10937500 0.10937500 0.03962669
v 0.10937500 0.10937500 0.09207676
v 0.09961387 0.12500000 0.04687500
v 0.10937500 0.12500000 0.03957556
v 0.10937500 0.12500000 0.09217320
v 0.10017961 0.14062500 0.04687500
v 0.10937500 0.14062500 0.03952521
v 0.10937500 0.14062500 0.09191952
v 0.10018869 0.15625000 0.04687500
v 0.10937500 0.15625000 0.03940611
v 0.10937500 0.15625000 0.09008957
v 0.10011668 0.17187500 0.04687500
v 0.10937500 0.17187500 0.03929968
v 0.10937500 0.17187500 0.08880259
v 0.09932302 0.18750000 0.04687500
v 0.10937500 0.18750000 0.03922398
v 0.10937500 0.18750000 0.08793329
v 0.09780980 0.20312500 0.04687500
v 0.10937500 0.20312500 0.03917514
v 0.10937500 0.20312500 0.08732584
v 0.09401167 0.21875000 0.04687500
v 0.10937500 0.21875000 0.03917611
v 0.10937500 0.21875000 0.08690004
v 0.10937500 0.23437500 0.03920071
v 0.10937500 0.23437500 0.08660707
v 0.10937500 0.25000000 0.03918270
v 0.10937500 0.25000000 0.08725542
v 0.10937500 0.26562500 0.03914109
v 0.10937500 0.26562500 0.08833952
v 0.10937500 0.28125000 0.03911027
v 0.10791321 0.28125000 0.09375000
v 0.10937500 0.28002817 0.09375000
v 0.10937500 0.28125000 0.09442190
v 0.09619230 0.29687500 0.04687500
v 0.10937500 0.29687500 0.03910135
v 0.10937500 0.29687500 0.10013441
v 0.10024334 0.31250000 0.04687500
v 0.10937500 0.31250000 0.03910266
v 0.10937500 0.31250000 0.10083000
v 0.09922267 0.32812500 0.04687500
v 0.10937500 0.32812500 0.03908754
v 0.10937500 0.32812500 0.09967222
v 0.10099613 0.34375000 0.04687500
v 0.10937500 0.34375000 0.03909536
v 0.10937500 0.34375000 0.10148845
v 0.10284776 0.35937500 0.04687500
v 0.10937500 0.35937500 0.04043483
v 0.10937500 0.35937500 0.10155659
v 0.10937500 0.36599888 0.04687500
v 0.10937500 0.37500000 0.05449876
v 0.10937500 0.37500000 0.10155274
v 0.10937500 0.39062500 0.05520859
v 0.10643580 0.39062500 0.09375000
v 0.10937500 0.39062500 0.09668016
v 0.10937500 0.39791579 0.06250000
v 0.10937500 0.39847792 0.07812500
v 0.10937500 0.39355517 0.09375000
v 0.11717968 -0.40625000 0.04687500
v 0.12500000 -0.41410106 0.06250000
v 0.12500000 -0.40625000 0.05468751
v 0.12500000 -0.40974715 0.07812500
v 0.11711569 -0.40625000 0.09375000
v 0.12500000 -0.40625000 0.08162215
v 0.11718288 -0.39062500 0.04687500
v 0.12500000 -0.39062500 0.05468750
v 0.11718700 -0.39062500 0.09375000
v 0.12500000 -0.39062500 0.08593601
v 0.11703147 -0.37500000 0.04687500
v 0.12500000 -0.37500000 0.05468750
v 0.11718687 -0.37500000 0.09375000
v 0.12500000 -0.37500000 0.08593734
v 0.12500000 -0.35937500 0.05468757
v 0.11718439 -0.35937500 0.09375000
v 0.12500000 -0.35937500 0.08588333
v 0.12500000 -0.34375000 0.05471516
v 0.11705857 -0.34375000 0.09375000
v 0.12500000 -0.34375000 0.08515719
v 0.12500000 -0.32812500 0.06156698
v 0.11508672 -0.32812500 0.09375000
v 0.12500000 -0.32812500 0.08404674
v 0.11867235 -0.31250000 0.06250000
v 0.12500000 -0.32679146 0.06250000
v 0.12500000 -0.31250000 0.06961050
v 0.11345365 -0.31250000 0.09375000
v 0.12500000 -0.31250000 0.08515025
v 0.12500000 -0.30029511 0.06250000
v 0.12500000 -0.29687500 0.05999734
v 0.12500000 -0.29687500 0.08498950
v 0.12500000 -0.28125000 0.05504596
v 0.12500000 -0.28125000 0.08479480
v 0.12500000 -0.26562500 0.05473165
v 0.12500000 -0.26562500 0.08386029
v 0.12500000 -0.25000000 0.05473598
v 0.12500000 -0.25000000 0.07912769
v 0.11017908 -0.23437500 0.04687500
v 0.12500000 -0.23437500 0.05489335
v 0.11989078 -0.23437500 0.07812500
v 0.12500000 -0.24806820 0.07812500
v 0.12500000 -0.23437500 0.07283145
v 0.11412163 -0.21875000 0.04687500
v 0.12500000 -0.21875000 0.05555322
v 0.11798965 -0.21875000 0.07812500
v 0.12500000 -0.21875000 0.07024728
v 0.11584607 -0.20312500 0.04687500
v 0.12500000 -0.20312500 0.05831624
v 0.11742792 -0.20312500 0.07812500
v 0.12500000 -0.20312500 0.06687463
v 0.11660040 -0.18750000 0.04687500
v 0.12260294 -0.18750000 0.06250000
v 0.12500000 -0.19267784 0.06250000
v 0.11741506 -0.18750000 0.07812500
v 0.11693066 -0.17187500 0.04687500
v 0.12085837 -0.17187500 0.06250000
v 0.11765508 -0.17187500 0.07812500
v 0.11707522 -0.15625000 0.04687500
v 0.11979389 -0.15625000 0.06250000
v 0.11815849 -0.15625000 0.07812500
v 0.11715247 -0.14062500 0.04687500
v 0.11900330 -0.14062500 0.06250000
v 0.12027408 -0.14062500 0.07812500
v 0.11717677 -0.12500000 0.04687500
v 0.11842629 -0.12500000 0.06250000
v 0.12500000 -0.13010414 0.07812500
v 0.12500000 -0.12500000 0.07461573
v 0.12500000 -0.12500000 0.08084134
v 0.11718311 -0.10937500 0.04687500
v 0.11800877 -0.10937500 0.06250000
v 0.12500000 -0.10937500 0.07094514
v 0.12500000 -0.10937500 0.08449749
v 0.11718813 -0.09375000 0.04687500
v 0.11833743 -0.09375000 0.06250000
v 0.12500000 -0.09375000 0.06946373
v 0.12500000 -0.09375000 0.08563296
v 0.11719547 -0.07812500 0.04687500
v 0.12148176 -0.07812500 0.06250000
v 0.12500000 -0.07812500 0.06609570
v 0.12500000 -0.07812500 0.08582878
v 0.11719954 -0.06250000 0.04687500
v 0.12500000 -0.07335551 0.06250000
v 0.12500000 -0.06250000 0.05625649
v 0.10953250 -0.06250000 0.09375000
v 0.12500000 -0.06250000 0.08579116
v 0.11716334 -0.04687500 0.04687500
v 0.12500000 -0.04687500 0.05520119
v 0.11201559 -0.04687500 0.09375000
v 0.12500000 -0.04687500 0.08569143
v 0.11714964 -0.03125000 0.04687500
v 0.12500000 -0.03125000 0.05494362
v 0.11311175 -0.03125000 0.09375000
v 0.12500000 -0.03125000 0.08541217
v 0.11715980 -0.01562500 0.04687500
v 0.12500000 -0.01562500 0.05484161
v 0.11342839 -0.01562500 0.09375000
v 0.12500000 -0.01562500 0.08473390
v 0.11716495 0.00000000 0.04687500
v 0.12500000 0.00000000 0.05482992
v 0.11338511 0.00000000 0.09375000
v 0.12500000 0.00000000 0.08314139
v 0.11715060 0.01562500 0.04687500
v 0.12500000 0.01562500 0.05483214
v 0.11343423 0.01562500 0.09375000
v 0.12500000 0.01562500 0.07902449
v 0.11712739 0.03125000 0.04687500
v 0.12500000 0.03125000 0.05483548
v 0.11979321 0.03125000 0.07812500
v 0.12500000 0.01732611 0.07812500
v 0.12500000 0.03125000 0.07278526
v 0.11304831 0.03125000 0.09375000
v 0.11708974 0.04687500 0.04687500
v 0.12500000 0.04687500 0.05483788
v 0.11815042 0.04687500 0.07812500
v 0.12500000 0.04687500 0.07112568
v 0.11229102 0.04687500 0.09375000
v 0.11698951 0.06250000 0.04687500
v 0.12500000 0.06250000 0.05483243
v 0.11769423 0.06250000 0.07812500
v 0.12500000 0.06250000 0.07067099
v 0.11134178 0.06250000 0.09375000
v 0.11678574 0.07812500 0.04687500
v 0.12500000 0.07812500 0.05481881
v 0.11745354 0.07812500 0.07812500
v 0.12500000 0.07812500 0.07043742
v 0.11015448 0.07812500 0.09375000
v 0.11658969 0.09375000 0.04687500
v 0.12500000 0.09375000 0.05480154
v 0.11739064 0.09375000 0.07812500
v 0.12500000 0.09375000 0.07038122
v 0.11665723 0.10937500 0.04687500
v 0.12500000 0.10937500 0.05478172
v 0.11744727 0.10937500 0.07812500
v 0.12500000 0.10937500 0.07044404
v 0.11673773 0.12500000 0.04687500
v 0.12500000 0.12500000 0.05473546
v 0.11757512 0.12500000 0.07812500
v 0.12500000 0.12500000 0.07058884
v 0.11683695 0.14062500 0.04687500
v 0.12500000 0.14062500 0.05480965
v 0.11786490 0.14062500 0.07812500
v 0.12500000 0.14062500 0.07075650
v 0.11704014 0.15625000 0.04687500
v 0.12500000 0.15625000 0.05524619
v 0.11838820 0.15625000 0.07812500
v 0.12500000 0.15625000 0.07076619
v 0.11729041 0.17187500 0.04687500
v 0.12500000 0.17187500 0.05720682
v 0.11961898 0.17187500 0.07812500
v 0.12500000 0.17187500 0.06987516
v 0.11760148 0.18750000 0.04687500
v 0.12182900 0.18750000 0.06250000
v 0.12500000 0.18200658 0.06250000
v 0.12210821 0.18750000 0.07812500
v 0.11781758 0.20312500 0.04687500
v 0.11818257 0.20312500 0.06250000
v 0.12500000 0.19770869 0.07812500
v 0.12500000 0.20312500 0.07602032
v 0.12500000 0.20312500 0.07981218
v 0.11791525 0.21875000 0.04687500
v 0.11740340 0.21875000 0.06250000
v 0.12500000 0.21875000 0.07315997
v 0.12500000 0.21875000 0.08292667
v 0.11733466 0.23437500 0.04687500
v 0.11728224 0.23437500 0.06250000
v 0.12500000 0.23437500 0.07180252
v 0.12500000 0.23437500 0.08439205
v 0.11718563 0.25000000 0.04687500
v 0.11725582 0.25000000 0.06250000
v 0.12500000 0.25000000 0.07124539
v 0.12500000 0.25000000 0.08504690
v 0.11719045 0.26562500 0.04687500
v 0.11724036 0.26562500 0.06250000
v 0.12500000 0.26562500 0.07077119
v 0.12500000 0.26562500 0.08576318
v 0.11720151 0.28125000 0.04687500
v 0.11727639 0.28125000 0.06250000
v 0.12500000 0.28125000 0.07048184
v 0.11009060 0.28125000 0.09375000
v 0.12500000 0.28125000 0.08593683
v 0.11720668 0.29687500 0.04687500
v 0.11733551 0.29687500 0.06250000
v 0.12500000 0.29687500 0.07022060
v 0.11593859 0.29687500 0.09375000
v 0.12500000 0.29687500 0.08606597
v 0.12014559 0.31250000 0.04687500
v 0.12299973 0.31250000 0.06250000
v 0.12500000 0.31250000 0.06450838
v 0.11655681 0.31250000 0.09375000
v 0.12500000 0.31250000 0.08602197
v 0.12500000 0.31909996 0.04687500
v 0.12500000 0.32812500 0.04095489
v 0.12500000 0.31451722 0.06250000
v 0.11532018 0.32812500 0.09375000
v 0.12500000 0.32812500 0.08595537
v 0.11828222 0.34375000 0.04687500
v 0.12500000 0.33514431 0.04687500
v 0.12500000 0.34375000 0.05356117
v 0.11722155 0.34375000 0.09375000
v 0.12500000 0.34375000 0.08604527
v 0.11581713 0.35937500 0.04687500
v 0.12500000 0.35937500 0.05469587
v 0.11754656 0.35937500 0.09375000
v 0.12500000 0.35937500 0.08630238
v 0.12500000 0.37500000 0.05546725
v 0.11743134 0.37500000 0.09375000
v 0.12500000 0.37500000 0.08612182
v 0.11679355 0.39062500 0.06250000
v 0.12500000 0.38215990 0.06250000
v 0.11718841 0.39062500 0.07812500
v 0.12500000 0.38274413 0.07812500
v 0.11230973 0.39062500 0.09375000
v 0.13281249 -0.40625000 0.06250000
v 0.12849715 -0.40625000 0.07812500
v 0.13281250 -0.39062500 0.06250000
v 0.13281101 -0.39062500 0.07812500
v 0.13281250 -0.37500000 0.06250000
v 0.13281234 -0.37500000 0.07812500
v 0.13281243 -0.35937500 0.06250000
v 0.13275832 -0.35937500 0.07812500
v 0.13278484 -0.34375000 0.06250000
v 0.13203213 -0.34375000 0.07812500
v 0.12593302 -0.32812500 0.06250000
v 0.13092125 -0.32812500 0.07812500
v 0.13201605 -0.31250000 0.07812500
v 0.12750265 -0.29687500 0.06250000
v 0.13185521 -0.29687500 0.07812500
v 0.13245384 -0.28125000 0.06250000
v 0.13166078 -0.28125000 0.07812500
v 0.13276336 -0.26562500 0.06250000
v 0.13073000 -0.26562500 0.07812500
v 0.13276116 -0.25000000 0.06250000
v 0.12600230 -0.25000000 0.07812500
v 0.13260502 -0.23437500 0.06250000
v 0.13194588 -0.21875000 0.06250000
v 0.12918335 -0.20312500 0.06250000
v 0.12771564 -0.12500000 0.07812500
v 0.13137086 -0.10937500 0.07812500
v 0.13250645 -0.09375000 0.07812500
v 0.13270237 -0.07812500 0.07812500
v 0.13122039 -0.06250000 0.06250000
v 0.13266473 -0.06250000 0.07812500
v 0.13228830 -0.04687500 0.06250000
v 0.13256501 -0.04687500 0.07812500
v 0.13255415 -0.03125000 0.06250000
v 0.13228588 -0.03125000 0.07812500
v 0.13265794 -0.01562500 0.06250000
v 0.13160747 -0.01562500 0.07812500
v 0.13266983 0.00000000 0.06250000
v 0.13001503 0.00000000 0.07812500
v 0.13266747 0.01562500 0.06250000
v 0.12589914 0.01562500 0.07812500
v 0.13266385 0.03125000 0.06250000
v 0.13266081 0.04687500 0.06250000
v 0.13266381 0.06250000 0.06250000
v 0.13267131 0.07812500 0.06250000
v 0.13267805 0.09375000 0.06250000
v 0.13268420 0.10937500 0.06250000
v 0.13270102 0.12500000 0.06250000
v 0.13257795 0.14062500 0.06250000
v 0.13205876 0.15625000 0.06250000
v 0.12999280 0.17187500 0.06250000
v 0.12668025 0.20312500 0.07812500
v 0.12977968 0.21875000 0.07812500
v 0.13123140 0.23437500 0.07812500
v 0.13181234 0.25000000 0.07812500
v 0.13230116 0.26562500 0.07812500
v 0.13255433 0.28125000 0.07812500
v 0.13275638 0.29687500 0.07812500
v 0.13279438 0.31250000 0.07812500
v 0.13092011 0.32812500 0.04687500
v 0.13277468 0.32812500 0.06250000
v 0.13280600 0.32812500 0.07812500
v 0.13281191 0.34375000 0.06250000
v 0.13281217 0.34375000 0.07812500
v 0.13280212 0.35937500 0.06250000
v 0.13281243 0.35937500 0.07812500
v 0.13203275 0.37500000 0.06250000
v 0.13274318 0.37500000 0.07812500
v -0.14762719 -0.42187500 0.07812500
v -0.14062500 -0.42887719 0.07812500
v -0.14062500 -0.42187500 0.07089959
v -0.14062500 -0.42187500 0.08512719
v -0.14497351 -0.40625000 -0.07812500
v -0.14062500 -0.41059851 -0.07812500
v -0.14062500 -0.40625000 -0.08247624
v -0.14838199 -0.40625000 -0.06250000
v -0.14062500 -0.41400711 -0.06250000
v -0.14819604 -0.40625000 -0.04687500
v -0.14062500 -0.41382106 -0.04687500
v -0.14626560 -0.40625000 -0.03125000
v -0.14062500 -0.41189060 -0.03125000
v -0.14062500 -0.40625000 -0.02548859
v -0.14558779 -0.40625000 0.03125000
v -0.14062500 -0.41121279 0.03125000
v -0.14062500 -0.40625000 0.02615796
v -0.14843750 -0.40625000 0.04687500
v -0.14062500 -0.41406950 0.04687500
v -0.14843750 -0.40625000 0.06250000
v -0.14062500 -0.41428747 0.06250000
v -0.14843750 -0.40625000 0.07812500
v -0.14062500 -0.40625000 0.08594153
v -0.14810768 -0.39062500 -0.07812500
v -0.14062500 -0.39062500 -0.08675280
v -0.14843229 -0.39062500 -0.06250000
v -0.14840363 -0.39062500 -0.04687500
v -0.14822262 -0.39062500 -0.03125000
v -0.14062500 -0.39062500 -0.01698787
v -0.14807843 -0.39062500 0.03125000
v -0.14062500 -0.39062500 0.01914144
v -0.14843747 -0.39062500 0.04687500
v -0.14843750 -0.39062500 0.06250000
v -0.14843750 -0.39062500 0.07812500
v -0.14062500 -0.39062500 0.08593892
v -0.14707783 -0.37500000 -0.07812500
v -0.14062500 -0.37500000 -0.08484897
v -0.14842778 -0.37500000 -0.06250000
v -0.14838457 -0.37500000 -0.04687500
v -0.14810113 -0.37500000 -0.03125000
v -0.14672926 -0.37500000 -0.01562500
v -0.14062500 -0.38869337 -0.01562500
v -0.14264082 -0.37500000 0.00000000
v -0.14062500 -0.37780281 0.00000000
v -0.14394248 -0.37500000 0.01562500
v -0.14062500 -0.38288064 0.01562500
v -0.14738072 -0.37500000 0.03125000
v -0.14843685 -0.37500000 0.04687500
v -0.14843750 -0.37500000 0.06250000
v -0.14843750 -0.37500000 0.07812500
v -0.14062500 -0.37500000 0.08593774
v -0.14062500 -0.36504972 -0.07812500
v -0.14833501 -0.35937500 -0.06250000
v -0.14062500 -0.35937500 -0.07356672
v -0.14806618 -0.35937500 -0.04687500
v -0.14752910 -0.35937500 -0.03125000
v -0.14763571 -0.35937500 -0.01562500
v -0.14334493 -0.35937500 0.00000000
v -0.14414127 -0.35937500 0.01562500
v -0.14608002 -0.35937500 0.03125000
v -0.14843222 -0.35937500 0.04687500
v -0.14843749 -0.35937500 0.06250000
v -0.14843748 -0.35937500 0.07812500
v -0.14062500 -0.35937500 0.08593757
v -0.14811216 -0.34375000 -0.06250000
v -0.14062500 -0.34375000 -0.07097778
v -0.14752260 -0.34375000 -0.04687500
v -0.14701184 -0.34375000 -0.03125000
v -0.14756200 -0.34375000 -0.01562500
v -0.14618850 -0.34375000 0.00000000
v -0.14648571 -0.34375000 0.01562500
v -0.14535062 -0.34375000 0.03125000
v -0.14833251 -0.34375000 0.04687500
v -0.14843674 -0.34375000 0.06250000
v -0.14843739 -0.34375000 0.07812500
v -0.14062500 -0.34375000 0.08593740
v -0.14740353 -0.32812500 -0.06250000
v -0.14062500 -0.32812500 -0.06956671
v -0.14618260 -0.32812500 -0.04687500
v -0.14619862 -0.32812500 -0.03125000
v -0.14682571 -0.32812500 -0.01562500
v -0.14471311 -0.32812500 0.00000000
v -0.14062500 -0.33049503 0.01562500
v -0.14062500 -0.32812500 0.01199279
v -0.14062500 -0.33557075 0.03125000
v -0.14634549 -0.32812500 0.04687500
v -0.14062500 -0.32812500 0.03759299
v -0.14842384 -0.32812500 0.06250000
v -0.14843667 -0.32812500 0.07812500
v -0.14062500 -0.32812500 0.08593668
v -0.14587573 -0.31250000 -0.06250000
v -0.14062500 -0.31250000 -0.06786634
v -0.14334069 -0.31250000 -0.04687500
v -0.14062500 -0.31552576 -0.03125000
v -0.14062500 -0.31250000 -0.03730690
v -0.14062500 -0.32030042 -0.01562500
v -0.14062500 -0.32124383 0.00000000
v -0.14062500 -0.32097587 0.04687500
v -0.14818997 -0.31250000 0.06250000
v -0.14062500 -0.31250000 0.05346591
v -0.14827983 -0.31250000 0.07812500
v -0.14062500 -0.31250000 0.08577983
v -0.14615161 -0.29687500 -0.06250000
v -0.14062500 -0.29687500 -0.06815158
v -0.14435414 -0.29687500 -0.04687500
v -0.14062500 -0.29687500 -0.03800361
v -0.14599182 -0.29687500 0.06250000
v -0.14062500 -0.29687500 0.05696892
v -0.14062500 -0.30380109 0.07812500
v -0.14062500 -0.29687500 0.06884735
v -0.14639729 -0.28125000 -0.06250000
v -0.14062500 -0.28125000 -0.06841933
v -0.14516505 -0.28125000 -0.04687500
v -0.14062500 -0.28125000 -0.03766565
v -0.14474436 -0.28125000 0.06250000
v -0.14062500 -0.28125000 0.05829558
v -0.14062500 -0.28125000 0.06741702
v -0.14673452 -0.26562500 -0.06250000
v -0.14062500 -0.26562500 -0.06882674
v -0.14581303 -0.26562500 -0.04687500
v -0.14062500 -0.26562500 -0.03820409
v -0.14284246 -0.26562500 0.06250000
v -0.14062500 -0.26562500 0.06023431
v -0.14062500 -0.26562500 0.06519182
v -0.14732511 -0.25000000 -0.06250000
v -0.14062500 -0.25000000 -0.06952246
v -0.14612338 -0.25000000 -0.04687500
v -0.14062500 -0.25000000 -0.03889273
v -0.14062500 -0.25320061 0.06250000
v -0.14771040 -0.23437500 -0.06250000
v -0.14062500 -0.23437500 -0.07005579
v -0.14673069 -0.23437500 -0.04687500
v -0.14062500 -0.23437500 -0.03892068
v -0.14796245 -0.21875000 -0.06250000
v -0.14062500 -0.21875000 -0.07051887
v -0.14716811 -0.21875000 -0.04687500
v -0.14062500 -0.21875000 -0.03864095
v -0.14812676 -0.20312500 -0.06250000
v -0.14062500 -0.20312500 -0.07105902
v -0.14745457 -0.20312500 -0.04687500
v -0.14062500 -0.20312500 -0.03850809
v -0.14146872 -0.20312500 0.00000000
v -0.14062500 -0.21101558 0.00000000
v -0.14062500 -0.20312500 -0.00103886
v -0.14062500 -0.20312500 0.00126804
v -0.14271609 -0.20312500 0.06250000
v -0.14062500 -0.21169978 0.06250000
v -0.14062500 -0.20312500 0.06035307
v -0.14062500 -0.20312500 0.06491505
v -0.14823924 -0.18750000 -0.06250000
v -0.14062500 -0.18750000 -0.07187991
v -0.14750497 -0.18750000 -0.04687500
v -0.14062500 -0.18750000 -0.03860253
v -0.14388381 -0.18750000 0.00000000
v -0.14062500 -0.18750000 -0.00412689
v -0.14062500 -0.18750000 0.00490703
v -0.14642559 -0.18750000 0.06250000
v -0.14062500 -0.18750000 0.05654757
v -0.14062500 -0.18750000 0.06890205
v -0.14831109 -0.17187500 -0.06250000
v -0.14062500 -0.17187500 -0.07312908
v -0.14755073 -0.17187500 -0.04687500
v -0.14062500 -0.17187500 -0.03870374
v -0.14549070 -0.17187500 0.00000000
v -0.14062500 -0.17187500 -0.00641266
v -0.14062500 -0.17187500 0.00803333
v -0.14782031 -0.17187500 0.06250000
v -0.14062500 -0.17187500 0.05503924
v -0.14062500 -0.17187500 0.07030237
v -0.14832602 -0.15625000 -0.06250000
v -0.14062500 -0.15625000 -0.07510898
v -0.14759431 -0.15625000 -0.04687500
v -0.14062500 -0.15625000 -0.03872349
v -0.14651842 -0.15625000 0.00000000
v -0.14062500 -0.15625000 -0.00821096
v -0.14062500 -0.15625000 0.01115385
v -0.14824826 -0.15625000 0.06250000
v -0.14062500 -0.15625000 0.05449569
v -0.14062500 -0.15625000 0.07070885
v -0.14425304 -0.14062500 -0.09375000
v -0.14062500 -0.15060036 -0.09375000
v -0.14062500 -0.14062500 -0.09738224
v -0.14087295 -0.14062500 -0.07812500
v -0.14062500 -0.14163852 -0.07812500
v -0.14833874 -0.14062500 -0.06250000
v -0.14762982 -0.14062500 -0.04687500
v -0.14062500 -0.14062500 -0.03861588
v -0.14717732 -0.14062500 0.00000000
v -0.14062500 -0.14062500 -0.00981782
v -0.14062500 -0.14062500 0.01471813
v -0.14837954 -0.14062500 0.06250000
v -0.14062500 -0.14062500 0.05409652
v -0.14062500 -0.14062500 0.07038064
v -0.14684814 -0.12500000 -0.09375000
v -0.14062500 -0.12500000 -0.09997623
v -0.14385579 -0.12500000 -0.07812500
v -0.14834248 -0.12500000 -0.06250000
v -0.14765419 -0.12500000 -0.04687500
v -0.14062500 -0.12500000 -0.03853497
v -0.14760099 -0.12500000 0.00000000
v -0.14062500 -0.12500000 -0.01135970
v -0.14266371 -0.12500000 0.01562500
v -0.14062500 -0.13705124 0.01562500
v -0.14062500 -0.12500000 0.01839980
v -0.14842116 -0.12500000 0.06250000
v -0.14062500 -0.12500000 0.05205854
v -0.14062500 -0.12500000 0.07031217
v -0.14779451 -0.10937500 -0.09375000
v -0.14062500 -0.10937500 -0.10092124
v -0.14512103 -0.10937500 -0.07812500
v -0.14833921 -0.10937500 -0.06250000
v -0.14766328 -0.10937500 -0.04687500
v -0.14062500 -0.10937500 -0.03812527
v -0.14788526 -0.10937500 0.00000000
v -0.14062500 -0.10937500 -0.01288647
v -0.14446022 -0.10937500 0.01562500
v -0.14062500 -0.10937500 0.02161644
v -0.14278403 -0.10937500 0.04687500
v -0.14062500 -0.11320148 0.04687500
v -0.14062500 -0.10937500 0.04320912
v -0.14841252 -0.10937500 0.06250000
v -0.14062500 -0.10937500 0.07029295
v -0.14795580 -0.09375000 -0.09375000
v -0.14062500 -0.09375000 -0.10108172
v -0.14582523 -0.09375000 -0.07812500
v -0.14833353 -0.09375000 -0.06250000
v -0.14764897 -0.09375000 -0.04687500
v -0.14062500 -0.09375000 -0.03733644
v -0.14806636 -0.09375000 0.00000000
v -0.14062500 -0.09375000 -0.01458480
v -0.14576141 -0.09375000 0.01562500
v -0.14062500 -0.09375000 0.02541285
v -0.14641586 -0.09375000 0.04687500
v -0.14062500 -0.09375000 0.03643022
v -0.14839583 -0.09375000 0.06250000
v -0.14062500 -0.09375000 0.07027388
v -0.14806408 -0.07812500 -0.09375000
v -0.14062500 -0.07812500 -0.10118955
v -0.14686598 -0.07812500 -0.07812500
v -0.14832270 -0.07812500 -0.06250000
v -0.14759623 -0.07812500 -0.04687500
v -0.14062500 -0.07812500 -0.03636738
v -0.14120010 -0.07812500 -0.01562500
v -0.14062500 -0.08391820 -0.01562500
v -0.14062500 -0.07812500 -0.01701180
v -0.14818131 -0.07812500 0.00000000
v -0.14680584 -0.07812500 0.01562500
v -0.14062500 -0.07812500 0.03106390
v -0.14516934 -0.07812500 0.04687500
v -0.14062500 -0.07812500 0.03154489
v -0.14837197 -0.07812500 0.06250000
v -0.14062500 -0.07812500 0.07024875
v -0.14802593 -0.06250000 -0.09375000
v -0.14062500 -0.06250000 -0.10115170
v -0.14743083 -0.06250000 -0.07812500
v -0.14830037 -0.06250000 -0.06250000
v -0.14748170 -0.06250000 -0.04687500
v -0.14062500 -0.06250000 -0.03528982
v -0.14229335 -0.06250000 -0.01562500
v -0.14062500 -0.06250000 -0.02038705
v -0.14825940 -0.06250000 0.00000000
v -0.14754743 -0.06250000 0.01562500
v -0.14169203 -0.06250000 0.03125000
v -0.14062500 -0.07660665 0.03125000
v -0.14357089 -0.06250000 0.04687500
v -0.14834460 -0.06250000 0.06250000
v -0.14062500 -0.06250000 0.07022069
v -0.14777850 -0.04687500 -0.09375000
v -0.14062500 -0.04687500 -0.10090472
v -0.14761671 -0.04687500 -0.07812500
v -0.14825296 -0.04687500 -0.06250000
v -0.14728665 -0.04687500 -0.04687500
v -0.14062500 -0.04687500 -0.03405433
v -0.14307705 -0.04687500 -0.01562500
v -0.14062500 -0.04687500 -0.02396572
v -0.14832386 -0.04687500 0.00000000
v -0.14800087 -0.04687500 0.01562500
v -0.14062500 -0.05648687 0.03125000
v -0.14062500 -0.04687500 0.02943981
v -0.14151418 -0.04687500 0.04687500
v -0.14062500 -0.04687500 0.04156331
v -0.14831850 -0.04687500 0.06250000
v -0.14062500 -0.04687500 0.07019451
v -0.14815427 -0.03125000 -0.09375000
v -0.14062500 -0.03125000 -0.10128050
v -0.14769094 -0.03125000 -0.07812500
v -0.14816194 -0.03125000 -0.06250000
v -0.14698490 -0.03125000 -0.04687500
v -0.14062500 -0.03125000 -0.03251182
v -0.14403226 -0.03125000 -0.01562500
v -0.14062500 -0.03125000 -0.02847199
v -0.14836302 -0.03125000 0.00000000
v -0.14765466 -0.03125000 0.01562500
v -0.14062500 -0.03125000 0.02637271
v -0.14062500 -0.04388446 0.04687500
v -0.14818841 -0.03125000 0.06250000
v -0.14062500 -0.03125000 0.05021353
v -0.14062500 -0.03125000 0.07006456
v -0.14830779 -0.01562500 -0.09375000
v -0.14062500 -0.01562500 -0.10143279
v -0.14779265 -0.01562500 -0.07812500
v -0.14799956 -0.01562500 -0.06250000
v -0.14684483 -0.01562500 -0.04687500
v -0.14094862 -0.01562500 -0.03125000
v -0.14062500 -0.01968205 -0.03125000
v -0.14499706 -0.01562500 -0.01562500
v -0.14838151 -0.01562500 0.00000000
v -0.14445650 -0.01562500 0.01562500
v -0.14062500 -0.01562500 0.02116346
v -0.14801059 -0.01562500 0.06250000
v -0.14062500 -0.01562500 0.05277648
v -0.14062500 -0.01562500 0.06988747
v -0.14837683 0.00000000 -0.09375000
v -0.14062500 0.00000000 -0.10150183
v -0.14810907 0.00000000 -0.07812500
v -0.14771818 0.00000000 -0.06250000
v -0.14669813 0.00000000 -0.04687500
v -0.14232380 0.00000000 -0.03125000
v -0.14559291 0.00000000 -0.01562500
v -0.14826726 0.00000000 0.00000000
v -0.14062500 -0.00819117 0.01562500
v -0.14062500 0.00000000 0.01137250
v -0.14799326 0.00000000 0.06250000
v -0.14062500 0.00000000 0.05401971
v -0.14062500 0.00000000 0.06987120
v -0.14840215 0.01562500 -0.09375000
v -0.14062500 0.01562500 -0.10152715
v -0.14826821 0.01562500 -0.07812500
v -0.14786917 0.01562500 -0.06250000
v -0.14682810 0.01562500 -0.04687500
v -0.14359138 0.01562500 -0.03125000
v -0.14594578 0.01562500 -0.01562500
v -0.14740403 0.01562500 0.00000000
v -0.14062500 0.01562500 0.00881314
v -0.14808737 0.01562500 0.06250000
v -0.14062500 0.01562500 0.05451757
v -0.14062500 0.01562500 0.06996681
v -0.14841595 0.03125000 -0.09375000
v -0.14062500 0.03125000 -0.10154095
v -0.14834973 0.03125000 -0.07812500
v -0.14831155 0.03125000 -0.06250000
v -0.14692435 0.03125000 -0.04687500
v -0.14440993 0.03125000 -0.03125000
v -0.14062500 0.02921616 -0.01562500
v -0.14062500 0.03125000 -0.01866668
v -0.14200909 0.03125000 0.00000000
v -0.14062500 0.03125000 -0.00870448
v -0.14062500 0.03125000 0.00177403
v -0.14813965 0.03125000 0.06250000
v -0.14062500 0.03125000 0.05474242
v -0.14062500 0.03125000 0.07003910
v -0.14842433 0.04687500 -0.09375000
v -0.14062500 0.04687500 -0.10154933
v -0.14839146 0.04687500 -0.07812500
v -0.14836081 0.04687500 -0.06250000
v -0.14795286 0.04687500 -0.04687500
v -0.14496195 0.04687500 -0.03125000
v -0.14062500 0.04687500 -0.02628824
v -0.14062500 0.03321094 0.00000000
v -0.14836014 0.04687500 0.06250000
v -0.14062500 0.04687500 0.05465133
v -0.14062500 0.04687500 0.07045560
v -0.14842944 0.06250000 -0.09375000
v -0.14062500 0.06250000 -0.10155444
v -0.14841221 0.06250000 -0.07812500
v -0.14837585 0.06250000 -0.06250000
v -0.14837803 0.06250000 -0.04687500
v -0.14062500 0.05817746 -0.03125000
v -0.14062500 0.06250000 -0.03327848
v -0.14842737 0.06250000 0.06250000
v -0.14062500 0.06250000 0.05453254
v -0.14062500 0.06250000 0.07257229
v -0.14843238 0.07812500 -0.09375000
v -0.14062500 0.07812500 -0.10155738
v -0.14842603 0.07812500 -0.07812500
v -0.14839850 0.07812500 -0.06250000
v -0.14843004 0.07812500 -0.04687500
v -0.14062500 0.07812500 -0.03519178
v -0.14843623 0.07812500 0.06250000
v -0.14062500 0.07812500 0.05425937
v -0.14601594 0.07812500 0.07812500
v -0.14062500 0.07048007 0.07812500
v -0.14062500 0.07812500 0.08373094
v -0.14842923 0.09375000 -0.09375000
v -0.14062500 0.09375000 -0.10155423
v -0.14842879 0.09375000 -0.07812500
v -0.14841441 0.09375000 -0.06250000
v -0.14843528 0.09375000 -0.04687500
v -0.14062500 0.09375000 -0.03350720
v -0.14843734 0.09375000 0.06250000
v -0.14062500 0.09375000 0.05347815
v -0.14812652 0.09375000 0.07812500
v -0.14062500 0.09375000 0.08585696
v -0.14842414 0.10937500 -0.09375000
v -0.14062500 0.10937500 -0.10154914
v -0.14842814 0.10937500 -0.07812500
v -0.14841361 0.10937500 -0.06250000
v -0.14843108 0.10937500 -0.04687500
v -0.14062500 0.10937500 -0.03417137
v -0.14843748 0.10937500 0.06250000
v -0.14062500 0.10937500 0.04819681
v -0.14840152 0.10937500 0.07812500
v -0.14062500 0.10937500 0.08620286
v -0.14841520 0.12500000 -0.09375000
v -0.14062500 0.12500000 -0.10154020
v -0.14842742 0.12500000 -0.07812500
v -0.14841566 0.12500000 -0.06250000
v -0.14835551 0.12500000 -0.04687500
v -0.14062500 0.12500000 -0.03816317
v -0.14699213 0.12500000 0.04687500
v -0.14062500 0.11122583 0.04687500
v -0.14062500 0.12500000 0.03684650
v -0.14843750 0.12500000 0.06250000
v -0.14843333 0.12500000 0.07812500
v -0.14062500 0.12500000 0.08654417
v -0.14838990 0.14062500 -0.09375000
v -0.14062500 0.14062500 -0.10151490
v -0.14842665 0.14062500 -0.07812500
v -0.14841955 0.14062500 -0.06250000
v -0.14738139 0.14062500 -0.04687500
v -0.14062500 0.14062500 -0.03963931
v -0.14818508 0.14062500 0.04687500
v -0.14062500 0.14062500 0.03657477
v -0.14843750 0.14062500 0.06250000
v -0.14843702 0.14062500 0.07812500
v -0.14062500 0.14062500 0.08718844
v -0.14833581 0.15625000 -0.09375000
v -0.14062500 0.15625000 -0.10146081
v -0.14842631 0.15625000 -0.07812500
v -0.14836558 0.15625000 -0.06250000
v -0.14087855 0.15625000 -0.04687500
v -0.14062500 0.15625000 -0.04659956
v -0.14801425 0.15625000 0.04687500
v -0.14062500 0.15625000 0.03888641
v -0.14843750 0.15625000 0.06250000
v -0.14843742 0.15625000 0.07812500
v -0.14062500 0.15625000 0.08852399
v -0.14821928 0.17187500 -0.09375000
v -0.14062500 0.17187500 -0.10134428
v -0.14842608 0.17187500 -0.07812500
v -0.14813914 0.17187500 -0.06250000
v -0.14062500 0.15678465 -0.04687500
v -0.14062500 0.17187500 -0.05210097
v -0.14094998 0.17187500 0.00000000
v -0.14062500 0.17132707 0.00000000
v -0.14062500 0.17187500 -0.00035859
v -0.14062500 0.17187500 0.00037025
v -0.14780143 0.17187500 0.04687500
v -0.14062500 0.17187500 0.03956717
v -0.14843750 0.17187500 0.06250000
v -0.14843742 0.17187500 0.07812500
v -0.14062500 0.17187500 0.08742202
v -0.14796914 0.18750000 -0.09375000
v -0.14062500 0.18750000 -0.10109414
v -0.14840699 0.18750000 -0.07812500
v -0.14791488 0.18750000 -0.06250000
v -0.14062500 0.18750000 -0.05363431
v -0.14642614 0.18750000 0.00000000
v -0.14062500 0.18750000 -0.00738174
v -0.14062500 0.18750000 0.00724741
v -0.14749513 0.18750000 0.04687500
v -0.14062500 0.18750000 0.03993453
v -0.14843750 0.18750000 0.06250000
v -0.14843746 0.18750000 0.07812500
v -0.14062500 0.18750000 0.08649454
v -0.14789301 0.20312500 -0.09375000
v -0.14062500 0.20312500 -0.10101801
v -0.14835749 0.20312500 -0.07812500
v -0.14751854 0.20312500 -0.06250000
v -0.14062500 0.20312500 -0.05420775
v -0.14772800 0.20312500 0.00000000
v -0.14062500 0.20312500 -0.00935091
v -0.14062500 0.20312500 0.01145373
v -0.14704121 0.20312500 0.04687500
v -0.14062500 0.20312500 0.04026253
v -0.14843750 0.20312500 0.06250000
v -0.14843748 0.20312500 0.07812500
v -0.14062500 0.20312500 0.08615091
v -0.14799197 0.21875000 -0.09375000
v -0.14062500 0.21875000 -0.10111697
v -0.14822679 0.21875000 -0.07812500
v -0.14684431 0.21875000 -0.06250000
v -0.14062500 0.21875000 -0.05506045
v -0.14818717 0.21875000 0.00000000
v -0.14062500 0.21875000 -0.01049085
v -0.14327501 0.21875000 0.01562500
v -0.14062500 0.21246536 0.01562500
v -0.14062500 0.21875000 0.01900474
v -0.14788033 0.21875000 0.04687500
v -0.14062500 0.21875000 0.03844565
v -0.14843750 0.21875000 0.06250000
v -0.14843749 0.21875000 0.07812500
v -0.14062500 0.21875000 0.08602248
v -0.14660842 0.23437500 -0.09375000
v -0.14062500 0.23437500 -0.09973342
v -0.14789752 0.23437500 -0.07812500
v -0.14648035 0.23437500 -0.06250000
v -0.14062500 0.23437500 -0.05525001
v -0.14824079 0.23437500 0.00000000
v -0.14062500 0.23437500 -0.01145728
v -0.14661452 0.23437500 0.01562500
v -0.14122070 0.23437500 0.03125000
v -0.14062500 0.23358062 0.03125000
v -0.14837314 0.23437500 0.04687500
v -0.14843750 0.23437500 0.06250000
v -0.14843749 0.23437500 0.07812500
v -0.14062500 0.23437500 0.08597979
v -0.14089952 0.25000000 -0.09375000
v -0.14062500 0.25000000 -0.09402452
v -0.14739249 0.25000000 -0.07812500
v -0.14602755 0.25000000 -0.06250000
v -0.14062500 0.25000000 -0.05260529
v -0.14822106 0.25000000 0.00000000
v -0.14062500 0.25000000 -0.01265572
v -0.14779382 0.25000000 0.01562500
v -0.14747901 0.25000000 0.03125000
v -0.14843006 0.25000000 0.04687500
v -0.14843750 0.25000000 0.06250000
v -0.14843749 0.25000000 0.07812500
v -0.14062500 0.25000000 0.08595899
v -0.14062500 0.25044794 -0.09375000
v -0.14662541 0.26562500 -0.07812500
v -0.14062500 0.26562500 -0.08604893
v -0.14546429 0.26562500 -0.06250000
v -0.14340168 0.26562500 -0.04687500
v -0.14062500 0.25915834 -0.04687500
v -0.14062500 0.26562500 -0.04383079
v -0.14819927 0.26562500 0.00000000
v -0.14062500 0.26562500 -0.01425151
v -0.14805257 0.26562500 0.01562500
v -0.14831018 0.26562500 0.03125000
v -0.14843664 0.26562500 0.04687500
v -0.14843750 0.26562500 0.06250000
v -0.14843746 0.26562500 0.07812500
v -0.14062500 0.26562500 0.08594839
v -0.14569034 0.28125000 -0.07812500
v -0.14062500 0.28125000 -0.08353529
v -0.14476314 0.28125000 -0.06250000
v -0.14574750 0.28125000 -0.04687500
v -0.14062500 0.28125000 -0.04108258
v -0.14127781 0.28125000 -0.01562500
v -0.14062500 0.27617620 -0.01562500
v -0.14062500 0.28125000 -0.01640669
v -0.14817521 0.28125000 0.00000000
v -0.14801316 0.28125000 0.01562500
v -0.14842059 0.28125000 0.03125000
v -0.14843740 0.28125000 0.04687500
v -0.14843750 0.28125000 0.06250000
v -0.14843748 0.28125000 0.07812500
v -0.14062500 0.28125000 0.08594304
v -0.14487252 0.29687500 -0.07812500
v -0.14062500 0.29687500 -0.08243718
v -0.14389038 0.29687500 -0.06250000
v -0.14692529 0.29687500 -0.04687500
v -0.14062500 0.29687500 -0.03839872
v -0.14295842 0.29687500 -0.01562500
v -0.14062500 0.29687500 -0.01930503
v -0.14814867 0.29687500 0.00000000
v -0.14796974 0.29687500 0.01562500
v -0.14843520 0.29687500 0.03125000
v -0.14843749 0.29687500 0.04687500
v -0.14843750 0.29687500 0.06250000
v -0.14843749 0.29687500 0.07812500
v -0.14062500 0.29687500 0.08594034
v -0.14530313 0.31250000 -0.07812500
v -0.14062500 0.31250000 -0.08283446
v -0.14442356 0.31250000 -0.06250000
v -0.14765367 0.31250000 -0.04687500
v -0.14062500 0.31250000 -0.03314462
v -0.14423842 0.31250000 -0.01562500
v -0.14062500 0.31250000 -0.02698828
v -0.14811936 0.31250000 0.00000000
v -0.14798680 0.31250000 0.01562500
v -0.14843658 0.31250000 0.03125000
v -0.14843750 0.31250000 0.04687500
v -0.14843750 0.31250000 0.06250000
v -0.14843750 0.31250000 0.07812500
v -0.14062500 0.31250000 0.08594401
v -0.14609648 0.32812500 -0.07812500
v -0.14062500 0.32812500 -0.08361202
v -0.14628590 0.32812500 -0.06250000
v -0.14819262 0.32812500 -0.04687500
v -0.14638570 0.32812500 -0.03125000
v -0.14062500 0.31502988 -0.03125000
v -0.14611238 0.32812500 -0.01562500
v -0.14813516 0.32812500 0.00000000
v -0.14825772 0.32812500 0.01562500
v -0.14843713 0.32812500 0.03125000
v -0.14843750 0.32812500 0.04687500
v -0.14843750 0.32812500 0.06250000
v -0.14843750 0.32812500 0.07812500
v -0.14062500 0.32812500 0.08595246
v -0.14636041 0.34375000 -0.07812500
v -0.14062500 0.34375000 -0.08386971
v -0.14787675 0.34375000 -0.06250000
v -0.14836097 0.34375000 -0.04687500
v -0.14804578 0.34375000 -0.03125000
v -0.14745460 0.34375000 -0.01562500
v -0.14825393 0.34375000 0.00000000
v -0.14839695 0.34375000 0.01562500
v -0.14843740 0.34375000 0.03125000
v -0.14843750 0.34375000 0.04687500
v -0.14843750 0.34375000 0.06250000
v -0.14843750 0.34375000 0.07812500
v -0.14062500 0.34375000 0.08597071
v -0.14658051 0.35937500 -0.07812500
v -0.14062500 0.35937500 -0.08408561
v -0.14828269 0.35937500 -0.06250000
v -0.14840987 0.35937500 -0.04687500
v -0.14834295 0.35937500 -0.03125000
v -0.14784959 0.35937500 -0.01562500
v -0.14825563 0.35937500 0.00000000
v -0.14842132 0.35937500 0.01562500
v -0.14843746 0.35937500 0.03125000
v -0.14843750 0.35937500 0.04687500
v -0.14843750 0.35937500 0.06250000
v -0.14843750 0.35937500 0.07812500
v -0.14062500 0.35937500 0.08598095
v -0.14062500 0.36669456 -0.07812500
v -0.14760398 0.37500000 -0.06250000
v -0.14062500 0.37500000 -0.07087442
v -0.14837012 0.37500000 -0.04687500
v -0.14834769 0.37500000 -0.03125000
v -0.14756057 0.37500000 -0.01562500
v -0.14794602 0.37500000 0.00000000
v -0.14842517 0.37500000 0.01562500
v -0.14843745 0.37500000 0.03125000
v -0.14843750 0.37500000 0.04687500
v -0.14843750 0.37500000 0.06250000
v -0.14843750 0.37500000 0.07812500
v -0.14062500 0.37500000 0.08600019
v -0.14062500 0.38197898 -0.06250000
v -0.14062500 0.38274514 -0.04687500
v -0.14062500 0.38272273 -0.03125000
v -0.14062500 0.38193558 -0.01562500
v -0.14062500 0.38232102 0.00000000
v -0.14062500 0.38280029 0.01562500
v -0.14062500 0.38282647 0.03125000
v -0.14809781 0.39062500 0.04687500
v -0.14062500 0.39062500 0.03938820
v -0.14843741 0.39062500 0.06250000
v -0.14842017 0.39062500 0.07812500
v -0.14062500 0.39062500 0.08592020
v -0.14062500 0.39809781 0.04687500
v -0.14062500 0.39843741 0.06250000
v -0.14062500 0.39842017 0.07812500
v -0.12641819 -0.42187500 -0.06250000
v -0.12500000 -0.42329315 -0.06250000
v -0.12500000 -0.42187500 -0.06394740
v -0.13254661 -0.42187500 -0.04687500
v -0.12500000 -0.42942159 -0.04687500
v -0.13276276 -0.42187500 -0.03125000
v -0.12500000 -0.42963776 -0.03125000
v -0.13271198 -0.42187500 -0.01562500
v -0.12500000 -0.42958698 -0.01562500
v -0.13253519 -0.42187500 0.00000000
v -0.12500000 -0.42941019 0.00000000
v -0.13252116 -0.42187500 0.01562500
v -0.12500000 -0.42939616 0.01562500
v -0.13248848 -0.42187500 0.03125000
v -0.12500000 -0.42936348 0.03125000
v -0.13266131 -0.42187500 0.04687500
v -0.12500000 -0.42952932 0.04687500
v -0.13303746 -0.42187500 0.06250000
v -0.12500000 -0.42968748 0.06250000
v -0.12500000 -0.42968648 0.07812500
v -0.12500000 -0.42187500 0.08593648
v -0.13281120 -0.40625000 -0.09375000
v -0.12500000 -0.41405781 -0.09375000
v -0.12500000 -0.40625000 -0.10155781
v -0.12500000 -0.41415030 -0.07812500
v -0.13294283 -0.40625000 -0.01562500
v -0.13285189 -0.40625000 0.00000000
v -0.13296056 -0.40625000 0.01562500
v -0.13242095 -0.40625000 0.09375000
v -0.12500000 -0.41366693 0.09375000
v -0.12500000 -0.40625000 0.10116693
v -0.13395259 -0.39062500 -0.09375000
v -0.12500000 -0.39062500 -0.10156250
v -0.13932904 -0.39062500 -0.01562500
v -0.13431377 -0.39062500 0.00000000
v -0.13735288 -0.39062500 0.01562500
v -0.13241838 -0.39062500 0.09375000
v -0.12500000 -0.39062500 0.10116696
v -0.13309037 -0.37500000 -0.09375000
v -0.12500000 -0.37500000 -0.10156250
v -0.13070948 -0.37500000 0.09375000
v -0.12500000 -0.37500000 0.09945925
v -0.13283316 -0.35937500 -0.09375000
v -0.12500000 -0.35937500 -0.10156250
v -0.13615096 -0.35937500 -0.07812500
v -0.12792676 -0.35937500 0.09375000
v -0.12500000 -0.35937500 0.09667670
v -0.13281897 -0.34375000 -0.09375000
v -0.12500000 -0.34375000 -0.10156250
v -0.13379962 -0.34375000 -0.07812500
v -0.12500000 -0.34610962 0.09375000
v -0.12500000 -0.34375000 0.09313464
v -0.13281453 -0.32812500 -0.09375000
v -0.12500000 -0.32812500 -0.10156250
v -0.13310437 -0.32812500 -0.07812500
v -0.13911063 -0.32812500 0.01562500
v -0.13620323 -0.32812500 0.03125000
v -0.12500000 -0.32812500 0.08975535
v -0.13281356 -0.31250000 -0.09375000
v -0.12500000 -0.31250000 -0.10156250
v -0.13294133 -0.31250000 -0.07812500
v -0.13878877 -0.31250000 -0.03125000
v -0.13443585 -0.31250000 -0.01562500
v -0.13577385 -0.31250000 0.00000000
v -0.13389467 -0.31250000 0.01562500
v -0.13321787 -0.31250000 0.03125000
v -0.13427438 -0.31250000 0.04687500
v -0.12500000 -0.31250000 0.09342809
v -0.13281387 -0.29687500 -0.09375000
v -0.12500000 -0.29687500 -0.10156250
v -0.13294847 -0.29687500 -0.07812500
v -0.13761457 -0.29687500 -0.03125000
v -0.13356594 -0.29687500 -0.01562500
v -0.13499000 -0.29687500 0.00000000
v -0.13339304 -0.29687500 0.01562500
v -0.13297219 -0.29687500 0.03125000
v -0.13299328 -0.29687500 0.04687500
v -0.13385419 -0.29687500 0.07812500
v -0.12791867 -0.29687500 0.09375000
v -0.12500000 -0.31118915 0.09375000
v -0.12500000 -0.29687500 0.09666867
v -0.13281540 -0.28125000 -0.09375000
v -0.12500000 -0.28125000 -0.10156250
v -0.13296947 -0.28125000 -0.07812500
v -0.13715646 -0.28125000 -0.03125000
v -0.13345572 -0.28125000 -0.01562500
v -0.13557043 -0.28125000 0.00000000
v -0.13347404 -0.28125000 0.01562500
v -0.13304033 -0.28125000 0.03125000
v -0.13292132 -0.28125000 0.04687500
v -0.13377960 -0.28125000 0.07812500
v -0.12541009 -0.28125000 0.09375000
v -0.12500000 -0.28125000 0.09416009
v -0.13281969 -0.26562500 -0.09375000
v -0.12500000 -0.26562500 -0.10156250
v -0.13303912 -0.26562500 -0.07812500
v -0.13617140 -0.26562500 -0.03125000
v -0.13338946 -0.26562500 -0.01562500
v -0.13630070 -0.26562500 0.00000000
v -0.13356498 -0.26562500 0.01562500
v -0.13313059 -0.26562500 0.03125000
v -0.13291061 -0.26562500 0.04687500
v -0.13370652 -0.26562500 0.07812500
v -0.12500000 -0.27920835 0.09375000
v -0.12500000 -0.26562500 0.09137414
v -0.13283031 -0.25000000 -0.09375000
v -0.12500000 -0.25000000 -0.10156250
v -0.13313956 -0.25000000 -0.07812500
v -0.13528050 -0.25000000 -0.03125000
v -0.13332951 -0.25000000 -0.01562500
v -0.13721820 -0.25000000 0.00000000
v -0.13366657 -0.25000000 0.01562500
v -0.13317157 -0.25000000 0.03125000
v -0.13291379 -0.25000000 0.04687500
v -0.13998649 -0.25000000 0.06250000
v -0.13363469 -0.25000000 0.07812500
v -0.12500000 -0.25000000 0.08907021
v -0.13285660 -0.23437500 -0.09375000
v -0.12500000 -0.23437500 -0.10156250
v -0.13328433 -0.23437500 -0.07812500
v -0.13465383 -0.23437500 -0.03125000
v -0.13336096 -0.23437500 -0.01562500
v -0.13836607 -0.23437500 0.00000000
v -0.13386498 -0.23437500 0.01562500
v -0.13321645 -0.23437500 0.03125000
v -0.13291666 -0.23437500 0.04687500
v -0.13807395 -0.23437500 0.06250000
v -0.13356401 -0.23437500 0.07812500
v -0.12500000 -0.23437500 0.08994839
v -0.13292527 -0.21875000 -0.09375000
v -0.12500000 -0.21875000 -0.10156250
v -0.13349283 -0.21875000 -0.07812500
v -0.13448874 -0.21875000 -0.03125000
v -0.13343025 -0.21875000 -0.01562500
v -0.13979709 -0.21875000 0.00000000
v -0.13414443 -0.21875000 0.01562500
v -0.13326501 -0.21875000 0.03125000
v -0.13291909 -0.21875000 0.04687500
v -0.13886379 -0.21875000 0.06250000
v -0.13349442 -0.21875000 0.07812500
v -0.12500000 -0.21875000 0.09160072
v -0.13311118 -0.20312500 -0.09375000
v -0.12500000 -0.20312500 -0.10156250
v -0.13386575 -0.20312500 -0.07812500
v -0.13433624 -0.20312500 -0.03125000
v -0.13367360 -0.20312500 -0.01562500
v -0.13449111 -0.20312500 0.01562500
v -0.13331671 -0.20312500 0.03125000
v -0.13293158 -0.20312500 0.04687500
v -0.13346822 -0.20312500 0.07812500
v -0.12536215 -0.20312500 0.09375000
v -0.12500000 -0.20514693 0.09375000
v -0.12500000 -0.20312500 0.09411184
v -0.13360316 -0.18750000 -0.09375000
v -0.12500000 -0.18750000 -0.10156250
v -0.13456922 -0.18750000 -0.07812500
v -0.13419529 -0.18750000 -0.03125000
v -0.13400982 -0.18750000 -0.01562500
v -0.13491690 -0.18750000 0.01562500
v -0.13337056 -0.18750000 0.03125000
v -0.13297425 -0.18750000 0.04687500
v -0.13344329 -0.18750000 0.07812500
v -0.12770416 -0.18750000 0.09375000
v -0.12500000 -0.18750000 0.09644056
v -0.13490414 -0.17187500 -0.09375000
v -0.12500000 -0.17187500 -0.10156250
v -0.13573843 -0.17187500 -0.07812500
v -0.13405157 -0.17187500 -0.03125000
v -0.13447158 -0.17187500 -0.01562500
v -0.13594671 -0.17187500 0.01562500
v -0.13342500 -0.17187500 0.03125000
v -0.13307890 -0.17187500 0.04687500
v -0.13341963 -0.17187500 0.07812500
v -0.12942668 -0.17187500 0.09375000
v -0.12500000 -0.17187500 0.09804424
v -0.13834016 -0.15625000 -0.09375000
v -0.12500000 -0.15625000 -0.10156250
v -0.13767783 -0.15625000 -0.07812500
v -0.13398919 -0.15625000 -0.03125000
v -0.13510136 -0.15625000 -0.01562500
v -0.13757281 -0.15625000 0.01562500
v -0.13359624 -0.15625000 0.03125000
v -0.13319332 -0.15625000 0.04687500
v -0.13339738 -0.15625000 0.07812500
v -0.13062248 -0.15625000 0.09375000
v -0.12500000 -0.15625000 0.09914977
v -0.12500000 -0.14062500 -0.10156250
v -0.13405943 -0.14062500 -0.03125000
v -0.13594818 -0.14062500 -0.01562500
v -0.13995933 -0.14062500 0.01562500
v -0.13384504 -0.14062500 0.03125000
v -0.13346108 -0.14062500 0.04687500
v -0.13293859 -0.14062500 0.07812500
v -0.13128981 -0.14062500 0.09375000
v -0.12500000 -0.14062500 0.09983454
v -0.12500000 -0.12500000 -0.10156250
v -0.13411452 -0.12500000 -0.03125000
v -0.13699297 -0.12500000 -0.01562500
v -0.13421873 -0.12500000 0.03125000
v -0.13545594 -0.12500000 0.04687500
v -0.13282852 -0.12500000 0.07812500
v -0.13148203 -0.12500000 0.09375000
v -0.12500000 -0.12500000 0.10004844
v -0.12500000 -0.10937500 -0.10156250
v -0.13450384 -0.10937500 -0.03125000
v -0.13819176 -0.10937500 -0.01562500
v -0.13525904 -0.10937500 0.03125000
v -0.13281793 -0.10937500 0.07812500
v -0.13169616 -0.10937500 0.09375000
v -0.12500000 -0.10937500 0.10024561
v -0.12500000 -0.09375000 -0.10156250
v -0.13527224 -0.09375000 -0.03125000
v -0.13967340 -0.09375000 -0.01562500
v -0.13709319 -0.09375000 0.03125000
v -0.13281555 -0.09375000 0.07812500
v -0.13192494 -0.09375000 0.09375000
v -0.12500000 -0.09375000 0.10042959
v -0.12500000 -0.07812500 -0.10156250
v -0.13622222 -0.07812500 -0.03125000
v -0.14050270 -0.07812500 0.03125000
v -0.13281428 -0.07812500 0.07812500
v -0.13217325 -0.07812500 0.09375000
v -0.12500000 -0.07812500 0.10060522
v -0.12500000 -0.06250000 -0.10156250
v -0.13727720 -0.06250000 -0.03125000
v -0.13281360 -0.06250000 0.07812500
v -0.13106985 -0.06250000 0.09375000
v -0.12500000 -0.06250000 0.09942360
v -0.12500000 -0.04687500 -0.10156250
v -0.13844010 -0.04687500 -0.03125000
v -0.13898634 -0.04687500 0.03125000
v -0.13281352 -0.04687500 0.07812500
v -0.12564952 -0.04687500 0.09375000
v -0.12500000 -0.04687500 0.09432024
v -0.12500000 -0.03125000 -0.10156250
v -0.13973634 -0.03125000 -0.03125000
v -0.13639565 -0.03125000 0.03125000
v -0.13745087 -0.03125000 0.04687500
v -0.13281365 -0.03125000 0.07812500
v -0.12500000 -0.04566867 0.09375000
v -0.12500000 -0.03125000 0.08888060
v -0.12500000 -0.01562500 -0.10156250
v -0.13481674 -0.01562500 0.03125000
v -0.13511959 -0.01562500 0.04687500
v -0.13281438 -0.01562500 0.07812500
v -0.12500000 -0.01562500 0.08739677
v -0.12500000 0.00000000 -0.10156249
v -0.13650606 0.00000000 0.01562500
v -0.13390867 0.00000000 0.03125000
v -0.13391915 0.00000000 0.04687500
v -0.13281545 0.00000000 0.07812500
v -0.12500000 0.00000000 0.08676620
v -0.12500000 0.01562500 -0.10156246
v -0.13481272 0.01562500 0.01562500
v -0.13339909 0.01562500 0.03125000
v -0.13333206 0.01562500 0.04687500
v -0.13281695 0.01562500 0.07812500
v -0.12500000 0.01562500 0.08698330
v -0.12500000 0.03125000 -0.10156230
v -0.13950423 0.03125000 -0.01562500
v -0.13388374 0.03125000 0.01562500
v -0.13312407 0.03125000 0.03125000
v -0.13305550 0.03125000 0.04687500
v -0.13283699 0.03125000 0.07812500
v -0.12500000 0.03125000 0.08730486
v -0.12500000 0.04687500 -0.10156146
v -0.13355840 0.04687500 -0.01562500
v -0.13431591 0.04687500 0.00000000
v -0.13338297 0.04687500 0.01562500
v -0.13297753 0.04687500 0.03125000
v -0.13292602 0.04687500 0.04687500
v -0.13303292 0.04687500 0.07812500
v -0.12500000 0.04687500 0.08768732
v -0.12500000 0.06250000 -0.10156109
v -0.13862324 0.06250000 -0.03125000
v -0.13293084 0.06250000 -0.01562500
v -0.13314948 0.06250000 0.00000000
v -0.13311543 0.06250000 0.01562500
v -0.13289982 0.06250000 0.03125000
v -0.13297759 0.06250000 0.04687500
v -0.13508157 0.06250000 0.07812500
v -0.12500000 0.06250000 0.08803356
v -0.12500000 0.07812500 -0.10156101
v -0.13668885 0.07812500 -0.03125000
v -0.13283113 0.07812500 -0.01562500
v -0.13297490 0.07812500 0.00000000
v -0.13297308 0.07812500 0.01562500
v -0.13294883 0.07812500 0.03125000
v -0.13324190 0.07812500 0.04687500
v -0.12500000 0.07812500 0.08844220
v -0.12500000 0.09375000 -0.10156143
v -0.13836890 0.09375000 -0.03125000
v -0.13281542 0.09375000 -0.01562500
v -0.13289068 0.09375000 0.00000000
v -0.13305053 0.09375000 0.01562500
v -0.13321394 0.09375000 0.03125000
v -0.13402201 0.09375000 0.04687500
v -0.12500000 0.09375000 0.08879309
v -0.12500000 0.10937500 -0.10156183
v -0.13770753 0.10937500 -0.03125000
v -0.13281672 0.10937500 -0.01562500
v -0.13291263 0.10937500 0.00000000
v -0.13351425 0.10937500 0.01562500
v -0.13399424 0.10937500 0.03125000
v -0.13930320 0.10937500 0.04687500
v -0.12500000 0.10937500 0.09058775
v -0.12500000 0.12500000 -0.10156208
v -0.13379264 0.12500000 -0.03125000
v -0.13281825 0.12500000 -0.01562500
v -0.13293544 0.12500000 0.00000000
v -0.13488074 0.12500000 0.01562500
v -0.13629131 0.12500000 0.03125000
v -0.12765662 0.12500000 0.09375000
v -0.12500000 0.11861913 0.09375000
v -0.12500000 0.12500000 0.09607876
v -0.12500000 0.14062500 -0.10156223
v -0.13329663 0.14062500 -0.03125000
v -0.13283602 0.14062500 -0.01562500
v -0.13331450 0.14062500 0.00000000
v -0.13332823 0.14062500 0.01562500
v -0.13552475 0.14062500 0.03125000
v -0.13174742 0.14062500 0.09375000
v -0.12500000 0.14062500 0.09929551
v -0.12500000 0.15625000 -0.10156233
v -0.13314127 0.15625000 -0.03125000
v -0.13290862 0.15625000 -0.01562500
v -0.13486133 0.15625000 0.00000000
v -0.13299609 0.15625000 0.01562500
v -0.13341110 0.15625000 0.03125000
v -0.13452888 0.15625000 0.09375000
v -0.12500000 0.15625000 0.10062405
v -0.12500000 0.17187500 -0.10156237
v -0.13566136 0.17187500 -0.04687500
v -0.13293939 0.17187500 -0.03125000
v -0.13320514 0.17187500 -0.01562500
v -0.13333267 0.17187500 0.01562500
v -0.13294460 0.17187500 0.03125000
v -0.13376402 0.17187500 0.09375000
v -0.12500000 0.17187500 0.10101679
v -0.12500000 0.18750000 -0.10156240
v -0.13437423 0.18750000 -0.04687500
v -0.13294694 0.18750000 -0.03125000
v -0.13441585 0.18750000 -0.01562500
v -0.13428621 0.18750000 0.01562500
v -0.13288381 0.18750000 0.03125000
v -0.13284719 0.18750000 0.09375000
v -0.12500000 0.18750000 0.10103994
v -0.12500000 0.20312500 -0.10156242
v -0.13420117 0.20312500 -0.04687500
v -0.13298347 0.20312500 -0.03125000
v -0.13502092 0.20312500 -0.01562500
v -0.13698655 0.20312500 0.01562500
v -0.13301430 0.20312500 0.03125000
v -0.13244561 0.20312500 0.09375000
v -0.12500000 0.20312500 0.10098293
v -0.12500000 0.21875000 -0.10156244
v -0.13404474 0.21875000 -0.04687500
v -0.13302958 0.21875000 -0.03125000
v -0.13570936 0.21875000 -0.01562500
v -0.13397994 0.21875000 0.03125000
v -0.13220802 0.21875000 0.09375000
v -0.12500000 0.21875000 0.10087362
v -0.12500000 0.23437500 -0.10156245
v -0.13423277 0.23437500 -0.04687500
v -0.13308779 0.23437500 -0.03125000
v -0.13660939 0.23437500 -0.01562500
v -0.13195072 0.23437500 0.09375000
v -0.12500000 0.23437500 0.10065895
v -0.12500000 0.25000000 -0.10156247
v -0.13696340 0.25000000 -0.04687500
v -0.13316120 0.25000000 -0.03125000
v -0.13778673 0.25000000 -0.01562500
v -0.13149386 0.25000000 0.09375000
v -0.12500000 0.25000000 0.10022298
v -0.13472965 0.26562500 -0.09375000
v -0.12500000 0.26562500 -0.10156247
v -0.13325354 0.26562500 -0.03125000
v -0.13932604 0.26562500 -0.01562500
v -0.13070126 0.26562500 0.09375000
v -0.12500000 0.26562500 0.09944113
v -0.13319925 0.28125000 -0.09375000
v -0.12500000 0.28125000 -0.10156248
v -0.13354790 0.28125000 -0.03125000
v -0.12945771 0.28125000 0.09375000
v -0.12500000 0.28125000 0.09820318
v -0.13289377 0.29687500 -0.09375000
v -0.12500000 0.29687500 -0.10156248
v -0.13495328 0.29687500 -0.03125000
v -0.12749494 0.29687500 0.09375000
v -0.12500000 0.29687500 0.09624341
v -0.13284976 0.31250000 -0.09375000
v -0.12500000 0.31250000 -0.10156249
v -0.13904086 0.31250000 -0.03125000
v -0.12500000 0.30992495 0.09375000
v -0.12500000 0.31250000 0.09318571
v -0.13282955 0.32812500 -0.09375000
v -0.12500000 0.32812500 -0.10156249
v -0.12500000 0.32812500 0.08861214
v -0.13282250 0.34375000 -0.09375000
v -0.12500000 0.34375000 -0.10156249
v -0.12500000 0.34375000 0.08709310
v -0.13281788 0.35937500 -0.09375000
v -0.12500000 0.35937500 -0.10156248
v -0.12500000 0.35937500 0.08686737
v -0.13281228 0.37500000 -0.09375000
v -0.12500000 0.37500000 -0.10156212
v -0.13419731 0.37500000 -0.07812500
v -0.12500000 0.37500000 0.08650064
v -0.12500000 0.38286849 -0.09375000
v -0.13280674 0.39062500 -0.07812500
v -0.12500000 0.39062500 -0.08598811
v -0.13279820 0.39062500 -0.06250000
v -0.12794484 0.39062500 -0.04687500
v -0.12500000 0.38731112 -0.03125000
v -0.12500000 0.39062500 -0.03963804
v -0.12500000 0.38503736 -0.01562500
v -0.12500000 0.38502097 0.00000000
v -0.12500000 0.38943724 0.01562500
v -0.12918577 0.39062500 0.03125000
v -0.12500000 0.39062500 0.01850159
v -0.12500000 0.39062500 0.08593067
v -0.12500000 0.39843174 -0.07812500
v -0.12500000 0.39842319 -0.06250000
v -0.12500000 0.39356983 -0.04687500
v -0.12500000 0.39479979 0.03125000
v -0.12500000 0.39843131 0.04687500
v -0.12500000 0.39843745 0.06250000
v -0.12500000 0.39843066 0.07812500
v -0.11896487 -0.42187500 -0.06250000
v -0.10937500 -0.42956084 -0.04687500
v -0.10937500 -0.42187500 -0.06030033
v -0.10937500 -0.42967601 -0.03125000
v -0.10937500 -0.42960689 -0.01562500
v -0.10937500 -0.42939541 0.00000000
v -0.10937500 -0.42903590 0.01562500
v -0.10937500 -0.42907167 0.03125000
v -0.10937500 -0.42951849 0.04687500
v -0.10937500 -0.42968697 0.06250000
v -0.11718852 -0.42187500 0.07812500
v -0.10937500 -0.42187500 0.07031197
v -0.11719219 -0.40625000 -0.09375000
v -0.10937500 -0.41406242 -0.07812500
v -0.10937500 -0.40625000 -0.08593741
v -0.10937500 -0.41973590 -0.06250000
v -0.10937500 -0.41406235 0.07812500
v -0.11758307 -0.40625000 0.09375000
v -0.10937500 -0.40625000 0.08593735
v -0.11718750 -0.39062500 -0.09375000
v -0.10937500 -0.39062500 -0.08593750
v -0.11758304 -0.39062500 0.09375000
v -0.10937500 -0.39062500 0.08593750
v -0.11718750 -0.37500000 -0.09375000
v -0.10937500 -0.37500000 -0.08593750
v -0.11929075 -0.37500000 0.09375000
v -0.10937500 -0.37500000 0.08593750
v -0.10937500 -0.36688742 -0.09375000
v -0.10937500 -0.35937500 -0.10126242
v -0.12207330 -0.35937500 0.09375000
v -0.10937500 -0.35937500 0.08593750
v -0.10937500 -0.34375000 -0.10146479
v -0.10937500 -0.34375000 0.08593750
v -0.10937500 -0.32812500 -0.10153067
v -0.10937500 -0.32812500 0.08593750
v -0.10937500 -0.31250000 -0.10153693
v -0.10937500 -0.31250000 0.08593750
v -0.10937500 -0.29687500 -0.10153232
v -0.12208133 -0.29687500 0.09375000
v -0.10937500 -0.29687500 0.08593750
v -0.10937500 -0.28125000 -0.10152687
v -0.12458991 -0.28125000 0.09375000
v -0.10937500 -0.28125000 0.08593750
v -0.10937500 -0.26562500 -0.10151646
v -0.10937500 -0.26562500 0.08593750
v -0.10937500 -0.25000000 -0.10149190
v -0.10937500 -0.25000000 0.08593750
v -0.10937500 -0.23437500 -0.10140162
v -0.10937500 -0.23437500 0.08593750
v -0.10937500 -0.21875000 -0.10106695
v -0.10937500 -0.21875000 0.08593750
v -0.10937500 -0.20312500 -0.10003703
v -0.12463816 -0.20312500 0.09375000
v -0.10937500 -0.20312500 0.08593750
v -0.10937500 -0.18750000 -0.09684274
v -0.12230944 -0.18750000 0.09375000
v -0.10937500 -0.18750000 0.08593749
v -0.11718750 -0.17187500 -0.09375000
v -0.10937500 -0.18440726 -0.09375000
v -0.10937500 -0.17187500 -0.08593750
v -0.12070576 -0.17187500 0.09375000
v -0.10937500 -0.17187500 0.08593748
v -0.11718750 -0.15625000 -0.09375000
v -0.10937500 -0.15625000 -0.08593750
v -0.11960023 -0.15625000 0.09375000
v -0.10937500 -0.15625000 0.08593746
v -0.11718750 -0.14062500 -0.09375000
v -0.10937500 -0.14062500 -0.08593750
v -0.11891546 -0.14062500 0.09375000
v -0.10937500 -0.14062500 0.08593742
v -0.11718750 -0.12500000 -0.09375000
v -0.10937500 -0.12500000 -0.08593750
v -0.11870156 -0.12500000 0.09375000
v -0.10937500 -0.12500000 0.08593738
v -0.11718750 -0.10937500 -0.09375000
v -0.10937500 -0.10937500 -0.08593750
v -0.11850439 -0.10937500 0.09375000
v -0.10937500 -0.10937500 0.08593731
v -0.11718750 -0.09375000 -0.09375000
v -0.10937500 -0.09375000 -0.08593750
v -0.11832041 -0.09375000 0.09375000
v -0.10937500 -0.09375000 0.08593721
v -0.11718750 -0.07812500 -0.09375000
v -0.10937500 -0.07812500 -0.08593750
v -0.11814478 -0.07812500 0.09375000
v -0.10937500 -0.07812500 0.08593703
v -0.11718750 -0.06250000 -0.09375000
v -0.10937500 -0.06250000 -0.08593750
v -0.11932640 -0.06250000 0.09375000
v -0.10937500 -0.06250000 0.08593726
v -0.11718750 -0.04687500 -0.09375000
v -0.10937500 -0.04687500 -0.08593750
v -0.12442976 -0.04687500 0.09375000
v -0.10937500 -0.04687500 0.08593745
v -0.11718750 -0.03125000 -0.09375000
v -0.10937500 -0.03125000 -0.08593750
v -0.10937500 -0.03125000 0.08593749
v -0.11718750 -0.01562500 -0.09375000
v -0.10937500 -0.01562500 -0.08593750
v -0.10937500 -0.01562500 0.08593750
v -0.11718751 0.00000000 -0.09375000
v -0.10937500 0.00000000 -0.08593750
v -0.10937500 0.00000000 0.08593750
v -0.11718754 0.01562500 -0.09375000
v -0.10937500 0.01562500 -0.08593750
v -0.10937500 0.01562500 0.08593750
v -0.11718770 0.03125000 -0.09375000
v -0.10937500 0.03125000 -0.08593750
v -0.10937500 0.03125000 0.08593750
v -0.11718854 0.04687500 -0.09375000
v -0.10937500 0.04687500 -0.08593750
v -0.10937500 0.04687500 0.08593750
v -0.11718891 0.06250000 -0.09375000
v -0.10937500 0.06250000 -0.08593750
v -0.10937500 0.06250000 0.08593750
v -0.11718899 0.07812500 -0.09375000
v -0.10937500 0.07812500 -0.08593750
v -0.10937500 0.07812500 0.08593750
v -0.11718857 0.09375000 -0.09375000
v -0.10937500 0.09375000 -0.08593750
v -0.10937500 0.09375000 0.08593750
v -0.11718817 0.10937500 -0.09375000
v -0.10937500 0.10937500 -0.08593750
v -0.10937500 0.10937500 0.08593750
v -0.11718792 0.12500000 -0.09375000
v -0.10937500 0.12500000 -0.08593750
v -0.12267124 0.12500000 0.09375000
v -0.10937500 0.12500000 0.08593750
v -0.11718777 0.14062500 -0.09375000
v -0.10937500 0.14062500 -0.08593750
v -0.11945449 0.14062500 0.09375000
v -0.10937500 0.14062500 0.08593750
v -0.11718767 0.15625000 -0.09375000
v -0.10937500 0.15625000 -0.08593750
v -0.11812595 0.15625000 0.09375000
v -0.10937500 0.15625000 0.08593750
v -0.11718763 0.17187500 -0.09375000
v -0.10937500 0.17187500 -0.08593750
v -0.11773321 0.17187500 0.09375000
v -0.10937500 0.17187500 0.08593750
v -0.11718760 0.18750000 -0.09375000
v -0.10937500 0.18750000 -0.08593750
v -0.11771006 0.18750000 0.09375000
v -0.10937500 0.18750000 0.08593750
v -0.11718758 0.20312500 -0.09375000
v -0.10937500 0.20312500 -0.08593750
v -0.11776707 0.20312500 0.09375000
v -0.10937500 0.20312500 0.08593750
v -0.11718756 0.21875000 -0.09375000
v -0.10937500 0.21875000 -0.08593750
v -0.11787638 0.21875000 0.09375000
v -0.10937500 0.21875000 0.08593750
v -0.11718755 0.23437500 -0.09375000
v -0.10937500 0.23437500 -0.08593750
v -0.11809105 0.23437500 0.09375000
v -0.10937500 0.23437500 0.08593750
v -0.11718753 0.25000000 -0.09375000
v -0.10937500 0.25000000 -0.08593750
v -0.11852702 0.25000000 0.09375000
v -0.10937500 0.25000000 0.08593750
v -0.11718753 0.26562500 -0.09375000
v -0.10937500 0.26562500 -0.08593750
v -0.11930887 0.26562500 0.09375000
v -0.10937500 0.26562500 0.08593750
v -0.11718752 0.28125000 -0.09375000
v -0.10937500 0.28125000 -0.08593750
v -0.12054682 0.28125000 0.09375000
v -0.10937500 0.28125000 0.08593750
v -0.11718752 0.29687500 -0.09375000
v -0.10937500 0.29687500 -0.08593750
v -0.12250659 0.29687500 0.09375000
v -0.10937500 0.29687500 0.08593750
v -0.11718751 0.31250000 -0.09375000
v -0.10937500 0.31250000 -0.08593750
v -0.10937500 0.31250000 0.08593750
v -0.11718751 0.32812500 -0.09375000
v -0.10937500 0.32812500 -0.08593750
v -0.10937500 0.32812500 0.08593750
v -0.11718751 0.34375000 -0.09375000
v -0.10937500 0.34375000 -0.08593750
v -0.10937500 0.34375000 0.08593750
v -0.11718752 0.35937500 -0.09375000
v -0.10937500 0.35937500 -0.08593750
v -0.10937500 0.35937500 0.08593750
v -0.11718788 0.37500000 -0.09375000
v -0.10937500 0.37500000 -0.08593750
v -0.10937500 0.37500000 0.08593750
v -0.10937500 0.39062500 -0.08593729
v -0.10937500 0.38816000 -0.03125000
v -0.10937500 0.39062500 -0.03378017
v -0.10937500 0.38294220 -0.01562500
v -0.10937500 0.38293644 0.00000000
v -0.10937500 0.38305717 0.01562500
v -0.12005173 0.39062500 0.03125000
v -0.10937500 0.38374520 0.03125000
v -0.10937500 0.39062500 0.03818724
v -0.10937500 0.39062500 0.08486585
v -0.10937500 0.39843729 -0.07812500
v -0.10937500 0.39843493 -0.06250000
v -0.10937500 0.39831618 -0.04687500
v -0.10937500 0.39837928 0.04687500
v -0.10937500 0.39843636 0.06250000
v -0.10937500 0.39736585 0.07812500
v -0.10168727 -0.42187500 -0.04687500
v -0.09375000 -0.42926069 -0.03125000
v -0.09375000 -0.42187500 -0.03863757
v -0.09375000 -0.42766043 -0.01562500
v -0.09874893 -0.42187500 0.00000000
v -0.09375000 -0.42187500 -0.00665763
v -0.10132513 -0.42187500 0.01562500
v -0.10076275 -0.42187500 0.03125000
v -0.09375000 -0.42919549 0.04687500
v -0.09375000 -0.42187500 0.03813981
v -0.09375000 -0.42968334 0.06250000
v -0.09375000 -0.42187500 0.07030834
v -0.10156259 -0.40625000 -0.07812500
v -0.09971033 -0.40625000 -0.06250000
v -0.09375000 -0.41406439 -0.04687500
v -0.09375000 -0.40625000 -0.05653967
v -0.09375000 -0.41712691 0.00000000
v -0.09375000 -0.41494922 0.01562500
v -0.09375000 -0.41546675 0.03125000
v -0.10156265 -0.40625000 0.07812500
v -0.09375000 -0.40625000 0.07031250
v -0.10156250 -0.39062500 -0.07812500
v -0.09375000 -0.40028929 -0.06250000
v -0.09375000 -0.39062500 -0.07031209
v -0.10156250 -0.39062500 0.07812500
v -0.09375000 -0.39062500 0.07031250
v -0.10156250 -0.37500000 -0.07812500
v -0.09375000 -0.37500000 -0.07031250
v -0.10156250 -0.37500000 0.07812500
v -0.09375000 -0.37500000 0.07031250
v -0.10186258 -0.35937500 -0.09375000
v -0.10156250 -0.35937500 -0.07812500
v -0.09375000 -0.35937500 -0.07031250
v -0.10156250 -0.35937500 0.07812500
v -0.09375000 -0.35937500 0.07031250
v -0.10166021 -0.34375000 -0.09375000
v -0.10156250 -0.34375000 -0.07812500
v -0.09375000 -0.34375000 -0.07031250
v -0.10156250 -0.34375000 0.07812500
v -0.09375000 -0.34375000 0.07031250
v -0.10159433 -0.32812500 -0.09375000
v -0.10156250 -0.32812500 -0.07812500
v -0.09375000 -0.32812500 -0.07031250
v -0.10156250 -0.32812500 0.07812500
v -0.09375000 -0.32812500 0.07031250
v -0.10158807 -0.31250000 -0.09375000
v -0.10156250 -0.31250000 -0.07812500
v -0.09375000 -0.31250000 -0.07031250
v -0.10156250 -0.31250000 0.07812500
v -0.09375000 -0.31250000 0.07031250
v -0.10159268 -0.29687500 -0.09375000
v -0.10156250 -0.29687500 -0.07812500
v -0.09375000 -0.29687500 -0.07031250
v -0.10156250 -0.29687500 0.07812500
v -0.09375000 -0.29687500 0.07031250
v -0.10159813 -0.28125000 -0.09375000
v -0.10156250 -0.28125000 -0.07812500
v -0.09375000 -0.28125000 -0.07031250
v -0.10156250 -0.28125000 0.07812500
v -0.09375000 -0.28125000 0.07031250
v -0.10160854 -0.26562500 -0.09375000
v -0.10156250 -0.26562500 -0.07812500
v -0.09375000 -0.26562500 -0.07031250
v -0.10156250 -0.26562500 0.07812500
v -0.09375000 -0.26562500 0.07031250
v -0.10163310 -0.25000000 -0.09375000
v -0.10156250 -0.25000000 -0.07812500
v -0.09375000 -0.25000000 -0.07031250
v -0.10156250 -0.25000000 0.07812500
v -0.09375000 -0.25000000 0.07031250
v -0.10172338 -0.23437500 -0.09375000
v -0.10156250 -0.23437500 -0.07812500
v -0.09375000 -0.23437500 -0.07031250
v -0.10156250 -0.23437500 0.07812500
v -0.09375000 -0.23437500 0.07031250
v -0.10205805 -0.21875000 -0.09375000
v -0.10156250 -0.21875000 -0.07812500
v -0.09375000 -0.21875000 -0.07031250
v -0.10156250 -0.21875000 0.07812500
v -0.09375000 -0.21875000 0.07031250
v -0.10308797 -0.20312500 -0.09375000
v -0.10156250 -0.20312500 -0.07812500
v -0.09375000 -0.20312500 -0.07031250
v -0.10156250 -0.20312500 0.07812500
v -0.09375000 -0.20312500 0.07031250
v -0.10628226 -0.18750000 -0.09375000
v -0.10156250 -0.18750000 -0.07812500
v -0.09375000 -0.18750000 -0.07031250
v -0.10156251 -0.18750000 0.07812500
v -0.09375000 -0.18750000 0.07031250
v -0.10156250 -0.17187500 -0.07812500
v -0.09375000 -0.17187500 -0.07031250
v -0.10156252 -0.17187500 0.07812500
v -0.09375000 -0.17187500 0.07031250
v -0.10156250 -0.15625000 -0.07812500
v -0.09375000 -0.15625000 -0.07031250
v -0.10156254 -0.15625000 0.07812500
v -0.09375000 -0.15625000 0.07031250
v -0.10156250 -0.14062500 -0.07812500
v -0.09375000 -0.14062500 -0.07031250
v -0.10156258 -0.14062500 0.07812500
v -0.09375000 -0.14062500 0.07031250
v -0.10156250 -0.12500000 -0.07812500
v -0.09375000 -0.12500000 -0.07031250
v -0.10156262 -0.12500000 0.07812500
v -0.09375000 -0.12500000 0.07031250
v -0.10156250 -0.10937500 -0.07812500
v -0.09375000 -0.10937500 -0.07031250
v -0.10156269 -0.10937500 0.07812500
v -0.09375000 -0.10937500 0.07031250
v -0.10156250 -0.09375000 -0.07812500
v -0.09375000 -0.09375000 -0.07031250
v -0.10156279 -0.09375000 0.07812500
v -0.09375000 -0.09375000 0.07031250
v -0.10156250 -0.07812500 -0.07812500
v -0.09375000 -0.07812500 -0.07031250
v -0.10156297 -0.07812500 0.07812500
v -0.09375000 -0.07812500 0.07031250
v -0.10156250 -0.06250000 -0.07812500
v -0.09375000 -0.06250000 -0.07031249
v -0.10156274 -0.06250000 0.07812500
v -0.09375000 -0.06250000 0.07031250
v -0.10156250 -0.04687500 -0.07812500
v -0.09375000 -0.04687500 -0.07031248
v -0.10156255 -0.04687500 0.07812500
v -0.09375000 -0.04687500 0.07031250
v -0.10156250 -0.03125000 -0.07812500
v -0.09375000 -0.03125000 -0.07031245
v -0.10156251 -0.03125000 0.07812500
v -0.09375000 -0.03125000 0.07031250
v -0.10156250 -0.01562500 -0.07812500
v -0.09375000 -0.01562500 -0.07031237
v -0.10156250 -0.01562500 0.07812500
v -0.09375000 -0.01562500 0.07031250
v -0.10156250 0.00000000 -0.07812500
v -0.09375000 0.00000000 -0.07031233
v -0.10156250 0.00000000 0.07812500
v -0.09375000 0.00000000 0.07031250
v -0.10156250 0.01562500 -0.07812500
v -0.09375000 0.01562500 -0.07031232
v -0.10156250 0.01562500 0.07812500
v -0.09375000 0.01562500 0.07031250
v -0.10156250 0.03125000 -0.07812500
v -0.09375000 0.03125000 -0.07031230
v -0.10156250 0.03125000 0.07812500
v -0.09375000 0.03125000 0.07031250
v -0.10156250 0.04687500 -0.07812500
v -0.09375000 0.04687500 -0.07031222
v -0.10156250 0.04687500 0.07812500
v -0.09375000 0.04687500 0.07031250
v -0.10156250 0.06250000 -0.07812500
v -0.09375000 0.06250000 -0.07031201
v -0.10156250 0.06250000 0.07812500
v -0.09375000 0.06250000 0.07031250
v -0.10156250 0.07812500 -0.07812500
v -0.09375000 0.07812500 -0.07031164
v -0.10156250 0.07812500 0.07812500
v -0.09375000 0.07812500 0.07031250
v -0.10156250 0.09375000 -0.07812500
v -0.09375000 0.09375000 -0.07031099
v -0.10156250 0.09375000 0.07812500
v -0.09375000 0.09375000 0.07031250
v -0.10156250 0.10937500 -0.07812500
v -0.09375000 0.10937500 -0.07031069
v -0.10156250 0.10937500 0.07812500
v -0.09375000 0.10937500 0.07031250
v -0.10156250 0.12500000 -0.07812500
v -0.09375000 0.12500000 -0.07031176
v -0.10156250 0.12500000 0.07812500
v -0.09375000 0.12500000 0.07031250
v -0.10156250 0.14062500 -0.07812500
v -0.09375000 0.14062500 -0.07031219
v -0.10156250 0.14062500 0.07812500
v -0.09375000 0.14062500 0.07031250
v -0.10156250 0.15625000 -0.07812500
v -0.09375000 0.15625000 -0.07031233
v -0.10156250 0.15625000 0.07812500
v -0.09375000 0.15625000 0.07031250
v -0.10156250 0.17187500 -0.07812500
v -0.09375000 0.17187500 -0.07031238
v -0.10156250 0.17187500 0.07812500
v -0.09375000 0.17187500 0.07031250
v -0.10156250 0.18750000 -0.07812500
v -0.09375000 0.18750000 -0.07031242
v -0.10156250 0.18750000 0.07812500
v -0.09375000 0.18750000 0.07031250
v -0.10156250 0.20312500 -0.07812500
v -0.09375000 0.20312500 -0.07031244
v -0.10156250 0.20312500 0.07812500
v -0.09375000 0.20312500 0.07031250
v -0.10156250 0.21875000 -0.07812500
v -0.09375000 0.21875000 -0.07031246
v -0.10156250 0.21875000 0.07812500
v -0.09375000 0.21875000 0.07031250
v -0.10156250 0.23437500 -0.07812500
v -0.09375000 0.23437500 -0.07031247
v -0.10156250 0.23437500 0.07812500
v -0.09375000 0.23437500 0.07031250
v -0.10156250 0.25000000 -0.07812500
v -0.09375000 0.25000000 -0.07031247
v -0.10156250 0.25000000 0.07812500
v -0.09375000 0.25000000 0.07031250
v -0.10156250 0.26562500 -0.07812500
v -0.09375000 0.26562500 -0.07031247
v -0.10156250 0.26562500 0.07812500
v -0.09375000 0.26562500 0.07031250
v -0.10156250 0.28125000 -0.07812500
v -0.09375000 0.28125000 -0.07031247
v -0.10156250 0.28125000 0.07812500
v -0.09375000 0.28125000 0.07031250
v -0.10156250 0.29687500 -0.07812500
v -0.09375000 0.29687500 -0.07031247
v -0.10156250 0.29687500 0.07812500
v -0.09375000 0.29687500 0.07031250
v -0.10156250 0.31250000 -0.07812500
v -0.09375000 0.31250000 -0.07031248
v -0.10156250 0.31250000 0.07812500
v -0.09375000 0.31250000 0.07031250
v -0.10156250 0.32812500 -0.07812500
v -0.09375000 0.32812500 -0.07031249
v -0.10156250 0.32812500 0.07812500
v -0.09375000 0.32812500 0.07031250
v -0.10156250 0.34375000 -0.07812500
v -0.09375000 0.34375000 -0.07031249
v -0.10156250 0.34375000 0.07812500
v -0.09375000 0.34375000 0.07031250
v -0.10156250 0.35937500 -0.07812500
v -0.09375000 0.35937500 -0.07031249
v -0.09571869 0.35937500 0.07812500
v -0.09375000 0.35937500 0.07615631
v -0.10156250 0.37500000 -0.07812500
v -0.09375000 0.37500000 -0.07031230
v -0.10156250 0.37500000 0.07812500
v -0.09375000 0.37500000 0.07031250
v -0.10156271 0.39062500 -0.07812500
v -0.09375000 0.39062500 -0.06644766
v -0.10652646 0.39062500 -0.03125000
v -0.09375000 0.38432518 -0.01562500
v -0.09375000 0.39062500 -0.02258927
v -0.09375000 0.38300744 0.00000000
v -0.09375000 0.38292617 0.01562500
v -0.09375000 0.38800669 0.03125000
v -0.09375000 0.39062500 0.03386976
v -0.10263415 0.39062500 0.07812500
v -0.09375000 0.39062500 0.07031156
v -0.09375000 0.39457268 -0.06250000
v -0.09375000 0.39843442 -0.04687500
v -0.09375000 0.39775878 -0.03125000
v -0.09375000 0.39843491 0.04687500
v -0.09375000 0.39843656 0.06250000
v -0.08636431 -0.42187500 -0.03125000
v -0.08794036 -0.42187500 -0.01562500
v -0.08677058 -0.42187500 0.00000000
v -0.07812500 -0.42735877 0.00000000
v -0.07812500 -0.42187500 -0.00550743
v -0.08600721 -0.42187500 0.01562500
v -0.07812500 -0.42886966 0.01562500
v -0.08720984 -0.42187500 0.03125000
v -0.07812500 -0.42955161 0.03125000
v -0.07812500 -0.42968686 0.04687500
v -0.07812500 -0.42882520 0.06250000
v -0.07812500 -0.42187500 0.06945020
v -0.08593750 -0.40625000 -0.04687500
v -0.08593750 -0.40625000 -0.03125000
v -0.07812500 -0.41408844 -0.01562500
v -0.07812500 -0.40625000 -0.02343750
v -0.07812500 -0.40625000 0.07031241
v -0.08593791 -0.39062500 -0.06250000
v -0.08593750 -0.39062500 -0.04687500
v -0.07812500 -0.39843724 -0.03125000
v -0.07812500 -0.39062500 -0.03906224
v -0.07812500 -0.39062500 0.07031098
v -0.08593750 -0.37500000 -0.06250000
v -0.08593750 -0.37500000 -0.04687500
v -0.07812500 -0.37500000 -0.03906250
v -0.07812500 -0.37500000 0.07030535
v -0.08593750 -0.35937500 -0.06250000
v -0.08593750 -0.35937500 -0.04687500
v -0.07812500 -0.35937500 -0.03906250
v -0.07812500 -0.35937500 0.07030216
v -0.08593750 -0.34375000 -0.06250000
v -0.08593750 -0.34375000 -0.04687500
v -0.07812500 -0.34375000 -0.03906250
v -0.07812500 -0.34375000 0.07029950
v -0.08593750 -0.32812500 -0.06250000
v -0.08593750 -0.32812500 -0.04687500
v -0.07812500 -0.32812500 -0.03906250
v -0.07812500 -0.32812500 0.07029614
v -0.08593750 -0.31250000 -0.06250000
v -0.08593750 -0.31250000 -0.04687500
v -0.07812500 -0.31250000 -0.03906250
v -0.07812500 -0.31250000 0.07029185
v -0.08593750 -0.29687500 -0.06250000
v -0.08593750 -0.29687500 -0.04687500
v -0.07812500 -0.29687500 -0.03906250
v -0.07812500 -0.29687500 0.07029548
v -0.08593750 -0.28125000 -0.06250000
v -0.08593750 -0.28125000 -0.04687500
v -0.07812500 -0.28125000 -0.03906250
v -0.07812500 -0.28125000 0.07030011
v -0.08593750 -0.26562500 -0.06250000
v -0.08593750 -0.26562500 -0.04687500
v -0.07812500 -0.26562500 -0.03906250
v -0.07812500 -0.26562500 0.07030333
v -0.08593750 -0.25000000 -0.06250000
v -0.08593750 -0.25000000 -0.04687500
v -0.07812500 -0.25000000 -0.03906250
v -0.07812500 -0.25000000 0.07030554
v -0.08593750 -0.23437500 -0.06250000
v -0.08593750 -0.23437500 -0.04687500
v -0.07812500 -0.23437500 -0.03906250
v -0.07812500 -0.23437500 0.07030720
v -0.08593750 -0.21875000 -0.06250000
v -0.08593750 -0.21875000 -0.04687500
v -0.07812500 -0.21875000 -0.03906250
v -0.07812500 -0.21875000 0.07030843
v -0.08593750 -0.20312500 -0.06250000
v -0.08593750 -0.20312500 -0.04687500
v -0.07812500 -0.20312500 -0.03906250
v -0.07812500 -0.20312500 0.07030772
v -0.08593750 -0.18750000 -0.06250000
v -0.08593750 -0.18750000 -0.04687500
v -0.07812500 -0.18750000 -0.03906250
v -0.07812500 -0.18750000 0.07030671
v -0.08593750 -0.17187500 -0.06250000
v -0.08593750 -0.17187500 -0.04687500
v -0.07812500 -0.17187500 -0.03906250
v -0.07812500 -0.17187500 0.07030539
v -0.08593750 -0.15625000 -0.06250000
v -0.08593750 -0.15625000 -0.04687500
v -0.07812500 -0.15625000 -0.03906250
v -0.07812500 -0.15625000 0.07030364
v -0.08593750 -0.14062500 -0.06250000
v -0.08593750 -0.14062500 -0.04687500
v -0.07812500 -0.14062500 -0.03906250
v -0.07812500 -0.14062500 0.07030122
v -0.08593750 -0.12500000 -0.06250000
v -0.08593750 -0.12500000 -0.04687500
v -0.07812500 -0.12500000 -0.03906250
v -0.07812500 -0.12500000 0.07029710
v -0.08593750 -0.10937500 -0.06250000
v -0.08593750 -0.10937500 -0.04687500
v -0.07812500 -0.10937500 -0.03906250
v -0.07812500 -0.10937500 0.07028965
v -0.08593750 -0.09375000 -0.06250000
v -0.08593750 -0.09375000 -0.04687500
v -0.07812500 -0.09375000 -0.03906250
v -0.07812500 -0.09375000 0.07027708
v -0.08593750 -0.07812500 -0.06250000
v -0.08593750 -0.07812500 -0.04687500
v -0.07812500 -0.07812500 -0.03906250
v -0.07812500 -0.07812500 0.07025464
v -0.08593751 -0.06250000 -0.06250000
v -0.08593750 -0.06250000 -0.04687500
v -0.07812500 -0.06250000 -0.03906250
v -0.07812500 -0.06250000 0.07022218
v -0.08593752 -0.04687500 -0.06250000
v -0.08593750 -0.04687500 -0.04687500
v -0.07812500 -0.04687500 -0.03906250
v -0.07812500 -0.04687500 0.07016586
v -0.08593755 -0.03125000 -0.06250000
v -0.08593750 -0.03125000 -0.04687500
v -0.07812500 -0.03125000 -0.03906250
v -0.07812500 -0.03125000 0.07010481
v -0.08593763 -0.01562500 -0.06250000
v -0.08593750 -0.01562500 -0.04687500
v -0.07812500 -0.01562500 -0.03906250
v -0.07812500 -0.01562500 0.07002218
v -0.08593767 0.00000000 -0.06250000
v -0.08593750 0.00000000 -0.04687500
v -0.07812500 0.00000000 -0.03906248
v -0.07812500 0.00000000 0.06987812
v -0.08593768 0.01562500 -0.06250000
v -0.08593750 0.01562500 -0.04687500
v -0.07812500 0.01562500 -0.03906244
v -0.07812500 0.01562500 0.06914962
v -0.08593770 0.03125000 -0.06250000
v -0.08593750 0.03125000 -0.04687500
v -0.07812500 0.03125000 -0.03906224
v -0.07812500 0.03125000 0.06710583
v -0.08593778 0.04687500 -0.06250000
v -0.08593750 0.04687500 -0.04687500
v -0.07812500 0.04687500 -0.03906144
v -0.07812500 0.04687500 0.06445408
v -0.08593799 0.06250000 -0.06250000
v -0.08593750 0.06250000 -0.04687500
v -0.07812500 0.06250000 -0.03905815
v -0.07898048 0.06250000 0.06250000
v -0.07812500 0.05799418 0.06250000
v -0.07812500 0.06250000 0.06164452
v -0.08593836 0.07812500 -0.06250000
v -0.08593750 0.07812500 -0.04687500
v -0.07812500 0.07812500 -0.03904474
v -0.08140414 0.07812500 0.06250000
v -0.07812500 0.07812500 0.05922086
v -0.08593901 0.09375000 -0.06250000
v -0.08593750 0.09375000 -0.04687500
v -0.07812500 0.09375000 -0.03898995
v -0.08303597 0.09375000 0.06250000
v -0.07812500 0.09375000 0.05758903
v -0.08593931 0.10937500 -0.06250000
v -0.08593750 0.10937500 -0.04687500
v -0.07812500 0.10937500 -0.03878522
v -0.08593750 0.10937500 0.06250000
v -0.07812500 0.10937500 0.05468750
v -0.08593824 0.12500000 -0.06250000
v -0.08593750 0.12500000 -0.04687500
v -0.07812500 0.12500000 -0.03813149
v -0.08593750 0.12500000 0.06250000
v -0.07812500 0.12500000 0.05468750
v -0.08593781 0.14062500 -0.06250000
v -0.08593750 0.14062500 -0.04687500
v -0.07812500 0.14062500 -0.03820315
v -0.08593750 0.14062500 0.06250000
v -0.07812500 0.14062500 0.05468750
v -0.08593767 0.15625000 -0.06250000
v -0.08593750 0.15625000 -0.04687500
v -0.07812500 0.15625000 -0.03826258
v -0.08593750 0.15625000 0.06250000
v -0.07812500 0.15625000 0.05468750
v -0.08593762 0.17187500 -0.06250000
v -0.08593750 0.17187500 -0.04687500
v -0.07812500 0.17187500 -0.03831277
v -0.08593750 0.17187500 0.06250000
v -0.07812500 0.17187500 0.05468750
v -0.08593758 0.18750000 -0.06250000
v -0.08593750 0.18750000 -0.04687500
v -0.07812500 0.18750000 -0.03835578
v -0.08593750 0.18750000 0.06250000
v -0.07812500 0.18750000 0.05468750
v -0.08593756 0.20312500 -0.06250000
v -0.08593750 0.20312500 -0.04687500
v -0.07812500 0.20312500 -0.03850917
v -0.08593750 0.20312500 0.06250000
v -0.07812500 0.20312500 0.05468750
v -0.08593754 0.21875000 -0.06250000
v -0.08593750 0.21875000 -0.04687500
v -0.07812500 0.21875000 -0.03885798
v -0.08593750 0.21875000 0.06250000
v -0.07812500 0.21875000 0.05468750
v -0.08593753 0.23437500 -0.06250000
v -0.08593750 0.23437500 -0.04687500
v -0.07812500 0.23437500 -0.03898671
v -0.08375838 0.23437500 0.06250000
v -0.07812500 0.23437500 0.05686662
v -0.08593753 0.25000000 -0.06250000
v -0.08593750 0.25000000 -0.04687500
v -0.07812500 0.25000000 -0.03902721
v -0.07819336 0.25000000 0.06250000
v -0.07812500 0.25000000 0.06243164
v -0.08593753 0.26562500 -0.06250000
v -0.08593750 0.26562500 -0.04687500
v -0.07812500 0.26562500 -0.03904940
v -0.07812500 0.25009774 0.06250000
v -0.07812500 0.26562500 0.06892353
v -0.08593753 0.28125000 -0.06250000
v -0.08593750 0.28125000 -0.04687500
v -0.07812500 0.28125000 -0.03905923
v -0.07812500 0.28125000 0.07014627
v -0.08593753 0.29687500 -0.06250000
v -0.08593750 0.29687500 -0.04687500
v -0.07812500 0.29687500 -0.03906165
v -0.07812500 0.29687500 0.07029421
v -0.08593752 0.31250000 -0.06250000
v -0.08593750 0.31250000 -0.04687500
v -0.07812500 0.31250000 -0.03906222
v -0.07812500 0.31250000 0.07031049
v -0.08593751 0.32812500 -0.06250000
v -0.08593750 0.32812500 -0.04687500
v -0.07812500 0.32812500 -0.03906241
v -0.07812500 0.32812500 0.07031184
v -0.08593751 0.34375000 -0.06250000
v -0.08593750 0.34375000 -0.04687500
v -0.07812500 0.34375000 -0.03906247
v -0.07812500 0.34375000 0.07031206
v -0.08593751 0.35937500 -0.06250000
v -0.08593750 0.35937500 -0.04687500
v -0.07812500 0.35937500 -0.03906248
v -0.07812500 0.35937500 0.07031221
v -0.08593770 0.37500000 -0.06250000
v -0.08593750 0.37500000 -0.04687500
v -0.07812500 0.37500000 -0.03906226
v -0.07812500 0.37500000 0.07028698
v -0.08980234 0.39062500 -0.06250000
v -0.08594058 0.39062500 -0.04687500
v -0.07812500 0.39062500 -0.03860058
v -0.08740288 0.39062500 -0.01562500
v -0.08605909 0.39062500 0.00000000
v -0.08535278 0.39062500 0.01562500
v -0.08744235 0.39062500 0.03125000
v -0.08593844 0.39062500 0.06250000
v -0.07812500 0.38278698 0.06250000
v -0.07812500 0.39062500 0.05412471
v -0.07812500 0.39797559 -0.03125000
v -0.07812500 0.39838841 -0.01562500
v -0.07812500 0.39836412 0.00000000
v -0.07812500 0.39773987 0.01562500
v -0.07812500 0.39420629 0.03125000
v -0.07812500 0.39787471 0.04687500
v -0.07264123 -0.42187500 0.00000000
v -0.07109492 -0.42187500 0.01562500
v -0.06250000 -0.42863598 0.03125000
v -0.06250000 -0.42187500 0.02445385
v -0.06250000 -0.42967361 0.04687500
v -0.07117480 -0.42187500 0.06250000
v -0.06250000 -0.42187500 0.05467342
v -0.07031250 -0.40625000 -0.01562500
v -0.07031250 -0.40625000 0.00000000
v -0.06250000 -0.41409829 0.01562500
v -0.06250000 -0.40625000 0.00781251
v -0.07031259 -0.40625000 0.06250000
v -0.06250000 -0.40625000 0.05468750
v -0.07031276 -0.39062500 -0.03125000
v -0.07031250 -0.39062500 -0.01562500
v -0.06250000 -0.39842765 0.00000000
v -0.06250000 -0.39062500 -0.00780265
v -0.07031402 -0.39062500 0.06250000
v -0.06250000 -0.39062500 0.05468750
v -0.07031250 -0.37500000 -0.03125000
v -0.07031250 -0.37500000 -0.01562500
v -0.06250000 -0.37500000 -0.00781228
v -0.07031965 -0.37500000 0.06250000
v -0.06250000 -0.37500000 0.05468750
v -0.07031250 -0.35937500 -0.03125000
v -0.07031250 -0.35937500 -0.01562500
v -0.06250000 -0.35937500 -0.00781249
v -0.07032284 -0.35937500 0.06250000
v -0.06250000 -0.35937500 0.05468750
v -0.07031250 -0.34375000 -0.03125000
v -0.07031250 -0.34375000 -0.01562500
v -0.06250000 -0.34375000 -0.00781250
v -0.07032550 -0.34375000 0.06250000
v -0.06250000 -0.34375000 0.05468750
v -0.07031250 -0.32812500 -0.03125000
v -0.07031250 -0.32812500 -0.01562500
v -0.06250000 -0.32812500 -0.00781250
v -0.07032886 -0.32812500 0.06250000
v -0.06250000 -0.32812500 0.05468750
v -0.07031250 -0.31250000 -0.03125000
v -0.07031250 -0.31250000 -0.01562500
v -0.06250000 -0.31250000 -0.00781250
v -0.07033315 -0.31250000 0.06250000
v -0.06250000 -0.31250000 0.05468750
v -0.07031250 -0.29687500 -0.03125000
v -0.07031250 -0.29687500 -0.01562500
v -0.06250000 -0.29687500 -0.00781250
v -0.07032952 -0.29687500 0.06250000
v -0.06250000 -0.29687500 0.05468750
v -0.07031250 -0.28125000 -0.03125000
v -0.07031250 -0.28125000 -0.01562500
v -0.06250000 -0.28125000 -0.00781250
v -0.07032489 -0.28125000 0.06250000
v -0.06250000 -0.28125000 0.05468750
v -0.07031250 -0.26562500 -0.03125000
v -0.07031250 -0.26562500 -0.01562500
v -0.06250000 -0.26562500 -0.00781250
v -0.07032167 -0.26562500 0.06250000
v -0.06250000 -0.26562500 0.05468750
v -0.07031250 -0.25000000 -0.03125000
v -0.07031250 -0.25000000 -0.01562500
v -0.06250000 -0.25000000 -0.00781250
v -0.07031946 -0.25000000 0.06250000
v -0.06250000 -0.25000000 0.05468750
v -0.07031250 -0.23437500 -0.03125000
v -0.07031250 -0.23437500 -0.01562500
v -0.06250000 -0.23437500 -0.00781250
v -0.07031780 -0.23437500 0.06250000
v -0.06250000 -0.23437500 0.05468750
v -0.07031250 -0.21875000 -0.03125000
v -0.07031250 -0.21875000 -0.01562500
v -0.06250000 -0.21875000 -0.00781250
v -0.07031657 -0.21875000 0.06250000
v -0.06250000 -0.21875000 0.05468750
v -0.07031250 -0.20312500 -0.03125000
v -0.07031250 -0.20312500 -0.01562500
v -0.06250000 -0.20312500 -0.00781250
v -0.07031728 -0.20312500 0.06250000
v -0.06250000 -0.20312500 0.05468750
v -0.07031250 -0.18750000 -0.03125000
v -0.07031250 -0.18750000 -0.01562500
v -0.06250000 -0.18750000 -0.00781250
v -0.07031829 -0.18750000 0.06250000
v -0.06250000 -0.18750000 0.05468750
v -0.07031250 -0.17187500 -0.03125000
v -0.07031250 -0.17187500 -0.01562500
v -0.06250000 -0.17187500 -0.00781250
v -0.07031961 -0.17187500 0.06250000
v -0.06250000 -0.17187500 0.05468750
v -0.07031250 -0.15625000 -0.03125000
v -0.07031250 -0.15625000 -0.01562500
v -0.06250000 -0.15625000 -0.00781250
v -0.07032136 -0.15625000 0.06250000
v -0.06250000 -0.15625000 0.05468750
v -0.07031250 -0.14062500 -0.03125000
v -0.07031250 -0.14062500 -0.01562500
v -0.06250000 -0.14062500 -0.00781250
v -0.07032378 -0.14062500 0.06250000
v -0.06250000 -0.14062500 0.05468750
v -0.07031250 -0.12500000 -0.03125000
v -0.07031250 -0.12500000 -0.01562500
v -0.06250000 -0.12500000 -0.00781250
v -0.07032790 -0.12500000 0.06250000
v -0.06250000 -0.12500000 0.05468750
v -0.07031250 -0.10937500 -0.03125000
v -0.07031250 -0.10937500 -0.01562500
v -0.06250000 -0.10937500 -0.00781250
v -0.07033535 -0.10937500 0.06250000
v -0.06250000 -0.10937500 0.05468750
v -0.07031250 -0.09375000 -0.03125000
v -0.07031250 -0.09375000 -0.01562500
v -0.06250000 -0.09375000 -0.00781250
v -0.07034792 -0.09375000 0.06250000
v -0.06250000 -0.09375000 0.05468750
v -0.07031250 -0.07812500 -0.03125000
v -0.07031250 -0.07812500 -0.01562500
v -0.06250000 -0.07812500 -0.00781250
v -0.07037036 -0.07812500 0.06250000
v -0.06250000 -0.07812500 0.05468750
v -0.07031250 -0.06250000 -0.03125000
v -0.07031250 -0.06250000 -0.01562500
v -0.06250000 -0.06250000 -0.00781250
v -0.07040282 -0.06250000 0.06250000
v -0.06250000 -0.06250000 0.05468750
v -0.07031250 -0.04687500 -0.03125000
v -0.07031250 -0.04687500 -0.01562500
v -0.06250000 -0.04687500 -0.00781250
v -0.07045914 -0.04687500 0.06250000
v -0.06250000 -0.04687500 0.05468750
v -0.07031250 -0.03125000 -0.03125000
v -0.07031250 -0.03125000 -0.01562500
v -0.06250000 -0.03125000 -0.00781250
v -0.07052019 -0.03125000 0.06250000
v -0.06250000 -0.03125000 0.05468750
v -0.07031250 -0.01562500 -0.03125000
v -0.07031250 -0.01562500 -0.01562500
v -0.06250000 -0.01562500 -0.00781250
v -0.07060282 -0.01562500 0.06250000
v -0.06250000 -0.01562500 0.05468749
v -0.07031252 0.00000000 -0.03125000
v -0.07031250 0.00000000 -0.01562500
v -0.06250000 0.00000000 -0.00781250
v -0.07074688 0.00000000 0.06250000
v -0.06250000 0.00000000 0.05468749
v -0.07031256 0.01562500 -0.03125000
v -0.07031250 0.01562500 -0.01562500
v -0.06250000 0.01562500 -0.00781250
v -0.07147538 0.01562500 0.06250000
v -0.06250000 0.01562500 0.05468746
v -0.07031276 0.03125000 -0.03125000
v -0.07031250 0.03125000 -0.01562500
v -0.06250000 0.03125000 -0.00781248
v -0.07351917 0.03125000 0.06250000
v -0.06250000 0.03125000 0.05468739
v -0.07031356 0.04687500 -0.03125000
v -0.07031250 0.04687500 -0.01562500
v -0.06250000 0.04687500 -0.00781241
v -0.07617092 0.04687500 0.06250000
v -0.06250000 0.04687500 0.05468732
v -0.07031685 0.06250000 -0.03125000
v -0.07031250 0.06250000 -0.01562500
v -0.06250000 0.06250000 -0.00781212
v -0.06250000 0.06250000 0.05468723
v -0.07033026 0.07812500 -0.03125000
v -0.07031250 0.07812500 -0.01562500
v -0.06250000 0.07812500 -0.00781097
v -0.06250000 0.07812500 0.05468712
v -0.07038505 0.09375000 -0.03125000
v -0.07031250 0.09375000 -0.01562500
v -0.06250000 0.09375000 -0.00780645
v -0.06250000 0.09375000 0.05468693
v -0.07058978 0.10937500 -0.03125000
v -0.07031250 0.10937500 -0.01562500
v -0.06250000 0.10937500 -0.00778817
v -0.06250000 0.10937500 0.05468664
v -0.07124351 0.12500000 -0.03125000
v -0.07031250 0.12500000 -0.01562500
v -0.06250000 0.12500000 -0.00771331
v -0.06250000 0.12500000 0.05468620
v -0.07117185 0.14062500 -0.03125000
v -0.07031250 0.14062500 -0.01562500
v -0.06250000 0.14062500 -0.00740404
v -0.06250000 0.14062500 0.05468551
v -0.07111242 0.15625000 -0.03125000
v -0.07031250 0.15625000 -0.01562500
v -0.06250000 0.15625000 -0.00735993
v -0.06250000 0.15625000 0.05468463
v -0.07106223 0.17187500 -0.03125000
v -0.07031250 0.17187500 -0.01562500
v -0.06250000 0.17187500 -0.00743753
v -0.06250000 0.17187500 0.05468350
v -0.07101922 0.18750000 -0.03125000
v -0.07031250 0.18750000 -0.01562500
v -0.06250000 0.18750000 -0.00744763
v -0.06250000 0.18750000 0.05468371
v -0.07086583 0.20312500 -0.03125000
v -0.07031250 0.20312500 -0.01562500
v -0.06250000 0.20312500 -0.00744254
v -0.06250000 0.20312500 0.05468408
v -0.07051702 0.21875000 -0.03125000
v -0.07031250 0.21875000 -0.01562500
v -0.06250000 0.21875000 -0.00740835
v -0.06250000 0.21875000 0.05468499
v -0.07038829 0.23437500 -0.03125000
v -0.07031250 0.23437500 -0.01562500
v -0.06250000 0.23437500 -0.00761040
v -0.06250000 0.23437500 0.05468574
v -0.07034779 0.25000000 -0.03125000
v -0.07031250 0.25000000 -0.01562500
v -0.06250000 0.25000000 -0.00773870
v -0.06250000 0.25000000 0.05468629
v -0.07032560 0.26562500 -0.03125000
v -0.07031250 0.26562500 -0.01562500
v -0.06250000 0.26562500 -0.00778550
v -0.07170147 0.26562500 0.06250000
v -0.06250000 0.26562500 0.05468667
v -0.07031577 0.28125000 -0.03125000
v -0.07031250 0.28125000 -0.01562500
v -0.06250000 0.28125000 -0.00780260
v -0.07047873 0.28125000 0.06250000
v -0.06250000 0.28125000 0.05468693
v -0.07031335 0.29687500 -0.03125000
v -0.07031250 0.29687500 -0.01562500
v -0.06250000 0.29687500 -0.00780367
v -0.07033079 0.29687500 0.06250000
v -0.06250000 0.29687500 0.05468711
v -0.07031278 0.31250000 -0.03125000
v -0.07031250 0.31250000 -0.01562500
v -0.06250000 0.31250000 -0.00780401
v -0.07031451 0.31250000 0.06250000
v -0.06250000 0.31250000 0.05468723
v -0.07031259 0.32812500 -0.03125000
v -0.07031250 0.32812500 -0.01562500
v -0.06250000 0.32812500 -0.00780433
v -0.07031316 0.32812500 0.06250000
v -0.06250000 0.32812500 0.05468732
v -0.07031253 0.34375000 -0.03125000
v -0.07031250 0.34375000 -0.01562500
v -0.06250000 0.34375000 -0.00780417
v -0.07031294 0.34375000 0.06250000
v -0.06250000 0.34375000 0.05468738
v -0.07031252 0.35937500 -0.03125000
v -0.07031250 0.35937500 -0.01562500
v -0.06250000 0.35937500 -0.00780147
v -0.07031279 0.35937500 0.06250000
v -0.06250000 0.35937500 0.05468746
v -0.07031274 0.37500000 -0.03125000
v -0.07031250 0.37500000 -0.01562500
v -0.06250000 0.37500000 -0.00775313
v -0.07033802 0.37500000 0.06250000
v -0.06250000 0.37500000 0.05468742
v -0.07077442 0.39062500 -0.03125000
v -0.07036159 0.39062500 -0.01562500
v -0.07016149 0.39062500 0.00000000
v -0.06250000 0.38297752 0.00000000
v -0.06250000 0.39062500 0.01382962
v -0.06250000 0.39062500 0.05465949
v -0.06250000 0.39233109 0.01562500
v -0.06250000 0.39830319 0.03125000
v -0.06250000 0.39840950 0.04687500
v -0.05573902 -0.42187500 0.03125000
v -0.05457078 -0.42187500 0.04687500
v -0.05468751 -0.40625000 0.01562500
v -0.05468750 -0.40625000 0.03125000
v -0.04687500 -0.41373666 0.04687500
v -0.04687500 -0.40625000 0.03951883
v -0.04687500 -0.40625000 0.05423117
v -0.05469735 -0.39062500 0.00000000
v -0.05468750 -0.39062500 0.01562500
v -0.04687500 -0.39672225 0.03125000
v -0.04687500 -0.39062500 0.02515275
v -0.04687500 -0.39062500 0.04901929
v -0.05468772 -0.37500000 0.00000000
v -0.05468750 -0.37500000 0.01562500
v -0.04687500 -0.37500000 0.02356025
v -0.05428982 -0.37500000 0.04687500
v -0.04687500 -0.38828515 0.04687500
v -0.04687500 -0.37500000 0.03933764
v -0.05468751 -0.35937500 0.00000000
v -0.05468750 -0.35937500 0.01562500
v -0.04687500 -0.35937500 0.02344413
v -0.05468750 -0.35937500 0.04687500
v -0.04687500 -0.35937500 0.03905587
v -0.05468750 -0.34375000 0.00000000
v -0.05468750 -0.34375000 0.01562500
v -0.04687500 -0.34375000 0.02343835
v -0.05468750 -0.34375000 0.04687500
v -0.04687500 -0.34375000 0.03906165
v -0.05468750 -0.32812500 0.00000000
v -0.05468750 -0.32812500 0.01562500
v -0.04687500 -0.32812500 0.02343757
v -0.05468750 -0.32812500 0.04687500
v -0.04687500 -0.32812500 0.03906243
v -0.05468750 -0.31250000 0.00000000
v -0.05468750 -0.31250000 0.01562500
v -0.04687500 -0.31250000 0.02343751
v -0.05468750 -0.31250000 0.04687500
v -0.04687500 -0.31250000 0.03906249
v -0.05468750 -0.29687500 0.00000000
v -0.05468750 -0.29687500 0.01562500
v -0.04687500 -0.29687500 0.02343751
v -0.05468750 -0.29687500 0.04687500
v -0.04687500 -0.29687500 0.03906249
v -0.05468750 -0.28125000 0.00000000
v -0.05468750 -0.28125000 0.01562500
v -0.04687500 -0.28125000 0.02343750
v -0.05468750 -0.28125000 0.04687500
v -0.04687500 -0.28125000 0.03906250
v -0.05468750 -0.26562500 0.00000000
v -0.05468750 -0.26562500 0.01562500
v -0.04687500 -0.26562500 0.02343750
v -0.05468750 -0.26562500 0.04687500
v -0.04687500 -0.26562500 0.03906250
v -0.05468750 -0.25000000 0.00000000
v -0.05468750 -0.25000000 0.01562500
v -0.04687500 -0.25000000 0.02343750
v -0.05468750 -0.25000000 0.04687500
v -0.04687500 -0.25000000 0.03906250
v -0.05468750 -0.23437500 0.00000000
v -0.05468750 -0.23437500 0.01562500
v -0.04687500 -0.23437500 0.02343750
v -0.05468750 -0.23437500 0.04687500
v -0.04687500 -0.23437500 0.03906250
v -0.05468750 -0.21875000 0.00000000
v -0.05468750 -0.21875000 0.01562500
v -0.04687500 -0.21875000 0.02343750
v -0.05468750 -0.21875000 0.04687500
v -0.04687500 -0.21875000 0.03906250
v -0.05468750 -0.20312500 0.00000000
v -0.05468750 -0.20312500 0.01562500
v -0.04687500 -0.20312500 0.02343750
v -0.05468750 -0.20312500 0.04687500
v -0.04687500 -0.20312500 0.03906250
v -0.05468750 -0.18750000 0.00000000
v -0.05468750 -0.18750000 0.01562500
v -0.04687500 -0.18750000 0.02343750
v -0.05468750 -0.18750000 0.04687500
v -0.04687500 -0.18750000 0.03906250
v -0.05468750 -0.17187500 0.00000000
v -0.05468750 -0.17187500 0.01562500
v -0.04687500 -0.17187500 0.02343750
v -0.05468750 -0.17187500 0.04687500
v -0.04687500 -0.17187500 0.03906250
v -0.05468750 -0.15625000 0.00000000
v -0.05468750 -0.15625000 0.01562500
v -0.04687500 -0.15625000 0.02343750
v -0.05468750 -0.15625000 0.04687500
v -0.04687500 -0.15625000 0.03906250
v -0.05468750 -0.14062500 0.00000000
v -0.05468750 -0.14062500 0.01562500
v -0.04687500 -0.14062500 0.02343750
v -0.05468750 -0.14062500 0.04687500
v -0.04687500 -0.14062500 0.03906250
v -0.05468750 -0.12500000 0.00000000
v -0.05468750 -0.12500000 0.01562500
v -0.04687500 -0.12500000 0.02343750
v -0.05468750 -0.12500000 0.04687500
v -0.04687500 -0.12500000 0.03906250
v -0.05468750 -0.10937500 0.00000000
v -0.05468750 -0.10937500 0.01562500
v -0.04687500 -0.10937500 0.02343751
v -0.05468750 -0.10937500 0.04687500
v -0.04687500 -0.10937500 0.03906249
v -0.05468750 -0.09375000 0.00000000
v -0.05468750 -0.09375000 0.01562500
v -0.04687500 -0.09375000 0.02343751
v -0.05468750 -0.09375000 0.04687500
v -0.04687500 -0.09375000 0.03906249
v -0.05468750 -0.07812500 0.00000000
v -0.05468750 -0.07812500 0.01562500
v -0.04687500 -0.07812500 0.02343751
v -0.05468750 -0.07812500 0.04687500
v -0.04687500 -0.07812500 0.03906249
v -0.05468750 -0.06250000 0.00000000
v -0.05468750 -0.06250000 0.01562500
v -0.04687500 -0.06250000 0.02343752
v -0.05468750 -0.06250000 0.04687500
v -0.04687500 -0.06250000 0.03906248
v -0.05468750 -0.04687500 0.00000000
v -0.05468750 -0.04687500 0.01562500
v -0.04687500 -0.04687500 0.02343753
v -0.05468750 -0.04687500 0.04687500
v -0.04687500 -0.04687500 0.03906247
v -0.05468750 -0.03125000 0.00000000
v -0.05468750 -0.03125000 0.01562500
v -0.04687500 -0.03125000 0.02343756
v -0.05468750 -0.03125000 0.04687500
v -0.04687500 -0.03125000 0.03906244
v -0.05468750 -0.01562500 0.00000000
v -0.05468750 -0.01562500 0.01562500
v -0.04687500 -0.01562500 0.02343762
v -0.05468751 -0.01562500 0.04687500
v -0.04687500 -0.01562500 0.03906238
v -0.05468750 0.00000000 0.00000000
v -0.05468750 0.00000000 0.01562500
v -0.04687500 0.00000000 0.02343775
v -0.05468751 0.00000000 0.04687500
v -0.04687500 0.00000000 0.03906225
v -0.05468750 0.01562500 0.00000000
v -0.05468750 0.01562500 0.01562500
v -0.04687500 0.01562500 0.02343803
v -0.05468754 0.01562500 0.04687500
v -0.04687500 0.01562500 0.03906197
v -0.05468752 0.03125000 0.00000000
v -0.05468750 0.03125000 0.01562500
v -0.04687500 0.03125000 0.02343864
v -0.05468761 0.03125000 0.04687500
v -0.04687500 0.03125000 0.03906136
v -0.05468759 0.04687500 0.00000000
v -0.05468750 0.04687500 0.01562500
v -0.04687500 0.04687500 0.02343970
v -0.05468768 0.04687500 0.04687500
v -0.04687500 0.04687500 0.03906030
v -0.05468788 0.06250000 0.00000000
v -0.05468750 0.06250000 0.01562500
v -0.04687500 0.06250000 0.02344156
v -0.05468777 0.06250000 0.04687500
v -0.04687500 0.06250000 0.03905844
v -0.05468903 0.07812500 0.00000000
v -0.05468750 0.07812500 0.01562500
v -0.04687500 0.07812500 0.02344576
v -0.05468788 0.07812500 0.04687500
v -0.04687500 0.07812500 0.03905424
v -0.05469355 0.09375000 0.00000000
v -0.05468750 0.09375000 0.01562500
v -0.04687500 0.09375000 0.02345454
v -0.05468807 0.09375000 0.04687500
v -0.04687500 0.09375000 0.03904546
v -0.05471183 0.10937500 0.00000000
v -0.05468750 0.10937500 0.01562500
v -0.04687500 0.10937500 0.02347313
v -0.05468836 0.10937500 0.04687500
v -0.04687500 0.10937500 0.03902687
v -0.05478669 0.12500000 0.00000000
v -0.05468750 0.12500000 0.01562500
v -0.04687500 0.12500000 0.02351273
v -0.05468880 0.12500000 0.04687500
v -0.04687500 0.12500000 0.03898727
v -0.05509596 0.14062500 0.00000000
v -0.05468750 0.14062500 0.01562500
v -0.04687500 0.14062500 0.02359759
v -0.05468949 0.14062500 0.04687500
v -0.04687500 0.14062500 0.03890241
v -0.05514007 0.15625000 0.00000000
v -0.05468750 0.15625000 0.01562500
v -0.04687500 0.15625000 0.02378713
v -0.05469037 0.15625000 0.04687500
v -0.04687500 0.15625000 0.03871287
v -0.05506247 0.17187500 0.00000000
v -0.05468750 0.17187500 0.01562500
v -0.04687500 0.17187500 0.02373361
v -0.05469150 0.17187500 0.04687500
v -0.04687500 0.17187500 0.03876639
v -0.05505237 0.18750000 0.00000000
v -0.05468750 0.18750000 0.01562500
v -0.04687500 0.18750000 0.02359558
v -0.05469129 0.18750000 0.04687500
v -0.04687500 0.18750000 0.03890442
v -0.05505746 0.20312500 0.00000000
v -0.05468751 0.20312500 0.01562500
v -0.04687500 0.20312500 0.02351643
v -0.05469092 0.20312500 0.04687500
v -0.04687500 0.20312500 0.03898357
v -0.05509165 0.21875000 0.00000000
v -0.05468751 0.21875000 0.01562500
v -0.04687500 0.21875000 0.02347099
v -0.05469001 0.21875000 0.04687500
v -0.04687500 0.21875000 0.03902901
v -0.05488960 0.23437500 0.00000000
v -0.05468751 0.23437500 0.01562500
v -0.04687500 0.23437500 0.02345169
v -0.05468926 0.23437500 0.04687500
v -0.04687500 0.23437500 0.03904831
v -0.05476130 0.25000000 0.00000000
v -0.05468750 0.25000000 0.01562500
v -0.04687500 0.25000000 0.02344347
v -0.05468871 0.25000000 0.04687500
v -0.04687500 0.25000000 0.03905653
v -0.05471450 0.26562500 0.00000000
v -0.05468750 0.26562500 0.01562500
v -0.04687500 0.26562500 0.02343989
v -0.05468833 0.26562500 0.04687500
v -0.04687500 0.26562500 0.03906011
v -0.05469740 0.28125000 0.00000000
v -0.05468750 0.28125000 0.01562500
v -0.04687500 0.28125000 0.02343836
v -0.05468807 0.28125000 0.04687500
v -0.04687500 0.28125000 0.03906164
v -0.05469633 0.29687500 0.00000000
v -0.05468750 0.29687500 0.01562500
v -0.04687500 0.29687500 0.02343781
v -0.05468789 0.29687500 0.04687500
v -0.04687500 0.29687500 0.03906219
v -0.05469599 0.31250000 0.00000000
v -0.05468750 0.31250000 0.01562500
v -0.04687500 0.31250000 0.02343762
v -0.05468777 0.31250000 0.04687500
v -0.04687500 0.31250000 0.03906238
v -0.05469567 0.32812500 0.00000000
v -0.05468750 0.32812500 0.01562500
v -0.04687500 0.32812500 0.02343758
v -0.05468768 0.32812500 0.04687500
v -0.04687500 0.32812500 0.03906242
v -0.05469583 0.34375000 0.00000000
v -0.05468750 0.34375000 0.01562500
v -0.04687500 0.34375000 0.02343756
v -0.05468762 0.34375000 0.04687500
v -0.04687500 0.34375000 0.03906244
v -0.05469853 0.35937500 0.00000000
v -0.05468750 0.35937500 0.01562500
v -0.04687500 0.35937500 0.02343765
v -0.05468754 0.35937500 0.04687500
v -0.04687500 0.35937500 0.03906235
v -0.05474687 0.37500000 0.00000000
v -0.05468767 0.37500000 0.01562500
v -0.04687500 0.37500000 0.02344878
v -0.05468758 0.37500000 0.04687500
v -0.04687500 0.37500000 0.03905122
v -0.06079391 0.39062500 0.01562500
v -0.05289858 0.39062500 0.03125000
v -0.04687500 0.38471757 0.03125000
v -0.04687500 0.38889915 0.04687500
v -0.04687500 0.39062500 0.04421845
v -0.04687500 0.39062500 0.04860085
v -0.04687500 0.39235105 0.04687500
v -0.03951883 -0.40625000 0.04687500
v -0.04077775 -0.39062500 0.03125000
v -0.04473071 -0.39062500 0.04687500
v -0.03918525 -0.37500000 0.03125000
v -0.03906913 -0.35937500 0.03125000
v -0.03906335 -0.34375000 0.03125000
v -0.03906257 -0.32812500 0.03125000
v -0.03906251 -0.31250000 0.03125000
v -0.03906251 -0.29687500 0.03125000
v -0.03906250 -0.28125000 0.03125000
v -0.03906250 -0.26562500 0.03125000
v -0.03906250 -0.25000000 0.03125000
v -0.03906250 -0.23437500 0.03125000
v -0.03906250 -0.21875000 0.03125000
v -0.03906250 -0.20312500 0.03125000
v -0.03906250 -0.18750000 0.03125000
v -0.03906250 -0.17187500 0.03125000
v -0.03906250 -0.15625000 0.03125000
v -0.03906250 -0.14062500 0.03125000
v -0.03906250 -0.12500000 0.03125000
v -0.03906251 -0.10937500 0.03125000
v -0.03906251 -0.09375000 0.03125000
v -0.03906251 -0.07812500 0.03125000
v -0.03906252 -0.06250000 0.03125000
v -0.03906253 -0.04687500 0.03125000
v -0.03906256 -0.03125000 0.03125000
v -0.03906262 -0.01562500 0.03125000
v -0.03906275 0.00000000 0.03125000
v -0.03906303 0.01562500 0.03125000
v -0.03906364 0.03125000 0.03125000
v -0.03906470 0.04687500 0.03125000
v -0.03906656 0.06250000 0.03125000
v -0.03907076 0.07812500 0.03125000
v -0.03907954 0.09375000 0.03125000
v -0.03909813 0.10937500 0.03125000
v -0.03913773 0.12500000 0.03125000
v -0.03922259 0.14062500 0.03125000
v -0.03941213 0.15625000 0.03125000
v -0.03935861 0.17187500 0.03125000
v -0.03922058 0.18750000 0.03125000
v -0.03914143 0.20312500 0.03125000
v -0.03909599 0.21875000 0.03125000
v -0.03907669 0.23437500 0.03125000
v -0.03906847 0.25000000 0.03125000
v -0.03906489 0.26562500 0.03125000
v -0.03906336 0.28125000 0.03125000
v -0.03906281 0.29687500 0.03125000
v -0.03906262 0.31250000 0.03125000
v -0.03906258 0.32812500 0.03125000
v -0.03906256 0.34375000 0.03125000
v -0.03906265 0.35937500 0.03125000
v -0.03907378 0.37500000 0.03125000
v -0.04514915 0.39062500 0.04687500
f 3 2 1
f 2 4 1
f 6 3 1
f 5 6 1
f 4 7 5
f 1 4 5
f 9 6 5
f 8 9 5
f 7 10 8
f 5 7 8
f 12 9 8
f 11 12 8
f 10 13 11
f 8 10 11
f 15 12 11
f 14 15 11
f 13 16 14
f 11 13 14
f 18 15 14
f 17 18 14
f 16 19 17
f 14 16 17
f 21 18 17
f 20 21 17
f 19 22 20
f 17 19 20
f 24 21 20
f 23 24 20
f 22 25 23
f 20 22 23
f 27 24 23
f 26 27 23
f 25 28 26
f 23 25 26
f 30 27 26
f 29 30 26
f 28 31 29
f 26 28 29
f 33 30 29
f 32 33 29
f 31 34 32
f 29 31 32
f 36 33 32
f 35 36 32
f 34 37 35
f 32 34 35
f 39 36 35
f 38 39 35
f 37 40 38
f 35 37 38
f 42 39 38
f 41 42 38
f 40 43 41
f 38 40 41
f 45 42 41
f 44 45 41
f 43 46 44
f 41 43 44
f 48 45 44
f 47 48 44
f 46 49 47
f 44 46 47
f 51 48 47
f 50 51 47
f 49 52 50
f 47 49 50
f 54 51 50
f 53 54 50
f 52 55 53
f 50 52 53
f 57 54 53
f 56 57 53
f 55 58 56
f 53 55 56
f 60 57 56
f 59 60 56
f 58 61 59
f 56 58 59
f 63 60 59
f 62 63 59
f 61 64 62
f 59 61 62
f 66 63 62
f 65 66 62
f 64 67 65
f 62 64 65
f 69 66 65
f 68 69 65
f 67 70 68
f 65 67 68
f 72 69 68
f 71 72 68
f 70 73 71
f 68 70 71
f 75 72 71
f 74 75 71
f 73 76 74
f 71 73 74
f 78 75 74
f 77 78 74
f 76 79 77
f 74 76 77
f 81 78 77
f 80 81 77
f 79 82 80
f 77 79 80
f 84 81 80
f 83 84 80
f 82 85 83
f 80 82 83
f 87 84 83
f 86 87 83
f 85 88 86
f 83 85 86
f 90 87 86
f 89 90 86
f 88 91 89
f 86 88 89
f 93 90 89
f 92 93 89
f 91 94 92
f 89 91 92
f 96 93 92
f 95 96 92
f 94 97 95
f 92 94 95
f 99 96 95
f 98 99 95
f 97 100 98
f 95 97 98
f 102 99 98
f 101 102 98
f 100 103 101
f 98 100 101
f 105 102 101
f 104 105 101
f 103 106 104
f 101 103 104
f 108 105 104
f 107 108 104
f 106 109 107
f 104 106 107
f 108 107 110
f 107 109 110
f 113 112 111
f 112 115 114
f 111 112 114
f 115 117 116
f 114 115 116
f 117 118 116
f 111 2 3
f 111 3 113
f 113 3 119
f 2 120 4
f 2 111 120
f 111 114 120
f 114 116 120
f 116 121 120
f 118 123 122
f 118 122 116
f 116 122 121
f 123 124 122
f 119 3 125
f 125 3 6
f 126 4 120
f 7 4 126
f 120 121 126
f 121 127 126
f 128 129 127
f 128 127 122
f 122 127 121
f 122 124 128
f 125 6 130
f 130 6 9
f 131 7 126
f 10 7 131
f 126 127 131
f 127 132 131
f 129 133 132
f 127 129 132
f 130 9 134
f 134 9 12
f 135 10 131
f 13 10 135
f 131 132 135
f 132 136 135
f 133 137 136
f 132 133 136
f 134 12 138
f 138 12 15
f 139 13 135
f 16 13 139
f 135 136 139
f 136 140 139
f 137 141 140
f 136 137 140
f 138 15 142
f 142 15 18
f 143 16 139
f 19 16 143
f 139 140 143
f 140 144 143
f 141 145 144
f 140 141 144
f 142 18 146
f 146 18 21
f 147 19 143
f 22 19 147
f 143 144 147
f 144 148 147
f 145 149 148
f 144 145 148
f 146 21 150
f 150 21 24
f 151 22 147
f 25 22 151
f 147 148 151
f 148 152 151
f 149 153 152
f 148 149 152
f 150 24 154
f 154 24 27
f 155 25 151
f 28 25 155
f 151 152 155
f 152 156 155
f 153 157 156
f 152 153 156
f 154 27 158
f 158 27 30
f 159 28 155
f 31 28 159
f 155 156 159
f 156 160 159
f 157 161 160
f 156 157 160
f 158 30 162
f 162 30 33
f 163 31 159
f 34 31 163
f 159 160 163
f 160 164 163
f 161 165 164
f 160 161 164
f 162 33 166
f 166 33 36
f 167 34 163
f 37 34 167
f 163 164 167
f 164 168 167
f 165 169 168
f 164 165 168
f 166 36 170
f 170 36 39
f 171 37 167
f 40 37 171
f 167 168 171
f 168 172 171
f 169 173 172
f 168 169 172
f 170 39 174
f 174 39 42
f 175 40 171
f 43 40 175
f 171 172 175
f 172 176 175
f 173 177 176
f 172 173 176
f 174 42 178
f 178 42 45
f 179 43 175
f 46 43 179
f 175 176 179
f 176 180 179
f 177 181 180
f 176 177 180
f 178 45 182
f 182 45 48
f 183 46 179
f 49 46 183
f 179 180 183
f 180 184 183
f 181 185 184
f 180 181 184
f 182 48 186
f 186 48 51
f 187 49 183
f 52 49 187
f 183 184 187
f 184 188 187
f 185 189 188
f 184 185 188
f 186 51 190
f 190 51 54
f 191 52 187
f 55 52 191
f 187 188 191
f 188 192 191
f 189 193 192
f 188 189 192
f 190 54 194
f 194 54 57
f 195 55 191
f 58 55 195
f 191 192 195
f 192 196 195
f 193 197 196
f 192 193 196
f 194 57 198
f 198 57 60
f 199 58 195
f 61 58 199
f 195 196 199
f 196 200 199
f 197 201 200
f 196 197 200
f 198 60 202
f 202 60 63
f 203 61 199
f 64 61 203
f 199 200 203
f 200 204 203
f 201 205 204
f 200 201 204
f 202 63 206
f 206 63 66
f 207 64 203
f 67 64 207
f 203 204 207
f 204 208 207
f 205 209 208
f 204 205 208
f 206 66 210
f 210 66 69
f 211 67 207
f 70 67 211
f 207 208 211
f 208 212 211
f 209 213 212
f 208 209 212
f 210 69 214
f 214 69 72
f 215 70 211
f 73 70 215
f 211 212 215
f 212 216 215
f 213 217 216
f 212 213 216
f 214 72 218
f 218 72 75
f 219 73 215
f 76 73 219
f 215 216 219
f 216 220 219
f 217 221 220
f 216 217 220
f 218 75 222
f 222 75 78
f 223 76 219
f 79 76 223
f 219 220 223
f 220 224 223
f 221 225 224
f 220 221 224
f 222 78 226
f 226 78 81
f 227 79 223
f 82 79 227
f 223 224 227
f 224 228 227
f 225 229 228
f 224 225 228
f 226 81 230
f 230 81 84
f 231 82 227
f 85 82 231
f 227 228 231
f 228 232 231
f 229 233 232
f 228 229 232
f 230 84 234
f 234 84 87
f 235 85 231
f 88 85 235
f 231 232 235
f 232 236 235
f 233 237 236
f 232 233 236
f 234 87 238
f 238 87 90
f 239 88 235
f 91 88 239
f 235 236 239
f 236 240 239
f 237 241 240
f 236 237 240
f 238 90 242
f 242 90 93
f 243 91 239
f 94 91 243
f 239 240 243
f 240 244 243
f 241 245 244
f 240 241 244
f 242 93 246
f 246 93 96
f 247 94 243
f 97 94 247
f 243 244 247
f 244 248 247
f 245 249 248
f 244 245 248
f 246 96 250
f 250 96 99
f 251 97 247
f 100 97 251
f 247 248 251
f 248 252 251
f 249 253 252
f 248 249 252
f 250 99 254
f 254 99 102
f 255 100 251
f 103 100 255
f 251 252 255
f 252 256 255
f 253 257 256
f 252 253 256
f 254 102 258
f 258 102 105
f 259 103 255
f 106 103 259
f 255 256 259
f 256 260 259
f 257 261 260
f 256 257 260
f 258 105 262
f 262 105 108
f 263 106 259
f 109 106 263
f 259 260 263
f 260 264 263
f 261 265 264
f 260 261 264
f 110 266 267
f 110 267 108
f 108 267 262
f 109 266 110
f 109 263 266
f 263 268 266
f 263 264 268
f 264 269 268
f 265 270 269
f 264 265 269
f 272 267 266
f 271 272 266
f 266 268 271
f 268 273 271
f 268 269 273
f 269 274 273
f 270 275 274
f 269 270 274
f 277 272 271
f 276 277 271
f 271 273 276
f 273 278 276
f 273 274 278
f 274 279 278
f 275 280 279
f 274 275 279
f 282 277 276
f 281 282 276
f 276 278 281
f 278 283 281
f 278 279 283
f 279 284 283
f 280 285 284
f 279 280 284
f 287 282 281
f 286 287 281
f 281 283 286
f 283 288 286
f 283 284 288
f 284 289 288
f 285 290 289
f 284 285 289
f 292 287 286
f 291 292 286
f 286 288 291
f 288 293 291
f 288 289 293
f 289 294 293
f 290 295 294
f 289 290 294
f 292 291 296
f 298 296 291
f 298 291 297
f 297 291 293
f 293 294 297
f 294 299 297
f 295 300 299
f 294 295 299
f 302 298 297
f 301 302 297
f 297 299 301
f 299 303 301
f 300 304 303
f 299 300 303
f 306 302 301
f 305 306 301
f 301 303 305
f 303 307 305
f 304 308 307
f 303 304 307
f 310 306 305
f 309 310 305
f 305 307 309
f 307 311 309
f 308 312 311
f 307 308 311
f 314 310 309
f 313 314 309
f 309 311 313
f 311 315 313
f 312 316 315
f 311 312 315
f 318 314 313
f 317 318 313
f 313 315 317
f 315 319 317
f 316 320 319
f 315 316 319
f 322 318 317
f 321 322 317
f 317 319 321
f 319 323 321
f 320 324 323
f 319 320 323
f 326 322 321
f 325 326 321
f 321 323 325
f 323 327 325
f 324 328 327
f 323 324 327
f 330 326 325
f 329 330 325
f 325 327 329
f 327 331 329
f 328 332 331
f 327 328 331
f 330 329 333
f 329 331 334
f 333 329 334
f 331 332 334
f 113 336 335
f 112 113 335
f 335 337 112
f 112 337 115
f 337 338 115
f 115 338 117
f 339 118 117
f 339 117 340
f 340 117 338
f 340 342 341
f 339 340 341
f 342 343 341
f 346 345 344
f 345 119 344
f 345 336 119
f 336 113 119
f 339 123 118
f 123 347 124
f 123 339 347
f 339 341 347
f 343 349 348
f 343 348 341
f 341 348 347
f 349 350 348
f 352 346 344
f 351 352 344
f 344 125 351
f 119 125 344
f 128 353 129
f 124 353 128
f 124 347 353
f 347 354 353
f 355 356 354
f 355 354 348
f 348 354 347
f 348 350 355
f 358 352 351
f 357 358 351
f 351 130 357
f 125 130 351
f 359 129 353
f 133 129 359
f 353 354 359
f 354 360 359
f 356 361 360
f 354 356 360
f 363 358 357
f 362 363 357
f 357 134 362
f 130 134 357
f 364 133 359
f 137 133 364
f 359 360 364
f 360 365 364
f 361 366 365
f 360 361 365
f 368 363 362
f 367 368 362
f 362 138 367
f 134 138 362
f 369 137 364
f 141 137 369
f 364 365 369
f 365 370 369
f 366 371 370
f 365 366 370
f 373 368 367
f 372 373 367
f 367 142 372
f 138 142 367
f 374 141 369
f 145 141 374
f 369 370 374
f 370 375 374
f 371 376 375
f 370 371 375
f 378 373 372
f 377 378 372
f 372 146 377
f 142 146 372
f 379 145 374
f 149 145 379
f 374 375 379
f 375 380 379
f 376 381 380
f 375 376 380
f 383 378 377
f 382 383 377
f 377 150 382
f 146 150 377
f 384 149 379
f 153 149 384
f 379 380 384
f 380 385 384
f 381 386 385
f 380 381 385
f 383 382 387
f 382 388 387
f 382 150 388
f 150 154 388
f 389 153 384
f 157 153 389
f 384 385 389
f 385 390 389
f 386 391 390
f 385 386 390
f 388 154 392
f 392 154 158
f 393 157 389
f 161 157 393
f 389 390 393
f 390 394 393
f 391 395 394
f 390 391 394
f 392 158 396
f 396 158 162
f 397 161 393
f 165 161 397
f 393 394 397
f 394 398 397
f 395 399 398
f 394 395 398
f 396 162 400
f 400 162 166
f 401 165 397
f 169 165 401
f 397 398 401
f 398 402 401
f 399 403 402
f 398 399 402
f 400 166 404
f 404 166 170
f 405 169 401
f 173 169 405
f 401 402 405
f 402 406 405
f 403 407 406
f 402 403 406
f 404 170 408
f 408 170 174
f 409 173 405
f 177 173 409
f 405 406 409
f 406 410 409
f 407 411 410
f 406 407 410
f 408 174 412
f 412 174 178
f 413 177 409
f 181 177 413
f 409 410 413
f 410 414 413
f 411 415 414
f 410 411 414
f 412 178 416
f 416 178 182
f 417 181 413
f 185 181 417
f 413 414 417
f 414 418 417
f 415 419 418
f 414 415 418
f 416 182 420
f 420 182 186
f 421 185 417
f 189 185 421
f 417 418 421
f 418 422 421
f 419 423 422
f 418 419 422
f 420 186 424
f 424 186 190
f 425 189 421
f 193 189 425
f 421 422 425
f 422 426 425
f 423 427 426
f 422 423 426
f 424 190 428
f 428 190 194
f 429 193 425
f 197 193 429
f 425 426 429
f 426 430 429
f 427 431 430
f 426 427 430
f 428 194 432
f 432 194 198
f 433 197 429
f 201 197 433
f 429 430 433
f 430 434 433
f 431 435 434
f 430 431 434
f 432 198 436
f 436 198 202
f 437 201 433
f 205 201 437
f 433 434 437
f 434 438 437
f 435 439 438
f 434 435 438
f 436 202 440
f 440 202 206
f 441 205 437
f 209 205 441
f 437 438 441
f 438 442 441
f 439 443 442
f 438 439 442
f 440 206 444
f 444 206 210
f 445 209 441
f 213 209 445
f 441 442 445
f 442 446 445
f 443 447 446
f 442 443 446
f 444 210 448
f 448 210 214
f 449 213 445
f 217 213 449
f 445 446 449
f 446 450 449
f 447 451 450
f 446 447 450
f 448 214 452
f 452 214 218
f 453 217 449
f 221 217 453
f 449 450 453
f 450 454 453
f 451 455 454
f 450 451 454
f 452 218 456
f 456 218 222
f 457 221 453
f 225 221 457
f 453 454 457
f 454 458 457
f 455 459 458
f 454 455 458
f 456 222 460
f 460 222 226
f 461 225 457
f 229 225 461
f 457 458 461
f 458 462 461
f 459 463 462
f 458 459 462
f 460 226 464
f 464 226 230
f 465 229 461
f 233 229 465
f 461 462 465
f 462 466 465
f 463 467 466
f 462 463 466
f 464 230 468
f 468 230 234
f 469 233 465
f 237 233 469
f 465 466 469
f 466 470 469
f 467 471 470
f 466 467 470
f 468 234 472
f 472 234 238
f 473 237 469
f 241 237 473
f 469 470 473
f 470 474 473
f 471 475 474
f 470 471 474
f 472 238 476
f 476 238 242
f 477 241 473
f 245 241 477
f 473 474 477
f 474 478 477
f 475 479 478
f 474 475 478
f 476 242 480
f 480 242 246
f 481 245 477
f 249 245 481
f 477 478 481
f 478 482 481
f 479 483 482
f 478 479 482
f 480 246 484
f 484 246 250
f 485 249 481
f 253 249 485
f 481 482 485
f 482 486 485
f 483 487 486
f 482 483 486
f 484 250 488
f 488 250 254
f 489 253 485
f 257 253 489
f 485 486 489
f 486 490 489
f 487 491 490
f 486 487 490
f 488 254 492
f 492 254 258
f 493 257 489
f 261 257 493
f 489 490 493
f 490 494 493
f 491 495 494
f 490 491 494
f 492 258 496
f 496 258 262
f 497 261 493
f 265 261 497
f 493 494 497
f 494 498 497
f 495 499 498
f 494 495 498
f 496 262 500
f 500 262 267
f 501 265 497
f 270 265 501
f 497 498 501
f 498 502 501
f 499 503 502
f 498 499 502
f 500 267 504
f 504 267 272
f 505 270 501
f 275 270 505
f 501 502 505
f 502 506 505
f 503 507 506
f 502 503 506
f 504 272 508
f 508 272 277
f 509 275 505
f 280 275 509
f 505 506 509
f 506 510 509
f 507 511 510
f 506 507 510
f 508 277 512
f 512 277 282
f 513 280 509
f 285 280 513
f 509 510 513
f 510 514 513
f 511 515 514
f 510 511 514
f 512 282 516
f 516 282 287
f 517 285 513
f 290 285 517
f 513 514 517
f 514 518 517
f 515 519 518
f 514 515 518
f 516 287 520
f 520 287 292
f 521 290 517
f 295 290 521
f 517 518 521
f 518 522 521
f 519 523 522
f 518 519 522
f 296 524 525
f 296 525 292
f 292 525 520
f 296 298 524
f 526 295 521
f 300 295 526
f 521 522 526
f 522 527 526
f 523 528 527
f 522 523 527
f 530 525 524
f 529 530 524
f 524 302 529
f 298 302 524
f 531 300 526
f 304 300 531
f 526 527 531
f 527 532 531
f 528 533 532
f 527 528 532
f 530 529 534
f 529 535 534
f 529 302 535
f 302 306 535
f 536 304 531
f 308 304 536
f 531 532 536
f 532 537 536
f 533 538 537
f 532 533 537
f 535 306 539
f 539 306 310
f 540 308 536
f 312 308 540
f 536 537 540
f 537 541 540
f 538 542 541
f 537 538 541
f 539 310 543
f 543 310 314
f 544 312 540
f 316 312 544
f 540 541 544
f 541 545 544
f 542 546 545
f 541 542 545
f 543 314 547
f 547 314 318
f 548 316 544
f 320 316 548
f 544 545 548
f 545 549 548
f 546 550 549
f 545 546 549
f 547 318 551
f 551 318 322
f 552 320 548
f 324 320 552
f 548 549 552
f 549 553 552
f 550 554 553
f 549 550 553
f 551 322 555
f 555 322 326
f 556 324 552
f 328 324 556
f 552 553 556
f 553 557 556
f 554 558 557
f 553 554 557
f 555 326 559
f 559 326 330
f 560 328 556
f 332 328 560
f 556 557 560
f 557 561 560
f 558 562 561
f 557 558 561
f 559 330 333
f 563 559 333
f 565 334 564
f 565 563 334
f 563 333 334
f 332 564 334
f 332 560 564
f 560 566 564
f 560 561 566
f 561 567 566
f 562 568 567
f 561 562 567
f 565 564 569
f 564 566 570
f 569 564 570
f 566 567 571
f 570 566 571
f 567 568 571
f 335 336 572
f 572 574 573
f 572 573 335
f 335 573 337
f 573 575 337
f 337 575 338
f 575 576 338
f 338 576 340
f 576 577 340
f 340 577 342
f 578 343 342
f 578 342 579
f 579 342 577
f 579 580 578
f 345 346 581
f 581 583 582
f 345 581 582
f 345 582 572
f 345 572 336
f 572 582 574
f 578 349 343
f 349 584 350
f 578 584 349
f 578 585 584
f 578 580 585
f 585 586 584
f 587 581 346
f 587 346 588
f 588 346 352
f 581 587 583
f 355 589 356
f 350 589 355
f 350 584 589
f 584 590 589
f 586 591 590
f 584 586 590
f 588 352 592
f 592 352 358
f 593 356 589
f 361 356 593
f 589 590 593
f 590 594 593
f 591 595 594
f 590 591 594
f 592 358 596
f 596 358 363
f 597 361 593
f 366 361 597
f 593 594 597
f 594 598 597
f 595 599 598
f 594 595 598
f 596 363 600
f 600 363 368
f 601 366 597
f 371 366 601
f 597 598 601
f 598 602 601
f 599 603 602
f 598 599 602
f 600 368 604
f 604 368 373
f 605 371 601
f 376 371 605
f 601 602 605
f 602 606 605
f 603 607 606
f 602 603 606
f 604 373 608
f 608 373 378
f 609 376 605
f 381 376 609
f 605 606 609
f 606 610 609
f 607 611 610
f 606 607 610
f 608 378 612
f 612 378 383
f 613 381 609
f 386 381 613
f 609 610 613
f 610 614 613
f 611 615 614
f 610 611 614
f 387 616 617
f 387 617 383
f 383 617 612
f 387 388 616
f 618 386 613
f 391 386 618
f 613 614 618
f 614 619 618
f 615 620 619
f 614 615 619
f 622 617 616
f 621 622 616
f 616 392 621
f 388 392 616
f 623 391 618
f 395 391 623
f 618 619 623
f 619 624 623
f 620 625 624
f 619 620 624
f 627 622 621
f 626 627 621
f 621 396 626
f 392 396 621
f 628 395 623
f 399 395 628
f 623 624 628
f 624 629 628
f 625 630 629
f 624 625 629
f 632 627 626
f 631 632 626
f 626 400 631
f 396 400 626
f 633 399 628
f 403 399 633
f 628 629 633
f 629 634 633
f 630 635 634
f 629 630 634
f 637 632 631
f 636 637 631
f 631 404 636
f 400 404 631
f 638 403 633
f 407 403 638
f 633 634 638
f 634 639 638
f 635 640 639
f 634 635 639
f 642 637 636
f 641 642 636
f 636 408 641
f 404 408 636
f 643 407 638
f 411 407 643
f 638 639 643
f 639 644 643
f 640 645 644
f 639 640 644
f 647 642 641
f 646 647 641
f 641 412 646
f 408 412 641
f 648 411 643
f 415 411 648
f 643 644 648
f 644 649 648
f 645 650 649
f 644 645 649
f 652 647 646
f 651 652 646
f 646 416 651
f 412 416 646
f 653 415 648
f 419 415 653
f 648 649 653
f 649 654 653
f 650 655 654
f 649 650 654
f 652 651 656
f 651 657 656
f 651 416 657
f 416 420 657
f 658 419 653
f 423 419 658
f 653 654 658
f 654 659 658
f 655 660 659
f 654 655 659
f 657 420 661
f 661 420 424
f 662 423 658
f 427 423 662
f 658 659 662
f 659 663 662
f 660 664 663
f 659 660 663
f 661 424 665
f 665 424 428
f 666 427 662
f 431 427 666
f 662 663 666
f 663 667 666
f 664 668 667
f 663 664 667
f 665 428 669
f 669 428 432
f 670 431 666
f 435 431 670
f 666 667 670
f 667 671 670
f 668 672 671
f 667 668 671
f 669 432 673
f 673 432 436
f 674 435 670
f 439 435 674
f 670 671 674
f 671 675 674
f 672 676 675
f 671 672 675
f 673 436 677
f 677 436 440
f 678 439 674
f 443 439 678
f 674 675 678
f 675 679 678
f 676 680 679
f 675 676 679
f 677 440 681
f 681 440 444
f 682 443 678
f 447 443 682
f 678 679 682
f 679 683 682
f 680 684 683
f 679 680 683
f 681 444 685
f 685 444 448
f 686 447 682
f 451 447 686
f 682 683 686
f 683 687 686
f 684 688 687
f 683 684 687
f 685 448 689
f 689 448 452
f 690 451 686
f 455 451 690
f 686 687 690
f 687 691 690
f 688 692 691
f 687 688 691
f 689 452 693
f 693 452 456
f 694 455 690
f 459 455 694
f 690 691 694
f 691 695 694
f 692 696 695
f 691 692 695
f 693 456 697
f 697 456 460
f 698 459 694
f 463 459 698
f 694 695 698
f 695 699 698
f 696 700 699
f 695 696 699
f 697 460 701
f 701 460 464
f 702 463 698
f 467 463 702
f 698 699 702
f 699 703 702
f 700 704 703
f 699 700 703
f 701 464 705
f 705 464 468
f 706 467 702
f 471 467 706
f 702 703 706
f 703 707 706
f 704 708 707
f 703 704 707
f 705 468 709
f 709 468 472
f 710 471 706
f 475 471 710
f 706 707 710
f 707 711 710
f 708 712 711
f 707 708 711
f 709 472 713
f 713 472 476
f 714 475 710
f 479 475 714
f 710 711 714
f 711 715 714
f 712 716 715
f 711 712 715
f 713 476 717
f 717 476 480
f 718 479 714
f 483 479 718
f 714 715 718
f 715 719 718
f 716 720 719
f 715 716 719
f 717 480 721
f 721 480 484
f 722 483 718
f 487 483 722
f 718 719 722
f 719 723 722
f 720 724 723
f 719 720 723
f 721 484 725
f 725 484 488
f 726 487 722
f 491 487 726
f 722 723 726
f 723 727 726
f 724 728 727
f 723 724 727
f 725 488 729
f 729 488 492
f 730 491 726
f 495 491 730
f 726 727 730
f 727 731 730
f 728 732 731
f 727 728 731
f 729 492 733
f 733 492 496
f 734 495 730
f 499 495 734
f 730 731 734
f 731 735 734
f 732 736 735
f 731 732 735
f 733 496 737
f 737 496 500
f 738 499 734
f 503 499 738
f 734 735 738
f 735 739 738
f 736 740 739
f 735 736 739
f 737 500 741
f 741 500 504
f 742 503 738
f 507 503 742
f 738 739 742
f 739 743 742
f 740 744 743
f 739 740 743
f 741 504 745
f 745 504 508
f 746 507 742
f 511 507 746
f 742 743 746
f 743 747 746
f 744 748 747
f 743 744 747
f 745 508 749
f 749 508 512
f 750 511 746
f 515 511 750
f 746 747 750
f 747 751 750
f 748 752 751
f 747 748 751
f 749 512 753
f 753 512 516
f 754 515 750
f 519 515 754
f 750 751 754
f 751 755 754
f 752 756 755
f 751 752 755
f 753 516 757
f 757 516 520
f 758 519 754
f 523 519 758
f 754 755 758
f 755 759 758
f 756 760 759
f 755 756 759
f 757 520 761
f 761 520 525
f 762 523 758
f 528 523 762
f 758 759 762
f 759 763 762
f 760 764 763
f 759 760 763
f 761 525 765
f 765 525 530
f 766 528 762
f 533 528 766
f 762 763 766
f 763 767 766
f 764 768 767
f 763 764 767
f 534 769 770
f 534 770 530
f 530 770 765
f 534 535 769
f 771 533 766
f 538 533 771
f 766 767 771
f 767 772 771
f 768 773 772
f 767 768 772
f 775 770 769
f 774 775 769
f 769 539 774
f 535 539 769
f 776 538 771
f 542 538 776
f 771 772 776
f 772 777 776
f 773 778 777
f 772 773 777
f 780 775 774
f 779 780 774
f 774 543 779
f 539 543 774
f 781 542 776
f 546 542 781
f 776 777 781
f 777 782 781
f 778 783 782
f 777 778 782
f 780 779 784
f 779 785 784
f 779 543 785
f 543 547 785
f 786 546 781
f 550 546 786
f 781 782 786
f 782 787 786
f 783 788 787
f 782 783 787
f 785 547 789
f 789 547 551
f 790 550 786
f 554 550 790
f 786 787 790
f 787 791 790
f 788 792 791
f 787 788 791
f 789 551 793
f 793 551 555
f 794 554 790
f 558 554 794
f 790 791 794
f 791 795 794
f 792 796 795
f 791 792 795
f 793 555 797
f 797 555 559
f 798 558 794
f 562 558 798
f 794 795 798
f 795 799 798
f 796 800 799
f 795 796 799
f 797 559 563
f 801 797 563
f 563 802 801
f 565 802 563
f 803 562 798
f 568 562 803
f 798 799 803
f 799 804 803
f 800 805 804
f 799 800 804
f 802 565 569
f 806 802 569
f 806 569 807
f 569 570 807
f 807 570 808
f 570 571 808
f 568 803 809
f 568 809 571
f 571 809 808
f 803 804 810
f 809 803 810
f 804 805 810
f 573 574 811
f 811 813 812
f 811 812 573
f 573 812 575
f 812 814 575
f 575 814 576
f 814 815 576
f 576 815 577
f 817 816 579
f 817 579 815
f 815 579 577
f 579 816 580
f 583 819 818
f 582 583 818
f 574 820 811
f 574 582 820
f 582 818 820
f 811 820 813
f 817 821 816
f 816 585 580
f 816 821 585
f 821 822 585
f 823 586 585
f 823 585 824
f 824 585 822
f 824 825 823
f 588 827 826
f 587 588 826
f 826 583 587
f 819 583 826
f 828 586 823
f 591 586 828
f 825 829 828
f 823 825 828
f 827 588 830
f 830 588 592
f 831 591 828
f 595 591 831
f 829 832 831
f 828 829 831
f 830 592 833
f 833 592 596
f 834 595 831
f 599 595 834
f 832 835 834
f 831 832 834
f 833 596 836
f 836 596 600
f 837 599 834
f 603 599 837
f 835 838 837
f 834 835 837
f 836 600 839
f 839 600 604
f 840 603 837
f 607 603 840
f 838 841 840
f 837 838 840
f 839 604 842
f 842 604 608
f 843 607 840
f 611 607 843
f 841 844 843
f 840 841 843
f 842 608 845
f 845 608 612
f 846 611 843
f 615 611 846
f 844 847 846
f 843 844 846
f 845 612 848
f 848 612 617
f 849 615 846
f 620 615 849
f 847 850 849
f 846 847 849
f 848 617 851
f 851 617 622
f 852 620 849
f 625 620 852
f 850 853 852
f 849 850 852
f 851 622 854
f 854 622 627
f 855 625 852
f 630 625 855
f 853 856 855
f 852 853 855
f 854 627 857
f 857 627 632
f 858 630 855
f 635 630 858
f 856 859 858
f 855 856 858
f 857 632 860
f 860 632 637
f 861 635 858
f 640 635 861
f 859 862 861
f 858 859 861
f 860 637 863
f 863 637 642
f 864 640 861
f 645 640 864
f 862 865 864
f 861 862 864
f 863 642 866
f 866 642 647
f 867 645 864
f 650 645 867
f 865 868 867
f 864 865 867
f 866 647 869
f 869 647 652
f 870 650 867
f 655 650 870
f 868 871 870
f 867 868 870
f 656 872 873
f 656 873 652
f 652 873 869
f 656 657 872
f 874 655 870
f 660 655 874
f 871 875 874
f 870 871 874
f 877 873 872
f 876 877 872
f 872 661 876
f 657 661 872
f 878 660 874
f 664 660 878
f 875 879 878
f 874 875 878
f 877 876 880
f 876 881 880
f 876 661 881
f 661 665 881
f 882 664 878
f 668 664 882
f 879 883 882
f 878 879 882
f 881 665 884
f 884 665 669
f 885 668 882
f 672 668 885
f 883 886 885
f 882 883 885
f 884 669 887
f 887 669 673
f 888 672 885
f 676 672 888
f 886 889 888
f 885 886 888
f 887 673 890
f 890 673 677
f 891 676 888
f 680 676 891
f 889 892 891
f 888 889 891
f 890 677 893
f 893 677 681
f 894 680 891
f 684 680 894
f 892 895 894
f 891 892 894
f 893 681 896
f 896 681 685
f 897 684 894
f 688 684 897
f 895 898 897
f 894 895 897
f 896 685 899
f 899 685 689
f 900 688 897
f 692 688 900
f 898 901 900
f 897 898 900
f 899 689 902
f 902 689 693
f 903 692 900
f 696 692 903
f 901 904 903
f 900 901 903
f 902 693 905
f 905 693 697
f 906 696 903
f 700 696 906
f 904 907 906
f 903 904 906
f 905 697 908
f 908 697 701
f 909 700 906
f 704 700 909
f 907 910 909
f 906 907 909
f 908 701 911
f 911 701 705
f 912 704 909
f 708 704 912
f 910 913 912
f 909 910 912
f 911 705 914
f 914 705 709
f 915 708 912
f 712 708 915
f 913 916 915
f 912 913 915
f 914 709 917
f 917 709 713
f 918 712 915
f 716 712 918
f 916 919 918
f 915 916 918
f 917 713 920
f 920 713 717
f 921 716 918
f 720 716 921
f 919 922 921
f 918 919 921
f 920 717 923
f 923 717 721
f 924 720 921
f 724 720 924
f 922 925 924
f 921 922 924
f 923 721 926
f 926 721 725
f 927 724 924
f 728 724 927
f 925 928 927
f 924 925 927
f 926 725 929
f 929 725 729
f 930 728 927
f 732 728 930
f 928 931 930
f 927 928 930
f 929 729 932
f 932 729 733
f 933 732 930
f 736 732 933
f 931 934 933
f 930 931 933
f 932 733 935
f 935 733 737
f 936 736 933
f 740 736 936
f 934 937 936
f 933 934 936
f 935 737 938
f 938 737 741
f 939 740 936
f 744 740 939
f 937 940 939
f 936 937 939
f 938 741 941
f 941 741 745
f 942 744 939
f 748 744 942
f 940 943 942
f 939 940 942
f 941 745 944
f 944 745 749
f 945 748 942
f 752 748 945
f 943 946 945
f 942 943 945
f 944 749 947
f 947 749 753
f 948 752 945
f 756 752 948
f 946 949 948
f 945 946 948
f 947 753 950
f 950 753 757
f 951 756 948
f 760 756 951
f 949 952 951
f 948 949 951
f 950 757 953
f 953 757 761
f 954 760 951
f 764 760 954
f 952 955 954
f 951 952 954
f 953 761 956
f 956 761 765
f 957 764 954
f 768 764 957
f 955 958 957
f 954 955 957
f 956 765 959
f 959 765 770
f 960 768 957
f 773 768 960
f 958 961 960
f 957 958 960
f 959 770 962
f 962 770 775
f 963 773 960
f 778 773 963
f 961 964 963
f 960 961 963
f 962 775 965
f 965 775 780
f 966 778 963
f 783 778 966
f 964 967 966
f 963 964 966
f 784 968 969
f 784 969 780
f 780 969 965
f 784 785 968
f 970 783 966
f 788 783 970
f 967 971 970
f 966 967 970
f 973 969 968
f 972 973 968
f 968 789 972
f 785 789 968
f 974 788 970
f 792 788 974
f 971 975 974
f 970 971 974
f 977 973 972
f 976 977 972
f 972 793 976
f 789 793 972
f 978 792 974
f 796 792 978
f 975 979 978
f 974 975 978
f 977 976 980
f 976 981 980
f 976 793 981
f 793 797 981
f 982 796 978
f 800 796 982
f 979 983 982
f 978 979 982
f 981 797 801
f 984 981 801
f 801 985 984
f 802 985 801
f 986 800 982
f 986 987 800
f 987 805 800
f 982 983 986
f 985 802 806
f 988 985 806
f 988 806 989
f 806 807 989
f 989 807 990
f 807 808 990
f 990 808 991
f 808 809 991
f 991 809 992
f 809 810 992
f 992 810 805
f 987 992 805
f 813 994 993
f 812 813 993
f 993 995 812
f 812 995 814
f 995 996 814
f 814 996 815
f 997 817 815
f 997 815 998
f 998 815 996
f 998 1000 999
f 997 998 999
f 1000 1002 1001
f 999 1000 1001
f 1002 1003 1001
f 1006 1005 1004
f 819 1004 1005
f 819 1005 818
f 818 1005 1007
f 1007 1008 818
f 818 1008 820
f 1008 813 820
f 994 813 1008
f 997 821 817
f 999 821 997
f 822 821 999
f 1001 822 999
f 824 822 1001
f 824 1001 1003
f 824 1003 825
f 825 1003 1009
f 1010 1011 1006
f 1010 1006 827
f 1004 826 1006
f 826 827 1006
f 1004 819 826
f 1011 1010 1012
f 1009 1013 825
f 1013 829 825
f 1014 1010 827
f 1014 827 1015
f 1015 827 830
f 1010 1014 1012
f 1013 1016 829
f 1016 832 829
f 1015 830 1017
f 1017 830 833
f 1016 1018 832
f 1018 835 832
f 1017 833 1019
f 1019 833 836
f 1018 1020 835
f 1020 838 835
f 1019 836 1021
f 1021 836 839
f 1020 1022 838
f 1022 841 838
f 1021 839 1023
f 1023 839 842
f 1022 1024 841
f 1024 844 841
f 1023 842 1025
f 1025 842 845
f 1024 1026 844
f 1026 847 844
f 1025 845 1027
f 1027 845 848
f 1026 1028 847
f 1028 850 847
f 1027 848 1029
f 1029 848 851
f 1028 1030 850
f 1030 853 850
f 1029 851 1031
f 1031 851 854
f 1030 1032 853
f 1032 856 853
f 1031 854 1033
f 1033 854 857
f 1032 1034 856
f 1034 859 856
f 1033 857 1035
f 1035 857 860
f 1034 1036 859
f 1036 862 859
f 1035 860 1037
f 1037 860 863
f 1036 1038 862
f 1038 865 862
f 1037 863 1039
f 1039 863 866
f 1038 1040 865
f 1040 868 865
f 1039 866 1041
f 1041 866 869
f 1040 1042 868
f 1042 871 868
f 1041 869 1043
f 1043 869 873
f 1042 1044 871
f 1044 875 871
f 1043 873 1045
f 1045 873 877
f 1044 1046 875
f 1046 879 875
f 880 1047 1048
f 880 1048 877
f 877 1048 1045
f 880 881 1047
f 1046 1049 879
f 1049 883 879
f 1051 1048 1047
f 1050 1051 1047
f 1047 884 1050
f 881 884 1047
f 1049 1052 883
f 1052 886 883
f 1054 1051 1050
f 1053 1054 1050
f 1050 887 1053
f 884 887 1050
f 1052 1055 886
f 1055 889 886
f 1057 1054 1053
f 1056 1057 1053
f 1053 890 1056
f 887 890 1053
f 1055 1058 889
f 1058 892 889
f 1060 1057 1056
f 1059 1060 1056
f 1056 893 1059
f 890 893 1056
f 1058 1061 892
f 1061 895 892
f 1063 1060 1059
f 1062 1063 1059
f 1059 896 1062
f 893 896 1059
f 1061 1064 895
f 1064 898 895
f 1063 1062 1065
f 1062 1066 1065
f 1062 896 1066
f 896 899 1066
f 1064 1067 898
f 1067 901 898
f 1066 899 1068
f 1068 899 902
f 1067 1069 901
f 1069 904 901
f 1068 902 1070
f 1070 902 905
f 1069 1071 904
f 1071 907 904
f 1070 905 1072
f 1072 905 908
f 1071 1073 907
f 1073 910 907
f 1072 908 1074
f 1074 908 911
f 1073 1075 910
f 1075 913 910
f 1074 911 1076
f 1076 911 914
f 1075 1077 913
f 1077 916 913
f 1076 914 1078
f 1078 914 917
f 1077 1079 916
f 1079 919 916
f 1078 917 1080
f 1080 917 920
f 1079 1081 919
f 1081 922 919
f 1080 920 1082
f 1082 920 923
f 1081 1083 922
f 1083 925 922
f 1082 923 1084
f 1084 923 926
f 1083 1085 925
f 1085 928 925
f 1084 926 1086
f 1086 926 929
f 1085 1087 928
f 1087 931 928
f 1086 929 1088
f 1088 929 932
f 1087 1089 931
f 1089 934 931
f 1088 932 1090
f 1090 932 935
f 1089 1091 934
f 1091 937 934
f 1090 935 1092
f 1092 935 938
f 1091 1093 937
f 1093 940 937
f 1092 938 1094
f 1094 938 941
f 1093 1095 940
f 1095 943 940
f 1094 941 1096
f 1096 941 944
f 1095 1097 943
f 1097 946 943
f 1096 944 1098
f 1098 944 947
f 1097 1099 946
f 1099 949 946
f 1098 947 1100
f 1100 947 950
f 1099 1101 949
f 1101 952 949
f 1100 950 1102
f 1102 950 953
f 1101 1103 952
f 1103 955 952
f 1102 953 1104
f 1104 953 956
f 1103 1105 955
f 1105 958 955
f 1104 956 1106
f 1106 956 959
f 1105 1107 958
f 1107 961 958
f 1106 959 1108
f 1108 959 962
f 1107 1109 961
f 1109 964 961
f 1108 962 1110
f 1110 962 965
f 1109 1111 964
f 1111 967 964
f 1110 965 1112
f 1112 965 969
f 1111 1113 967
f 1113 971 967
f 1112 969 1114
f 1114 969 973
f 1113 1115 971
f 1115 975 971
f 1114 973 1116
f 1116 973 977
f 1115 1117 975
f 1117 979 975
f 980 1118 1119
f 980 1119 977
f 977 1119 1116
f 980 981 1118
f 1117 1120 979
f 1120 983 979
f 1119 1118 1121
f 1118 981 984
f 1118 984 1121
f 1121 984 1122
f 1123 984 985
f 1123 1124 984
f 1124 1122 984
f 1124 1123 1125
f 1128 1126 1127
f 1127 1126 1129
f 986 1130 987
f 1130 986 983
f 1130 983 1131
f 1131 983 1120
f 1123 985 988
f 1125 1123 988
f 1125 988 1132
f 1132 988 989
f 1132 989 1133
f 989 990 1133
f 1126 1128 1133
f 1126 1133 991
f 991 1133 990
f 1129 1126 991
f 1129 991 1134
f 1134 991 992
f 987 1130 1135
f 987 1135 992
f 992 1135 1134
f 1130 1131 1135
f 1138 1137 1136
f 994 1136 1137
f 994 1137 993
f 993 1137 1139
f 1141 1140 995
f 1141 995 1139
f 1139 995 993
f 1140 1143 1142
f 1140 1142 995
f 995 1142 996
f 1142 1144 996
f 996 1144 998
f 1144 1145 998
f 998 1145 1000
f 1145 1146 1000
f 1000 1146 1002
f 1002 1146 1147
f 1003 1002 1147
f 1006 1149 1148
f 1005 1006 1148
f 1148 1150 1005
f 1005 1150 1007
f 1136 1150 1138
f 1136 1008 1150
f 1008 1007 1150
f 1136 994 1008
f 1141 1151 1140
f 1140 1151 1143
f 1147 1152 1003
f 1152 1009 1003
f 1149 1006 1011
f 1153 1149 1011
f 1011 1154 1153
f 1012 1154 1011
f 1157 1155 1156
f 1156 1155 1158
f 1152 1159 1009
f 1159 1013 1009
f 1014 1015 1160
f 1162 1154 1012
f 1162 1012 1160
f 1162 1160 1161
f 1014 1160 1012
f 1162 1163 1164
f 1161 1163 1162
f 1164 1163 1165
f 1167 1155 1157
f 1166 1155 1167
f 1158 1166 1168
f 1155 1166 1158
f 1171 1169 1170
f 1170 1172 1173
f 1169 1172 1170
f 1173 1172 1016
f 1173 1016 1159
f 1159 1016 1013
f 1174 1160 1015
f 1017 1174 1015
f 1175 1174 1176
f 1175 1161 1174
f 1161 1160 1174
f 1161 1177 1163
f 1175 1177 1161
f 1163 1177 1165
f 1167 1178 1166
f 1166 1178 1168
f 1180 1169 1171
f 1179 1169 1180
f 1169 1179 1172
f 1172 1179 1181
f 1172 1181 1018
f 1016 1172 1018
f 1182 1174 1017
f 1019 1182 1017
f 1176 1182 1183
f 1174 1182 1176
f 1185 1179 1180
f 1184 1179 1185
f 1179 1184 1181
f 1181 1184 1186
f 1181 1186 1020
f 1018 1181 1020
f 1187 1182 1019
f 1021 1187 1019
f 1183 1188 1189
f 1183 1182 1188
f 1182 1187 1188
f 1189 1190 1191
f 1188 1190 1189
f 1191 1190 1192
f 1195 1193 1194
f 1194 1196 1197
f 1193 1196 1194
f 1197 1184 1185
f 1197 1196 1184
f 1196 1198 1184
f 1184 1198 1186
f 1186 1198 1199
f 1186 1199 1022
f 1020 1186 1022
f 1200 1187 1021
f 1023 1200 1021
f 1187 1200 1188
f 1188 1200 1201
f 1188 1201 1190
f 1190 1201 1202
f 1192 1203 1204
f 1192 1190 1203
f 1190 1202 1203
f 1204 1203 1205
f 1207 1193 1195
f 1206 1193 1207
f 1193 1206 1196
f 1196 1206 1208
f 1196 1208 1198
f 1198 1208 1209
f 1198 1209 1199
f 1199 1209 1210
f 1199 1210 1024
f 1022 1199 1024
f 1211 1200 1023
f 1025 1211 1023
f 1200 1211 1201
f 1201 1211 1212
f 1201 1212 1202
f 1202 1212 1213
f 1202 1213 1203
f 1203 1213 1214
f 1205 1214 1215
f 1203 1214 1205
f 1217 1206 1207
f 1216 1206 1217
f 1206 1216 1208
f 1208 1216 1218
f 1208 1218 1209
f 1209 1218 1219
f 1209 1219 1210
f 1210 1219 1220
f 1210 1220 1026
f 1024 1210 1026
f 1221 1211 1025
f 1027 1221 1025
f 1211 1221 1212
f 1212 1221 1222
f 1212 1222 1213
f 1213 1222 1223
f 1213 1223 1214
f 1214 1223 1224
f 1215 1224 1225
f 1214 1224 1215
f 1227 1216 1217
f 1226 1216 1227
f 1216 1226 1218
f 1218 1226 1228
f 1218 1228 1219
f 1219 1228 1229
f 1219 1229 1220
f 1220 1229 1230
f 1220 1230 1028
f 1026 1220 1028
f 1231 1221 1027
f 1029 1231 1027
f 1221 1231 1222
f 1222 1231 1232
f 1222 1232 1223
f 1223 1232 1233
f 1223 1233 1224
f 1224 1233 1234
f 1225 1234 1235
f 1224 1234 1225
f 1237 1226 1227
f 1236 1226 1237
f 1226 1236 1228
f 1228 1236 1238
f 1228 1238 1229
f 1229 1238 1239
f 1229 1239 1230
f 1230 1239 1240
f 1230 1240 1030
f 1028 1230 1030
f 1241 1231 1029
f 1031 1241 1029
f 1231 1241 1232
f 1232 1241 1242
f 1232 1242 1233
f 1233 1242 1243
f 1233 1243 1234
f 1234 1243 1244
f 1235 1244 1245
f 1234 1244 1235
f 1247 1236 1237
f 1246 1236 1247
f 1236 1246 1238
f 1238 1246 1248
f 1238 1248 1239
f 1239 1248 1249
f 1239 1249 1240
f 1240 1249 1250
f 1240 1250 1032
f 1030 1240 1032
f 1251 1241 1031
f 1033 1251 1031
f 1252 1251 1253
f 1252 1242 1251
f 1242 1241 1251
f 1255 1242 1252
f 1255 1254 1242
f 1254 1243 1242
f 1243 1254 1244
f 1244 1254 1256
f 1245 1256 1257
f 1244 1256 1245
f 1259 1246 1247
f 1258 1246 1259
f 1246 1258 1248
f 1248 1258 1260
f 1248 1260 1249
f 1249 1260 1261
f 1249 1261 1250
f 1250 1261 1262
f 1250 1262 1034
f 1032 1250 1034
f 1263 1251 1033
f 1035 1263 1033
f 1253 1263 1264
f 1251 1263 1253
f 1255 1265 1254
f 1267 1254 1265
f 1267 1266 1254
f 1266 1256 1254
f 1257 1266 1268
f 1256 1266 1257
f 1270 1258 1259
f 1269 1258 1270
f 1258 1269 1260
f 1260 1269 1271
f 1260 1271 1261
f 1261 1271 1272
f 1261 1272 1262
f 1262 1272 1273
f 1262 1273 1036
f 1034 1262 1036
f 1274 1263 1035
f 1037 1274 1035
f 1264 1274 1275
f 1263 1274 1264
f 1277 1266 1267
f 1276 1266 1277
f 1268 1276 1278
f 1266 1276 1268
f 1280 1269 1270
f 1279 1269 1280
f 1281 1279 1282
f 1281 1271 1279
f 1271 1269 1279
f 1284 1271 1281
f 1284 1283 1271
f 1283 1272 1271
f 1272 1283 1273
f 1273 1283 1285
f 1273 1285 1038
f 1036 1273 1038
f 1286 1274 1037
f 1039 1286 1037
f 1275 1286 1287
f 1274 1286 1275
f 1289 1276 1277
f 1288 1276 1289
f 1278 1288 1290
f 1276 1288 1278
f 1292 1279 1280
f 1291 1279 1292
f 1282 1291 1293
f 1279 1291 1282
f 1295 1283 1284
f 1294 1283 1295
f 1283 1294 1285
f 1285 1294 1296
f 1285 1296 1040
f 1038 1285 1040
f 1297 1286 1039
f 1041 1297 1039
f 1287 1297 1298
f 1286 1297 1287
f 1300 1288 1289
f 1299 1288 1300
f 1290 1299 1301
f 1288 1299 1290
f 1303 1291 1292
f 1302 1291 1303
f 1293 1302 1304
f 1291 1302 1293
f 1306 1294 1295
f 1305 1294 1306
f 1294 1305 1296
f 1296 1305 1307
f 1296 1307 1042
f 1040 1296 1042
f 1308 1297 1041
f 1043 1308 1041
f 1298 1308 1309
f 1297 1308 1298
f 1311 1299 1300
f 1310 1299 1311
f 1301 1310 1312
f 1299 1310 1301
f 1314 1302 1303
f 1313 1302 1314
f 1304 1313 1315
f 1302 1313 1304
f 1317 1305 1306
f 1316 1305 1317
f 1305 1316 1307
f 1307 1316 1318
f 1307 1318 1044
f 1042 1307 1044
f 1319 1308 1043
f 1045 1319 1043
f 1309 1319 1320
f 1308 1319 1309
f 1322 1310 1311
f 1321 1310 1322
f 1312 1321 1323
f 1310 1321 1312
f 1325 1313 1314
f 1324 1313 1325
f 1315 1324 1326
f 1313 1324 1315
f 1328 1316 1317
f 1327 1316 1328
f 1316 1327 1318
f 1318 1327 1329
f 1318 1329 1046
f 1044 1318 1046
f 1330 1319 1045
f 1048 1330 1045
f 1320 1330 1331
f 1319 1330 1320
f 1322 1332 1321
f 1321 1332 1323
f 1334 1324 1325
f 1333 1324 1334
f 1326 1333 1335
f 1324 1333 1326
f 1337 1327 1328
f 1336 1327 1337
f 1327 1336 1329
f 1329 1336 1338
f 1329 1338 1049
f 1046 1329 1049
f 1339 1330 1048
f 1051 1339 1048
f 1331 1339 1340
f 1330 1339 1331
f 1334 1341 1333
f 1333 1341 1335
f 1337 1342 1336
f 1344 1336 1342
f 1344 1343 1336
f 1343 1338 1336
f 1338 1343 1052
f 1049 1338 1052
f 1345 1339 1051
f 1054 1345 1051
f 1340 1345 1346
f 1339 1345 1340
f 1349 1347 1348
f 1348 1347 1350
f 1352 1343 1344
f 1351 1343 1352
f 1343 1351 1055
f 1052 1343 1055
f 1353 1345 1054
f 1057 1353 1054
f 1346 1353 1354
f 1345 1353 1346
f 1356 1347 1349
f 1355 1347 1356
f 1350 1355 1357
f 1347 1355 1350
f 1359 1351 1352
f 1358 1351 1359
f 1351 1358 1058
f 1055 1351 1058
f 1360 1353 1057
f 1060 1360 1057
f 1354 1360 1361
f 1353 1360 1354
f 1363 1355 1356
f 1362 1355 1363
f 1357 1362 1364
f 1355 1362 1357
f 1366 1358 1359
f 1365 1358 1366
f 1358 1365 1061
f 1058 1358 1061
f 1367 1360 1060
f 1063 1367 1060
f 1361 1367 1368
f 1360 1367 1361
f 1371 1369 1370
f 1370 1362 1363
f 1370 1369 1362
f 1369 1372 1362
f 1364 1372 1373
f 1362 1372 1364
f 1375 1365 1366
f 1374 1365 1375
f 1365 1374 1064
f 1061 1365 1064
f 1367 1063 1065
f 1065 1368 1367
f 1065 1066 1368
f 1066 1376 1368
f 1378 1369 1371
f 1377 1369 1378
f 1369 1377 1372
f 1372 1377 1379
f 1373 1380 1381
f 1373 1372 1380
f 1372 1379 1380
f 1381 1380 1382
f 1384 1374 1375
f 1383 1374 1384
f 1374 1383 1067
f 1064 1374 1067
f 1376 1066 1385
f 1385 1066 1068
f 1388 1386 1387
f 1387 1377 1378
f 1387 1386 1377
f 1386 1389 1377
f 1377 1389 1379
f 1379 1389 1390
f 1379 1390 1380
f 1380 1390 1391
f 1382 1391 1392
f 1380 1391 1382
f 1394 1383 1384
f 1393 1383 1394
f 1383 1393 1069
f 1067 1383 1069
f 1385 1068 1395
f 1395 1068 1070
f 1397 1386 1388
f 1396 1386 1397
f 1386 1396 1389
f 1389 1396 1398
f 1389 1398 1390
f 1390 1398 1399
f 1390 1399 1391
f 1391 1399 1400
f 1392 1400 1401
f 1391 1400 1392
f 1403 1393 1394
f 1402 1393 1403
f 1393 1402 1071
f 1069 1393 1071
f 1404 1405 1395
f 1404 1395 1072
f 1072 1395 1070
f 1405 1396 1397
f 1405 1404 1396
f 1404 1406 1396
f 1396 1406 1398
f 1398 1406 1407
f 1398 1407 1399
f 1399 1407 1408
f 1399 1408 1400
f 1400 1408 1409
f 1401 1409 1410
f 1400 1409 1401
f 1412 1402 1403
f 1411 1402 1412
f 1402 1411 1073
f 1071 1402 1073
f 1413 1404 1072
f 1074 1413 1072
f 1404 1413 1406
f 1406 1413 1414
f 1406 1414 1407
f 1407 1414 1415
f 1407 1415 1408
f 1408 1415 1416
f 1408 1416 1409
f 1409 1416 1417
f 1410 1417 1418
f 1409 1417 1410
f 1420 1411 1412
f 1419 1411 1420
f 1411 1419 1075
f 1073 1411 1075
f 1421 1413 1074
f 1076 1421 1074
f 1413 1421 1414
f 1414 1421 1422
f 1414 1422 1415
f 1415 1422 1423
f 1415 1423 1416
f 1416 1423 1424
f 1416 1424 1417
f 1417 1424 1425
f 1418 1425 1426
f 1417 1425 1418
f 1428 1419 1420
f 1427 1419 1428
f 1419 1427 1077
f 1075 1419 1077
f 1429 1421 1076
f 1078 1429 1076
f 1421 1429 1422
f 1422 1429 1430
f 1422 1430 1423
f 1423 1430 1431
f 1423 1431 1424
f 1424 1431 1432
f 1424 1432 1425
f 1425 1432 1433
f 1426 1434 1435
f 1426 1425 1434
f 1425 1433 1434
f 1435 1434 1436
f 1438 1427 1428
f 1437 1427 1438
f 1427 1437 1079
f 1077 1427 1079
f 1439 1429 1078
f 1080 1439 1078
f 1429 1439 1430
f 1430 1439 1440
f 1430 1440 1431
f 1431 1440 1441
f 1431 1441 1432
f 1432 1441 1442
f 1432 1442 1433
f 1433 1442 1443
f 1433 1443 1434
f 1434 1443 1444
f 1436 1444 1445
f 1434 1444 1436
f 1447 1437 1438
f 1446 1437 1447
f 1437 1446 1081
f 1079 1437 1081
f 1448 1439 1080
f 1082 1448 1080
f 1439 1448 1440
f 1440 1448 1449
f 1440 1449 1441
f 1441 1449 1450
f 1441 1450 1442
f 1442 1450 1451
f 1442 1451 1443
f 1443 1451 1452
f 1443 1452 1444
f 1444 1452 1453
f 1445 1453 1454
f 1444 1453 1445
f 1456 1446 1447
f 1455 1446 1456
f 1446 1455 1083
f 1081 1446 1083
f 1457 1448 1082
f 1084 1457 1082
f 1448 1457 1449
f 1449 1457 1458
f 1449 1458 1450
f 1450 1458 1459
f 1450 1459 1451
f 1451 1459 1460
f 1451 1460 1452
f 1452 1460 1461
f 1452 1461 1453
f 1453 1461 1462
f 1454 1462 1463
f 1453 1462 1454
f 1465 1455 1456
f 1464 1455 1465
f 1455 1464 1085
f 1083 1455 1085
f 1466 1457 1084
f 1086 1466 1084
f 1457 1466 1458
f 1458 1466 1467
f 1458 1467 1459
f 1459 1467 1468
f 1459 1468 1460
f 1460 1468 1469
f 1460 1469 1461
f 1461 1469 1470
f 1461 1470 1462
f 1462 1470 1471
f 1463 1471 1472
f 1462 1471 1463
f 1474 1464 1465
f 1473 1464 1474
f 1464 1473 1087
f 1085 1464 1087
f 1475 1466 1086
f 1088 1475 1086
f 1466 1475 1467
f 1467 1475 1476
f 1467 1476 1468
f 1468 1476 1477
f 1468 1477 1469
f 1469 1477 1478
f 1469 1478 1470
f 1470 1478 1479
f 1470 1479 1471
f 1471 1479 1480
f 1472 1480 1481
f 1471 1480 1472
f 1483 1473 1474
f 1482 1473 1483
f 1473 1482 1089
f 1087 1473 1089
f 1484 1475 1088
f 1090 1484 1088
f 1475 1484 1476
f 1476 1484 1485
f 1476 1485 1477
f 1477 1485 1486
f 1477 1486 1478
f 1478 1486 1487
f 1488 1487 1489
f 1488 1479 1487
f 1479 1478 1487
f 1491 1479 1488
f 1491 1490 1479
f 1490 1480 1479
f 1481 1490 1492
f 1480 1490 1481
f 1494 1482 1483
f 1493 1482 1494
f 1482 1493 1091
f 1089 1482 1091
f 1495 1484 1090
f 1092 1495 1090
f 1484 1495 1485
f 1485 1495 1496
f 1485 1496 1486
f 1486 1496 1497
f 1498 1497 1499
f 1498 1487 1497
f 1487 1486 1497
f 1487 1498 1489
f 1501 1490 1491
f 1500 1490 1501
f 1492 1500 1502
f 1490 1500 1492
f 1504 1493 1494
f 1503 1493 1504
f 1493 1503 1093
f 1091 1493 1093
f 1505 1495 1092
f 1094 1505 1092
f 1495 1505 1496
f 1496 1505 1506
f 1496 1506 1497
f 1497 1506 1507
f 1499 1507 1508
f 1497 1507 1499
f 1501 1509 1500
f 1500 1509 1502
f 1511 1503 1504
f 1510 1503 1511
f 1503 1510 1095
f 1093 1503 1095
f 1512 1505 1094
f 1096 1512 1094
f 1505 1512 1506
f 1506 1512 1513
f 1514 1513 1515
f 1514 1507 1513
f 1507 1506 1513
f 1507 1514 1508
f 1517 1510 1511
f 1516 1510 1517
f 1510 1516 1097
f 1095 1510 1097
f 1518 1512 1096
f 1098 1518 1096
f 1512 1518 1513
f 1513 1518 1519
f 1515 1519 1520
f 1513 1519 1515
f 1522 1516 1517
f 1521 1516 1522
f 1516 1521 1099
f 1097 1516 1099
f 1523 1518 1098
f 1100 1523 1098
f 1518 1523 1519
f 1519 1523 1524
f 1520 1524 1525
f 1519 1524 1520
f 1527 1521 1522
f 1526 1521 1527
f 1521 1526 1101
f 1099 1521 1101
f 1528 1523 1100
f 1102 1528 1100
f 1529 1528 1530
f 1529 1524 1528
f 1524 1523 1528
f 1524 1529 1525
f 1532 1526 1527
f 1531 1526 1532
f 1526 1531 1103
f 1101 1526 1103
f 1533 1528 1102
f 1104 1533 1102
f 1530 1533 1534
f 1528 1533 1530
f 1536 1531 1532
f 1535 1531 1536
f 1531 1535 1105
f 1103 1531 1105
f 1537 1533 1104
f 1106 1537 1104
f 1534 1537 1538
f 1533 1537 1534
f 1540 1535 1536
f 1539 1535 1540
f 1535 1539 1107
f 1105 1535 1107
f 1541 1537 1106
f 1541 1106 1542
f 1542 1106 1108
f 1537 1541 1538
f 1545 1543 1544
f 1544 1539 1540
f 1544 1543 1539
f 1543 1546 1539
f 1539 1546 1109
f 1107 1539 1109
f 1542 1108 1547
f 1547 1108 1110
f 1550 1548 1549
f 1549 1548 1551
f 1553 1543 1545
f 1552 1543 1553
f 1543 1552 1546
f 1546 1552 1554
f 1546 1554 1111
f 1109 1546 1111
f 1547 1110 1555
f 1555 1110 1112
f 1558 1556 1557
f 1557 1548 1550
f 1557 1556 1548
f 1556 1559 1548
f 1551 1560 1561
f 1551 1548 1560
f 1548 1559 1560
f 1561 1562 1563
f 1560 1562 1561
f 1563 1552 1553
f 1563 1562 1552
f 1562 1564 1552
f 1552 1564 1554
f 1554 1564 1565
f 1554 1565 1113
f 1111 1554 1113
f 1555 1112 1566
f 1566 1112 1114
f 1558 1567 1556
f 1556 1568 1559
f 1567 1568 1556
f 1559 1569 1560
f 1568 1569 1559
f 1560 1570 1562
f 1569 1570 1560
f 1562 1571 1564
f 1570 1571 1562
f 1573 1564 1571
f 1573 1572 1564
f 1572 1565 1564
f 1565 1572 1115
f 1113 1565 1115
f 1566 1114 1574
f 1574 1114 1116
f 1573 1575 1572
f 1572 1575 1576
f 1572 1576 1115
f 1115 1576 1117
f 1574 1116 1577
f 1577 1116 1119
f 1576 1578 1117
f 1578 1120 1117
f 1577 1119 1121
f 1579 1577 1121
f 1579 1121 1580
f 1121 1122 1580
f 1580 1122 1581
f 1122 1124 1581
f 1582 1124 1125
f 1582 1583 1124
f 1583 1581 1124
f 1583 1582 1584
f 1128 1585 1586
f 1127 1585 1128
f 1127 1587 1585
f 1129 1587 1127
f 1578 1588 1120
f 1588 1131 1120
f 1582 1125 1132
f 1584 1582 1132
f 1584 1132 1589
f 1589 1132 1133
f 1589 1133 1128
f 1586 1589 1128
f 1587 1129 1134
f 1590 1587 1134
f 1590 1134 1591
f 1134 1135 1591
f 1591 1135 1131
f 1588 1591 1131
f 1594 1593 1592
f 1138 1592 1593
f 1138 1593 1137
f 1137 1593 1595
f 1597 1596 1139
f 1597 1139 1595
f 1595 1139 1137
f 1139 1596 1141
f 1142 1143 1598
f 1598 1600 1599
f 1598 1599 1142
f 1142 1599 1144
f 1599 1601 1144
f 1144 1601 1145
f 1601 1602 1145
f 1145 1602 1146
f 1146 1602 1603
f 1147 1146 1603
f 1149 1605 1604
f 1148 1149 1604
f 1592 1604 1594
f 1592 1150 1604
f 1150 1148 1604
f 1592 1138 1150
f 1597 1606 1596
f 1596 1151 1141
f 1596 1606 1151
f 1606 1607 1151
f 1143 1608 1598
f 1143 1151 1608
f 1151 1607 1608
f 1598 1608 1600
f 1603 1609 1147
f 1609 1152 1147
f 1605 1149 1153
f 1610 1605 1153
f 1611 1153 1154
f 1611 1612 1153
f 1612 1610 1153
f 1612 1611 1613
f 1157 1614 1615
f 1156 1614 1157
f 1616 1156 1158
f 1616 1617 1156
f 1617 1614 1156
f 1617 1618 1619
f 1616 1618 1617
f 1619 1618 1620
f 1609 1621 1152
f 1621 1159 1152
f 1611 1154 1162
f 1613 1611 1162
f 1613 1162 1622
f 1622 1162 1164
f 1623 1164 1165
f 1623 1624 1164
f 1624 1622 1164
f 1624 1623 1167
f 1624 1167 1615
f 1615 1167 1157
f 1625 1616 1158
f 1168 1625 1158
f 1616 1625 1618
f 1618 1625 1626
f 1620 1170 1627
f 1620 1626 1170
f 1620 1618 1626
f 1626 1171 1170
f 1627 1170 1628
f 1170 1173 1628
f 1628 1173 1159
f 1621 1628 1159
f 1175 1176 1629
f 1177 1175 1629
f 1630 1177 1629
f 1165 1177 1630
f 1165 1630 1623
f 1623 1630 1631
f 1178 1167 1623
f 1178 1623 1632
f 1632 1623 1631
f 1168 1178 1632
f 1168 1632 1625
f 1625 1632 1633
f 1625 1633 1626
f 1626 1633 1634
f 1626 1634 1180
f 1171 1626 1180
f 1635 1629 1176
f 1183 1635 1176
f 1629 1635 1630
f 1630 1635 1636
f 1630 1636 1631
f 1631 1636 1637
f 1631 1637 1632
f 1632 1637 1638
f 1632 1638 1633
f 1633 1638 1639
f 1633 1639 1634
f 1634 1639 1640
f 1634 1640 1185
f 1180 1634 1185
f 1635 1183 1189
f 1636 1635 1189
f 1191 1636 1189
f 1191 1192 1641
f 1191 1641 1636
f 1636 1641 1637
f 1637 1641 1638
f 1638 1641 1642
f 1195 1194 1639
f 1195 1639 1642
f 1642 1639 1638
f 1640 1639 1194
f 1197 1640 1194
f 1640 1197 1185
f 1641 1192 1204
f 1204 1205 1643
f 1204 1643 1641
f 1641 1643 1642
f 1642 1643 1207
f 1195 1642 1207
f 1644 1643 1205
f 1215 1644 1205
f 1643 1644 1217
f 1207 1643 1217
f 1645 1644 1215
f 1225 1645 1215
f 1644 1645 1227
f 1217 1644 1227
f 1646 1645 1225
f 1235 1646 1225
f 1645 1646 1237
f 1227 1645 1237
f 1647 1646 1235
f 1245 1647 1235
f 1646 1647 1247
f 1237 1646 1247
f 1252 1253 1648
f 1252 1648 1255
f 1649 1647 1245
f 1257 1649 1245
f 1647 1649 1259
f 1247 1647 1259
f 1650 1648 1253
f 1264 1650 1253
f 1265 1255 1648
f 1265 1648 1651
f 1651 1648 1650
f 1265 1651 1267
f 1652 1649 1257
f 1268 1652 1257
f 1649 1652 1270
f 1259 1649 1270
f 1653 1650 1264
f 1275 1653 1264
f 1650 1653 1651
f 1651 1653 1654
f 1651 1654 1277
f 1267 1651 1277
f 1655 1652 1268
f 1278 1655 1268
f 1652 1655 1280
f 1270 1652 1280
f 1281 1282 1656
f 1281 1656 1284
f 1657 1653 1275
f 1287 1657 1275
f 1653 1657 1654
f 1654 1657 1658
f 1654 1658 1289
f 1277 1654 1289
f 1659 1655 1278
f 1290 1659 1278
f 1655 1659 1292
f 1280 1655 1292
f 1660 1656 1282
f 1293 1660 1282
f 1656 1660 1295
f 1284 1656 1295
f 1661 1657 1287
f 1298 1661 1287
f 1657 1661 1658
f 1658 1661 1662
f 1658 1662 1300
f 1289 1658 1300
f 1663 1659 1290
f 1301 1663 1290
f 1659 1663 1303
f 1292 1659 1303
f 1664 1660 1293
f 1304 1664 1293
f 1660 1664 1306
f 1295 1660 1306
f 1665 1661 1298
f 1309 1665 1298
f 1661 1665 1662
f 1662 1665 1666
f 1662 1666 1311
f 1300 1662 1311
f 1667 1663 1301
f 1312 1667 1301
f 1663 1667 1314
f 1303 1663 1314
f 1668 1664 1304
f 1315 1668 1304
f 1664 1668 1317
f 1306 1664 1317
f 1669 1665 1309
f 1320 1669 1309
f 1665 1669 1666
f 1666 1669 1670
f 1666 1670 1322
f 1311 1666 1322
f 1671 1667 1312
f 1323 1671 1312
f 1667 1671 1325
f 1314 1667 1325
f 1672 1668 1315
f 1326 1672 1315
f 1668 1672 1328
f 1317 1668 1328
f 1673 1669 1320
f 1331 1673 1320
f 1669 1673 1670
f 1670 1673 1674
f 1332 1322 1670
f 1332 1670 1675
f 1675 1670 1674
f 1323 1332 1675
f 1323 1675 1671
f 1671 1675 1676
f 1671 1676 1334
f 1325 1671 1334
f 1677 1672 1326
f 1335 1677 1326
f 1672 1677 1337
f 1328 1672 1337
f 1678 1673 1331
f 1340 1678 1331
f 1673 1678 1674
f 1674 1678 1679
f 1674 1679 1675
f 1675 1679 1680
f 1675 1680 1676
f 1676 1680 1681
f 1341 1334 1676
f 1341 1676 1682
f 1682 1676 1681
f 1335 1341 1682
f 1335 1682 1677
f 1677 1682 1683
f 1342 1337 1677
f 1342 1677 1684
f 1684 1677 1683
f 1342 1684 1344
f 1685 1678 1340
f 1346 1685 1340
f 1678 1685 1679
f 1679 1685 1686
f 1679 1686 1680
f 1680 1686 1687
f 1349 1348 1681
f 1349 1681 1687
f 1687 1681 1680
f 1348 1350 1688
f 1348 1688 1681
f 1681 1688 1682
f 1682 1688 1683
f 1683 1688 1689
f 1683 1689 1684
f 1684 1689 1690
f 1684 1690 1352
f 1344 1684 1352
f 1691 1685 1346
f 1354 1691 1346
f 1685 1691 1686
f 1686 1691 1692
f 1686 1692 1687
f 1687 1692 1693
f 1687 1693 1356
f 1349 1687 1356
f 1694 1688 1350
f 1357 1694 1350
f 1688 1694 1689
f 1689 1694 1695
f 1689 1695 1690
f 1690 1695 1696
f 1690 1696 1359
f 1352 1690 1359
f 1697 1691 1354
f 1361 1697 1354
f 1691 1697 1692
f 1692 1697 1698
f 1692 1698 1693
f 1693 1698 1699
f 1693 1699 1363
f 1356 1693 1363
f 1700 1694 1357
f 1364 1700 1357
f 1694 1700 1695
f 1695 1700 1701
f 1695 1701 1696
f 1696 1701 1702
f 1696 1702 1366
f 1359 1696 1366
f 1703 1697 1361
f 1368 1703 1361
f 1697 1703 1698
f 1698 1703 1704
f 1371 1370 1699
f 1371 1699 1704
f 1704 1699 1698
f 1699 1370 1363
f 1705 1700 1364
f 1373 1705 1364
f 1700 1705 1701
f 1701 1705 1706
f 1701 1706 1702
f 1702 1706 1707
f 1702 1707 1375
f 1366 1702 1375
f 1708 1703 1368
f 1376 1708 1368
f 1703 1708 1704
f 1704 1708 1709
f 1704 1709 1378
f 1371 1704 1378
f 1705 1373 1381
f 1381 1382 1710
f 1381 1710 1705
f 1705 1710 1706
f 1706 1710 1707
f 1707 1710 1711
f 1707 1711 1384
f 1375 1707 1384
f 1712 1708 1376
f 1385 1712 1376
f 1388 1387 1709
f 1388 1709 1712
f 1712 1709 1708
f 1709 1387 1378
f 1713 1710 1382
f 1392 1713 1382
f 1710 1713 1711
f 1711 1713 1714
f 1711 1714 1394
f 1384 1711 1394
f 1715 1712 1385
f 1395 1715 1385
f 1712 1715 1397
f 1388 1712 1397
f 1716 1713 1392
f 1401 1716 1392
f 1713 1716 1714
f 1714 1716 1717
f 1714 1717 1403
f 1394 1714 1403
f 1715 1395 1405
f 1715 1405 1397
f 1718 1716 1401
f 1410 1718 1401
f 1716 1718 1717
f 1717 1718 1719
f 1717 1719 1412
f 1403 1717 1412
f 1720 1718 1410
f 1418 1720 1410
f 1718 1720 1719
f 1719 1720 1721
f 1719 1721 1420
f 1412 1719 1420
f 1722 1720 1418
f 1426 1722 1418
f 1720 1722 1721
f 1721 1722 1723
f 1721 1723 1428
f 1420 1721 1428
f 1722 1426 1435
f 1435 1436 1724
f 1435 1724 1722
f 1722 1724 1723
f 1723 1724 1438
f 1428 1723 1438
f 1725 1724 1436
f 1445 1725 1436
f 1724 1725 1447
f 1438 1724 1447
f 1726 1725 1445
f 1454 1726 1445
f 1725 1726 1456
f 1447 1725 1456
f 1727 1726 1454
f 1463 1727 1454
f 1726 1727 1465
f 1456 1726 1465
f 1728 1727 1463
f 1472 1728 1463
f 1727 1728 1474
f 1465 1727 1474
f 1729 1728 1472
f 1481 1729 1472
f 1728 1729 1483
f 1474 1728 1483
f 1488 1489 1730
f 1488 1730 1491
f 1731 1729 1481
f 1492 1731 1481
f 1729 1731 1494
f 1483 1729 1494
f 1498 1499 1732
f 1489 1498 1732
f 1489 1732 1730
f 1730 1732 1733
f 1730 1733 1501
f 1491 1730 1501
f 1734 1731 1492
f 1502 1734 1492
f 1731 1734 1504
f 1494 1731 1504
f 1735 1732 1499
f 1508 1735 1499
f 1732 1735 1733
f 1733 1735 1736
f 1509 1501 1733
f 1509 1733 1737
f 1737 1733 1736
f 1502 1509 1737
f 1502 1737 1734
f 1734 1737 1738
f 1734 1738 1511
f 1504 1734 1511
f 1514 1515 1739
f 1508 1514 1739
f 1508 1739 1735
f 1735 1739 1740
f 1735 1740 1736
f 1736 1740 1741
f 1736 1741 1737
f 1737 1741 1742
f 1737 1742 1738
f 1738 1742 1743
f 1738 1743 1517
f 1511 1738 1517
f 1744 1739 1515
f 1520 1744 1515
f 1739 1744 1740
f 1740 1744 1745
f 1740 1745 1741
f 1741 1745 1746
f 1741 1746 1742
f 1742 1746 1747
f 1742 1747 1743
f 1743 1747 1748
f 1743 1748 1522
f 1517 1743 1522
f 1749 1744 1520
f 1525 1749 1520
f 1744 1749 1745
f 1745 1749 1750
f 1745 1750 1746
f 1746 1750 1751
f 1746 1751 1747
f 1747 1751 1752
f 1747 1752 1748
f 1748 1752 1753
f 1748 1753 1527
f 1522 1748 1527
f 1529 1530 1754
f 1525 1529 1754
f 1525 1754 1749
f 1749 1754 1755
f 1749 1755 1750
f 1750 1755 1756
f 1750 1756 1751
f 1751 1756 1757
f 1751 1757 1752
f 1752 1757 1758
f 1752 1758 1753
f 1753 1758 1759
f 1753 1759 1532
f 1527 1753 1532
f 1760 1754 1530
f 1534 1760 1530
f 1754 1760 1755
f 1755 1760 1761
f 1755 1761 1756
f 1756 1761 1762
f 1756 1762 1757
f 1757 1762 1763
f 1757 1763 1758
f 1758 1763 1764
f 1758 1764 1759
f 1759 1764 1765
f 1759 1765 1536
f 1532 1759 1536
f 1766 1760 1534
f 1538 1766 1534
f 1760 1766 1761
f 1761 1766 1767
f 1761 1767 1762
f 1762 1767 1768
f 1762 1768 1763
f 1763 1768 1769
f 1763 1769 1764
f 1764 1769 1770
f 1764 1770 1765
f 1765 1770 1771
f 1765 1771 1540
f 1536 1765 1540
f 1541 1542 1772
f 1538 1541 1772
f 1538 1772 1766
f 1766 1772 1773
f 1766 1773 1767
f 1767 1773 1774
f 1767 1774 1768
f 1768 1774 1775
f 1768 1775 1769
f 1769 1775 1776
f 1769 1776 1770
f 1770 1776 1777
f 1545 1544 1771
f 1545 1771 1777
f 1777 1771 1770
f 1771 1544 1540
f 1778 1772 1542
f 1547 1778 1542
f 1772 1778 1773
f 1773 1778 1779
f 1773 1779 1774
f 1774 1779 1780
f 1550 1549 1775
f 1550 1775 1780
f 1780 1775 1774
f 1549 1551 1781
f 1549 1781 1775
f 1775 1781 1776
f 1776 1781 1777
f 1777 1781 1782
f 1777 1782 1553
f 1545 1777 1553
f 1783 1778 1547
f 1555 1783 1547
f 1778 1783 1779
f 1779 1783 1784
f 1558 1557 1780
f 1558 1780 1784
f 1784 1780 1779
f 1780 1557 1550
f 1781 1551 1561
f 1782 1781 1561
f 1563 1782 1561
f 1782 1563 1553
f 1785 1783 1555
f 1566 1785 1555
f 1783 1785 1784
f 1784 1785 1786
f 1567 1558 1784
f 1567 1784 1787
f 1787 1784 1786
f 1568 1567 1787
f 1788 1568 1787
f 1569 1568 1788
f 1789 1569 1788
f 1570 1569 1789
f 1790 1570 1789
f 1571 1570 1790
f 1791 1571 1790
f 1571 1791 1573
f 1792 1785 1566
f 1574 1792 1566
f 1793 1792 1794
f 1793 1786 1792
f 1786 1785 1792
f 1786 1795 1787
f 1793 1795 1786
f 1787 1796 1788
f 1795 1796 1787
f 1798 1788 1796
f 1798 1797 1788
f 1797 1789 1788
f 1789 1797 1790
f 1790 1797 1799
f 1800 1799 1801
f 1800 1791 1799
f 1791 1790 1799
f 1791 1575 1573
f 1791 1800 1575
f 1800 1802 1575
f 1575 1802 1803
f 1576 1575 1803
f 1804 1792 1574
f 1804 1574 1805
f 1805 1574 1577
f 1792 1804 1794
f 1798 1806 1797
f 1797 1807 1799
f 1806 1807 1797
f 1799 1807 1801
f 1803 1808 1576
f 1808 1578 1576
f 1579 1809 1810
f 1579 1810 1577
f 1577 1810 1805
f 1580 1809 1579
f 1811 1809 1580
f 1581 1811 1580
f 1812 1811 1581
f 1583 1812 1581
f 1813 1812 1583
f 1813 1583 1584
f 1816 1814 1815
f 1818 1815 1814
f 1817 1586 1585
f 1585 1587 1817
f 1808 1819 1578
f 1819 1588 1578
f 1810 1809 1820
f 1809 1811 1821
f 1820 1809 1821
f 1811 1812 1822
f 1821 1811 1822
f 1812 1813 1823
f 1822 1812 1823
f 1814 1816 1823
f 1814 1823 1589
f 1813 1584 1823
f 1584 1589 1823
f 1586 1817 1824
f 1586 1824 1589
f 1818 1814 1824
f 1814 1589 1824
f 1817 1587 1590
f 1817 1590 1824
f 1824 1590 1825
f 1825 1590 1826
f 1590 1591 1826
f 1826 1591 1588
f 1819 1826 1588
f 1593 1594 1827
f 1595 1593 1827
f 1828 1595 1827
f 1595 1828 1597
f 1831 1830 1829
f 1830 1833 1832
f 1829 1830 1832
f 1600 1832 1833
f 1600 1833 1599
f 1599 1833 1834
f 1834 1835 1599
f 1599 1835 1601
f 1835 1836 1601
f 1601 1836 1602
f 1602 1836 1837
f 1603 1602 1837
f 1605 1839 1838
f 1604 1605 1838
f 1594 1840 1827
f 1594 1604 1840
f 1604 1838 1840
f 1827 1841 1828
f 1840 1841 1827
f 1828 1606 1597
f 1828 1841 1606
f 1841 1842 1606
f 1829 1842 1831
f 1829 1607 1842
f 1607 1606 1842
f 1832 1607 1829
f 1608 1607 1832
f 1832 1600 1608
f 1837 1843 1603
f 1843 1609 1603
f 1839 1605 1610
f 1844 1839 1610
f 1844 1610 1845
f 1610 1612 1845
f 1612 1846 1845
f 1613 1846 1612
f 1614 1847 1615
f 1617 1847 1614
f 1848 1847 1617
f 1619 1848 1617
f 1849 1848 1619
f 1619 1620 1849
f 1852 1850 1851
f 1851 1850 1621
f 1851 1621 1843
f 1843 1621 1609
f 1846 1613 1622
f 1853 1846 1622
f 1853 1622 1854
f 1622 1624 1854
f 1615 1847 1855
f 1615 1855 1624
f 1624 1855 1854
f 1847 1848 1856
f 1855 1847 1856
f 1848 1849 1857
f 1856 1848 1857
f 1849 1620 1627
f 1849 1627 1857
f 1857 1627 1858
f 1850 1852 1858
f 1850 1858 1628
f 1628 1858 1627
f 1850 1628 1621
f 1861 1860 1859
f 1794 1859 1860
f 1794 1860 1793
f 1793 1860 1862
f 1864 1863 1795
f 1864 1795 1862
f 1862 1795 1793
f 1796 1795 1863
f 1865 1796 1863
f 1796 1865 1798
f 1801 1867 1866
f 1800 1801 1866
f 1866 1868 1800
f 1800 1868 1802
f 1802 1868 1869
f 1803 1802 1869
f 1859 1804 1805
f 1859 1805 1861
f 1861 1805 1870
f 1859 1794 1804
f 1864 1871 1863
f 1863 1872 1865
f 1871 1872 1863
f 1865 1806 1798
f 1865 1872 1806
f 1872 1873 1806
f 1873 1874 1806
f 1806 1874 1807
f 1874 1801 1807
f 1867 1801 1874
f 1869 1875 1803
f 1875 1808 1803
f 1870 1805 1876
f 1876 1805 1810
f 1879 1877 1878
f 1816 1878 1877
f 1816 1815 1878
f 1815 1880 1878
f 1815 1881 1880
f 1818 1881 1815
f 1875 1882 1808
f 1882 1819 1808
f 1876 1810 1820
f 1883 1876 1820
f 1883 1820 1884
f 1820 1821 1884
f 1884 1821 1885
f 1821 1822 1885
f 1877 1879 1885
f 1877 1885 1823
f 1823 1885 1822
f 1877 1823 1816
f 1881 1818 1824
f 1886 1881 1824
f 1886 1824 1887
f 1824 1825 1887
f 1887 1825 1888
f 1825 1826 1888
f 1888 1826 1819
f 1882 1888 1819
f 1891 1890 1889
f 1890 1893 1892
f 1889 1890 1892
f 1893 1895 1894
f 1892 1893 1894
f 1831 1894 1895
f 1831 1895 1830
f 1830 1895 1896
f 1896 1897 1830
f 1830 1897 1833
f 1897 1898 1833
f 1833 1898 1834
f 1898 1899 1834
f 1834 1899 1835
f 1901 1900 1836
f 1901 1836 1899
f 1899 1836 1835
f 1836 1900 1837
f 1904 1903 1902
f 1839 1902 1903
f 1839 1903 1838
f 1838 1903 1905
f 1889 1905 1891
f 1889 1840 1905
f 1840 1838 1905
f 1892 1840 1889
f 1841 1840 1892
f 1894 1841 1892
f 1842 1841 1894
f 1894 1831 1842
f 1901 1906 1900
f 1900 1906 1907
f 1900 1907 1837
f 1837 1907 1843
f 1904 1902 1908
f 1902 1839 1844
f 1902 1844 1908
f 1908 1844 1909
f 1911 1845 1910
f 1911 1909 1845
f 1909 1844 1845
f 1845 1846 1910
f 1852 1912 1913
f 1851 1912 1852
f 1912 1851 1843
f 1907 1912 1843
f 1911 1910 1914
f 1910 1846 1853
f 1910 1853 1914
f 1914 1853 1915
f 1915 1853 1916
f 1853 1854 1916
f 1916 1854 1917
f 1854 1855 1917
f 1917 1855 1918
f 1855 1856 1918
f 1918 1856 1919
f 1856 1857 1919
f 1919 1857 1920
f 1857 1858 1920
f 1920 1858 1852
f 1913 1920 1852
f 1923 1922 1921
f 1861 1921 1922
f 1861 1922 1860
f 1860 1922 1924
f 1926 1925 1862
f 1926 1862 1924
f 1924 1862 1860
f 1862 1925 1864
f 1929 1928 1927
f 1928 1931 1930
f 1927 1928 1930
f 1931 1933 1932
f 1930 1931 1932
f 1867 1932 1933
f 1867 1933 1866
f 1866 1933 1934
f 1934 1935 1866
f 1866 1935 1868
f 1868 1935 1936
f 1869 1868 1936
f 1938 1923 1921
f 1937 1938 1921
f 1921 1870 1937
f 1861 1870 1921
f 1926 1939 1925
f 1925 1871 1864
f 1925 1939 1871
f 1939 1940 1871
f 1927 1940 1929
f 1927 1872 1940
f 1872 1871 1940
f 1930 1872 1927
f 1873 1872 1930
f 1932 1873 1930
f 1874 1873 1932
f 1932 1867 1874
f 1936 1941 1869
f 1941 1875 1869
f 1943 1938 1937
f 1942 1943 1937
f 1937 1876 1942
f 1870 1876 1937
f 1879 1944 1945
f 1878 1944 1879
f 1944 1878 1946
f 1878 1880 1946
f 1947 1880 1881
f 1947 1948 1880
f 1948 1946 1880
f 1948 1947 1949
f 1941 1950 1875
f 1950 1882 1875
f 1943 1942 1951
f 1942 1876 1883
f 1942 1883 1951
f 1951 1883 1952
f 1952 1883 1953
f 1883 1884 1953
f 1953 1884 1954
f 1884 1885 1954
f 1954 1885 1879
f 1945 1954 1879
f 1947 1881 1886
f 1949 1947 1886
f 1949 1886 1955
f 1955 1886 1887
f 1955 1887 1956
f 1887 1888 1956
f 1956 1888 1882
f 1950 1956 1882
f 1890 1891 1957
f 1957 1959 1958
f 1957 1958 1890
f 1890 1958 1893
f 1958 1960 1893
f 1893 1960 1895
f 1960 1961 1895
f 1895 1961 1896
f 1961 1962 1896
f 1896 1962 1897
f 1962 1963 1897
f 1897 1963 1898
f 1963 1964 1898
f 1898 1964 1899
f 1899 1964 1965
f 1901 1899 1965
f 1904 1967 1966
f 1903 1904 1966
f 1966 1968 1903
f 1903 1968 1905
f 1891 1969 1957
f 1891 1905 1969
f 1905 1968 1969
f 1957 1969 1959
f 1906 1971 1970
f 1906 1901 1971
f 1901 1965 1971
f 1906 1970 1907
f 1908 1972 1973
f 1908 1973 1904
f 1904 1973 1967
f 1909 1972 1908
f 1974 1972 1909
f 1909 1911 1974
f 1970 1913 1912
f 1970 1971 1913
f 1971 1975 1913
f 1970 1912 1907
f 1973 1972 1976
f 1972 1974 1977
f 1976 1972 1977
f 1974 1911 1914
f 1974 1914 1977
f 1977 1914 1978
f 1978 1914 1979
f 1914 1915 1979
f 1979 1915 1980
f 1915 1916 1980
f 1980 1916 1981
f 1916 1917 1981
f 1981 1917 1982
f 1917 1918 1982
f 1982 1918 1983
f 1918 1919 1983
f 1983 1919 1984
f 1919 1920 1984
f 1984 1920 1913
f 1975 1984 1913
f 1923 1986 1985
f 1922 1923 1985
f 1985 1987 1922
f 1922 1987 1924
f 1924 1987 1988
f 1926 1924 1988
f 1928 1929 1989
f 1931 1928 1989
f 1990 1931 1989
f 1933 1931 1990
f 1991 1933 1990
f 1991 1993 1992
f 1991 1992 1933
f 1933 1992 1934
f 1995 1994 1935
f 1995 1935 1992
f 1992 1935 1934
f 1935 1994 1936
f 1998 1997 1996
f 1997 1938 1996
f 1997 1986 1938
f 1986 1923 1938
f 1988 1939 1926
f 1999 1939 1988
f 1999 2000 1939
f 1939 2000 1940
f 1929 2001 1989
f 1929 1940 2001
f 1940 2000 2001
f 1989 2002 1990
f 2001 2002 1989
f 1990 2003 1991
f 2002 2003 1990
f 1991 2003 1993
f 1995 2004 1994
f 1994 2004 2005
f 1994 2005 1936
f 1936 2005 1941
f 1998 1996 2006
f 1996 1938 1943
f 1996 1943 2008
f 1996 2008 2006
f 2008 1943 2007
f 2008 2009 2010
f 2007 2009 2008
f 2010 2011 2012
f 2009 2011 2010
f 2012 2013 2014
f 2011 2013 2012
f 2016 2014 2013
f 2015 1945 1944
f 1946 2015 1944
f 2017 2015 1946
f 1948 2017 1946
f 2018 2017 1948
f 1948 1949 2018
f 2005 2019 1941
f 2019 1950 1941
f 2007 1943 1951
f 2009 2007 1951
f 1952 2009 1951
f 2011 2009 1952
f 1953 2011 1952
f 2013 2011 1953
f 1954 2013 1953
f 1945 2015 2020
f 1945 2020 1954
f 2016 2013 2020
f 2013 1954 2020
f 2015 2017 2021
f 2020 2015 2021
f 2017 2018 2022
f 2021 2017 2022
f 2018 1949 1955
f 2018 1955 2022
f 2022 1955 2023
f 2023 1955 2024
f 1955 1956 2024
f 2024 1956 1950
f 2019 2024 1950
f 1958 1959 2025
f 1960 1958 2025
f 2026 1960 2025
f 1961 1960 2026
f 2027 1961 2026
f 1962 1961 2027
f 2028 1962 2027
f 1963 1962 2028
f 2029 1963 2028
f 1964 1963 2029
f 2030 1964 2029
f 1964 2030 1965
f 1967 2032 2031
f 1966 1967 2031
f 2031 2033 1966
f 1966 2033 1968
f 2033 2034 1968
f 1968 2034 1969
f 1959 2035 2025
f 1959 1969 2035
f 1969 2034 2035
f 2025 2036 2026
f 2035 2036 2025
f 2026 2037 2027
f 2036 2037 2026
f 2027 2038 2028
f 2037 2038 2027
f 2028 2039 2029
f 2038 2039 2028
f 2029 2040 2030
f 2039 2040 2029
f 2030 2040 2041
f 2030 2041 1965
f 1965 2041 1971
f 2042 2043 2032
f 2042 2032 1973
f 1973 2032 1967
f 2043 2044 2045
f 2042 2044 2043
f 2045 2046 2047
f 2044 2046 2045
f 2047 2048 2049
f 2046 2048 2047
f 2049 2050 2051
f 2048 2050 2049
f 2051 2052 2053
f 2050 2052 2051
f 2053 2054 2055
f 2052 2054 2053
f 2055 2056 2057
f 2054 2056 2055
f 2057 2058 2059
f 2056 2058 2057
f 2059 2058 1975
f 2059 1975 2041
f 2041 1975 1971
f 2042 1973 1976
f 2044 2042 1976
f 1977 2044 1976
f 2046 2044 1977
f 1978 2046 1977
f 2048 2046 1978
f 1979 2048 1978
f 2050 2048 1979
f 1980 2050 1979
f 2052 2050 1980
f 1981 2052 1980
f 2054 2052 1981
f 1982 2054 1981
f 2056 2054 1982
f 1983 2056 1982
f 2058 2056 1983
f 1984 2058 1983
f 2058 1984 1975
f 1985 1986 2060
f 1987 1985 2060
f 2061 1987 2060
f 1987 2061 1988
f 1992 1993 2062
f 1992 2062 1995
f 1998 2064 2063
f 1997 1998 2063
f 1986 2065 2060
f 1986 1997 2065
f 1997 2063 2065
f 2060 2066 2061
f 2065 2066 2060
f 2068 2067 1999
f 2066 2068 1999
f 2066 1999 1988
f 2066 1988 2061
f 2000 1999 2067
f 2069 2000 2067
f 2001 2000 2069
f 2070 2001 2069
f 2002 2001 2070
f 2071 2002 2070
f 2071 2073 2072
f 2071 2072 2002
f 2002 2072 2003
f 1993 2074 2062
f 1993 2003 2074
f 2003 2072 2074
f 2062 2004 1995
f 2062 2074 2004
f 2074 2075 2004
f 2004 2075 2076
f 2005 2004 2076
f 2064 1998 2006
f 2077 2064 2006
f 2077 2006 2078
f 2006 2008 2078
f 2078 2008 2079
f 2008 2010 2079
f 2067 2068 2079
f 2067 2079 2012
f 2012 2079 2010
f 2069 2067 2012
f 2014 2069 2012
f 2014 2016 2080
f 2014 2080 2069
f 2069 2080 2070
f 2070 2080 2071
f 2071 2080 2081
f 2073 2082 2083
f 2073 2071 2082
f 2071 2081 2082
f 2083 2082 2084
f 2076 2085 2005
f 2085 2019 2005
f 2080 2016 2020
f 2081 2080 2020
f 2021 2081 2020
f 2082 2081 2021
f 2022 2082 2021
f 2084 2082 2022
f 2084 2022 2086
f 2086 2022 2023
f 2086 2023 2087
f 2023 2024 2087
f 2087 2024 2019
f 2085 2087 2019
f 2031 2032 2088
f 2033 2031 2088
f 2089 2033 2088
f 2034 2033 2089
f 2090 2034 2089
f 2035 2034 2090
f 2091 2035 2090
f 2036 2035 2091
f 2092 2036 2091
f 2037 2036 2092
f 2093 2037 2092
f 2038 2037 2093
f 2094 2038 2093
f 2039 2038 2094
f 2095 2039 2094
f 2040 2039 2095
f 2096 2040 2095
f 2040 2096 2041
f 2088 2032 2043
f 2089 2088 2043
f 2045 2089 2043
f 2090 2089 2045
f 2047 2090 2045
f 2091 2090 2047
f 2049 2091 2047
f 2092 2091 2049
f 2051 2092 2049
f 2093 2092 2051
f 2053 2093 2051
f 2094 2093 2053
f 2055 2094 2053
f 2095 2094 2055
f 2057 2095 2055
f 2096 2095 2057
f 2059 2096 2057
f 2096 2059 2041
f 2063 2064 2097
f 2065 2063 2097
f 2098 2065 2097
f 2066 2065 2098
f 2099 2066 2098
f 2066 2099 2068
f 2072 2073 2100
f 2074 2072 2100
f 2101 2074 2100
f 2075 2074 2101
f 2102 2075 2101
f 2075 2102 2076
f 2097 2064 2077
f 2098 2097 2077
f 2078 2098 2077
f 2099 2098 2078
f 2079 2099 2078
f 2099 2079 2068
f 2100 2073 2083
f 2083 2084 2103
f 2083 2103 2100
f 2100 2103 2101
f 2101 2103 2102
f 2102 2103 2104
f 2102 2104 2085
f 2076 2102 2085
f 2103 2084 2086
f 2104 2103 2086
f 2087 2104 2086
f 2104 2087 2085
f 2107 2106 2105
f 2106 2109 2108
f 2105 2106 2108
f 2109 2110 2108
f 2107 2105 2111
f 2105 2108 2112
f 2111 2105 2112
f 2108 2110 2112
f 2106 2107 2113
f 2113 2115 2114
f 2113 2114 2106
f 2106 2114 2109
f 2116 2110 2109
f 2116 2109 2117
f 2117 2109 2114
f 2117 2118 2116
f 2113 2107 2111
f 2113 2111 2112
f 2113 2112 2120
f 2113 2120 2115
f 2119 2120 2112
f 2119 2121 2122
f 2112 2121 2119
f 2112 2116 2121
f 2112 2110 2116
f 2116 2118 2121
f 2120 2119 2123
f 2119 2122 2123
f 2114 2115 2124
f 2117 2114 2124
f 2125 2117 2124
f 2117 2125 2118
f 2128 2127 2126
f 2127 2129 2126
f 2130 2124 2115
f 2130 2115 2131
f 2131 2115 2120
f 2133 2124 2130
f 2133 2125 2124
f 2121 2132 2122
f 2133 2135 2118
f 2133 2118 2125
f 2135 2134 2118
f 2121 2118 2132
f 2134 2132 2118
f 2135 2128 2126
f 2135 2126 2134
f 2134 2126 2136
f 2129 2137 2136
f 2126 2129 2136
f 2123 2138 2139
f 2123 2139 2120
f 2120 2139 2131
f 2122 2138 2123
f 2122 2132 2138
f 2132 2140 2138
f 2132 2134 2140
f 2134 2141 2140
f 2142 2143 2141
f 2142 2141 2136
f 2136 2141 2134
f 2136 2137 2142
f 2145 2139 2138
f 2144 2145 2138
f 2138 2140 2144
f 2140 2146 2144
f 2147 2148 2146
f 2147 2146 2141
f 2141 2146 2140
f 2141 2143 2147
f 2150 2145 2144
f 2149 2150 2144
f 2144 2146 2149
f 2146 2151 2149
f 2148 2152 2151
f 2146 2148 2151
f 2154 2150 2149
f 2153 2154 2149
f 2155 2156 2153
f 2155 2153 2151
f 2151 2153 2149
f 2151 2152 2155
f 2158 2154 2153
f 2157 2158 2153
f 2156 2159 2157
f 2153 2156 2157
f 2161 2158 2157
f 2160 2161 2157
f 2159 2162 2160
f 2157 2159 2160
f 2164 2161 2160
f 2163 2164 2160
f 2162 2165 2163
f 2160 2162 2163
f 2167 2164 2163
f 2166 2167 2163
f 2165 2168 2166
f 2163 2165 2166
f 2170 2167 2166
f 2169 2170 2166
f 2168 2172 2171
f 2168 2171 2166
f 2166 2171 2169
f 2172 2173 2171
f 2175 2170 2169
f 2174 2175 2169
f 2169 2171 2174
f 2171 2176 2174
f 2173 2177 2176
f 2171 2173 2176
f 2179 2175 2174
f 2178 2179 2174
f 2174 2176 2178
f 2176 2180 2178
f 2177 2181 2180
f 2176 2177 2180
f 2183 2179 2178
f 2182 2183 2178
f 2178 2180 2182
f 2180 2184 2182
f 2181 2185 2184
f 2180 2181 2184
f 2187 2183 2182
f 2186 2187 2182
f 2182 2184 2186
f 2184 2188 2186
f 2185 2189 2188
f 2184 2185 2188
f 2191 2187 2186
f 2190 2191 2186
f 2186 2188 2190
f 2188 2192 2190
f 2189 2194 2193
f 2189 2193 2188
f 2188 2193 2192
f 2194 2195 2193
f 2197 2191 2190
f 2196 2197 2190
f 2190 2192 2196
f 2192 2198 2196
f 2192 2193 2198
f 2193 2199 2198
f 2195 2200 2199
f 2193 2195 2199
f 2202 2197 2196
f 2201 2202 2196
f 2196 2198 2201
f 2198 2203 2201
f 2198 2199 2203
f 2199 2204 2203
f 2200 2205 2204
f 2199 2200 2204
f 2207 2202 2201
f 2206 2207 2201
f 2201 2203 2206
f 2203 2208 2206
f 2203 2204 2208
f 2204 2209 2208
f 2205 2210 2209
f 2204 2205 2209
f 2212 2207 2206
f 2211 2212 2206
f 2206 2208 2211
f 2208 2213 2211
f 2208 2209 2213
f 2209 2214 2213
f 2210 2215 2214
f 2209 2210 2214
f 2217 2212 2211
f 2216 2217 2211
f 2211 2213 2216
f 2213 2218 2216
f 2213 2214 2218
f 2214 2219 2218
f 2215 2221 2220
f 2215 2220 2214
f 2214 2220 2219
f 2221 2222 2220
f 2224 2217 2216
f 2223 2224 2216
f 2216 2218 2223
f 2218 2225 2223
f 2218 2219 2225
f 2219 2226 2225
f 2219 2220 2226
f 2220 2227 2226
f 2222 2228 2227
f 2220 2222 2227
f 2230 2224 2223
f 2229 2230 2223
f 2223 2225 2229
f 2225 2231 2229
f 2225 2226 2231
f 2226 2232 2231
f 2226 2227 2232
f 2227 2233 2232
f 2228 2234 2233
f 2227 2228 2233
f 2236 2230 2229
f 2235 2236 2229
f 2229 2231 2235
f 2231 2237 2235
f 2231 2232 2237
f 2232 2238 2237
f 2232 2233 2238
f 2233 2239 2238
f 2234 2240 2239
f 2233 2234 2239
f 2242 2236 2235
f 2241 2242 2235
f 2235 2237 2241
f 2237 2243 2241
f 2237 2238 2243
f 2238 2244 2243
f 2238 2239 2244
f 2239 2245 2244
f 2240 2246 2245
f 2239 2240 2245
f 2248 2242 2241
f 2247 2248 2241
f 2241 2243 2247
f 2243 2249 2247
f 2243 2244 2249
f 2244 2250 2249
f 2244 2245 2250
f 2245 2251 2250
f 2246 2252 2251
f 2245 2246 2251
f 2254 2248 2247
f 2253 2254 2247
f 2247 2249 2253
f 2249 2255 2253
f 2249 2250 2255
f 2250 2256 2255
f 2250 2251 2256
f 2251 2257 2256
f 2252 2258 2257
f 2251 2252 2257
f 2260 2254 2253
f 2259 2260 2253
f 2253 2255 2259
f 2255 2261 2259
f 2255 2256 2261
f 2256 2262 2261
f 2256 2257 2262
f 2257 2263 2262
f 2258 2264 2263
f 2257 2258 2263
f 2266 2260 2259
f 2265 2266 2259
f 2259 2261 2265
f 2261 2267 2265
f 2261 2262 2267
f 2262 2268 2267
f 2262 2263 2268
f 2263 2269 2268
f 2264 2270 2269
f 2263 2264 2269
f 2272 2266 2265
f 2271 2272 2265
f 2265 2267 2271
f 2267 2273 2271
f 2267 2268 2273
f 2268 2274 2273
f 2268 2269 2274
f 2269 2275 2274
f 2270 2276 2275
f 2269 2270 2275
f 2278 2272 2271
f 2277 2278 2271
f 2271 2273 2277
f 2273 2279 2277
f 2273 2274 2279
f 2274 2280 2279
f 2274 2275 2280
f 2275 2281 2280
f 2276 2282 2281
f 2275 2276 2281
f 2284 2278 2277
f 2283 2284 2277
f 2277 2279 2283
f 2279 2285 2283
f 2279 2280 2285
f 2280 2286 2285
f 2280 2281 2286
f 2281 2287 2286
f 2282 2288 2287
f 2281 2282 2287
f 2290 2284 2283
f 2289 2290 2283
f 2283 2285 2289
f 2285 2291 2289
f 2285 2286 2291
f 2286 2292 2291
f 2286 2287 2292
f 2287 2293 2292
f 2288 2294 2293
f 2287 2288 2293
f 2296 2290 2289
f 2295 2296 2289
f 2289 2291 2295
f 2291 2297 2295
f 2291 2292 2297
f 2292 2298 2297
f 2292 2293 2298
f 2293 2299 2298
f 2294 2300 2299
f 2293 2294 2299
f 2302 2296 2295
f 2301 2302 2295
f 2295 2297 2301
f 2297 2303 2301
f 2297 2298 2303
f 2298 2304 2303
f 2298 2299 2304
f 2299 2305 2304
f 2300 2306 2305
f 2299 2300 2305
f 2308 2302 2301
f 2307 2308 2301
f 2301 2303 2307
f 2303 2309 2307
f 2303 2304 2309
f 2304 2310 2309
f 2304 2305 2310
f 2305 2311 2310
f 2306 2312 2311
f 2305 2306 2311
f 2314 2308 2307
f 2313 2314 2307
f 2307 2309 2313
f 2309 2315 2313
f 2309 2310 2315
f 2310 2316 2315
f 2310 2311 2316
f 2311 2317 2316
f 2312 2318 2317
f 2311 2312 2317
f 2320 2314 2313
f 2319 2320 2313
f 2313 2315 2319
f 2315 2321 2319
f 2315 2316 2321
f 2316 2322 2321
f 2316 2317 2322
f 2317 2323 2322
f 2318 2324 2323
f 2317 2318 2323
f 2326 2320 2319
f 2325 2326 2319
f 2319 2321 2325
f 2321 2327 2325
f 2321 2322 2327
f 2322 2328 2327
f 2322 2323 2328
f 2323 2329 2328
f 2324 2330 2329
f 2323 2324 2329
f 2332 2326 2325
f 2331 2332 2325
f 2325 2327 2331
f 2327 2333 2331
f 2327 2328 2333
f 2328 2334 2333
f 2328 2329 2334
f 2329 2335 2334
f 2330 2336 2335
f 2329 2330 2335
f 2338 2332 2331
f 2337 2338 2331
f 2331 2333 2337
f 2333 2339 2337
f 2333 2334 2339
f 2334 2340 2339
f 2334 2335 2340
f 2335 2341 2340
f 2336 2342 2341
f 2335 2336 2341
f 2344 2338 2337
f 2343 2344 2337
f 2337 2339 2343
f 2339 2345 2343
f 2339 2340 2345
f 2340 2346 2345
f 2340 2341 2346
f 2341 2347 2346
f 2342 2348 2347
f 2341 2342 2347
f 2350 2344 2343
f 2349 2350 2343
f 2343 2345 2349
f 2345 2351 2349
f 2345 2346 2351
f 2346 2352 2351
f 2353 2354 2352
f 2353 2352 2347
f 2347 2352 2346
f 2347 2348 2353
f 2356 2350 2349
f 2355 2356 2349
f 2349 2351 2355
f 2351 2357 2355
f 2358 2359 2357
f 2358 2357 2352
f 2352 2357 2351
f 2352 2354 2358
f 2361 2356 2355
f 2360 2361 2355
f 2355 2357 2360
f 2357 2362 2360
f 2359 2363 2362
f 2357 2359 2362
f 2365 2361 2360
f 2364 2365 2360
f 2360 2362 2364
f 2362 2366 2364
f 2363 2367 2366
f 2362 2363 2366
f 2369 2365 2364
f 2368 2369 2364
f 2364 2366 2368
f 2366 2370 2368
f 2367 2371 2370
f 2366 2367 2370
f 2374 2373 2372
f 2373 2375 2372
f 2377 2369 2368
f 2376 2377 2368
f 2368 2370 2376
f 2370 2378 2376
f 2371 2379 2378
f 2370 2371 2378
f 2381 2374 2372
f 2380 2381 2372
f 2375 2382 2380
f 2372 2375 2380
f 2384 2377 2376
f 2383 2384 2376
f 2376 2378 2383
f 2378 2385 2383
f 2379 2387 2386
f 2379 2386 2378
f 2378 2386 2385
f 2387 2388 2386
f 2390 2381 2380
f 2389 2390 2380
f 2382 2391 2389
f 2380 2382 2389
f 2393 2384 2383
f 2392 2393 2383
f 2383 2385 2392
f 2385 2394 2392
f 2385 2386 2394
f 2386 2395 2394
f 2388 2397 2396
f 2388 2396 2386
f 2386 2396 2395
f 2397 2390 2389
f 2397 2389 2396
f 2396 2389 2398
f 2391 2399 2398
f 2389 2391 2398
f 2401 2393 2392
f 2400 2401 2392
f 2392 2394 2400
f 2394 2402 2400
f 2394 2395 2402
f 2395 2403 2402
f 2395 2396 2403
f 2396 2404 2403
f 2396 2398 2404
f 2398 2405 2404
f 2399 2406 2405
f 2398 2399 2405
f 2408 2401 2400
f 2407 2408 2400
f 2400 2402 2407
f 2402 2409 2407
f 2402 2403 2409
f 2403 2410 2409
f 2403 2404 2410
f 2404 2411 2410
f 2404 2405 2411
f 2405 2412 2411
f 2406 2413 2412
f 2405 2406 2412
f 2408 2407 2414
f 2416 2414 2407
f 2416 2407 2415
f 2415 2407 2409
f 2409 2410 2415
f 2410 2417 2415
f 2418 2419 2417
f 2418 2417 2411
f 2411 2417 2410
f 2411 2412 2420
f 2418 2411 2420
f 2412 2413 2420
f 2416 2415 2421
f 2415 2417 2422
f 2421 2415 2422
f 2417 2419 2422
f 2127 2128 2423
f 2424 2129 2127
f 2424 2127 2425
f 2423 2426 2127
f 2426 2425 2127
f 2425 2427 2424
f 2131 2429 2428
f 2130 2131 2428
f 2428 2430 2130
f 2130 2430 2133
f 2430 2431 2133
f 2133 2431 2135
f 2128 2432 2423
f 2128 2135 2432
f 2135 2431 2432
f 2129 2433 2137
f 2129 2424 2433
f 2426 2423 2432
f 2427 2434 2433
f 2424 2427 2433
f 2429 2131 2435
f 2435 2131 2139
f 2142 2436 2143
f 2137 2436 2142
f 2137 2433 2436
f 2433 2437 2436
f 2434 2438 2437
f 2433 2434 2437
f 2435 2139 2439
f 2439 2139 2145
f 2147 2440 2148
f 2143 2440 2147
f 2143 2436 2440
f 2436 2441 2440
f 2436 2437 2441
f 2437 2442 2441
f 2438 2443 2442
f 2437 2438 2442
f 2439 2145 2444
f 2444 2145 2150
f 2445 2148 2440
f 2152 2148 2445
f 2440 2441 2445
f 2441 2446 2445
f 2441 2442 2446
f 2442 2447 2446
f 2443 2448 2447
f 2442 2443 2447
f 2444 2150 2449
f 2449 2150 2154
f 2155 2450 2156
f 2152 2450 2155
f 2152 2445 2450
f 2445 2451 2450
f 2445 2446 2451
f 2446 2452 2451
f 2446 2447 2452
f 2447 2453 2452
f 2448 2454 2453
f 2447 2448 2453
f 2449 2154 2455
f 2455 2154 2158
f 2456 2156 2450
f 2159 2156 2456
f 2450 2451 2456
f 2451 2457 2456
f 2451 2452 2457
f 2452 2458 2457
f 2452 2453 2458
f 2453 2459 2458
f 2454 2460 2459
f 2453 2454 2459
f 2455 2158 2461
f 2461 2158 2161
f 2462 2159 2456
f 2162 2159 2462
f 2456 2457 2462
f 2457 2463 2462
f 2457 2458 2463
f 2458 2464 2463
f 2458 2459 2464
f 2459 2465 2464
f 2460 2466 2465
f 2459 2460 2465
f 2461 2161 2467
f 2467 2161 2164
f 2468 2162 2462
f 2165 2162 2468
f 2462 2463 2468
f 2463 2469 2468
f 2463 2464 2469
f 2464 2470 2469
f 2464 2465 2470
f 2465 2471 2470
f 2466 2472 2471
f 2465 2466 2471
f 2467 2164 2473
f 2473 2164 2167
f 2474 2165 2468
f 2168 2165 2474
f 2468 2469 2474
f 2469 2475 2474
f 2469 2470 2475
f 2470 2476 2475
f 2470 2471 2476
f 2471 2477 2476
f 2472 2478 2477
f 2471 2472 2477
f 2473 2167 2479
f 2479 2167 2170
f 2474 2172 2168
f 2172 2480 2173
f 2172 2474 2480
f 2474 2475 2480
f 2475 2476 2480
f 2476 2481 2480
f 2476 2477 2481
f 2477 2482 2481
f 2478 2483 2482
f 2477 2478 2482
f 2479 2170 2484
f 2484 2170 2175
f 2485 2173 2480
f 2177 2173 2485
f 2480 2481 2485
f 2481 2486 2485
f 2481 2482 2486
f 2482 2487 2486
f 2483 2488 2487
f 2482 2483 2487
f 2484 2175 2489
f 2489 2175 2179
f 2490 2177 2485
f 2181 2177 2490
f 2485 2486 2490
f 2486 2491 2490
f 2486 2487 2491
f 2487 2492 2491
f 2488 2493 2492
f 2487 2488 2492
f 2489 2179 2494
f 2494 2179 2183
f 2495 2181 2490
f 2185 2181 2495
f 2490 2491 2495
f 2491 2496 2495
f 2491 2492 2496
f 2492 2497 2496
f 2493 2498 2497
f 2492 2493 2497
f 2494 2183 2499
f 2499 2183 2187
f 2500 2185 2495
f 2189 2185 2500
f 2495 2496 2500
f 2496 2501 2500
f 2496 2497 2501
f 2497 2502 2501
f 2498 2503 2502
f 2497 2498 2502
f 2499 2187 2504
f 2504 2187 2191
f 2500 2194 2189
f 2194 2505 2195
f 2194 2500 2505
f 2500 2501 2505
f 2501 2502 2505
f 2502 2506 2505
f 2503 2507 2506
f 2502 2503 2506
f 2504 2191 2508
f 2508 2191 2197
f 2509 2195 2505
f 2200 2195 2509
f 2505 2506 2509
f 2506 2510 2509
f 2507 2511 2510
f 2506 2507 2510
f 2508 2197 2512
f 2512 2197 2202
f 2513 2200 2509
f 2205 2200 2513
f 2509 2510 2513
f 2510 2514 2513
f 2511 2515 2514
f 2510 2511 2514
f 2512 2202 2516
f 2516 2202 2207
f 2517 2205 2513
f 2210 2205 2517
f 2513 2514 2517
f 2514 2518 2517
f 2515 2519 2518
f 2514 2515 2518
f 2516 2207 2520
f 2520 2207 2212
f 2521 2210 2517
f 2215 2210 2521
f 2517 2518 2521
f 2518 2522 2521
f 2519 2523 2522
f 2518 2519 2522
f 2520 2212 2524
f 2524 2212 2217
f 2521 2221 2215
f 2221 2525 2222
f 2221 2521 2525
f 2521 2522 2525
f 2523 2526 2525
f 2522 2523 2525
f 2524 2217 2527
f 2527 2217 2224
f 2528 2222 2525
f 2228 2222 2528
f 2526 2529 2528
f 2525 2526 2528
f 2527 2224 2530
f 2530 2224 2230
f 2531 2228 2528
f 2234 2228 2531
f 2529 2532 2531
f 2528 2529 2531
f 2535 2534 2533
f 2534 2236 2533
f 2534 2530 2236
f 2530 2230 2236
f 2536 2234 2531
f 2240 2234 2536
f 2532 2537 2536
f 2531 2532 2536
f 2539 2535 2533
f 2538 2539 2533
f 2533 2242 2538
f 2236 2242 2533
f 2540 2240 2536
f 2246 2240 2540
f 2537 2541 2540
f 2536 2537 2540
f 2543 2539 2538
f 2542 2543 2538
f 2538 2248 2542
f 2242 2248 2538
f 2544 2246 2540
f 2252 2246 2544
f 2541 2545 2544
f 2540 2541 2544
f 2547 2543 2542
f 2546 2547 2542
f 2542 2254 2546
f 2248 2254 2542
f 2548 2252 2544
f 2258 2252 2548
f 2545 2549 2548
f 2544 2545 2548
f 2551 2547 2546
f 2550 2551 2546
f 2546 2260 2550
f 2254 2260 2546
f 2552 2258 2548
f 2264 2258 2552
f 2549 2553 2552
f 2548 2549 2552
f 2555 2551 2550
f 2554 2555 2550
f 2550 2266 2554
f 2260 2266 2550
f 2556 2264 2552
f 2270 2264 2556
f 2553 2557 2556
f 2552 2553 2556
f 2555 2554 2558
f 2554 2559 2558
f 2554 2266 2559
f 2266 2272 2559
f 2560 2270 2556
f 2276 2270 2560
f 2557 2561 2560
f 2556 2557 2560
f 2559 2272 2562
f 2562 2272 2278
f 2563 2276 2560
f 2282 2276 2563
f 2561 2564 2563
f 2560 2561 2563
f 2562 2278 2565
f 2565 2278 2284
f 2566 2282 2563
f 2288 2282 2566
f 2564 2567 2566
f 2563 2564 2566
f 2565 2284 2568
f 2568 2284 2290
f 2569 2288 2566
f 2294 2288 2569
f 2567 2570 2569
f 2566 2567 2569
f 2568 2290 2571
f 2571 2290 2296
f 2572 2294 2569
f 2300 2294 2572
f 2570 2573 2572
f 2569 2570 2572
f 2571 2296 2574
f 2574 2296 2302
f 2575 2300 2572
f 2306 2300 2575
f 2573 2576 2575
f 2572 2573 2575
f 2574 2302 2577
f 2577 2302 2308
f 2578 2306 2575
f 2312 2306 2578
f 2576 2579 2578
f 2575 2576 2578
f 2577 2308 2580
f 2580 2308 2314
f 2581 2312 2578
f 2318 2312 2581
f 2579 2582 2581
f 2578 2579 2581
f 2580 2314 2583
f 2583 2314 2320
f 2584 2318 2581
f 2324 2318 2584
f 2582 2585 2584
f 2581 2582 2584
f 2583 2320 2586
f 2586 2320 2326
f 2587 2324 2584
f 2330 2324 2587
f 2585 2588 2587
f 2584 2585 2587
f 2586 2326 2589
f 2589 2326 2332
f 2590 2330 2587
f 2336 2330 2590
f 2588 2591 2590
f 2587 2588 2590
f 2589 2332 2592
f 2592 2332 2338
f 2593 2336 2590
f 2342 2336 2593
f 2591 2594 2593
f 2590 2591 2593
f 2592 2338 2595
f 2595 2338 2344
f 2596 2342 2593
f 2348 2342 2596
f 2594 2597 2596
f 2593 2594 2596
f 2595 2344 2598
f 2598 2344 2350
f 2353 2599 2354
f 2348 2599 2353
f 2348 2596 2599
f 2596 2600 2599
f 2597 2601 2600
f 2596 2597 2600
f 2598 2350 2602
f 2602 2350 2356
f 2358 2603 2359
f 2354 2603 2358
f 2354 2599 2603
f 2599 2604 2603
f 2599 2600 2604
f 2600 2605 2604
f 2601 2606 2605
f 2600 2601 2605
f 2602 2356 2607
f 2607 2356 2361
f 2608 2359 2603
f 2363 2359 2608
f 2603 2604 2608
f 2604 2609 2608
f 2604 2605 2609
f 2605 2610 2609
f 2606 2611 2610
f 2605 2606 2610
f 2607 2361 2612
f 2612 2361 2365
f 2613 2363 2608
f 2367 2363 2613
f 2608 2609 2613
f 2609 2614 2613
f 2609 2610 2614
f 2610 2615 2614
f 2611 2616 2615
f 2610 2611 2615
f 2612 2365 2617
f 2617 2365 2369
f 2618 2367 2613
f 2371 2367 2618
f 2613 2614 2618
f 2614 2619 2618
f 2374 2615 2373
f 2374 2619 2615
f 2619 2614 2615
f 2373 2615 2616
f 2373 2616 2375
f 2375 2616 2620
f 2617 2369 2621
f 2621 2369 2377
f 2622 2371 2618
f 2379 2371 2622
f 2618 2619 2622
f 2619 2623 2622
f 2619 2381 2623
f 2374 2381 2619
f 2620 2624 2375
f 2624 2382 2375
f 2621 2377 2625
f 2625 2377 2384
f 2622 2387 2379
f 2387 2626 2388
f 2387 2622 2626
f 2622 2623 2626
f 2623 2390 2626
f 2381 2390 2623
f 2624 2627 2382
f 2627 2391 2382
f 2625 2384 2628
f 2628 2384 2393
f 2626 2397 2388
f 2626 2390 2397
f 2627 2629 2391
f 2629 2399 2391
f 2628 2393 2630
f 2630 2393 2401
f 2629 2631 2399
f 2631 2406 2399
f 2630 2401 2632
f 2632 2401 2408
f 2631 2633 2406
f 2633 2413 2406
f 2632 2408 2414
f 2634 2632 2414
f 2414 2635 2634
f 2416 2635 2414
f 2418 2636 2419
f 2420 2636 2418
f 2637 2636 2420
f 2637 2420 2413
f 2637 2413 2638
f 2638 2413 2633
f 2635 2416 2421
f 2639 2635 2421
f 2639 2421 2640
f 2421 2422 2640
f 2419 2636 2641
f 2419 2641 2422
f 2422 2641 2640
f 2636 2637 2642
f 2641 2636 2642
f 2637 2638 2642
f 2425 2426 2643
f 2425 2643 2427
f 2429 2645 2644
f 2428 2429 2644
f 2644 2646 2428
f 2428 2646 2430
f 2646 2647 2430
f 2430 2647 2431
f 2647 2648 2431
f 2431 2648 2432
f 2426 2649 2643
f 2426 2432 2649
f 2432 2648 2649
f 2643 2434 2427
f 2643 2651 2434
f 2643 2649 2651
f 2651 2650 2434
f 2651 2652 2650
f 2655 2654 2653
f 2654 2435 2653
f 2654 2645 2435
f 2645 2429 2435
f 2656 2434 2650
f 2438 2434 2656
f 2652 2657 2656
f 2650 2652 2656
f 2659 2655 2653
f 2658 2659 2653
f 2653 2439 2658
f 2435 2439 2653
f 2660 2438 2656
f 2443 2438 2660
f 2657 2661 2660
f 2656 2657 2660
f 2663 2659 2658
f 2662 2663 2658
f 2658 2444 2662
f 2439 2444 2658
f 2664 2443 2660
f 2664 2665 2443
f 2665 2448 2443
f 2660 2661 2664
f 2667 2663 2662
f 2666 2667 2662
f 2662 2449 2666
f 2444 2449 2662
f 2665 2668 2448
f 2668 2454 2448
f 2670 2667 2666
f 2669 2670 2666
f 2666 2455 2669
f 2449 2455 2666
f 2668 2671 2454
f 2671 2460 2454
f 2673 2670 2669
f 2672 2673 2669
f 2669 2461 2672
f 2455 2461 2669
f 2671 2674 2460
f 2674 2466 2460
f 2676 2673 2672
f 2675 2676 2672
f 2672 2467 2675
f 2461 2467 2672
f 2674 2677 2466
f 2677 2472 2466
f 2679 2676 2675
f 2678 2679 2675
f 2675 2473 2678
f 2467 2473 2675
f 2677 2680 2472
f 2680 2478 2472
f 2682 2679 2678
f 2681 2682 2678
f 2678 2479 2681
f 2473 2479 2678
f 2680 2683 2478
f 2683 2483 2478
f 2685 2682 2681
f 2684 2685 2681
f 2681 2484 2684
f 2479 2484 2681
f 2683 2686 2483
f 2686 2488 2483
f 2685 2684 2687
f 2684 2688 2687
f 2684 2484 2688
f 2484 2489 2688
f 2686 2689 2488
f 2689 2493 2488
f 2688 2489 2690
f 2690 2489 2494
f 2689 2691 2493
f 2691 2498 2493
f 2690 2494 2692
f 2692 2494 2499
f 2691 2693 2498
f 2693 2503 2498
f 2692 2499 2694
f 2694 2499 2504
f 2693 2695 2503
f 2695 2507 2503
f 2694 2504 2696
f 2696 2504 2508
f 2697 2695 2698
f 2697 2511 2695
f 2511 2507 2695
f 2698 2699 2697
f 2696 2508 2700
f 2700 2508 2512
f 2701 2511 2697
f 2515 2511 2701
f 2699 2702 2701
f 2697 2699 2701
f 2700 2512 2703
f 2703 2512 2516
f 2704 2515 2701
f 2519 2515 2704
f 2702 2705 2704
f 2701 2702 2704
f 2703 2516 2706
f 2706 2516 2520
f 2707 2519 2704
f 2523 2519 2707
f 2705 2708 2707
f 2704 2705 2707
f 2706 2520 2709
f 2709 2520 2524
f 2710 2523 2707
f 2526 2523 2710
f 2708 2711 2710
f 2707 2708 2710
f 2709 2524 2712
f 2712 2524 2527
f 2713 2526 2710
f 2529 2526 2713
f 2711 2714 2713
f 2710 2711 2713
f 2712 2527 2715
f 2715 2527 2530
f 2716 2529 2713
f 2532 2529 2716
f 2714 2717 2716
f 2713 2714 2716
f 2534 2535 2718
f 2718 2530 2534
f 2718 2719 2530
f 2719 2715 2530
f 2720 2532 2716
f 2537 2532 2720
f 2717 2721 2720
f 2716 2717 2720
f 2722 2718 2535
f 2539 2722 2535
f 2719 2722 2723
f 2718 2722 2719
f 2724 2537 2720
f 2541 2537 2724
f 2721 2725 2724
f 2720 2721 2724
f 2726 2722 2539
f 2726 2539 2727
f 2727 2539 2543
f 2722 2726 2723
f 2728 2541 2724
f 2545 2541 2728
f 2725 2729 2728
f 2724 2725 2728
f 2727 2543 2730
f 2730 2543 2547
f 2731 2545 2728
f 2549 2545 2731
f 2729 2732 2731
f 2728 2729 2731
f 2730 2547 2733
f 2733 2547 2551
f 2734 2549 2731
f 2553 2549 2734
f 2732 2735 2734
f 2731 2732 2734
f 2733 2551 2736
f 2736 2551 2555
f 2737 2553 2734
f 2557 2553 2737
f 2735 2738 2737
f 2734 2735 2737
f 2558 2739 2740
f 2558 2740 2555
f 2555 2740 2736
f 2558 2559 2739
f 2741 2557 2737
f 2561 2557 2741
f 2738 2742 2741
f 2737 2738 2741
f 2744 2740 2739
f 2743 2744 2739
f 2739 2562 2743
f 2559 2562 2739
f 2745 2561 2741
f 2564 2561 2745
f 2742 2746 2745
f 2741 2742 2745
f 2748 2744 2743
f 2747 2748 2743
f 2743 2565 2747
f 2562 2565 2743
f 2749 2564 2745
f 2567 2564 2749
f 2746 2750 2749
f 2745 2746 2749
f 2752 2748 2747
f 2751 2752 2747
f 2747 2568 2751
f 2565 2568 2747
f 2753 2567 2749
f 2570 2567 2753
f 2750 2754 2753
f 2749 2750 2753
f 2756 2752 2751
f 2755 2756 2751
f 2751 2571 2755
f 2568 2571 2751
f 2757 2570 2753
f 2573 2570 2757
f 2754 2758 2757
f 2753 2754 2757
f 2760 2756 2755
f 2759 2760 2755
f 2755 2574 2759
f 2571 2574 2755
f 2761 2573 2757
f 2576 2573 2761
f 2758 2762 2761
f 2757 2758 2761
f 2764 2760 2759
f 2763 2764 2759
f 2759 2577 2763
f 2574 2577 2759
f 2765 2576 2761
f 2579 2576 2765
f 2762 2766 2765
f 2761 2762 2765
f 2768 2764 2763
f 2767 2768 2763
f 2763 2580 2767
f 2577 2580 2763
f 2769 2579 2765
f 2582 2579 2769
f 2766 2770 2769
f 2765 2766 2769
f 2768 2767 2771
f 2767 2772 2771
f 2767 2580 2772
f 2580 2583 2772
f 2773 2582 2769
f 2585 2582 2773
f 2770 2774 2773
f 2769 2770 2773
f 2772 2583 2775
f 2775 2583 2586
f 2776 2585 2773
f 2588 2585 2776
f 2774 2777 2776
f 2773 2774 2776
f 2775 2586 2778
f 2778 2586 2589
f 2779 2588 2776
f 2591 2588 2779
f 2777 2780 2779
f 2776 2777 2779
f 2778 2589 2781
f 2781 2589 2592
f 2782 2591 2779
f 2594 2591 2782
f 2780 2783 2782
f 2779 2780 2782
f 2781 2592 2784
f 2784 2592 2595
f 2785 2594 2782
f 2597 2594 2785
f 2783 2786 2785
f 2782 2783 2785
f 2784 2595 2787
f 2787 2595 2598
f 2788 2597 2785
f 2601 2597 2788
f 2786 2789 2788
f 2785 2786 2788
f 2787 2598 2790
f 2790 2598 2602
f 2791 2601 2788
f 2606 2601 2791
f 2789 2792 2791
f 2788 2789 2791
f 2790 2602 2793
f 2793 2602 2607
f 2794 2606 2791
f 2611 2606 2794
f 2792 2795 2794
f 2791 2792 2794
f 2793 2607 2796
f 2796 2607 2612
f 2797 2611 2794
f 2616 2611 2797
f 2795 2798 2797
f 2794 2795 2797
f 2796 2612 2799
f 2799 2612 2617
f 2800 2616 2797
f 2620 2616 2800
f 2798 2801 2800
f 2797 2798 2800
f 2799 2617 2802
f 2802 2617 2621
f 2803 2620 2800
f 2624 2620 2803
f 2801 2804 2803
f 2800 2801 2803
f 2802 2621 2805
f 2805 2621 2625
f 2806 2624 2803
f 2627 2624 2806
f 2804 2807 2806
f 2803 2804 2806
f 2805 2625 2808
f 2808 2625 2628
f 2809 2627 2806
f 2629 2627 2809
f 2807 2810 2809
f 2806 2807 2809
f 2808 2628 2811
f 2811 2628 2630
f 2812 2629 2809
f 2631 2629 2812
f 2810 2813 2812
f 2809 2810 2812
f 2811 2630 2814
f 2814 2630 2632
f 2815 2631 2812
f 2633 2631 2815
f 2813 2816 2815
f 2812 2813 2815
f 2814 2632 2634
f 2817 2814 2634
f 2818 2634 2635
f 2818 2819 2634
f 2819 2817 2634
f 2819 2818 2820
f 2821 2633 2815
f 2821 2822 2633
f 2822 2638 2633
f 2815 2816 2821
f 2818 2635 2639
f 2820 2818 2639
f 2820 2639 2823
f 2823 2639 2640
f 2823 2640 2824
f 2640 2641 2824
f 2824 2641 2825
f 2641 2642 2825
f 2825 2642 2638
f 2822 2825 2638
f 2828 2827 2826
f 2827 2830 2829
f 2826 2827 2829
f 2830 2832 2831
f 2829 2830 2831
f 2832 2833 2831
f 2826 2644 2645
f 2826 2645 2828
f 2828 2645 2834
f 2829 2644 2826
f 2646 2644 2829
f 2831 2646 2829
f 2647 2646 2831
f 2833 2647 2831
f 2833 2835 2647
f 2835 2648 2647
f 2835 2836 2648
f 2648 2836 2649
f 2836 2837 2649
f 2649 2837 2651
f 2651 2837 2838
f 2652 2651 2838
f 2655 2840 2839
f 2654 2655 2839
f 2839 2645 2654
f 2834 2645 2839
f 2838 2841 2652
f 2841 2657 2652
f 2840 2655 2842
f 2842 2655 2659
f 2841 2843 2657
f 2843 2661 2657
f 2842 2659 2844
f 2844 2659 2663
f 2664 2845 2665
f 2845 2664 2661
f 2845 2661 2846
f 2846 2661 2843
f 2844 2663 2847
f 2847 2663 2667
f 2848 2665 2845
f 2668 2665 2848
f 2846 2849 2848
f 2845 2846 2848
f 2847 2667 2850
f 2850 2667 2670
f 2851 2668 2848
f 2671 2668 2851
f 2849 2852 2851
f 2848 2849 2851
f 2850 2670 2853
f 2853 2670 2673
f 2854 2671 2851
f 2674 2671 2854
f 2852 2855 2854
f 2851 2852 2854
f 2853 2673 2856
f 2856 2673 2676
f 2857 2674 2854
f 2677 2674 2857
f 2855 2858 2857
f 2854 2855 2857
f 2856 2676 2859
f 2859 2676 2679
f 2860 2677 2857
f 2680 2677 2860
f 2858 2861 2860
f 2857 2858 2860
f 2859 2679 2862
f 2862 2679 2682
f 2863 2680 2860
f 2683 2680 2863
f 2861 2864 2863
f 2860 2861 2863
f 2862 2682 2865
f 2865 2682 2685
f 2866 2683 2863
f 2686 2683 2866
f 2864 2867 2866
f 2863 2864 2866
f 2687 2868 2869
f 2687 2869 2685
f 2685 2869 2865
f 2687 2688 2868
f 2870 2686 2866
f 2689 2686 2870
f 2867 2871 2870
f 2866 2867 2870
f 2873 2869 2868
f 2872 2873 2868
f 2868 2690 2872
f 2688 2690 2868
f 2874 2689 2870
f 2691 2689 2874
f 2871 2875 2874
f 2870 2871 2874
f 2877 2873 2872
f 2876 2877 2872
f 2872 2692 2876
f 2690 2692 2872
f 2878 2691 2874
f 2693 2691 2878
f 2875 2879 2878
f 2874 2875 2878
f 2877 2876 2880
f 2876 2881 2880
f 2876 2692 2881
f 2692 2694 2881
f 2882 2693 2878
f 2695 2693 2882
f 2879 2883 2882
f 2878 2879 2882
f 2881 2694 2884
f 2884 2694 2696
f 2882 2698 2695
f 2698 2882 2883
f 2698 2883 2699
f 2699 2883 2885
f 2884 2696 2886
f 2886 2696 2700
f 2885 2887 2699
f 2887 2702 2699
f 2886 2700 2888
f 2888 2700 2703
f 2887 2889 2702
f 2889 2705 2702
f 2888 2703 2890
f 2890 2703 2706
f 2889 2891 2705
f 2891 2708 2705
f 2890 2706 2892
f 2892 2706 2709
f 2891 2893 2708
f 2893 2711 2708
f 2892 2709 2894
f 2894 2709 2712
f 2893 2895 2711
f 2895 2714 2711
f 2894 2712 2896
f 2896 2712 2715
f 2895 2897 2714
f 2897 2717 2714
f 2896 2715 2898
f 2898 2715 2719
f 2897 2899 2717
f 2899 2721 2717
f 2898 2719 2900
f 2900 2719 2723
f 2899 2901 2721
f 2901 2725 2721
f 2726 2727 2902
f 2902 2723 2726
f 2902 2903 2723
f 2903 2900 2723
f 2901 2904 2725
f 2904 2729 2725
f 2905 2902 2727
f 2730 2905 2727
f 2903 2905 2906
f 2902 2905 2903
f 2904 2907 2729
f 2907 2732 2729
f 2908 2905 2730
f 2908 2730 2909
f 2909 2730 2733
f 2905 2908 2906
f 2907 2910 2732
f 2910 2735 2732
f 2909 2733 2911
f 2911 2733 2736
f 2910 2912 2735
f 2912 2738 2735
f 2911 2736 2913
f 2913 2736 2740
f 2912 2914 2738
f 2914 2742 2738
f 2913 2740 2915
f 2915 2740 2744
f 2914 2916 2742
f 2916 2746 2742
f 2915 2744 2917
f 2917 2744 2748
f 2916 2918 2746
f 2918 2750 2746
f 2917 2748 2919
f 2919 2748 2752
f 2918 2920 2750
f 2920 2754 2750
f 2919 2752 2921
f 2921 2752 2756
f 2920 2922 2754
f 2922 2758 2754
f 2921 2756 2923
f 2923 2756 2760
f 2922 2924 2758
f 2924 2762 2758
f 2923 2760 2925
f 2925 2760 2764
f 2924 2926 2762
f 2926 2766 2762
f 2925 2764 2927
f 2927 2764 2768
f 2926 2928 2766
f 2928 2770 2766
f 2771 2929 2930
f 2771 2930 2768
f 2768 2930 2927
f 2771 2772 2929
f 2931 2928 2932
f 2931 2774 2928
f 2774 2770 2928
f 2932 2933 2931
f 2935 2930 2929
f 2934 2935 2929
f 2929 2775 2934
f 2772 2775 2929
f 2936 2774 2931
f 2777 2774 2936
f 2933 2937 2936
f 2931 2933 2936
f 2939 2935 2934
f 2938 2939 2934
f 2934 2778 2938
f 2775 2778 2934
f 2940 2777 2936
f 2780 2777 2940
f 2937 2941 2940
f 2936 2937 2940
f 2943 2939 2938
f 2942 2943 2938
f 2938 2781 2942
f 2778 2781 2938
f 2944 2780 2940
f 2783 2780 2944
f 2941 2945 2944
f 2940 2941 2944
f 2947 2943 2942
f 2946 2947 2942
f 2942 2784 2946
f 2781 2784 2942
f 2948 2783 2944
f 2786 2783 2948
f 2945 2949 2948
f 2944 2945 2948
f 2951 2947 2946
f 2950 2951 2946
f 2946 2787 2950
f 2784 2787 2946
f 2952 2786 2948
f 2789 2786 2952
f 2949 2953 2952
f 2948 2949 2952
f 2955 2951 2950
f 2954 2955 2950
f 2950 2790 2954
f 2787 2790 2950
f 2956 2789 2952
f 2792 2789 2956
f 2953 2957 2956
f 2952 2953 2956
f 2959 2955 2954
f 2958 2959 2954
f 2954 2793 2958
f 2790 2793 2954
f 2960 2792 2956
f 2795 2792 2960
f 2957 2961 2960
f 2956 2957 2960
f 2963 2959 2958
f 2962 2963 2958
f 2958 2796 2962
f 2793 2796 2958
f 2964 2795 2960
f 2798 2795 2964
f 2961 2965 2964
f 2960 2961 2964
f 2967 2963 2962
f 2966 2967 2962
f 2962 2799 2966
f 2796 2799 2962
f 2968 2798 2964
f 2801 2798 2968
f 2965 2969 2968
f 2964 2965 2968
f 2971 2967 2966
f 2970 2971 2966
f 2966 2802 2970
f 2799 2802 2966
f 2972 2801 2968
f 2804 2801 2972
f 2969 2973 2972
f 2968 2969 2972
f 2975 2971 2970
f 2974 2975 2970
f 2970 2805 2974
f 2802 2805 2970
f 2976 2804 2972
f 2807 2804 2976
f 2973 2977 2976
f 2972 2973 2976
f 2979 2975 2974
f 2978 2979 2974
f 2974 2808 2978
f 2805 2808 2974
f 2980 2807 2976
f 2810 2807 2980
f 2977 2981 2980
f 2976 2977 2980
f 2983 2979 2978
f 2982 2983 2978
f 2978 2811 2982
f 2808 2811 2978
f 2984 2810 2980
f 2813 2810 2984
f 2981 2985 2984
f 2980 2981 2984
f 2987 2983 2982
f 2986 2987 2982
f 2982 2814 2986
f 2811 2814 2982
f 2988 2813 2984
f 2816 2813 2988
f 2985 2989 2988
f 2984 2985 2988
f 2987 2986 2990
f 2986 2814 2817
f 2986 2817 2990
f 2990 2817 2991
f 2991 2817 2992
f 2817 2819 2992
f 2819 2993 2992
f 2820 2993 2819
f 2821 2994 2822
f 2994 2995 2996
f 2821 2995 2994
f 2821 2988 2995
f 2821 2816 2988
f 2988 2989 2995
f 2993 2820 2823
f 2997 2993 2823
f 2997 2823 2998
f 2823 2824 2998
f 2998 2824 2999
f 2824 2825 2999
f 2822 2994 3000
f 2822 3000 2825
f 2825 3000 2999
f 2994 2996 3000
f 2828 3002 3001
f 2827 2828 3001
f 3001 3003 2827
f 2827 3003 2830
f 3003 3004 2830
f 2830 3004 2832
f 3005 2833 2832
f 3005 2832 3006
f 3006 2832 3004
f 3006 3008 3007
f 3005 3006 3007
f 3008 3009 3007
f 3002 2828 3010
f 3010 2828 2834
f 3005 2835 2833
f 3007 2835 3005
f 2836 2835 3007
f 3009 2836 3007
f 3009 3011 2836
f 3011 2837 2836
f 2837 3011 3012
f 2838 2837 3012
f 2840 3014 3013
f 2839 2840 3013
f 3013 2834 2839
f 3010 2834 3013
f 3012 3015 2838
f 3015 2841 2838
f 3014 2840 3016
f 3016 2840 2842
f 3015 3017 2841
f 3017 2843 2841
f 3016 2842 3018
f 3018 2842 2844
f 3017 3019 2843
f 3019 2846 2843
f 3018 2844 3020
f 3020 2844 2847
f 3019 3021 2846
f 3021 2849 2846
f 3020 2847 3022
f 3022 2847 2850
f 3021 3023 2849
f 3023 2852 2849
f 3022 2850 3024
f 3024 2850 2853
f 3023 3025 2852
f 3025 2855 2852
f 3024 2853 3026
f 3026 2853 2856
f 3025 3027 2855
f 3027 2858 2855
f 3026 2856 3028
f 3028 2856 2859
f 3027 3029 2858
f 3029 2861 2858
f 3028 2859 3030
f 3030 2859 2862
f 3029 3031 2861
f 3031 2864 2861
f 3030 2862 3032
f 3032 2862 2865
f 3031 3033 2864
f 3033 2867 2864
f 3032 2865 3034
f 3034 2865 2869
f 3033 3035 2867
f 3035 2871 2867
f 3034 2869 3036
f 3036 2869 2873
f 3035 3037 2871
f 3037 2875 2871
f 3036 2873 3038
f 3038 2873 2877
f 3037 3039 2875
f 3039 2879 2875
f 2880 3040 3041
f 2880 3041 2877
f 2877 3041 3038
f 2880 2881 3040
f 3039 3042 2879
f 3042 2883 2879
f 3044 3041 3040
f 3043 3044 3040
f 3040 2884 3043
f 2881 2884 3040
f 3042 3045 2883
f 3045 2885 2883
f 3047 3044 3043
f 3046 3047 3043
f 3043 2886 3046
f 2884 2886 3043
f 3045 3048 2885
f 3048 2887 2885
f 3047 3046 3049
f 3046 3050 3049
f 3046 2886 3050
f 2886 2888 3050
f 3048 3051 2887
f 3051 2889 2887
f 3050 2888 3052
f 3052 2888 2890
f 3051 3053 2889
f 3053 2891 2889
f 3052 2890 3054
f 3054 2890 2892
f 3053 3055 2891
f 3055 2893 2891
f 3054 2892 3056
f 3056 2892 2894
f 3055 3057 2893
f 3057 2895 2893
f 3056 2894 3058
f 3058 2894 2896
f 3057 3059 2895
f 3059 2897 2895
f 3058 2896 3060
f 3060 2896 2898
f 3059 3061 2897
f 3061 2899 2897
f 3060 2898 3062
f 3062 2898 2900
f 3061 3063 2899
f 3063 2901 2899
f 3062 2900 3064
f 3064 2900 2903
f 3063 3065 2901
f 3065 2904 2901
f 3064 2903 3066
f 3066 2903 2906
f 3065 3067 2904
f 3067 2907 2904
f 2908 2909 3068
f 3068 2906 2908
f 3068 3069 2906
f 3069 3066 2906
f 3067 3070 2907
f 3070 2910 2907
f 3071 3068 2909
f 2911 3071 2909
f 3069 3071 3072
f 3068 3071 3069
f 3070 3073 2910
f 3073 2912 2910
f 3074 3071 2911
f 2913 3074 2911
f 3072 3074 3075
f 3071 3074 3072
f 3073 3076 2912
f 3076 2914 2912
f 3077 3074 2913
f 3077 2913 3078
f 3078 2913 2915
f 3074 3077 3075
f 3076 3079 2914
f 3079 2916 2914
f 3078 2915 3080
f 3080 2915 2917
f 3079 3081 2916
f 3081 2918 2916
f 3080 2917 3082
f 3082 2917 2919
f 3081 3083 2918
f 3083 2920 2918
f 3084 3085 3082
f 3084 3082 2921
f 2921 3082 2919
f 3085 3084 3086
f 3083 3087 2920
f 3087 2922 2920
f 3088 3084 2921
f 2923 3088 2921
f 3086 3088 3089
f 3084 3088 3086
f 3087 3090 2922
f 3090 2924 2922
f 3091 3088 2923
f 2925 3091 2923
f 3089 3091 3092
f 3088 3091 3089
f 3090 3093 2924
f 3093 2926 2924
f 3094 3091 2925
f 2927 3094 2925
f 3092 3094 3095
f 3091 3094 3092
f 3093 3096 2926
f 3096 2928 2926
f 3097 3094 2927
f 2930 3097 2927
f 3095 3097 3098
f 3094 3097 3095
f 2932 3100 3099
f 2932 2928 3100
f 2928 3096 3100
f 2932 3099 2933
f 3101 3097 2930
f 2935 3101 2930
f 3098 3101 3102
f 3097 3101 3098
f 3104 3099 3100
f 3103 3099 3104
f 3099 3103 2937
f 2933 3099 2937
f 3105 3101 2935
f 2939 3105 2935
f 3102 3105 3106
f 3101 3105 3102
f 3108 3103 3104
f 3107 3103 3108
f 3103 3107 2941
f 2937 3103 2941
f 3109 3105 2939
f 2943 3109 2939
f 3106 3109 3110
f 3105 3109 3106
f 3112 3107 3108
f 3111 3107 3112
f 3107 3111 2945
f 2941 3107 2945
f 3113 3109 2943
f 3113 2943 3114
f 3114 2943 2947
f 3109 3113 3110
f 3116 3111 3112
f 3115 3111 3116
f 3111 3115 2949
f 2945 3111 2949
f 3114 2947 3117
f 3117 2947 2951
f 3119 3115 3116
f 3118 3115 3119
f 3115 3118 2953
f 2949 3115 2953
f 3117 2951 3120
f 3120 2951 2955
f 3119 3121 3118
f 3118 3121 3122
f 3118 3122 2953
f 2953 3122 2957
f 3120 2955 3123
f 3123 2955 2959
f 3122 3124 2957
f 3124 2961 2957
f 3123 2959 3125
f 3125 2959 2963
f 3124 3126 2961
f 3126 2965 2961
f 3125 2963 3127
f 3127 2963 2967
f 3126 3128 2965
f 3128 2969 2965
f 3127 2967 3129
f 3129 2967 2971
f 3128 3130 2969
f 3130 2973 2969
f 3129 2971 3131
f 3131 2971 2975
f 3130 3132 2973
f 3132 2977 2973
f 3131 2975 3133
f 3133 2975 2979
f 3132 3134 2977
f 3134 2981 2977
f 3133 2979 3135
f 3135 2979 2983
f 3134 3136 2981
f 3136 2985 2981
f 3135 2983 3137
f 3137 2983 2987
f 3136 3138 2985
f 3138 2989 2985
f 3137 2987 2990
f 3139 3137 2990
f 3139 2990 3140
f 2990 2991 3140
f 3140 2991 3141
f 2991 2992 3141
f 3142 2992 2993
f 3142 3143 2992
f 3143 3141 2992
f 3143 3142 3144
f 2996 3145 3146
f 2995 3145 2996
f 3145 2995 2989
f 3138 3145 2989
f 3142 2993 2997
f 3144 3142 2997
f 3144 2997 3147
f 3147 2997 2998
f 3147 2998 3148
f 2998 2999 3148
f 3148 2999 3149
f 2999 3000 3149
f 3149 3000 2996
f 3146 3149 2996
f 3002 3151 3150
f 3001 3002 3150
f 3150 3152 3001
f 3001 3152 3003
f 3152 3153 3003
f 3003 3153 3004
f 3153 3154 3004
f 3004 3154 3006
f 3154 3155 3006
f 3006 3155 3008
f 3008 3155 3156
f 3009 3008 3156
f 3151 3002 3157
f 3157 3002 3010
f 3011 3159 3158
f 3011 3009 3159
f 3009 3156 3159
f 3011 3158 3012
f 3014 3161 3160
f 3013 3014 3160
f 3160 3010 3013
f 3157 3010 3160
f 3163 3158 3159
f 3162 3158 3163
f 3158 3162 3015
f 3012 3158 3015
f 3161 3014 3164
f 3164 3014 3016
f 3166 3162 3163
f 3165 3162 3166
f 3162 3165 3017
f 3015 3162 3017
f 3167 3168 3164
f 3167 3164 3018
f 3018 3164 3016
f 3168 3167 3169
f 3171 3165 3166
f 3170 3165 3171
f 3165 3170 3019
f 3017 3165 3019
f 3172 3167 3018
f 3020 3172 3018
f 3169 3172 3173
f 3167 3172 3169
f 3175 3170 3171
f 3174 3170 3175
f 3170 3174 3021
f 3019 3170 3021
f 3176 3172 3020
f 3022 3176 3020
f 3173 3176 3177
f 3172 3176 3173
f 3179 3174 3175
f 3178 3174 3179
f 3174 3178 3023
f 3021 3174 3023
f 3180 3176 3022
f 3180 3022 3181
f 3181 3022 3024
f 3176 3180 3177
f 3183 3178 3179
f 3182 3178 3183
f 3178 3182 3025
f 3023 3178 3025
f 3181 3024 3184
f 3184 3024 3026
f 3186 3182 3183
f 3185 3182 3186
f 3182 3185 3027
f 3025 3182 3027
f 3184 3026 3187
f 3187 3026 3028
f 3186 3188 3185
f 3185 3188 3189
f 3185 3189 3027
f 3027 3189 3029
f 3187 3028 3190
f 3190 3028 3030
f 3189 3191 3029
f 3191 3031 3029
f 3190 3030 3192
f 3192 3030 3032
f 3191 3193 3031
f 3193 3033 3031
f 3192 3032 3194
f 3194 3032 3034
f 3193 3195 3033
f 3195 3035 3033
f 3194 3034 3196
f 3196 3034 3036
f 3195 3197 3035
f 3197 3037 3035
f 3196 3036 3198
f 3198 3036 3038
f 3197 3199 3037
f 3199 3039 3037
f 3198 3038 3200
f 3200 3038 3041
f 3199 3201 3039
f 3201 3042 3039
f 3200 3041 3202
f 3202 3041 3044
f 3201 3203 3042
f 3203 3045 3042
f 3202 3044 3204
f 3204 3044 3047
f 3203 3205 3045
f 3205 3048 3045
f 3204 3047 3049
f 3206 3204 3049
f 3049 3207 3206
f 3050 3207 3049
f 3205 3208 3048
f 3208 3051 3048
f 3207 3050 3209
f 3209 3050 3052
f 3208 3210 3051
f 3210 3053 3051
f 3209 3052 3211
f 3211 3052 3054
f 3210 3212 3053
f 3212 3055 3053
f 3211 3054 3213
f 3213 3054 3056
f 3212 3214 3055
f 3214 3057 3055
f 3213 3056 3215
f 3215 3056 3058
f 3214 3216 3057
f 3216 3059 3057
f 3215 3058 3217
f 3217 3058 3060
f 3216 3218 3059
f 3218 3061 3059
f 3217 3060 3219
f 3219 3060 3062
f 3218 3220 3061
f 3220 3063 3061
f 3219 3062 3221
f 3221 3062 3064
f 3220 3222 3063
f 3222 3065 3063
f 3221 3064 3223
f 3223 3064 3066
f 3222 3224 3065
f 3224 3067 3065
f 3223 3066 3225
f 3225 3066 3069
f 3224 3226 3067
f 3226 3070 3067
f 3225 3069 3227
f 3227 3069 3072
f 3226 3228 3070
f 3228 3073 3070
f 3231 3230 3229
f 3230 3075 3229
f 3230 3227 3075
f 3227 3072 3075
f 3228 3232 3073
f 3232 3076 3073
f 3229 3077 3078
f 3229 3078 3231
f 3231 3078 3233
f 3229 3075 3077
f 3232 3234 3076
f 3234 3079 3076
f 3233 3078 3235
f 3235 3078 3080
f 3234 3236 3079
f 3236 3081 3079
f 3235 3080 3237
f 3237 3080 3082
f 3236 3238 3081
f 3238 3083 3081
f 3237 3082 3085
f 3239 3237 3085
f 3085 3240 3239
f 3086 3240 3085
f 3238 3241 3083
f 3241 3087 3083
f 3240 3086 3242
f 3242 3086 3089
f 3241 3243 3087
f 3243 3090 3087
f 3242 3089 3244
f 3244 3089 3092
f 3243 3245 3090
f 3245 3093 3090
f 3244 3092 3246
f 3246 3092 3095
f 3245 3247 3093
f 3247 3096 3093
f 3246 3095 3248
f 3248 3095 3098
f 3247 3249 3096
f 3249 3100 3096
f 3248 3098 3250
f 3250 3098 3102
f 3249 3251 3100
f 3251 3104 3100
f 3250 3102 3252
f 3252 3102 3106
f 3251 3253 3104
f 3253 3108 3104
f 3252 3106 3254
f 3254 3106 3110
f 3253 3255 3108
f 3255 3112 3108
f 3113 3114 3256
f 3256 3110 3113
f 3256 3257 3110
f 3257 3254 3110
f 3255 3258 3112
f 3258 3116 3112
f 3259 3256 3114
f 3117 3259 3114
f 3257 3259 3260
f 3256 3259 3257
f 3258 3261 3116
f 3261 3119 3116
f 3262 3259 3117
f 3262 3117 3263
f 3263 3117 3120
f 3259 3262 3260
f 3121 3265 3264
f 3121 3119 3265
f 3119 3261 3265
f 3121 3264 3122
f 3263 3120 3266
f 3266 3120 3123
f 3268 3264 3265
f 3267 3264 3268
f 3264 3267 3124
f 3122 3264 3124
f 3266 3123 3269
f 3269 3123 3125
f 3268 3270 3267
f 3267 3270 3271
f 3267 3271 3124
f 3124 3271 3126
f 3269 3125 3272
f 3272 3125 3127
f 3271 3273 3126
f 3273 3128 3126
f 3272 3127 3274
f 3274 3127 3129
f 3273 3275 3128
f 3275 3130 3128
f 3274 3129 3276
f 3276 3129 3131
f 3275 3277 3130
f 3277 3132 3130
f 3276 3131 3278
f 3278 3131 3133
f 3277 3279 3132
f 3279 3134 3132
f 3280 3281 3278
f 3280 3278 3135
f 3135 3278 3133
f 3281 3280 3282
f 3279 3283 3134
f 3283 3136 3134
f 3284 3280 3135
f 3284 3135 3285
f 3285 3135 3137
f 3280 3284 3282
f 3283 3286 3136
f 3286 3138 3136
f 3285 3137 3139
f 3287 3285 3139
f 3289 3140 3288
f 3289 3287 3140
f 3287 3139 3140
f 3141 3288 3140
f 3290 3288 3141
f 3143 3290 3141
f 3291 3290 3143
f 3143 3144 3291
f 3146 3292 3293
f 3145 3292 3146
f 3292 3145 3138
f 3286 3292 3138
f 3289 3288 3294
f 3288 3290 3295
f 3294 3288 3295
f 3290 3291 3296
f 3295 3290 3296
f 3291 3144 3147
f 3291 3147 3296
f 3296 3147 3297
f 3297 3147 3298
f 3147 3148 3298
f 3298 3148 3299
f 3148 3149 3299
f 3299 3149 3146
f 3293 3299 3146
f 3150 3151 3300
f 3300 3302 3301
f 3300 3301 3150
f 3150 3301 3152
f 3301 3303 3152
f 3152 3303 3153
f 3303 3304 3153
f 3153 3304 3154
f 3304 3305 3154
f 3154 3305 3155
f 3155 3305 3306
f 3156 3155 3306
f 3307 3300 3151
f 3307 3151 3308
f 3308 3151 3157
f 3300 3307 3302
f 3306 3309 3156
f 3309 3159 3156
f 3161 3311 3310
f 3160 3161 3310
f 3310 3157 3160
f 3308 3157 3310
f 3309 3312 3159
f 3312 3163 3159
f 3311 3161 3313
f 3313 3161 3164
f 3312 3314 3163
f 3314 3166 3163
f 3313 3164 3168
f 3315 3313 3168
f 3168 3316 3315
f 3169 3316 3168
f 3314 3317 3166
f 3317 3171 3166
f 3316 3169 3318
f 3318 3169 3173
f 3317 3319 3171
f 3319 3175 3171
f 3318 3173 3320
f 3320 3173 3177
f 3319 3321 3175
f 3321 3179 3175
f 3180 3181 3322
f 3322 3177 3180
f 3322 3323 3177
f 3323 3320 3177
f 3321 3324 3179
f 3324 3183 3179
f 3325 3322 3181
f 3184 3325 3181
f 3323 3325 3326
f 3322 3325 3323
f 3324 3327 3183
f 3327 3186 3183
f 3328 3325 3184
f 3187 3328 3184
f 3326 3328 3329
f 3325 3328 3326
f 3188 3331 3330
f 3188 3186 3331
f 3186 3327 3331
f 3188 3330 3189
f 3332 3328 3187
f 3190 3332 3187
f 3329 3332 3333
f 3328 3332 3329
f 3335 3330 3331
f 3334 3330 3335
f 3330 3334 3191
f 3189 3330 3191
f 3336 3332 3190
f 3336 3190 3337
f 3337 3190 3192
f 3332 3336 3333
f 3339 3334 3335
f 3338 3334 3339
f 3334 3338 3193
f 3191 3334 3193
f 3337 3192 3340
f 3340 3192 3194
f 3342 3338 3339
f 3341 3338 3342
f 3338 3341 3195
f 3193 3338 3195
f 3340 3194 3343
f 3343 3194 3196
f 3345 3341 3342
f 3344 3341 3345
f 3341 3344 3197
f 3195 3341 3197
f 3343 3196 3346
f 3346 3196 3198
f 3348 3344 3345
f 3347 3344 3348
f 3344 3347 3199
f 3197 3344 3199
f 3346 3198 3349
f 3349 3198 3200
f 3351 3347 3348
f 3350 3347 3351
f 3347 3350 3201
f 3199 3347 3201
f 3349 3200 3352
f 3352 3200 3202
f 3354 3350 3351
f 3353 3350 3354
f 3350 3353 3203
f 3201 3350 3203
f 3352 3202 3355
f 3355 3202 3204
f 3354 3356 3353
f 3353 3356 3357
f 3353 3357 3203
f 3203 3357 3205
f 3206 3358 3359
f 3206 3359 3204
f 3204 3359 3355
f 3206 3207 3358
f 3357 3360 3205
f 3360 3208 3205
f 3362 3359 3358
f 3361 3362 3358
f 3358 3209 3361
f 3207 3209 3358
f 3360 3363 3208
f 3363 3210 3208
f 3365 3362 3361
f 3364 3365 3361
f 3361 3211 3364
f 3209 3211 3361
f 3363 3366 3210
f 3366 3212 3210
f 3368 3365 3364
f 3367 3368 3364
f 3364 3213 3367
f 3211 3213 3364
f 3366 3369 3212
f 3369 3214 3212
f 3371 3368 3367
f 3370 3371 3367
f 3367 3215 3370
f 3213 3215 3367
f 3369 3372 3214
f 3372 3216 3214
f 3374 3371 3370
f 3373 3374 3370
f 3370 3217 3373
f 3215 3217 3370
f 3372 3375 3216
f 3375 3218 3216
f 3374 3373 3376
f 3373 3377 3376
f 3373 3217 3377
f 3217 3219 3377
f 3375 3378 3218
f 3378 3220 3218
f 3377 3219 3379
f 3379 3219 3221
f 3378 3380 3220
f 3380 3222 3220
f 3379 3221 3381
f 3381 3221 3223
f 3380 3382 3222
f 3382 3224 3222
f 3381 3223 3383
f 3383 3223 3225
f 3382 3384 3224
f 3384 3226 3224
f 3383 3225 3385
f 3385 3225 3227
f 3384 3386 3226
f 3386 3228 3226
f 3230 3231 3387
f 3387 3227 3230
f 3387 3388 3227
f 3388 3385 3227
f 3386 3389 3228
f 3389 3232 3228
f 3390 3387 3231
f 3233 3390 3231
f 3388 3390 3391
f 3387 3390 3388
f 3389 3392 3232
f 3392 3234 3232
f 3393 3390 3233
f 3393 3233 3394
f 3394 3233 3235
f 3390 3393 3391
f 3392 3395 3234
f 3395 3236 3234
f 3396 3397 3394
f 3396 3394 3237
f 3237 3394 3235
f 3397 3396 3398
f 3395 3399 3236
f 3399 3238 3236
f 3396 3237 3239
f 3239 3398 3396
f 3239 3240 3398
f 3240 3400 3398
f 3399 3401 3238
f 3401 3241 3238
f 3400 3240 3402
f 3402 3240 3242
f 3401 3403 3241
f 3403 3243 3241
f 3402 3242 3404
f 3404 3242 3244
f 3403 3405 3243
f 3405 3245 3243
f 3404 3244 3406
f 3406 3244 3246
f 3405 3407 3245
f 3407 3247 3245
f 3406 3246 3408
f 3408 3246 3248
f 3407 3409 3247
f 3409 3249 3247
f 3408 3248 3410
f 3410 3248 3250
f 3409 3411 3249
f 3411 3251 3249
f 3410 3250 3412
f 3412 3250 3252
f 3411 3413 3251
f 3413 3253 3251
f 3412 3252 3414
f 3414 3252 3254
f 3413 3415 3253
f 3415 3255 3253
f 3414 3254 3416
f 3416 3254 3257
f 3415 3417 3255
f 3417 3258 3255
f 3420 3419 3418
f 3419 3260 3418
f 3419 3416 3260
f 3416 3257 3260
f 3417 3421 3258
f 3421 3261 3258
f 3418 3262 3263
f 3418 3263 3420
f 3420 3263 3422
f 3418 3260 3262
f 3421 3423 3261
f 3423 3265 3261
f 3422 3263 3424
f 3424 3263 3266
f 3423 3425 3265
f 3425 3268 3265
f 3424 3266 3426
f 3426 3266 3269
f 3270 3428 3427
f 3270 3268 3428
f 3268 3425 3428
f 3270 3427 3271
f 3426 3269 3429
f 3429 3269 3272
f 3431 3427 3428
f 3430 3427 3431
f 3427 3430 3273
f 3271 3427 3273
f 3429 3272 3432
f 3432 3272 3274
f 3434 3430 3431
f 3433 3430 3434
f 3430 3433 3275
f 3273 3430 3275
f 3435 3436 3432
f 3435 3432 3276
f 3276 3432 3274
f 3436 3435 3437
f 3439 3433 3434
f 3438 3433 3439
f 3433 3438 3277
f 3275 3433 3277
f 3440 3435 3276
f 3278 3440 3276
f 3437 3440 3441
f 3435 3440 3437
f 3443 3438 3439
f 3442 3438 3443
f 3438 3442 3279
f 3277 3438 3279
f 3440 3278 3281
f 3281 3441 3440
f 3281 3282 3441
f 3282 3444 3441
f 3443 3445 3442
f 3442 3445 3446
f 3442 3446 3279
f 3279 3446 3283
f 3285 3448 3447
f 3284 3285 3447
f 3447 3282 3284
f 3444 3282 3447
f 3446 3449 3283
f 3449 3286 3283
f 3448 3285 3287
f 3450 3448 3287
f 3287 3451 3450
f 3289 3451 3287
f 3293 3452 3453
f 3292 3452 3293
f 3452 3292 3286
f 3449 3452 3286
f 3451 3289 3294
f 3454 3451 3294
f 3454 3294 3455
f 3294 3295 3455
f 3455 3295 3456
f 3295 3296 3456
f 3456 3296 3457
f 3296 3297 3457
f 3457 3297 3458
f 3297 3298 3458
f 3458 3298 3459
f 3298 3299 3459
f 3459 3299 3293
f 3453 3459 3293
f 3302 3461 3460
f 3301 3302 3460
f 3460 3462 3301
f 3301 3462 3303
f 3462 3463 3303
f 3303 3463 3304
f 3463 3464 3304
f 3304 3464 3305
f 3305 3464 3465
f 3306 3305 3465
f 3308 3467 3466
f 3307 3308 3466
f 3466 3302 3307
f 3461 3302 3466
f 3465 3468 3306
f 3468 3309 3306
f 3311 3470 3469
f 3310 3311 3469
f 3469 3308 3310
f 3467 3308 3469
f 3468 3471 3309
f 3471 3312 3309
f 3470 3311 3472
f 3472 3311 3313
f 3471 3473 3312
f 3473 3314 3312
f 3315 3474 3475
f 3315 3475 3313
f 3313 3475 3472
f 3315 3316 3474
f 3473 3476 3314
f 3476 3317 3314
f 3475 3474 3477
f 3474 3478 3477
f 3474 3316 3478
f 3316 3318 3478
f 3476 3479 3317
f 3479 3319 3317
f 3478 3318 3480
f 3480 3318 3320
f 3479 3481 3319
f 3481 3321 3319
f 3484 3483 3482
f 3483 3323 3482
f 3483 3480 3323
f 3480 3320 3323
f 3481 3485 3321
f 3485 3324 3321
f 3487 3484 3482
f 3486 3487 3482
f 3482 3326 3486
f 3323 3326 3482
f 3485 3488 3324
f 3488 3327 3324
f 3490 3487 3486
f 3489 3490 3486
f 3486 3329 3489
f 3326 3329 3486
f 3488 3491 3327
f 3491 3331 3327
f 3493 3490 3489
f 3492 3493 3489
f 3489 3333 3492
f 3329 3333 3489
f 3491 3494 3331
f 3494 3335 3331
f 3492 3336 3337
f 3492 3337 3493
f 3493 3337 3495
f 3492 3333 3336
f 3494 3496 3335
f 3496 3339 3335
f 3495 3337 3497
f 3497 3337 3340
f 3496 3498 3339
f 3498 3342 3339
f 3497 3340 3499
f 3499 3340 3343
f 3498 3500 3342
f 3500 3345 3342
f 3499 3343 3501
f 3501 3343 3346
f 3500 3502 3345
f 3502 3348 3345
f 3501 3346 3503
f 3503 3346 3349
f 3502 3504 3348
f 3504 3351 3348
f 3503 3349 3505
f 3505 3349 3352
f 3504 3506 3351
f 3506 3354 3351
f 3505 3352 3507
f 3507 3352 3355
f 3356 3509 3508
f 3356 3354 3509
f 3354 3506 3509
f 3356 3508 3357
f 3507 3355 3510
f 3510 3355 3359
f 3512 3508 3509
f 3511 3508 3512
f 3508 3511 3360
f 3357 3508 3360
f 3510 3359 3513
f 3513 3359 3362
f 3512 3514 3511
f 3511 3514 3515
f 3511 3515 3360
f 3360 3515 3363
f 3513 3362 3516
f 3516 3362 3365
f 3515 3517 3363
f 3517 3366 3363
f 3516 3365 3518
f 3518 3365 3368
f 3517 3519 3366
f 3519 3369 3366
f 3518 3368 3520
f 3520 3368 3371
f 3519 3521 3369
f 3521 3372 3369
f 3520 3371 3522
f 3522 3371 3374
f 3521 3523 3372
f 3523 3375 3372
f 3376 3524 3525
f 3376 3525 3374
f 3374 3525 3522
f 3376 3377 3524
f 3523 3526 3375
f 3526 3378 3375
f 3528 3525 3524
f 3527 3528 3524
f 3524 3379 3527
f 3377 3379 3524
f 3526 3529 3378
f 3529 3380 3378
f 3531 3528 3527
f 3530 3531 3527
f 3527 3381 3530
f 3379 3381 3527
f 3529 3532 3380
f 3532 3382 3380
f 3534 3531 3530
f 3533 3534 3530
f 3530 3383 3533
f 3381 3383 3530
f 3532 3535 3382
f 3535 3384 3382
f 3537 3534 3533
f 3536 3537 3533
f 3533 3385 3536
f 3383 3385 3533
f 3535 3538 3384
f 3538 3386 3384
f 3540 3537 3536
f 3539 3540 3536
f 3536 3388 3539
f 3385 3388 3536
f 3538 3541 3386
f 3541 3389 3386
f 3543 3540 3539
f 3542 3543 3539
f 3539 3391 3542
f 3388 3391 3539
f 3541 3544 3389
f 3544 3392 3389
f 3545 3546 3543
f 3545 3543 3394
f 3542 3393 3543
f 3393 3394 3543
f 3542 3391 3393
f 3546 3545 3547
f 3544 3548 3392
f 3548 3395 3392
f 3545 3394 3397
f 3397 3547 3545
f 3397 3398 3547
f 3398 3549 3547
f 3548 3550 3395
f 3550 3399 3395
f 3549 3398 3551
f 3551 3398 3400
f 3550 3552 3399
f 3552 3401 3399
f 3551 3400 3553
f 3553 3400 3402
f 3552 3554 3401
f 3554 3403 3401
f 3553 3402 3555
f 3555 3402 3404
f 3554 3556 3403
f 3556 3405 3403
f 3555 3404 3557
f 3557 3404 3406
f 3556 3558 3405
f 3558 3407 3405
f 3557 3406 3559
f 3559 3406 3408
f 3558 3560 3407
f 3560 3409 3407
f 3559 3408 3561
f 3561 3408 3410
f 3560 3562 3409
f 3562 3411 3409
f 3561 3410 3563
f 3563 3410 3412
f 3562 3564 3411
f 3564 3413 3411
f 3563 3412 3565
f 3565 3412 3414
f 3564 3566 3413
f 3566 3415 3413
f 3569 3568 3567
f 3568 3416 3567
f 3568 3565 3416
f 3565 3414 3416
f 3566 3570 3415
f 3570 3417 3415
f 3567 3419 3420
f 3567 3420 3569
f 3569 3420 3571
f 3567 3416 3419
f 3570 3572 3417
f 3572 3421 3417
f 3571 3420 3573
f 3573 3420 3422
f 3572 3574 3421
f 3574 3423 3421
f 3573 3422 3575
f 3575 3422 3424
f 3574 3576 3423
f 3576 3425 3423
f 3575 3424 3577
f 3577 3424 3426
f 3576 3578 3425
f 3578 3428 3425
f 3577 3426 3579
f 3579 3426 3429
f 3578 3580 3428
f 3580 3431 3428
f 3581 3582 3579
f 3581 3579 3432
f 3432 3579 3429
f 3582 3581 3583
f 3580 3584 3431
f 3584 3434 3431
f 3581 3432 3436
f 3436 3583 3581
f 3436 3437 3583
f 3437 3585 3583
f 3584 3586 3434
f 3586 3439 3434
f 3585 3437 3587
f 3587 3437 3441
f 3586 3588 3439
f 3588 3443 3439
f 3587 3441 3589
f 3589 3441 3444
f 3445 3591 3590
f 3445 3443 3591
f 3443 3588 3591
f 3445 3590 3446
f 3448 3593 3592
f 3447 3448 3592
f 3592 3444 3447
f 3589 3444 3592
f 3595 3590 3591
f 3594 3590 3595
f 3590 3594 3449
f 3446 3590 3449
f 3593 3448 3450
f 3596 3593 3450
f 3450 3597 3596
f 3451 3597 3450
f 3594 3453 3452
f 3594 3595 3453
f 3595 3598 3453
f 3594 3452 3449
f 3597 3451 3454
f 3599 3597 3454
f 3599 3454 3600
f 3454 3455 3600
f 3600 3455 3601
f 3455 3456 3601
f 3601 3456 3602
f 3456 3457 3602
f 3602 3457 3603
f 3457 3458 3603
f 3603 3458 3604
f 3458 3459 3604
f 3604 3459 3453
f 3598 3604 3453
f 3461 3606 3605
f 3460 3461 3605
f 3605 3607 3460
f 3460 3607 3462
f 3607 3608 3462
f 3462 3608 3463
f 3608 3609 3463
f 3463 3609 3464
f 3464 3609 3610
f 3465 3464 3610
f 3467 3612 3611
f 3466 3467 3611
f 3611 3461 3466
f 3606 3461 3611
f 3610 3613 3465
f 3613 3468 3465
f 3470 3615 3614
f 3469 3470 3614
f 3614 3467 3469
f 3612 3467 3614
f 3613 3616 3468
f 3616 3471 3468
f 3615 3470 3617
f 3617 3470 3472
f 3616 3618 3471
f 3618 3473 3471
f 3617 3472 3619
f 3619 3472 3475
f 3618 3620 3473
f 3620 3476 3473
f 3477 3621 3622
f 3477 3622 3475
f 3475 3622 3619
f 3477 3478 3621
f 3620 3623 3476
f 3623 3479 3476
f 3625 3622 3621
f 3624 3625 3621
f 3621 3480 3624
f 3478 3480 3621
f 3623 3626 3479
f 3626 3481 3479
f 3624 3483 3484
f 3624 3484 3625
f 3625 3484 3627
f 3624 3480 3483
f 3626 3628 3481
f 3628 3485 3481
f 3627 3484 3629
f 3629 3484 3487
f 3628 3630 3485
f 3630 3488 3485
f 3629 3487 3631
f 3631 3487 3490
f 3630 3632 3488
f 3632 3491 3488
f 3631 3490 3633
f 3633 3490 3493
f 3632 3634 3491
f 3634 3494 3491
f 3633 3493 3635
f 3635 3493 3495
f 3634 3636 3494
f 3636 3496 3494
f 3635 3495 3637
f 3637 3495 3497
f 3636 3638 3496
f 3638 3498 3496
f 3637 3497 3639
f 3639 3497 3499
f 3638 3640 3498
f 3640 3500 3498
f 3639 3499 3641
f 3641 3499 3501
f 3640 3642 3500
f 3642 3502 3500
f 3641 3501 3643
f 3643 3501 3503
f 3642 3644 3502
f 3644 3504 3502
f 3643 3503 3645
f 3645 3503 3505
f 3644 3646 3504
f 3646 3506 3504
f 3645 3505 3647
f 3647 3505 3507
f 3646 3648 3506
f 3648 3509 3506
f 3647 3507 3649
f 3649 3507 3510
f 3648 3650 3509
f 3650 3512 3509
f 3649 3510 3651
f 3651 3510 3513
f 3514 3653 3652
f 3514 3512 3653
f 3512 3650 3653
f 3514 3652 3515
f 3651 3513 3654
f 3654 3513 3516
f 3656 3652 3653
f 3655 3652 3656
f 3652 3655 3517
f 3515 3652 3517
f 3654 3516 3657
f 3657 3516 3518
f 3659 3655 3656
f 3658 3655 3659
f 3655 3658 3519
f 3517 3655 3519
f 3657 3518 3660
f 3660 3518 3520
f 3662 3658 3659
f 3661 3658 3662
f 3658 3661 3521
f 3519 3658 3521
f 3660 3520 3663
f 3663 3520 3522
f 3665 3661 3662
f 3664 3661 3665
f 3661 3664 3523
f 3521 3661 3523
f 3663 3522 3666
f 3666 3522 3525
f 3668 3664 3665
f 3667 3664 3668
f 3664 3667 3526
f 3523 3664 3526
f 3666 3525 3669
f 3669 3525 3528
f 3668 3670 3667
f 3667 3670 3671
f 3667 3671 3526
f 3526 3671 3529
f 3669 3528 3672
f 3672 3528 3531
f 3671 3673 3529
f 3673 3532 3529
f 3672 3531 3674
f 3674 3531 3534
f 3673 3675 3532
f 3675 3535 3532
f 3674 3534 3676
f 3676 3534 3537
f 3675 3677 3535
f 3677 3538 3535
f 3676 3537 3678
f 3678 3537 3540
f 3677 3679 3538
f 3679 3541 3538
f 3680 3681 3678
f 3680 3678 3543
f 3543 3678 3540
f 3681 3680 3682
f 3679 3683 3541
f 3683 3544 3541
f 3680 3543 3546
f 3546 3682 3680
f 3546 3547 3682
f 3547 3684 3682
f 3683 3685 3544
f 3685 3548 3544
f 3684 3547 3686
f 3686 3547 3549
f 3685 3687 3548
f 3687 3550 3548
f 3686 3549 3688
f 3688 3549 3551
f 3687 3689 3550
f 3689 3552 3550
f 3688 3551 3690
f 3690 3551 3553
f 3689 3691 3552
f 3691 3554 3552
f 3690 3553 3692
f 3692 3553 3555
f 3691 3693 3554
f 3693 3556 3554
f 3692 3555 3694
f 3694 3555 3557
f 3693 3695 3556
f 3695 3558 3556
f 3694 3557 3696
f 3696 3557 3559
f 3695 3697 3558
f 3697 3560 3558
f 3696 3559 3698
f 3698 3559 3561
f 3697 3699 3560
f 3699 3562 3560
f 3698 3561 3700
f 3700 3561 3563
f 3699 3701 3562
f 3701 3564 3562
f 3700 3563 3702
f 3702 3563 3565
f 3701 3703 3564
f 3703 3566 3564
f 3568 3569 3704
f 3704 3565 3568
f 3704 3705 3565
f 3705 3702 3565
f 3703 3706 3566
f 3706 3570 3566
f 3707 3704 3569
f 3571 3707 3569
f 3705 3707 3708
f 3704 3707 3705
f 3706 3709 3570
f 3709 3572 3570
f 3710 3707 3571
f 3573 3710 3571
f 3708 3710 3711
f 3707 3710 3708
f 3709 3712 3572
f 3712 3574 3572
f 3713 3710 3573
f 3575 3713 3573
f 3711 3713 3714
f 3710 3713 3711
f 3712 3715 3574
f 3715 3576 3574
f 3716 3713 3575
f 3577 3716 3575
f 3714 3716 3717
f 3713 3716 3714
f 3715 3718 3576
f 3718 3578 3576
f 3719 3716 3577
f 3579 3719 3577
f 3717 3719 3720
f 3716 3719 3717
f 3718 3721 3578
f 3721 3580 3578
f 3582 3722 3724
f 3582 3724 3579
f 3723 3719 3724
f 3719 3579 3724
f 3723 3720 3719
f 3722 3582 3583
f 3721 3725 3580
f 3725 3584 3580
f 3724 3722 3726
f 3722 3727 3726
f 3722 3583 3727
f 3583 3585 3727
f 3725 3728 3584
f 3728 3586 3584
f 3727 3585 3729
f 3729 3585 3587
f 3728 3730 3586
f 3730 3588 3586
f 3729 3587 3731
f 3731 3587 3589
f 3730 3732 3588
f 3732 3591 3588
f 3593 3734 3733
f 3592 3593 3733
f 3733 3589 3592
f 3731 3589 3733
f 3732 3735 3591
f 3735 3595 3591
f 3734 3593 3596
f 3736 3734 3596
f 3737 3596 3597
f 3737 3738 3596
f 3738 3736 3596
f 3738 3737 3739
f 3735 3740 3595
f 3740 3598 3595
f 3737 3597 3599
f 3739 3737 3599
f 3739 3599 3741
f 3741 3599 3600
f 3741 3600 3742
f 3600 3601 3742
f 3742 3601 3743
f 3601 3602 3743
f 3743 3602 3744
f 3602 3603 3744
f 3744 3603 3745
f 3603 3604 3745
f 3745 3604 3598
f 3740 3745 3598
f 3605 3606 3746
f 3746 3748 3747
f 3746 3747 3605
f 3605 3747 3607
f 3750 3749 3608
f 3750 3608 3747
f 3747 3608 3607
f 3609 3608 3749
f 3751 3609 3749
f 3609 3751 3610
f 3612 3753 3752
f 3611 3612 3752
f 3606 3754 3746
f 3606 3611 3754
f 3611 3752 3754
f 3746 3754 3748
f 3750 3755 3749
f 3749 3756 3751
f 3755 3756 3749
f 3751 3756 3757
f 3751 3757 3610
f 3610 3757 3613
f 3615 3759 3758
f 3614 3615 3758
f 3758 3612 3614
f 3753 3612 3758
f 3757 3760 3613
f 3760 3616 3613
f 3761 3762 3759
f 3761 3759 3617
f 3617 3759 3615
f 3762 3761 3763
f 3760 3764 3616
f 3764 3618 3616
f 3765 3761 3617
f 3619 3765 3617
f 3763 3765 3766
f 3761 3765 3763
f 3769 3767 3768
f 3768 3767 3770
f 3764 3771 3618
f 3771 3620 3618
f 3772 3765 3619
f 3622 3772 3619
f 3766 3772 3773
f 3765 3772 3766
f 3776 3774 3775
f 3775 3774 3778
f 3769 3777 3767
f 3767 3777 3770
f 3771 3779 3620
f 3779 3623 3620
f 3780 3772 3622
f 3625 3780 3622
f 3773 3780 3781
f 3772 3780 3773
f 3776 3782 3774
f 3778 3774 3782
f 3784 3785 3783
f 3784 3786 3787
f 3783 3786 3784
f 3787 3786 3626
f 3787 3626 3779
f 3779 3626 3623
f 3788 3780 3625
f 3627 3788 3625
f 3781 3788 3789
f 3780 3788 3781
f 3792 3790 3791
f 3791 3783 3785
f 3791 3790 3783
f 3790 3793 3783
f 3783 3793 3786
f 3786 3793 3794
f 3786 3794 3628
f 3626 3786 3628
f 3795 3788 3627
f 3629 3795 3627
f 3789 3795 3796
f 3788 3795 3789
f 3798 3790 3792
f 3797 3790 3798
f 3790 3797 3793
f 3793 3797 3799
f 3793 3799 3794
f 3794 3799 3800
f 3794 3800 3630
f 3628 3794 3630
f 3801 3795 3629
f 3631 3801 3629
f 3796 3801 3802
f 3795 3801 3796
f 3798 3803 3797
f 3805 3797 3803
f 3805 3804 3797
f 3804 3799 3797
f 3799 3804 3800
f 3800 3804 3806
f 3800 3806 3632
f 3630 3800 3632
f 3807 3801 3631
f 3633 3807 3631
f 3802 3807 3808
f 3801 3807 3802
f 3805 3809 3804
f 3804 3810 3806
f 3809 3810 3804
f 3806 3810 3811
f 3806 3811 3632
f 3632 3811 3634
f 3812 3807 3633
f 3635 3812 3633
f 3808 3812 3813
f 3807 3812 3808
f 3811 3814 3634
f 3814 3636 3634
f 3815 3812 3635
f 3637 3815 3635
f 3813 3815 3816
f 3812 3815 3813
f 3814 3817 3636
f 3817 3638 3636
f 3818 3815 3637
f 3639 3818 3637
f 3816 3818 3819
f 3815 3818 3816
f 3817 3820 3638
f 3820 3640 3638
f 3821 3818 3639
f 3641 3821 3639
f 3819 3821 3822
f 3818 3821 3819
f 3820 3823 3640
f 3823 3642 3640
f 3824 3821 3641
f 3643 3824 3641
f 3822 3824 3825
f 3821 3824 3822
f 3823 3826 3642
f 3826 3644 3642
f 3827 3824 3643
f 3645 3827 3643
f 3825 3827 3828
f 3824 3827 3825
f 3826 3829 3644
f 3829 3646 3644
f 3830 3827 3645
f 3647 3830 3645
f 3828 3830 3831
f 3827 3830 3828
f 3834 3832 3833
f 3833 3832 3835
f 3829 3836 3646
f 3836 3648 3646
f 3837 3830 3647
f 3649 3837 3647
f 3831 3837 3838
f 3830 3837 3831
f 3834 3839 3832
f 3835 3832 3839
f 3841 3842 3840
f 3841 3840 3843
f 3836 3844 3648
f 3844 3650 3648
f 3845 3837 3649
f 3651 3845 3649
f 3838 3845 3846
f 3837 3845 3838
f 3842 3847 3840
f 3843 3840 3847
f 3849 3850 3848
f 3849 3851 3852
f 3848 3851 3849
f 3852 3851 3653
f 3852 3653 3844
f 3844 3653 3650
f 3853 3845 3651
f 3654 3853 3651
f 3846 3853 3854
f 3845 3853 3846
f 3856 3848 3850
f 3855 3848 3856
f 3848 3855 3851
f 3851 3855 3857
f 3851 3857 3656
f 3653 3851 3656
f 3858 3853 3654
f 3657 3858 3654
f 3854 3858 3859
f 3853 3858 3854
f 3861 3855 3856
f 3860 3855 3861
f 3855 3860 3857
f 3857 3860 3862
f 3857 3862 3659
f 3656 3857 3659
f 3863 3858 3657
f 3660 3863 3657
f 3859 3863 3864
f 3858 3863 3859
f 3866 3860 3861
f 3865 3860 3866
f 3860 3865 3862
f 3862 3865 3867
f 3862 3867 3662
f 3659 3862 3662
f 3868 3863 3660
f 3663 3868 3660
f 3864 3868 3869
f 3863 3868 3864
f 3866 3870 3865
f 3872 3865 3870
f 3872 3871 3865
f 3871 3867 3865
f 3867 3871 3665
f 3662 3867 3665
f 3873 3868 3663
f 3666 3873 3663
f 3869 3873 3874
f 3868 3873 3869
f 3876 3871 3872
f 3875 3871 3876
f 3871 3875 3668
f 3665 3871 3668
f 3877 3873 3666
f 3669 3877 3666
f 3874 3877 3878
f 3873 3877 3874
f 3880 3875 3876
f 3879 3875 3880
f 3670 3668 3875
f 3670 3875 3881
f 3881 3875 3879
f 3670 3881 3671
f 3882 3877 3669
f 3672 3882 3669
f 3878 3882 3883
f 3877 3882 3878
f 3880 3884 3879
f 3886 3879 3884
f 3886 3885 3879
f 3885 3881 3879
f 3881 3885 3673
f 3671 3881 3673
f 3887 3882 3672
f 3887 3672 3888
f 3888 3672 3674
f 3882 3887 3883
f 3890 3885 3886
f 3889 3885 3890
f 3885 3889 3675
f 3673 3885 3675
f 3888 3674 3891
f 3891 3674 3676
f 3893 3889 3890
f 3892 3889 3893
f 3889 3892 3677
f 3675 3889 3677
f 3891 3676 3894
f 3894 3676 3678
f 3897 3895 3896
f 3896 3895 3898
f 3900 3892 3893
f 3899 3892 3900
f 3892 3899 3679
f 3677 3892 3679
f 3681 3901 3902
f 3681 3902 3678
f 3678 3902 3894
f 3681 3682 3901
f 3905 3903 3904
f 3904 3906 3907
f 3903 3906 3904
f 3907 3895 3897
f 3907 3906 3895
f 3906 3908 3895
f 3898 3909 3910
f 3898 3895 3909
f 3895 3908 3909
f 3910 3899 3900
f 3910 3909 3899
f 3909 3911 3899
f 3899 3911 3683
f 3679 3899 3683
f 3913 3902 3901
f 3912 3913 3901
f 3901 3684 3912
f 3682 3684 3901
f 3905 3914 3903
f 3916 3903 3914
f 3916 3915 3903
f 3915 3906 3903
f 3906 3915 3908
f 3908 3915 3917
f 3908 3917 3909
f 3909 3917 3918
f 3909 3918 3911
f 3911 3918 3919
f 3911 3919 3685
f 3683 3911 3685
f 3921 3913 3912
f 3920 3921 3912
f 3912 3686 3920
f 3684 3686 3912
f 3923 3915 3916
f 3922 3915 3923
f 3915 3922 3917
f 3917 3922 3924
f 3917 3924 3918
f 3918 3924 3925
f 3918 3925 3919
f 3919 3925 3926
f 3919 3926 3687
f 3685 3919 3687
f 3921 3920 3927
f 3920 3928 3927
f 3920 3686 3928
f 3686 3688 3928
f 3930 3922 3923
f 3929 3922 3930
f 3922 3929 3924
f 3924 3929 3931
f 3924 3931 3925
f 3925 3931 3932
f 3925 3932 3926
f 3926 3932 3933
f 3926 3933 3689
f 3687 3926 3689
f 3928 3688 3934
f 3934 3688 3690
f 3936 3929 3930
f 3935 3929 3936
f 3929 3935 3931
f 3931 3935 3937
f 3931 3937 3932
f 3932 3937 3938
f 3932 3938 3933
f 3933 3938 3939
f 3933 3939 3691
f 3689 3933 3691
f 3940 3941 3934
f 3940 3934 3692
f 3692 3934 3690
f 3941 3942 3943
f 3940 3942 3941
f 3943 3935 3936
f 3943 3942 3935
f 3942 3944 3935
f 3935 3944 3937
f 3937 3944 3945
f 3937 3945 3938
f 3938 3945 3946
f 3938 3946 3939
f 3939 3946 3947
f 3939 3947 3693
f 3691 3939 3693
f 3948 3940 3692
f 3694 3948 3692
f 3940 3948 3942
f 3942 3948 3949
f 3942 3949 3944
f 3944 3949 3950
f 3944 3950 3945
f 3945 3950 3951
f 3945 3951 3946
f 3946 3951 3952
f 3946 3952 3947
f 3947 3952 3953
f 3947 3953 3695
f 3693 3947 3695
f 3954 3948 3694
f 3696 3954 3694
f 3948 3954 3949
f 3949 3954 3955
f 3949 3955 3950
f 3950 3955 3956
f 3950 3956 3951
f 3951 3956 3957
f 3951 3957 3952
f 3952 3957 3958
f 3952 3958 3953
f 3953 3958 3959
f 3953 3959 3697
f 3695 3953 3697
f 3960 3954 3696
f 3698 3960 3696
f 3954 3960 3955
f 3955 3960 3961
f 3955 3961 3956
f 3956 3961 3962
f 3956 3962 3957
f 3957 3962 3963
f 3957 3963 3958
f 3958 3963 3964
f 3958 3964 3959
f 3959 3964 3965
f 3959 3965 3699
f 3697 3959 3699
f 3966 3960 3698
f 3700 3966 3698
f 3960 3966 3961
f 3961 3966 3967
f 3961 3967 3962
f 3962 3967 3968
f 3962 3968 3963
f 3963 3968 3969
f 3963 3969 3964
f 3964 3969 3970
f 3964 3970 3965
f 3965 3970 3971
f 3965 3971 3701
f 3699 3965 3701
f 3972 3966 3700
f 3702 3972 3700
f 3966 3972 3967
f 3967 3972 3973
f 3967 3973 3968
f 3968 3973 3974
f 3968 3974 3969
f 3969 3974 3975
f 3969 3975 3970
f 3970 3975 3976
f 3970 3976 3971
f 3971 3976 3977
f 3971 3977 3703
f 3701 3971 3703
f 3978 3972 3702
f 3705 3978 3702
f 3972 3978 3973
f 3973 3978 3979
f 3973 3979 3974
f 3974 3979 3980
f 3974 3980 3975
f 3975 3980 3981
f 3975 3981 3976
f 3976 3981 3982
f 3976 3982 3977
f 3977 3982 3983
f 3977 3983 3706
f 3703 3977 3706
f 3984 3978 3705
f 3708 3984 3705
f 3978 3984 3979
f 3979 3984 3985
f 3979 3985 3980
f 3980 3985 3986
f 3980 3986 3981
f 3981 3986 3987
f 3981 3987 3982
f 3982 3987 3988
f 3982 3988 3983
f 3983 3988 3989
f 3983 3989 3709
f 3706 3983 3709
f 3990 3984 3708
f 3711 3990 3708
f 3984 3990 3985
f 3985 3990 3991
f 3985 3991 3986
f 3986 3991 3992
f 3986 3992 3987
f 3987 3992 3993
f 3987 3993 3988
f 3988 3993 3994
f 3988 3994 3989
f 3989 3994 3995
f 3989 3995 3712
f 3709 3989 3712
f 3996 3990 3711
f 3714 3996 3711
f 3990 3996 3991
f 3991 3996 3997
f 3991 3997 3992
f 3992 3997 3998
f 3992 3998 3993
f 3993 3998 3999
f 3993 3999 3994
f 3994 3999 4000
f 3994 4000 3995
f 3995 4000 4001
f 3995 4001 3715
f 3712 3995 3715
f 4002 3996 3714
f 4002 3714 4003
f 4003 3714 3717
f 4005 3996 4002
f 4005 4004 3996
f 4004 3997 3996
f 3997 4004 3998
f 3998 4004 4006
f 3998 4006 3999
f 3999 4006 4007
f 3999 4007 4000
f 4000 4007 4008
f 4000 4008 4001
f 4001 4008 4009
f 4001 4009 3718
f 3715 4001 3718
f 4003 3717 4010
f 4010 3717 3720
f 4012 4004 4005
f 4011 4004 4012
f 4004 4011 4006
f 4006 4011 4013
f 4006 4013 4007
f 4007 4013 4014
f 4007 4014 4008
f 4008 4014 4015
f 4008 4015 4009
f 4009 4015 4016
f 4009 4016 3721
f 3718 4009 3721
f 3723 3724 4017
f 4017 3720 3723
f 4017 4018 3720
f 4018 4010 3720
f 4020 4011 4012
f 4019 4011 4020
f 4011 4019 4013
f 4013 4019 4021
f 4013 4021 4014
f 4014 4021 4022
f 4014 4022 4015
f 4015 4022 4023
f 4015 4023 4016
f 4016 4023 4024
f 4016 4024 3725
f 3721 4016 3725
f 4017 3724 3726
f 3726 4018 4017
f 3726 3727 4018
f 3727 4025 4018
f 4020 4026 4019
f 4028 4019 4026
f 4028 4027 4019
f 4027 4021 4019
f 4021 4027 4022
f 4022 4027 4029
f 4022 4029 4023
f 4023 4029 4030
f 4023 4030 4024
f 4024 4030 4031
f 4024 4031 3728
f 3725 4024 3728
f 4025 3727 4032
f 4032 3727 3729
f 4035 4033 4034
f 4034 4027 4028
f 4034 4033 4027
f 4033 4036 4027
f 4027 4036 4029
f 4029 4036 4037
f 4029 4037 4030
f 4030 4037 4038
f 4030 4038 4031
f 4031 4038 4039
f 4031 4039 3730
f 3728 4031 3730
f 4040 4041 4032
f 4040 4032 3731
f 3731 4032 3729
f 4041 4040 4043
f 4035 4042 4033
f 4033 4044 4036
f 4042 4044 4033
f 4036 4045 4037
f 4044 4045 4036
f 4037 4046 4038
f 4045 4046 4037
f 4038 4047 4039
f 4046 4047 4038
f 4039 4047 4048
f 4039 4048 3730
f 3730 4048 3732
f 3733 3734 4049
f 4049 4051 4050
f 3733 4049 4050
f 3733 4050 4040
f 3733 4040 3731
f 4040 4050 4043
f 4048 4052 3732
f 4052 3735 3732
f 4049 3734 3736
f 4051 4049 3736
f 4051 3736 4053
f 4053 3736 3738
f 3738 4054 4053
f 3739 4054 3738
f 4052 4055 3735
f 4055 3740 3735
f 4054 3739 3741
f 4056 4054 3741
f 4056 3741 4057
f 3741 3742 4057
f 4057 3742 4058
f 3742 3743 4058
f 4058 3743 4059
f 3743 3744 4059
f 4059 3744 4060
f 3744 3745 4060
f 4060 3745 3740
f 4055 4060 3740
f 3747 3748 4061
f 3747 4061 3750
f 4064 4063 4062
f 3753 4062 4063
f 3753 4063 3752
f 3752 4063 4065
f 4065 4066 3752
f 3752 4066 3754
f 3748 4067 4061
f 3748 3754 4067
f 3754 4066 4067
f 4061 3755 3750
f 4061 4067 3755
f 4067 4068 3755
f 4068 4069 3755
f 3755 4069 3756
f 3756 4069 4070
f 3757 3756 4070
f 4071 4072 4064
f 4071 4064 3759
f 4062 3758 4064
f 3758 3759 4064
f 4062 3753 3758
f 4072 4071 4073
f 4076 4074 4075
f 4075 4074 4077
f 4070 4078 3757
f 4078 3760 3757
f 4071 3759 3762
f 3762 3763 4079
f 4071 3762 4079
f 4071 4079 4080
f 4071 4080 4073
f 4080 4081 4082
f 4079 4081 4080
f 4082 4083 4084
f 4081 4083 4082
f 4084 4074 4076
f 4084 4083 4074
f 4083 4085 4074
f 4077 4086 4087
f 4077 4074 4086
f 4074 4085 4086
f 4087 4086 3764
f 4087 3764 4078
f 4078 3764 3760
f 4088 4079 3763
f 3766 4088 3763
f 4079 4088 4081
f 4081 4088 4089
f 4081 4089 4083
f 4083 4089 4090
f 3769 3768 4085
f 3769 4085 4090
f 4090 4085 4083
f 3768 3770 4091
f 3768 4091 4085
f 4085 4091 4086
f 4086 4091 3771
f 3764 4086 3771
f 4092 4088 3766
f 3773 4092 3766
f 4088 4092 4089
f 4089 4092 4093
f 3776 3775 4090
f 3776 4090 4093
f 4093 4090 4089
f 3777 3769 4090
f 3777 4090 4094
f 3775 3778 4090
f 3778 4094 4090
f 3770 3777 4094
f 3770 4094 4091
f 4091 4094 4095
f 4091 4095 3779
f 3771 4091 3779
f 4096 4092 3773
f 3781 4096 3773
f 4092 4096 4093
f 4093 4096 4097
f 3782 3776 4093
f 3782 4093 4098
f 4098 4093 4097
f 3785 3784 4094
f 3785 4094 4098
f 3778 3782 4094
f 3782 4098 4094
f 4095 4094 3784
f 3787 4095 3784
f 4095 3787 3779
f 4099 4096 3781
f 3789 4099 3781
f 4096 4099 4097
f 4097 4099 4100
f 3792 3791 4098
f 3792 4098 4100
f 4100 4098 4097
f 4098 3791 3785
f 4101 4099 3789
f 3796 4101 3789
f 4099 4101 4100
f 4100 4101 4102
f 4100 4102 3798
f 3792 4100 3798
f 4103 4101 3796
f 3802 4103 3796
f 4101 4103 4102
f 4102 4103 4104
f 3803 3798 4102
f 3803 4102 4105
f 4105 4102 4104
f 3803 4105 3805
f 4106 4103 3802
f 3808 4106 3802
f 4103 4106 4104
f 4104 4106 4107
f 4104 4107 4105
f 4105 4107 4108
f 3809 3805 4105
f 3809 4105 4109
f 4109 4105 4108
f 3810 3809 4109
f 4110 3810 4109
f 3810 4110 3811
f 4111 4106 3808
f 3813 4111 3808
f 4106 4111 4107
f 4107 4111 4112
f 4107 4112 4108
f 4108 4112 4113
f 4108 4113 4109
f 4109 4113 4114
f 4109 4114 4110
f 4110 4114 4115
f 4110 4115 3814
f 3811 4110 3814
f 4116 4111 3813
f 3816 4116 3813
f 4111 4116 4112
f 4112 4116 4117
f 4112 4117 4113
f 4113 4117 4118
f 4113 4118 4114
f 4114 4118 4119
f 4114 4119 4115
f 4115 4119 4120
f 4115 4120 3817
f 3814 4115 3817
f 4121 4116 3816
f 3819 4121 3816
f 4116 4121 4117
f 4117 4121 4122
f 4117 4122 4118
f 4118 4122 4123
f 4118 4123 4119
f 4119 4123 4124
f 4119 4124 4120
f 4120 4124 4125
f 4120 4125 3820
f 3817 4120 3820
f 4126 4121 3819
f 3822 4126 3819
f 4121 4126 4122
f 4122 4126 4127
f 4122 4127 4123
f 4123 4127 4128
f 4123 4128 4124
f 4124 4128 4129
f 4124 4129 4125
f 4125 4129 4130
f 4125 4130 3823
f 3820 4125 3823
f 4131 4126 3822
f 3825 4131 3822
f 4126 4131 4127
f 4127 4131 4132
f 4127 4132 4128
f 4128 4132 4133
f 4128 4133 4129
f 4129 4133 4134
f 4129 4134 4130
f 4130 4134 4135
f 4130 4135 3826
f 3823 4130 3826
f 4136 4131 3825
f 3828 4136 3825
f 4131 4136 4132
f 4132 4136 4137
f 4132 4137 4133
f 4133 4137 4138
f 4133 4138 4134
f 4134 4138 4139
f 4134 4139 4135
f 4135 4139 4140
f 4135 4140 3829
f 3826 4135 3829
f 4141 4136 3828
f 3831 4141 3828
f 3834 3833 4137
f 3834 4137 4141
f 4141 4137 4136
f 3833 3835 4142
f 3833 4142 4137
f 4137 4142 4138
f 4138 4142 4139
f 4139 4142 4143
f 4139 4143 4140
f 4140 4143 4144
f 4140 4144 3836
f 3829 4140 3836
f 4145 4141 3831
f 3838 4145 3831
f 3839 3834 4141
f 3839 4141 4146
f 4146 4141 4145
f 3842 3841 4142
f 3842 4142 4146
f 3835 3839 4142
f 3839 4146 4142
f 3841 3843 4147
f 3841 4147 4142
f 4142 4147 4143
f 4143 4147 4144
f 4144 4147 4148
f 4144 4148 3844
f 3836 4144 3844
f 4149 4145 3838
f 3846 4149 3838
f 4145 4149 4146
f 4146 4149 4150
f 3847 3842 4146
f 3847 4146 4151
f 4151 4146 4150
f 3850 3849 4147
f 3850 4147 4151
f 3843 3847 4147
f 3847 4151 4147
f 4148 4147 3849
f 3852 4148 3849
f 4148 3852 3844
f 4152 4149 3846
f 3854 4152 3846
f 4149 4152 4150
f 4150 4152 4153
f 4150 4153 4151
f 4151 4153 4154
f 4151 4154 3856
f 3850 4151 3856
f 4155 4152 3854
f 3859 4155 3854
f 4152 4155 4153
f 4153 4155 4156
f 4153 4156 4154
f 4154 4156 4157
f 4154 4157 3861
f 3856 4154 3861
f 4158 4155 3859
f 3864 4158 3859
f 4155 4158 4156
f 4156 4158 4159
f 4156 4159 4157
f 4157 4159 4160
f 4157 4160 3866
f 3861 4157 3866
f 4161 4158 3864
f 3869 4161 3864
f 4158 4161 4159
f 4159 4161 4162
f 4159 4162 4160
f 4160 4162 4163
f 3870 3866 4160
f 3870 4160 4164
f 4164 4160 4163
f 3870 4164 3872
f 4165 4161 3869
f 3874 4165 3869
f 4161 4165 4162
f 4162 4165 4166
f 4162 4166 4163
f 4163 4166 4167
f 4163 4167 4164
f 4164 4167 4168
f 4164 4168 3876
f 3872 4164 3876
f 4169 4165 3874
f 3878 4169 3874
f 4165 4169 4166
f 4166 4169 4170
f 4166 4170 4167
f 4167 4170 4171
f 4167 4171 4168
f 4168 4171 4172
f 4168 4172 3880
f 3876 4168 3880
f 4173 4169 3878
f 3883 4173 3878
f 4169 4173 4170
f 4170 4173 4174
f 4170 4174 4171
f 4171 4174 4175
f 4171 4175 4172
f 4172 4175 4176
f 3884 3880 4172
f 3884 4172 4177
f 4177 4172 4176
f 3884 4177 3886
f 3887 3888 4178
f 3883 3887 4178
f 3883 4178 4173
f 4173 4178 4179
f 4173 4179 4174
f 4174 4179 4180
f 4174 4180 4175
f 4175 4180 4181
f 4175 4181 4176
f 4176 4181 4182
f 4176 4182 4177
f 4177 4182 4183
f 4177 4183 3890
f 3886 4177 3890
f 4184 4178 3888
f 3891 4184 3888
f 4178 4184 4179
f 4179 4184 4185
f 4179 4185 4180
f 4180 4185 4186
f 4180 4186 4181
f 4181 4186 4187
f 4181 4187 4182
f 4182 4187 4188
f 4182 4188 4183
f 4183 4188 4189
f 4183 4189 3893
f 3890 4183 3893
f 4190 4184 3891
f 3894 4190 3891
f 4184 4190 4185
f 4185 4190 4191
f 4185 4191 4186
f 4186 4191 4192
f 4186 4192 4187
f 4187 4192 4193
f 3897 3896 4188
f 3897 4188 4193
f 4193 4188 4187
f 3896 3898 4194
f 3896 4194 4188
f 4188 4194 4189
f 4189 4194 3900
f 3893 4189 3900
f 4195 4190 3894
f 3902 4195 3894
f 4190 4195 4191
f 4191 4195 4196
f 3905 3904 4192
f 3905 4192 4196
f 4196 4192 4191
f 4193 4192 3904
f 3907 4193 3904
f 4193 3907 3897
f 4194 3898 3910
f 4194 3910 3900
f 4197 4195 3902
f 3913 4197 3902
f 4195 4197 4196
f 4196 4197 4198
f 3914 3905 4196
f 3914 4196 4199
f 4199 4196 4198
f 3914 4199 3916
f 4200 4197 3913
f 3921 4200 3913
f 4197 4200 4198
f 4198 4200 4201
f 4198 4201 4199
f 4199 4201 4202
f 4199 4202 3923
f 3916 4199 3923
f 4200 3921 3927
f 3927 3928 4203
f 3927 4203 4200
f 4200 4203 4201
f 4201 4203 4202
f 4202 4203 4204
f 4202 4204 3930
f 3923 4202 3930
f 4205 4203 3928
f 3934 4205 3928
f 4203 4205 4204
f 4204 4205 4206
f 4204 4206 3936
f 3930 4204 3936
f 4205 3934 3941
f 4206 4205 3941
f 3943 4206 3941
f 4206 3943 3936
f 4002 4003 4207
f 4002 4207 4005
f 4208 4207 4003
f 4010 4208 4003
f 4207 4208 4012
f 4005 4207 4012
f 4209 4208 4010
f 4018 4209 4010
f 4208 4209 4020
f 4012 4208 4020
f 4210 4209 4018
f 4025 4210 4018
f 4026 4020 4209
f 4026 4209 4211
f 4211 4209 4210
f 4026 4211 4028
f 4212 4210 4025
f 4032 4212 4025
f 4035 4034 4211
f 4035 4211 4212
f 4212 4211 4210
f 4211 4034 4028
f 4041 4213 4215
f 4041 4215 4032
f 4214 4212 4215
f 4212 4032 4215
f 4213 4041 4043
f 4212 4214 4035
f 4214 4042 4035
f 4214 4216 4042
f 4216 4217 4042
f 4042 4217 4044
f 4217 4218 4044
f 4044 4218 4045
f 4218 4219 4045
f 4045 4219 4046
f 4219 4220 4046
f 4046 4220 4047
f 4047 4220 4221
f 4048 4047 4221
f 4213 4050 4051
f 4213 4051 4215
f 4215 4051 4222
f 4213 4043 4050
f 4221 4223 4048
f 4223 4052 4048
f 4222 4051 4053
f 4224 4222 4053
f 4053 4225 4224
f 4054 4225 4053
f 4228 4226 4227
f 4227 4226 4055
f 4227 4055 4223
f 4223 4055 4052
f 4225 4054 4056
f 4229 4225 4056
f 4229 4056 4230
f 4056 4057 4230
f 4230 4057 4231
f 4057 4058 4231
f 4231 4058 4232
f 4058 4059 4232
f 4226 4228 4232
f 4226 4232 4060
f 4060 4232 4059
f 4226 4060 4055
f 4235 4234 4233
f 4234 4237 4236
f 4233 4234 4236
f 4237 4239 4238
f 4236 4237 4238
f 4239 4241 4240
f 4238 4239 4240
f 4241 4243 4242
f 4240 4241 4242
f 4243 4244 4242
f 4063 4064 4245
f 4245 4246 4235
f 4245 4235 4065
f 4245 4065 4063
f 4065 4235 4233
f 4236 4065 4233
f 4066 4065 4236
f 4238 4066 4236
f 4067 4066 4238
f 4240 4067 4238
f 4068 4067 4240
f 4242 4068 4240
f 4069 4068 4242
f 4069 4242 4244
f 4069 4244 4070
f 4070 4244 4247
f 4245 4064 4072
f 4072 4246 4245
f 4072 4073 4246
f 4073 4248 4246
f 4251 4249 4250
f 4076 4250 4249
f 4076 4075 4250
f 4075 4252 4250
f 4253 4075 4077
f 4253 4254 4075
f 4254 4252 4075
f 4254 4253 4078
f 4254 4078 4247
f 4247 4078 4070
f 4248 4073 4080
f 4255 4248 4080
f 4255 4080 4256
f 4080 4082 4256
f 4249 4251 4256
f 4249 4256 4084
f 4084 4256 4082
f 4249 4084 4076
f 4253 4077 4087
f 4253 4087 4078
f 4215 4258 4257
f 4214 4215 4257
f 4260 4259 4216
f 4260 4216 4257
f 4257 4216 4214
f 4217 4216 4259
f 4261 4217 4259
f 4261 4263 4262
f 4261 4262 4217
f 4217 4262 4218
f 4262 4264 4218
f 4218 4264 4219
f 4266 4265 4220
f 4266 4220 4264
f 4264 4220 4219
f 4220 4265 4221
f 4258 4215 4267
f 4267 4215 4222
f 4260 4268 4259
f 4259 4269 4261
f 4268 4269 4259
f 4261 4269 4263
f 4266 4270 4265
f 4265 4270 4271
f 4265 4271 4221
f 4221 4271 4223
f 4267 4222 4224
f 4272 4267 4224
f 4224 4273 4272
f 4225 4273 4224
f 4228 4274 4275
f 4227 4274 4228
f 4274 4227 4223
f 4271 4274 4223
f 4273 4225 4229
f 4276 4273 4229
f 4276 4229 4277
f 4229 4230 4277
f 4277 4230 4278
f 4230 4231 4278
f 4278 4231 4279
f 4231 4232 4279
f 4279 4232 4228
f 4275 4279 4228
f 4235 4281 4280
f 4234 4235 4280
f 4280 4282 4234
f 4234 4282 4237
f 4282 4283 4237
f 4237 4283 4239
f 4283 4284 4239
f 4239 4284 4241
f 4286 4285 4243
f 4286 4243 4284
f 4284 4243 4241
f 4243 4285 4244
f 4281 4235 4287
f 4287 4235 4246
f 4289 4285 4286
f 4288 4285 4289
f 4285 4288 4247
f 4244 4285 4247
f 4287 4246 4290
f 4290 4246 4248
f 4250 4291 4251
f 4252 4291 4250
f 4292 4291 4252
f 4292 4289 4293
f 4292 4254 4289
f 4292 4252 4254
f 4254 4288 4289
f 4288 4254 4247
f 4290 4248 4255
f 4294 4290 4255
f 4294 4255 4295
f 4255 4256 4295
f 4251 4291 4296
f 4251 4296 4256
f 4256 4296 4295
f 4291 4292 4297
f 4296 4291 4297
f 4292 4293 4297
f 4257 4258 4298
f 4257 4298 4260
f 4263 4300 4299
f 4262 4263 4299
f 4299 4301 4262
f 4262 4301 4264
f 4264 4301 4302
f 4266 4264 4302
f 4303 4298 4258
f 4303 4258 4304
f 4304 4258 4267
f 4298 4268 4260
f 4298 4303 4268
f 4303 4305 4268
f 4305 4306 4268
f 4268 4306 4269
f 4306 4263 4269
f 4300 4263 4306
f 4270 4308 4307
f 4270 4266 4308
f 4266 4302 4308
f 4270 4307 4271
f 4304 4267 4272
f 4309 4304 4272
f 4272 4310 4309
f 4273 4310 4272
f 4313 4311 4312
f 4307 4275 4274
f 4308 4275 4307
f 4308 4311 4275
f 4308 4312 4311
f 4307 4274 4271
f 4310 4273 4276
f 4314 4310 4276
f 4314 4276 4315
f 4276 4277 4315
f 4315 4277 4316
f 4277 4278 4316
f 4311 4313 4316
f 4311 4316 4279
f 4279 4316 4278
f 4311 4279 4275
f 4281 4318 4317
f 4280 4281 4317
f 4317 4319 4280
f 4280 4319 4282
f 4319 4320 4282
f 4282 4320 4283
f 4320 4321 4283
f 4283 4321 4284
f 4284 4321 4322
f 4286 4284 4322
f 4318 4281 4323
f 4323 4281 4287
f 4322 4324 4286
f 4324 4289 4286
f 4325 4326 4323
f 4325 4323 4290
f 4290 4323 4287
f 4326 4325 4327
f 4330 4328 4329
f 4329 4328 4293
f 4329 4293 4324
f 4324 4293 4289
f 4325 4290 4294
f 4327 4325 4294
f 4327 4294 4331
f 4331 4294 4295
f 4331 4295 4332
f 4295 4296 4332
f 4328 4330 4332
f 4328 4332 4297
f 4297 4332 4296
f 4328 4297 4293
f 4335 4334 4333
f 4334 4337 4336
f 4333 4334 4336
f 4337 4339 4338
f 4336 4337 4338
f 4300 4338 4339
f 4300 4339 4299
f 4299 4339 4340
f 4342 4341 4301
f 4342 4301 4340
f 4340 4301 4299
f 4301 4341 4302
f 4333 4303 4304
f 4333 4304 4335
f 4335 4304 4343
f 4336 4303 4333
f 4305 4303 4336
f 4338 4305 4336
f 4306 4305 4338
f 4338 4300 4306
f 4345 4341 4342
f 4344 4341 4345
f 4341 4344 4308
f 4302 4341 4308
f 4309 4346 4347
f 4309 4347 4304
f 4304 4347 4343
f 4346 4309 4310
f 4350 4348 4349
f 4349 4351 4352
f 4348 4351 4349
f 4352 4353 4354
f 4351 4353 4352
f 4344 4313 4312
f 4345 4313 4344
f 4345 4353 4313
f 4345 4354 4353
f 4344 4312 4308
f 4347 4346 4355
f 4348 4350 4355
f 4348 4355 4314
f 4346 4310 4355
f 4310 4314 4355
f 4351 4348 4314
f 4315 4351 4314
f 4353 4351 4315
f 4316 4353 4315
f 4353 4316 4313
f 4318 4357 4356
f 4317 4318 4356
f 4356 4358 4317
f 4317 4358 4319
f 4358 4359 4319
f 4319 4359 4320
f 4361 4360 4321
f 4361 4321 4359
f 4359 4321 4320
f 4321 4360 4322
f 4357 4318 4362
f 4362 4318 4323
f 4364 4360 4361
f 4363 4360 4364
f 4360 4363 4324
f 4322 4360 4324
f 4362 4323 4326
f 4365 4362 4326
f 4366 4326 4327
f 4366 4367 4326
f 4367 4365 4326
f 4367 4368 4369
f 4366 4368 4367
f 4363 4330 4329
f 4364 4330 4363
f 4364 4368 4330
f 4364 4369 4368
f 4363 4329 4324
f 4366 4327 4331
f 4368 4366 4331
f 4332 4368 4331
f 4368 4332 4330
f 4334 4335 4370
f 4370 4372 4371
f 4370 4371 4334
f 4334 4371 4337
f 4374 4373 4339
f 4374 4339 4371
f 4371 4339 4337
f 4340 4339 4373
f 4375 4340 4373
f 4340 4375 4342
f 4376 4370 4335
f 4376 4335 4377
f 4377 4335 4343
f 4370 4376 4372
f 4374 4378 4373
f 4380 4373 4378
f 4380 4379 4373
f 4379 4375 4373
f 4375 4379 4345
f 4342 4375 4345
f 4381 4382 4377
f 4381 4377 4347
f 4347 4377 4343
f 4384 4382 4381
f 4383 4350 4349
f 4383 4385 4386
f 4383 4349 4385
f 4349 4352 4385
f 4379 4380 4385
f 4379 4385 4354
f 4354 4385 4352
f 4379 4354 4345
f 4381 4347 4355
f 4350 4383 4387
f 4350 4387 4355
f 4384 4381 4387
f 4381 4355 4387
f 4383 4386 4387
f 4356 4357 4388
f 4358 4356 4388
f 4389 4358 4388
f 4359 4358 4389
f 4390 4359 4389
f 4359 4390 4361
f 4391 4388 4357
f 4362 4391 4357
f 4388 4391 4389
f 4389 4391 4392
f 4389 4392 4390
f 4390 4392 4393
f 4390 4393 4364
f 4361 4390 4364
f 4391 4362 4365
f 4392 4391 4365
f 4367 4392 4365
f 4393 4392 4367
f 4369 4393 4367
f 4393 4369 4364
f 4371 4372 4394
f 4371 4394 4374
f 4376 4377 4395
f 4372 4376 4395
f 4372 4395 4394
f 4394 4395 4396
f 4378 4374 4394
f 4378 4394 4397
f 4397 4394 4396
f 4378 4397 4380
f 4395 4377 4382
f 4382 4384 4398
f 4382 4398 4395
f 4395 4398 4396
f 4386 4385 4397
f 4386 4397 4398
f 4398 4397 4396
f 4397 4385 4380
f 4398 4384 4387
f 4398 4387 4386
f 4401 4400 4399
f 4400 4402 4399
f 4404 4401 4399
f 4403 4404 4399
f 4402 4405 4403
f 4399 4402 4403
f 4407 4404 4403
f 4406 4407 4403
f 4405 4408 4406
f 4403 4405 4406
f 4410 4407 4406
f 4409 4410 4406
f 4408 4411 4409
f 4406 4408 4409
f 4413 4410 4409
f 4412 4413 4409
f 4411 4414 4412
f 4409 4411 4412
f 4416 4413 4412
f 4415 4416 4412
f 4414 4417 4415
f 4412 4414 4415
f 4419 4416 4415
f 4418 4419 4415
f 4417 4420 4418
f 4415 4417 4418
f 4422 4419 4418
f 4421 4422 4418
f 4420 4423 4421
f 4418 4420 4421
f 4425 4422 4421
f 4424 4425 4421
f 4423 4426 4424
f 4421 4423 4424
f 4428 4425 4424
f 4427 4428 4424
f 4426 4429 4427
f 4424 4426 4427
f 4431 4428 4427
f 4430 4431 4427
f 4429 4432 4430
f 4427 4429 4430
f 4434 4431 4430
f 4433 4434 4430
f 4432 4435 4433
f 4430 4432 4433
f 4437 4434 4433
f 4436 4437 4433
f 4435 4438 4436
f 4433 4435 4436
f 4440 4437 4436
f 4439 4440 4436
f 4438 4441 4439
f 4436 4438 4439
f 4443 4440 4439
f 4442 4443 4439
f 4441 4444 4442
f 4439 4441 4442
f 4446 4443 4442
f 4445 4446 4442
f 4444 4447 4445
f 4442 4444 4445
f 4449 4446 4445
f 4448 4449 4445
f 4447 4450 4448
f 4445 4447 4448
f 4452 4449 4448
f 4451 4452 4448
f 4450 4453 4451
f 4448 4450 4451
f 4455 4452 4451
f 4454 4455 4451
f 4453 4456 4454
f 4451 4453 4454
f 4455 4454 4457
f 4454 4456 4457
f 4460 4459 4458
f 4459 4461 4458
f 4463 4460 4458
f 4462 4463 4458
f 4461 4464 4462
f 4458 4461 4462
f 4466 4463 4462
f 4465 4466 4462
f 4464 4467 4465
f 4462 4464 4465
f 4469 4466 4465
f 4468 4469 4465
f 4467 4470 4468
f 4465 4467 4468
f 4472 4469 4468
f 4471 4472 4468
f 4470 4473 4471
f 4468 4470 4471
f 4475 4472 4471
f 4474 4475 4471
f 4473 4476 4474
f 4471 4473 4474
f 4478 4475 4474
f 4477 4478 4474
f 4476 4479 4477
f 4474 4476 4477
f 4481 4478 4477
f 4480 4481 4477
f 4479 4482 4480
f 4477 4479 4480
f 4484 4481 4480
f 4483 4484 4480
f 4482 4485 4483
f 4480 4482 4483
f 4487 4484 4483
f 4486 4487 4483
f 4485 4488 4486
f 4483 4485 4486
f 4490 4487 4486
f 4489 4490 4486
f 4488 4491 4489
f 4486 4488 4489
f 4490 4489 4492
f 4489 4491 4492
f 4495 4494 4493
f 4494 4497 4496
f 4493 4494 4496
f 4497 4498 4496
f 4500 4495 4493
f 4499 4500 4493
f 4401 4496 4400
f 4401 4499 4496
f 4499 4493 4496
f 4400 4496 4498
f 4400 4498 4402
f 4402 4498 4501
f 4503 4500 4499
f 4502 4503 4499
f 4499 4404 4502
f 4401 4404 4499
f 4501 4504 4402
f 4504 4405 4402
f 4506 4503 4502
f 4505 4506 4502
f 4502 4407 4505
f 4404 4407 4502
f 4504 4507 4405
f 4507 4408 4405
f 4509 4506 4505
f 4508 4509 4505
f 4505 4410 4508
f 4407 4410 4505
f 4507 4510 4408
f 4510 4411 4408
f 4512 4509 4508
f 4511 4512 4508
f 4508 4413 4511
f 4410 4413 4508
f 4510 4513 4411
f 4513 4414 4411
f 4515 4512 4511
f 4514 4515 4511
f 4511 4416 4514
f 4413 4416 4511
f 4513 4516 4414
f 4516 4417 4414
f 4518 4515 4514
f 4517 4518 4514
f 4419 4514 4416
f 4419 4517 4514
f 4521 4519 4520
f 4520 4519 4420
f 4520 4420 4516
f 4516 4420 4417
f 4523 4518 4517
f 4522 4523 4517
f 4517 4419 4522
f 4522 4419 4422
f 4519 4521 4525
f 4519 4525 4524
f 4519 4524 4423
f 4420 4519 4423
f 4527 4523 4522
f 4526 4527 4522
f 4522 4422 4526
f 4526 4422 4425
f 4524 4525 4529
f 4524 4529 4528
f 4524 4528 4426
f 4423 4524 4426
f 4531 4527 4526
f 4530 4531 4526
f 4526 4425 4530
f 4530 4425 4428
f 4528 4529 4533
f 4528 4533 4532
f 4528 4532 4429
f 4426 4528 4429
f 4535 4531 4530
f 4534 4535 4530
f 4530 4428 4534
f 4534 4428 4431
f 4532 4533 4537
f 4532 4537 4536
f 4532 4536 4432
f 4429 4532 4432
f 4539 4535 4534
f 4538 4539 4534
f 4534 4431 4538
f 4538 4431 4434
f 4536 4537 4541
f 4536 4541 4540
f 4536 4540 4435
f 4432 4536 4435
f 4543 4539 4538
f 4542 4543 4538
f 4538 4437 4542
f 4538 4434 4437
f 4540 4541 4544
f 4540 4544 4545
f 4540 4545 4435
f 4435 4545 4438
f 4547 4543 4542
f 4546 4547 4542
f 4542 4440 4546
f 4437 4440 4542
f 4545 4548 4438
f 4548 4441 4438
f 4550 4547 4546
f 4549 4550 4546
f 4546 4443 4549
f 4440 4443 4546
f 4548 4551 4441
f 4551 4444 4441
f 4553 4550 4549
f 4552 4553 4549
f 4549 4446 4552
f 4443 4446 4549
f 4551 4554 4444
f 4554 4447 4444
f 4556 4553 4552
f 4555 4556 4552
f 4552 4449 4555
f 4446 4449 4552
f 4554 4557 4447
f 4557 4450 4447
f 4559 4556 4555
f 4558 4559 4555
f 4555 4452 4558
f 4449 4452 4555
f 4557 4560 4450
f 4560 4453 4450
f 4562 4559 4558
f 4561 4562 4558
f 4558 4455 4561
f 4452 4455 4558
f 4560 4563 4453
f 4563 4456 4453
f 4565 4562 4561
f 4564 4565 4561
f 4455 4564 4561
f 4455 4566 4564
f 4455 4457 4566
f 4567 4564 4566
f 4566 4457 4456
f 4563 4566 4456
f 4569 4565 4564
f 4568 4569 4564
f 4567 4570 4568
f 4564 4567 4568
f 4572 4569 4568
f 4571 4572 4568
f 4570 4573 4571
f 4568 4570 4571
f 4575 4572 4571
f 4574 4575 4571
f 4573 4576 4574
f 4571 4573 4574
f 4578 4575 4574
f 4577 4578 4574
f 4576 4579 4577
f 4574 4576 4577
f 4581 4578 4577
f 4580 4581 4577
f 4579 4582 4580
f 4577 4579 4580
f 4584 4581 4580
f 4583 4584 4580
f 4582 4585 4583
f 4580 4582 4583
f 4587 4584 4583
f 4586 4587 4583
f 4585 4588 4586
f 4583 4585 4586
f 4590 4587 4586
f 4589 4590 4586
f 4588 4591 4589
f 4586 4588 4589
f 4593 4590 4589
f 4592 4593 4589
f 4591 4594 4592
f 4589 4591 4592
f 4596 4593 4592
f 4595 4596 4592
f 4594 4597 4595
f 4592 4594 4595
f 4599 4596 4595
f 4598 4599 4595
f 4597 4600 4598
f 4595 4597 4598
f 4602 4599 4598
f 4601 4602 4598
f 4601 4598 4459
f 4601 4459 4460
f 4598 4600 4459
f 4603 4459 4604
f 4600 4604 4459
f 4459 4603 4461
f 4606 4602 4601
f 4605 4606 4601
f 4601 4463 4605
f 4601 4460 4463
f 4603 4604 4607
f 4603 4607 4608
f 4603 4608 4461
f 4461 4608 4464
f 4610 4606 4605
f 4609 4610 4605
f 4605 4466 4609
f 4463 4466 4605
f 4608 4611 4464
f 4611 4467 4464
f 4613 4610 4609
f 4612 4613 4609
f 4609 4469 4612
f 4466 4469 4609
f 4611 4614 4467
f 4614 4470 4467
f 4616 4613 4612
f 4615 4616 4612
f 4612 4472 4615
f 4469 4472 4612
f 4614 4617 4470
f 4617 4473 4470
f 4619 4616 4615
f 4618 4619 4615
f 4615 4475 4618
f 4472 4475 4615
f 4617 4620 4473
f 4620 4476 4473
f 4622 4619 4618
f 4621 4622 4618
f 4618 4478 4621
f 4475 4478 4618
f 4620 4623 4476
f 4623 4479 4476
f 4625 4622 4621
f 4624 4625 4621
f 4621 4481 4624
f 4478 4481 4621
f 4623 4626 4479
f 4626 4482 4479
f 4628 4625 4624
f 4627 4628 4624
f 4624 4484 4627
f 4481 4484 4624
f 4626 4629 4482
f 4629 4485 4482
f 4631 4628 4627
f 4630 4631 4627
f 4627 4487 4630
f 4484 4487 4627
f 4629 4632 4485
f 4632 4488 4485
f 4634 4631 4630
f 4633 4634 4630
f 4630 4490 4633
f 4487 4490 4630
f 4632 4635 4488
f 4635 4491 4488
f 4637 4634 4633
f 4636 4637 4633
f 4492 4633 4490
f 4492 4638 4633
f 4638 4636 4633
f 4638 4492 4491
f 4638 4491 4639
f 4639 4491 4635
f 4641 4637 4636
f 4640 4641 4636
f 4636 4638 4640
f 4638 4642 4640
f 4639 4643 4642
f 4638 4639 4642
f 4645 4641 4640
f 4644 4645 4640
f 4640 4642 4644
f 4642 4646 4644
f 4643 4647 4646
f 4642 4643 4646
f 4649 4645 4644
f 4648 4649 4644
f 4644 4646 4648
f 4646 4650 4648
f 4647 4651 4650
f 4646 4647 4650
f 4653 4649 4648
f 4652 4653 4648
f 4648 4650 4652
f 4650 4654 4652
f 4651 4655 4654
f 4650 4651 4654
f 4657 4653 4652
f 4656 4657 4652
f 4652 4654 4656
f 4654 4658 4656
f 4655 4659 4658
f 4654 4655 4658
f 4657 4656 4660
f 4662 4660 4656
f 4662 4656 4661
f 4661 4656 4658
f 4659 4663 4661
f 4658 4659 4661
f 4662 4661 4664
f 4661 4663 4664
f 4667 4666 4665
f 4666 4669 4668
f 4665 4666 4668
f 4669 4670 4668
f 4672 4667 4665
f 4671 4672 4665
f 4665 4668 4671
f 4668 4673 4671
f 4670 4674 4673
f 4668 4670 4673
f 4672 4671 4675
f 4671 4673 4676
f 4675 4671 4676
f 4673 4674 4676
f 4495 4678 4677
f 4494 4495 4677
f 4680 4679 4497
f 4680 4497 4677
f 4677 4497 4494
f 4497 4679 4498
f 4678 4495 4681
f 4681 4495 4500
f 4680 4682 4679
f 4679 4682 4683
f 4679 4683 4498
f 4498 4683 4501
f 4681 4500 4684
f 4684 4500 4503
f 4683 4685 4501
f 4685 4504 4501
f 4684 4503 4686
f 4686 4503 4506
f 4685 4687 4504
f 4687 4507 4504
f 4686 4506 4688
f 4688 4506 4509
f 4687 4689 4507
f 4689 4510 4507
f 4688 4509 4690
f 4690 4509 4512
f 4689 4691 4510
f 4691 4513 4510
f 4690 4512 4692
f 4692 4512 4515
f 4691 4693 4513
f 4693 4516 4513
f 4692 4515 4694
f 4694 4515 4518
f 4521 4695 4696
f 4520 4695 4521
f 4695 4520 4516
f 4693 4695 4516
f 4694 4518 4697
f 4697 4518 4523
f 4696 4698 4521
f 4698 4525 4521
f 4697 4523 4699
f 4699 4523 4527
f 4698 4700 4525
f 4700 4529 4525
f 4699 4527 4701
f 4701 4527 4531
f 4700 4702 4529
f 4702 4533 4529
f 4701 4531 4703
f 4703 4531 4535
f 4702 4704 4533
f 4704 4537 4533
f 4703 4535 4705
f 4705 4535 4539
f 4704 4706 4537
f 4706 4541 4537
f 4705 4539 4707
f 4707 4539 4543
f 4544 4709 4708
f 4544 4541 4709
f 4541 4706 4709
f 4544 4708 4545
f 4707 4543 4710
f 4710 4543 4547
f 4712 4708 4709
f 4711 4708 4712
f 4708 4711 4548
f 4545 4708 4548
f 4710 4547 4713
f 4713 4547 4550
f 4715 4711 4712
f 4714 4711 4715
f 4711 4714 4551
f 4548 4711 4551
f 4713 4550 4716
f 4716 4550 4553
f 4715 4717 4714
f 4714 4717 4718
f 4714 4718 4551
f 4551 4718 4554
f 4716 4553 4719
f 4719 4553 4556
f 4718 4720 4554
f 4720 4557 4554
f 4719 4556 4721
f 4721 4556 4559
f 4724 4722 4723
f 4723 4722 4560
f 4723 4560 4720
f 4720 4560 4557
f 4721 4559 4725
f 4725 4559 4562
f 4727 4722 4724
f 4726 4722 4727
f 4722 4726 4563
f 4560 4722 4563
f 4725 4562 4728
f 4728 4562 4565
f 4726 4567 4566
f 4726 4727 4567
f 4727 4729 4567
f 4726 4566 4563
f 4728 4565 4730
f 4730 4565 4569
f 4729 4731 4567
f 4731 4570 4567
f 4730 4569 4732
f 4732 4569 4572
f 4731 4733 4570
f 4733 4573 4570
f 4732 4572 4734
f 4734 4572 4575
f 4733 4735 4573
f 4735 4576 4573
f 4734 4575 4736
f 4736 4575 4578
f 4735 4737 4576
f 4737 4579 4576
f 4736 4578 4738
f 4738 4578 4581
f 4737 4739 4579
f 4739 4582 4579
f 4738 4581 4740
f 4740 4581 4584
f 4739 4741 4582
f 4741 4585 4582
f 4740 4584 4742
f 4742 4584 4587
f 4743 4741 4744
f 4743 4588 4741
f 4588 4585 4741
f 4744 4745 4743
f 4742 4587 4746
f 4746 4587 4590
f 4747 4588 4743
f 4591 4588 4747
f 4745 4748 4747
f 4743 4745 4747
f 4746 4590 4749
f 4749 4590 4593
f 4750 4591 4747
f 4594 4591 4750
f 4748 4751 4750
f 4747 4748 4750
f 4749 4593 4752
f 4752 4593 4596
f 4753 4594 4750
f 4597 4594 4753
f 4751 4754 4753
f 4750 4751 4753
f 4752 4596 4755
f 4755 4596 4599
f 4756 4597 4753
f 4600 4597 4756
f 4754 4757 4756
f 4753 4754 4756
f 4755 4599 4758
f 4758 4599 4602
f 4759 4600 4756
f 4604 4600 4759
f 4757 4760 4759
f 4756 4757 4759
f 4758 4602 4761
f 4761 4602 4606
f 4759 4607 4604
f 4607 4759 4760
f 4607 4760 4608
f 4608 4760 4762
f 4761 4606 4763
f 4763 4606 4610
f 4762 4764 4608
f 4764 4611 4608
f 4763 4610 4765
f 4765 4610 4613
f 4764 4766 4611
f 4766 4614 4611
f 4765 4613 4767
f 4767 4613 4616
f 4766 4768 4614
f 4768 4617 4614
f 4767 4616 4769
f 4769 4616 4619
f 4768 4770 4617
f 4770 4620 4617
f 4769 4619 4771
f 4771 4619 4622
f 4770 4772 4620
f 4772 4623 4620
f 4771 4622 4773
f 4773 4622 4625
f 4772 4774 4623
f 4774 4626 4623
f 4773 4625 4775
f 4775 4625 4628
f 4774 4776 4626
f 4776 4629 4626
f 4775 4628 4777
f 4777 4628 4631
f 4776 4778 4629
f 4778 4632 4629
f 4777 4631 4779
f 4779 4631 4634
f 4782 4780 4781
f 4781 4780 4635
f 4781 4635 4778
f 4778 4635 4632
f 4779 4634 4783
f 4783 4634 4637
f 4785 4780 4782
f 4784 4780 4785
f 4780 4784 4639
f 4635 4780 4639
f 4783 4637 4786
f 4786 4637 4641
f 4788 4784 4785
f 4787 4784 4788
f 4784 4787 4643
f 4639 4784 4643
f 4786 4641 4789
f 4789 4641 4645
f 4791 4787 4788
f 4790 4787 4791
f 4787 4790 4647
f 4643 4787 4647
f 4789 4645 4792
f 4792 4645 4649
f 4794 4790 4791
f 4793 4790 4794
f 4790 4793 4651
f 4647 4790 4651
f 4792 4649 4795
f 4795 4649 4653
f 4797 4793 4794
f 4796 4793 4797
f 4793 4796 4655
f 4651 4793 4655
f 4795 4653 4798
f 4798 4653 4657
f 4797 4799 4796
f 4796 4799 4800
f 4796 4800 4655
f 4655 4800 4659
f 4660 4801 4802
f 4660 4802 4657
f 4657 4802 4798
f 4660 4662 4801
f 4800 4803 4659
f 4803 4663 4659
f 4805 4802 4801
f 4804 4805 4801
f 4664 4801 4662
f 4664 4806 4801
f 4806 4804 4801
f 4806 4664 4663
f 4806 4663 4807
f 4807 4663 4803
f 4804 4666 4667
f 4804 4667 4805
f 4805 4667 4808
f 4806 4666 4804
f 4669 4666 4806
f 4669 4806 4807
f 4669 4807 4670
f 4670 4807 4809
f 4812 4811 4810
f 4811 4672 4810
f 4811 4808 4672
f 4808 4667 4672
f 4809 4813 4670
f 4813 4674 4670
f 4812 4810 4814
f 4810 4672 4675
f 4810 4675 4814
f 4814 4675 4815
f 4815 4675 4816
f 4675 4676 4816
f 4816 4676 4674
f 4813 4816 4674
f 4819 4818 4817
f 4678 4817 4818
f 4678 4818 4677
f 4677 4818 4820
f 4677 4820 4821
f 4680 4677 4821
f 4823 4819 4817
f 4822 4823 4817
f 4817 4681 4822
f 4678 4681 4817
f 4682 4825 4824
f 4682 4680 4825
f 4680 4821 4825
f 4682 4824 4683
f 4827 4823 4822
f 4826 4827 4822
f 4822 4684 4826
f 4681 4684 4822
f 4825 4828 4824
f 4824 4828 4829
f 4824 4829 4683
f 4683 4829 4685
f 4831 4827 4826
f 4830 4831 4826
f 4826 4686 4830
f 4684 4686 4826
f 4829 4832 4685
f 4832 4687 4685
f 4834 4831 4830
f 4833 4834 4830
f 4830 4688 4833
f 4686 4688 4830
f 4832 4835 4687
f 4835 4689 4687
f 4837 4834 4833
f 4836 4837 4833
f 4833 4690 4836
f 4688 4690 4833
f 4835 4838 4689
f 4838 4691 4689
f 4840 4837 4836
f 4839 4840 4836
f 4836 4692 4839
f 4690 4692 4836
f 4843 4841 4842
f 4842 4841 4693
f 4842 4693 4838
f 4838 4693 4691
f 4845 4840 4839
f 4844 4845 4839
f 4839 4694 4844
f 4692 4694 4839
f 4841 4696 4695
f 4841 4843 4696
f 4843 4846 4696
f 4841 4695 4693
f 4848 4845 4844
f 4847 4848 4844
f 4844 4697 4847
f 4694 4697 4844
f 4846 4849 4696
f 4849 4698 4696
f 4851 4848 4847
f 4850 4851 4847
f 4847 4699 4850
f 4697 4699 4847
f 4849 4852 4698
f 4852 4700 4698
f 4854 4851 4850
f 4853 4854 4850
f 4850 4701 4853
f 4699 4701 4850
f 4855 4852 4856
f 4855 4702 4852
f 4702 4700 4852
f 4856 4857 4855
f 4859 4854 4853
f 4858 4859 4853
f 4853 4703 4858
f 4701 4703 4853
f 4860 4702 4855
f 4704 4702 4860
f 4857 4861 4860
f 4855 4857 4860
f 4863 4859 4858
f 4862 4863 4858
f 4858 4705 4862
f 4703 4705 4858
f 4864 4704 4860
f 4706 4704 4864
f 4861 4865 4864
f 4860 4861 4864
f 4867 4863 4862
f 4866 4867 4862
f 4862 4707 4866
f 4705 4707 4862
f 4868 4706 4864
f 4709 4706 4868
f 4865 4869 4868
f 4864 4865 4868
f 4871 4867 4866
f 4870 4871 4866
f 4866 4710 4870
f 4707 4710 4866
f 4872 4709 4868
f 4712 4709 4872
f 4869 4873 4872
f 4868 4869 4872
f 4875 4871 4870
f 4874 4875 4870
f 4870 4713 4874
f 4710 4713 4870
f 4876 4712 4872
f 4715 4712 4876
f 4873 4877 4876
f 4872 4873 4876
f 4879 4875 4874
f 4878 4879 4874
f 4874 4716 4878
f 4713 4716 4874
f 4876 4717 4715
f 4717 4876 4877
f 4717 4877 4718
f 4718 4877 4880
f 4882 4879 4878
f 4881 4882 4878
f 4878 4719 4881
f 4716 4719 4878
f 4880 4883 4718
f 4883 4720 4718
f 4885 4882 4881
f 4884 4885 4881
f 4881 4721 4884
f 4719 4721 4881
f 4723 4886 4724
f 4886 4723 4720
f 4886 4720 4887
f 4887 4720 4883
f 4889 4885 4884
f 4888 4889 4884
f 4884 4725 4888
f 4721 4725 4884
f 4890 4724 4886
f 4727 4724 4890
f 4887 4891 4890
f 4886 4887 4890
f 4893 4889 4888
f 4892 4893 4888
f 4888 4728 4892
f 4725 4728 4888
f 4894 4727 4890
f 4729 4727 4894
f 4891 4895 4894
f 4890 4891 4894
f 4897 4893 4892
f 4896 4897 4892
f 4892 4730 4896
f 4728 4730 4892
f 4898 4729 4894
f 4731 4729 4898
f 4895 4899 4898
f 4894 4895 4898
f 4901 4897 4896
f 4900 4901 4896
f 4896 4732 4900
f 4730 4732 4896
f 4902 4731 4898
f 4733 4731 4902
f 4899 4903 4902
f 4898 4899 4902
f 4905 4901 4900
f 4904 4905 4900
f 4900 4734 4904
f 4732 4734 4900
f 4906 4733 4902
f 4735 4733 4906
f 4903 4907 4906
f 4902 4903 4906
f 4909 4905 4904
f 4908 4909 4904
f 4904 4736 4908
f 4734 4736 4904
f 4910 4735 4906
f 4737 4735 4910
f 4907 4911 4910
f 4906 4907 4910
f 4913 4909 4908
f 4912 4913 4908
f 4908 4738 4912
f 4736 4738 4908
f 4914 4737 4910
f 4739 4737 4914
f 4911 4915 4914
f 4910 4911 4914
f 4917 4913 4912
f 4916 4917 4912
f 4912 4740 4916
f 4738 4740 4912
f 4918 4739 4914
f 4741 4739 4918
f 4915 4919 4918
f 4914 4915 4918
f 4921 4917 4916
f 4920 4921 4916
f 4916 4742 4920
f 4740 4742 4916
f 4918 4744 4741
f 4744 4918 4919
f 4744 4919 4745
f 4745 4919 4922
f 4924 4921 4920
f 4923 4924 4920
f 4920 4746 4923
f 4742 4746 4920
f 4927 4925 4926
f 4926 4925 4748
f 4926 4748 4922
f 4922 4748 4745
f 4929 4924 4923
f 4928 4929 4923
f 4923 4749 4928
f 4746 4749 4923
f 4927 4930 4925
f 4925 4930 4931
f 4925 4931 4748
f 4748 4931 4751
f 4933 4929 4928
f 4932 4933 4928
f 4928 4752 4932
f 4749 4752 4928
f 4931 4934 4751
f 4934 4754 4751
f 4936 4933 4932
f 4935 4936 4932
f 4932 4755 4935
f 4752 4755 4932
f 4934 4937 4754
f 4937 4757 4754
f 4939 4936 4935
f 4938 4939 4935
f 4935 4758 4938
f 4755 4758 4935
f 4937 4940 4757
f 4940 4760 4757
f 4942 4939 4938
f 4941 4942 4938
f 4938 4761 4941
f 4758 4761 4938
f 4940 4943 4760
f 4943 4762 4760
f 4945 4942 4941
f 4944 4945 4941
f 4941 4763 4944
f 4761 4763 4941
f 4943 4946 4762
f 4946 4764 4762
f 4948 4945 4944
f 4947 4948 4944
f 4944 4765 4947
f 4763 4765 4944
f 4946 4949 4764
f 4949 4766 4764
f 4951 4948 4947
f 4950 4951 4947
f 4947 4767 4950
f 4765 4767 4947
f 4949 4952 4766
f 4952 4768 4766
f 4954 4951 4950
f 4953 4954 4950
f 4950 4769 4953
f 4767 4769 4950
f 4952 4955 4768
f 4955 4770 4768
f 4957 4954 4953
f 4956 4957 4953
f 4953 4771 4956
f 4769 4771 4953
f 4955 4958 4770
f 4958 4772 4770
f 4960 4957 4956
f 4959 4960 4956
f 4956 4773 4959
f 4771 4773 4956
f 4958 4961 4772
f 4961 4774 4772
f 4963 4960 4959
f 4962 4963 4959
f 4959 4775 4962
f 4773 4775 4959
f 4961 4964 4774
f 4964 4776 4774
f 4966 4963 4962
f 4965 4966 4962
f 4962 4777 4965
f 4775 4777 4962
f 4964 4967 4776
f 4967 4778 4776
f 4969 4966 4965
f 4968 4969 4965
f 4965 4779 4968
f 4777 4779 4965
f 4781 4970 4782
f 4970 4781 4778
f 4970 4778 4971
f 4971 4778 4967
f 4973 4969 4968
f 4972 4973 4968
f 4968 4783 4972
f 4779 4783 4968
f 4974 4782 4970
f 4785 4782 4974
f 4971 4975 4974
f 4970 4971 4974
f 4977 4973 4972
f 4976 4977 4972
f 4972 4786 4976
f 4783 4786 4972
f 4978 4785 4974
f 4788 4785 4978
f 4975 4979 4978
f 4974 4975 4978
f 4981 4977 4976
f 4980 4981 4976
f 4976 4789 4980
f 4786 4789 4976
f 4982 4788 4978
f 4791 4788 4982
f 4979 4983 4982
f 4978 4979 4982
f 4985 4981 4980
f 4984 4985 4980
f 4980 4792 4984
f 4789 4792 4980
f 4986 4791 4982
f 4794 4791 4986
f 4983 4987 4986
f 4982 4983 4986
f 4989 4985 4984
f 4988 4989 4984
f 4984 4795 4988
f 4792 4795 4984
f 4990 4794 4986
f 4797 4794 4990
f 4987 4991 4990
f 4986 4987 4990
f 4993 4989 4988
f 4992 4993 4988
f 4988 4798 4992
f 4795 4798 4988
f 4990 4799 4797
f 4799 4990 4991
f 4799 4991 4800
f 4800 4991 4994
f 4996 4993 4992
f 4995 4996 4992
f 4992 4802 4995
f 4798 4802 4992
f 4994 4997 4800
f 4997 4803 4800
f 4999 4996 4995
f 4998 4999 4995
f 4995 4805 4998
f 4802 4805 4995
f 4997 5000 4803
f 5000 4807 4803
f 5002 4999 4998
f 5001 5002 4998
f 4998 4808 5001
f 4805 4808 4998
f 5000 5003 4807
f 5003 4809 4807
f 5001 4811 4812
f 5001 4812 5002
f 5002 4812 5004
f 5001 4808 4811
f 5003 5005 4809
f 5005 4813 4809
f 5004 4812 4814
f 5006 5004 4814
f 5006 4814 5007
f 4814 4815 5007
f 5007 4815 5008
f 4815 4816 5008
f 5008 4816 4813
f 5005 5008 4813
f 4819 5010 5009
f 4818 4819 5009
f 5009 5011 4818
f 4818 5011 4820
f 4820 5011 5012
f 4821 4820 5012
f 5010 4819 5013
f 5013 4819 4823
f 5012 5014 4821
f 5014 4825 4821
f 5013 4823 5015
f 5015 4823 4827
f 4828 5017 5016
f 4828 4825 5017
f 4825 5014 5017
f 4828 5016 4829
f 5015 4827 5018
f 5018 4827 4831
f 5017 5019 5016
f 5016 5019 5020
f 5016 5020 4829
f 4829 5020 4832
f 5018 4831 5021
f 5021 4831 4834
f 5024 5022 5023
f 5023 5022 4835
f 5023 4835 5020
f 5020 4835 4832
f 5027 5026 5025
f 5026 4837 5025
f 5026 5021 4837
f 5021 4834 4837
f 5029 5022 5024
f 5028 5022 5029
f 5022 5028 4838
f 4835 5022 4838
f 5031 5027 5025
f 5030 5031 5025
f 5025 4840 5030
f 4837 4840 5025
f 5028 4843 4842
f 5028 5029 4843
f 5029 5032 4843
f 5028 4842 4838
f 5034 5031 5030
f 5033 5034 5030
f 5030 4845 5033
f 4840 4845 5030
f 5032 5035 4843
f 5035 4846 4843
f 5037 5034 5033
f 5036 5037 5033
f 5033 4848 5036
f 4845 4848 5033
f 5035 5038 4846
f 5038 4849 4846
f 5040 5037 5036
f 5039 5040 5036
f 5036 4851 5039
f 4848 4851 5036
f 5038 5041 4849
f 5041 4852 4849
f 5043 5040 5039
f 5042 5043 5039
f 5039 4854 5042
f 4851 4854 5039
f 4856 5045 5044
f 4856 4852 5045
f 4852 5041 5045
f 4856 5044 4857
f 5047 5043 5042
f 5046 5047 5042
f 5042 4859 5046
f 4854 4859 5042
f 5045 5048 5044
f 5044 5048 5049
f 5044 5049 4857
f 4857 5049 4861
f 5051 5047 5046
f 5050 5051 5046
f 5046 4863 5050
f 4859 4863 5046
f 5049 5052 4861
f 5052 4865 4861
f 5054 5051 5050
f 5053 5054 5050
f 5050 4867 5053
f 4863 4867 5050
f 5052 5055 4865
f 5055 4869 4865
f 5057 5054 5053
f 5056 5057 5053
f 5053 4871 5056
f 4867 4871 5053
f 5055 5058 4869
f 5058 4873 4869
f 5060 5057 5056
f 5059 5060 5056
f 5056 4875 5059
f 4871 4875 5056
f 5058 5061 4873
f 5061 4877 4873
f 5063 5060 5059
f 5062 5063 5059
f 5059 4879 5062
f 4875 4879 5059
f 5061 5064 4877
f 5064 4880 4877
f 5066 5063 5062
f 5065 5066 5062
f 5062 4882 5065
f 4879 4882 5062
f 5064 5067 4880
f 5067 4883 4880
f 5069 5066 5065
f 5068 5069 5065
f 5065 4885 5068
f 4882 4885 5065
f 5067 5070 4883
f 5070 4887 4883
f 5072 5069 5068
f 5071 5072 5068
f 5068 4889 5071
f 4885 4889 5068
f 5070 5073 4887
f 5073 4891 4887
f 5075 5072 5071
f 5074 5075 5071
f 5071 4893 5074
f 4889 4893 5071
f 5073 5076 4891
f 5076 4895 4891
f 5078 5075 5074
f 5077 5078 5074
f 5074 4897 5077
f 4893 4897 5074
f 5081 5079 5080
f 5080 5079 4899
f 5080 4899 5076
f 5076 4899 4895
f 5083 5078 5077
f 5082 5083 5077
f 5077 4901 5082
f 4897 4901 5077
f 5085 5079 5081
f 5084 5079 5085
f 5079 5084 4903
f 4899 5079 4903
f 5087 5083 5082
f 5086 5087 5082
f 5082 4905 5086
f 4901 4905 5082
f 5089 5084 5085
f 5088 5084 5089
f 5084 5088 4907
f 4903 5084 4907
f 5091 5087 5086
f 5090 5091 5086
f 5086 4909 5090
f 4905 4909 5086
f 5093 5088 5089
f 5092 5088 5093
f 5088 5092 4911
f 4907 5088 4911
f 5095 5091 5090
f 5094 5095 5090
f 5090 4913 5094
f 4909 4913 5090
f 5097 5092 5093
f 5096 5092 5097
f 5092 5096 4915
f 4911 5092 4915
f 5099 5095 5094
f 5098 5099 5094
f 5094 4917 5098
f 4913 4917 5094
f 5101 5096 5097
f 5100 5096 5101
f 5096 5100 4919
f 4915 5096 4919
f 5103 5099 5098
f 5102 5103 5098
f 5098 4921 5102
f 4917 4921 5098
f 5105 5100 5101
f 5104 5100 5105
f 5100 5104 4922
f 4919 5100 4922
f 5107 5103 5102
f 5106 5107 5102
f 5102 4924 5106
f 4921 4924 5102
f 5104 4927 4926
f 5104 5105 4927
f 5105 5108 4927
f 5104 4926 4922
f 5110 5107 5106
f 5109 5110 5106
f 5106 4929 5109
f 4924 4929 5106
f 4930 5112 5111
f 4930 4927 5112
f 4927 5108 5112
f 4930 5111 4931
f 5114 5110 5109
f 5113 5114 5109
f 5109 4933 5113
f 4929 4933 5109
f 5116 5111 5112
f 5115 5111 5116
f 5111 5115 4934
f 4931 5111 4934
f 5118 5114 5113
f 5117 5118 5113
f 5113 4936 5117
f 4933 4936 5113
f 5120 5115 5116
f 5119 5115 5120
f 5115 5119 4937
f 4934 5115 4937
f 5122 5118 5117
f 5121 5122 5117
f 5117 4939 5121
f 4936 4939 5117
f 5124 5119 5120
f 5123 5119 5124
f 5119 5123 4940
f 4937 5119 4940
f 5126 5122 5121
f 5125 5126 5121
f 5121 4942 5125
f 4939 4942 5121
f 5128 5123 5124
f 5127 5123 5128
f 5123 5127 4943
f 4940 5123 4943
f 5130 5126 5125
f 5129 5130 5125
f 5125 4945 5129
f 4942 4945 5125
f 5132 5127 5128
f 5131 5127 5132
f 5127 5131 4946
f 4943 5127 4946
f 5134 5130 5129
f 5133 5134 5129
f 5129 4948 5133
f 4945 4948 5129
f 5136 5131 5132
f 5135 5131 5136
f 5131 5135 4949
f 4946 5131 4949
f 5138 5134 5133
f 5137 5138 5133
f 5133 4951 5137
f 4948 4951 5133
f 5140 5135 5136
f 5139 5135 5140
f 5135 5139 4952
f 4949 5135 4952
f 5142 5138 5137
f 5141 5142 5137
f 5137 4954 5141
f 4951 4954 5137
f 5144 5139 5140
f 5143 5139 5144
f 5139 5143 4955
f 4952 5139 4955
f 5146 5142 5141
f 5145 5146 5141
f 5141 4957 5145
f 4954 4957 5141
f 5148 5143 5144
f 5147 5143 5148
f 5143 5147 4958
f 4955 5143 4958
f 5150 5146 5145
f 5149 5150 5145
f 5145 4960 5149
f 4957 4960 5145
f 5152 5147 5148
f 5151 5147 5152
f 5147 5151 4961
f 4958 5147 4961
f 5154 5150 5149
f 5153 5154 5149
f 5149 4963 5153
f 4960 4963 5149
f 5156 5151 5152
f 5155 5151 5156
f 5151 5155 4964
f 4961 5151 4964
f 5158 5154 5153
f 5157 5158 5153
f 5153 4966 5157
f 4963 4966 5153
f 5160 5155 5156
f 5159 5155 5160
f 5155 5159 4967
f 4964 5155 4967
f 5162 5158 5157
f 5161 5162 5157
f 5157 4969 5161
f 4966 4969 5157
f 5160 5163 5159
f 5159 5163 5164
f 5159 5164 4967
f 4967 5164 4971
f 5166 5162 5161
f 5165 5166 5161
f 5161 4973 5165
f 4969 4973 5161
f 5164 5167 4971
f 5167 4975 4971
f 5169 5166 5165
f 5168 5169 5165
f 5165 4977 5168
f 4973 4977 5165
f 5167 5170 4975
f 5170 4979 4975
f 5172 5169 5168
f 5171 5172 5168
f 5168 4981 5171
f 4977 4981 5168
f 5170 5173 4979
f 5173 4983 4979
f 5175 5172 5171
f 5174 5175 5171
f 5171 4985 5174
f 4981 4985 5171
f 5173 5176 4983
f 5176 4987 4983
f 5178 5175 5174
f 5177 5178 5174
f 5174 4989 5177
f 4985 4989 5174
f 5176 5179 4987
f 5179 4991 4987
f 5181 5178 5177
f 5180 5181 5177
f 5177 4993 5180
f 4989 4993 5177
f 5179 5182 4991
f 5182 4994 4991
f 5184 5181 5180
f 5183 5184 5180
f 5180 4996 5183
f 4993 4996 5180
f 5182 5185 4994
f 5185 4997 4994
f 5187 5184 5183
f 5186 5187 5183
f 5183 4999 5186
f 4996 4999 5183
f 5185 5188 4997
f 5188 5000 4997
f 5190 5187 5186
f 5189 5190 5186
f 5186 5002 5189
f 4999 5002 5186
f 5188 5191 5000
f 5191 5003 5000
f 5190 5189 5192
f 5189 5193 5192
f 5189 5002 5193
f 5002 5004 5193
f 5196 5194 5195
f 5195 5194 5005
f 5195 5005 5191
f 5191 5005 5003
f 5193 5004 5006
f 5197 5193 5006
f 5197 5006 5198
f 5006 5007 5198
f 5194 5196 5198
f 5194 5198 5008
f 5008 5198 5007
f 5194 5008 5005
f 5010 5200 5199
f 5009 5010 5199
f 5199 5201 5009
f 5009 5201 5011
f 5011 5201 5202
f 5012 5011 5202
f 5205 5204 5203
f 5204 5013 5203
f 5204 5200 5013
f 5200 5010 5013
f 5202 5206 5012
f 5206 5014 5012
f 5208 5205 5203
f 5207 5208 5203
f 5203 5015 5207
f 5013 5015 5203
f 5206 5209 5014
f 5209 5017 5014
f 5211 5208 5207
f 5210 5211 5207
f 5207 5018 5210
f 5015 5018 5207
f 5019 5213 5212
f 5019 5017 5213
f 5017 5209 5213
f 5019 5212 5020
f 5215 5211 5210
f 5214 5215 5210
f 5210 5021 5214
f 5018 5021 5210
f 5212 5024 5023
f 5212 5213 5024
f 5213 5216 5024
f 5212 5023 5020
f 5214 5026 5027
f 5214 5027 5215
f 5215 5027 5217
f 5214 5021 5026
f 5216 5218 5024
f 5218 5029 5024
f 5217 5027 5219
f 5219 5027 5031
f 5218 5220 5029
f 5220 5032 5029
f 5219 5031 5221
f 5221 5031 5034
f 5220 5222 5032
f 5222 5035 5032
f 5221 5034 5223
f 5223 5034 5037
f 5222 5224 5035
f 5224 5038 5035
f 5223 5037 5225
f 5225 5037 5040
f 5224 5226 5038
f 5226 5041 5038
f 5225 5040 5227
f 5227 5040 5043
f 5226 5228 5041
f 5228 5045 5041
f 5227 5043 5229
f 5229 5043 5047
f 5048 5231 5230
f 5048 5045 5231
f 5045 5228 5231
f 5048 5230 5049
f 5229 5047 5232
f 5232 5047 5051
f 5234 5230 5231
f 5233 5230 5234
f 5230 5233 5052
f 5049 5230 5052
f 5232 5051 5235
f 5235 5051 5054
f 5237 5233 5234
f 5236 5233 5237
f 5233 5236 5055
f 5052 5233 5055
f 5235 5054 5238
f 5238 5054 5057
f 5240 5236 5237
f 5239 5236 5240
f 5236 5239 5058
f 5055 5236 5058
f 5238 5057 5241
f 5241 5057 5060
f 5243 5239 5240
f 5242 5239 5243
f 5239 5242 5061
f 5058 5239 5061
f 5241 5060 5244
f 5244 5060 5063
f 5246 5242 5243
f 5245 5242 5246
f 5242 5245 5064
f 5061 5242 5064
f 5244 5063 5247
f 5247 5063 5066
f 5249 5245 5246
f 5248 5245 5249
f 5245 5248 5067
f 5064 5245 5067
f 5247 5066 5250
f 5250 5066 5069
f 5252 5248 5249
f 5251 5248 5252
f 5248 5251 5070
f 5067 5248 5070
f 5250 5069 5253
f 5253 5069 5072
f 5255 5251 5252
f 5254 5251 5255
f 5251 5254 5073
f 5070 5251 5073
f 5253 5072 5256
f 5256 5072 5075
f 5258 5254 5255
f 5257 5254 5258
f 5254 5257 5076
f 5073 5254 5076
f 5256 5075 5259
f 5259 5075 5078
f 5257 5081 5080
f 5257 5258 5081
f 5258 5260 5081
f 5257 5080 5076
f 5259 5078 5261
f 5261 5078 5083
f 5260 5262 5081
f 5262 5085 5081
f 5261 5083 5263
f 5263 5083 5087
f 5262 5264 5085
f 5264 5089 5085
f 5263 5087 5265
f 5265 5087 5091
f 5264 5266 5089
f 5266 5093 5089
f 5265 5091 5267
f 5267 5091 5095
f 5266 5268 5093
f 5268 5097 5093
f 5267 5095 5269
f 5269 5095 5099
f 5268 5270 5097
f 5270 5101 5097
f 5269 5099 5271
f 5271 5099 5103
f 5270 5272 5101
f 5272 5105 5101
f 5271 5103 5273
f 5273 5103 5107
f 5272 5274 5105
f 5274 5108 5105
f 5273 5107 5275
f 5275 5107 5110
f 5274 5276 5108
f 5276 5112 5108
f 5275 5110 5277
f 5277 5110 5114
f 5276 5278 5112
f 5278 5116 5112
f 5277 5114 5279
f 5279 5114 5118
f 5278 5280 5116
f 5280 5120 5116
f 5279 5118 5281
f 5281 5118 5122
f 5280 5282 5120
f 5282 5124 5120
f 5281 5122 5283
f 5283 5122 5126
f 5282 5284 5124
f 5284 5128 5124
f 5283 5126 5285
f 5285 5126 5130
f 5284 5286 5128
f 5286 5132 5128
f 5285 5130 5287
f 5287 5130 5134
f 5286 5288 5132
f 5288 5136 5132
f 5287 5134 5289
f 5289 5134 5138
f 5288 5290 5136
f 5290 5140 5136
f 5289 5138 5291
f 5291 5138 5142
f 5290 5292 5140
f 5292 5144 5140
f 5291 5142 5293
f 5293 5142 5146
f 5292 5294 5144
f 5294 5148 5144
f 5293 5146 5295
f 5295 5146 5150
f 5294 5296 5148
f 5296 5152 5148
f 5295 5150 5297
f 5297 5150 5154
f 5296 5298 5152
f 5298 5156 5152
f 5297 5154 5299
f 5299 5154 5158
f 5298 5300 5156
f 5300 5160 5156
f 5299 5158 5301
f 5301 5158 5162
f 5163 5303 5302
f 5163 5160 5303
f 5160 5300 5303
f 5163 5302 5164
f 5301 5162 5304
f 5304 5162 5166
f 5306 5302 5303
f 5305 5302 5306
f 5302 5305 5167
f 5164 5302 5167
f 5304 5166 5307
f 5307 5166 5169
f 5309 5305 5306
f 5308 5305 5309
f 5305 5308 5170
f 5167 5305 5170
f 5307 5169 5310
f 5310 5169 5172
f 5309 5311 5308
f 5308 5311 5312
f 5308 5312 5170
f 5170 5312 5173
f 5310 5172 5313
f 5313 5172 5175
f 5312 5314 5173
f 5314 5176 5173
f 5313 5175 5315
f 5315 5175 5178
f 5314 5316 5176
f 5316 5179 5176
f 5315 5178 5317
f 5317 5178 5181
f 5316 5318 5179
f 5318 5182 5179
f 5317 5181 5319
f 5319 5181 5184
f 5318 5320 5182
f 5320 5185 5182
f 5319 5184 5321
f 5321 5184 5187
f 5324 5322 5323
f 5323 5322 5188
f 5323 5188 5320
f 5320 5188 5185
f 5321 5187 5325
f 5325 5187 5190
f 5327 5322 5324
f 5326 5322 5327
f 5322 5326 5191
f 5188 5322 5191
f 5192 5328 5329
f 5192 5329 5190
f 5190 5329 5325
f 5192 5193 5328
f 5326 5196 5195
f 5326 5327 5196
f 5327 5330 5196
f 5326 5195 5191
f 5329 5328 5331
f 5328 5193 5197
f 5328 5197 5331
f 5331 5197 5332
f 5332 5197 5333
f 5197 5198 5333
f 5333 5198 5196
f 5330 5333 5196
f 5200 5335 5334
f 5199 5200 5334
f 5334 5336 5199
f 5199 5336 5201
f 5201 5336 5337
f 5202 5201 5337
f 5205 5339 5338
f 5204 5205 5338
f 5338 5200 5204
f 5335 5200 5338
f 5337 5340 5202
f 5340 5206 5202
f 5339 5205 5341
f 5341 5205 5208
f 5342 5340 5343
f 5342 5209 5340
f 5209 5206 5340
f 5343 5344 5342
f 5341 5208 5345
f 5345 5208 5211
f 5346 5209 5342
f 5213 5209 5346
f 5344 5347 5346
f 5342 5344 5346
f 5345 5211 5348
f 5348 5211 5215
f 5349 5213 5346
f 5216 5213 5349
f 5347 5350 5349
f 5346 5347 5349
f 5348 5215 5351
f 5351 5215 5217
f 5352 5216 5349
f 5218 5216 5352
f 5350 5353 5352
f 5349 5350 5352
f 5351 5217 5354
f 5354 5217 5219
f 5355 5218 5352
f 5220 5218 5355
f 5353 5356 5355
f 5352 5353 5355
f 5354 5219 5357
f 5357 5219 5221
f 5358 5220 5355
f 5358 5359 5220
f 5359 5222 5220
f 5355 5356 5358
f 5357 5221 5360
f 5360 5221 5223
f 5359 5361 5222
f 5361 5224 5222
f 5360 5223 5362
f 5362 5223 5225
f 5361 5363 5224
f 5363 5226 5224
f 5362 5225 5364
f 5364 5225 5227
f 5363 5365 5226
f 5365 5228 5226
f 5364 5227 5366
f 5366 5227 5229
f 5365 5367 5228
f 5367 5231 5228
f 5366 5229 5368
f 5368 5229 5232
f 5367 5369 5231
f 5369 5234 5231
f 5368 5232 5370
f 5370 5232 5235
f 5369 5371 5234
f 5371 5237 5234
f 5370 5235 5372
f 5372 5235 5238
f 5371 5373 5237
f 5373 5240 5237
f 5372 5238 5374
f 5374 5238 5241
f 5373 5375 5240
f 5375 5243 5240
f 5374 5241 5376
f 5376 5241 5244
f 5375 5377 5243
f 5377 5246 5243
f 5376 5244 5378
f 5378 5244 5247
f 5377 5379 5246
f 5379 5249 5246
f 5378 5247 5380
f 5380 5247 5250
f 5379 5381 5249
f 5381 5252 5249
f 5380 5250 5382
f 5382 5250 5253
f 5381 5383 5252
f 5383 5255 5252
f 5382 5253 5384
f 5384 5253 5256
f 5383 5385 5255
f 5385 5258 5255
f 5384 5256 5386
f 5386 5256 5259
f 5385 5387 5258
f 5387 5260 5258
f 5386 5259 5388
f 5388 5259 5261
f 5389 5387 5390
f 5389 5262 5387
f 5262 5260 5387
f 5390 5391 5389
f 5388 5261 5392
f 5392 5261 5263
f 5393 5262 5389
f 5264 5262 5393
f 5391 5394 5393
f 5389 5391 5393
f 5392 5263 5395
f 5395 5263 5265
f 5396 5264 5393
f 5266 5264 5396
f 5394 5397 5396
f 5393 5394 5396
f 5395 5265 5398
f 5398 5265 5267
f 5399 5266 5396
f 5399 5400 5266
f 5400 5268 5266
f 5396 5397 5399
f 5398 5267 5401
f 5401 5267 5269
f 5400 5402 5268
f 5402 5270 5268
f 5401 5269 5403
f 5403 5269 5271
f 5402 5404 5270
f 5404 5272 5270
f 5403 5271 5405
f 5405 5271 5273
f 5404 5406 5272
f 5406 5274 5272
f 5405 5273 5407
f 5407 5273 5275
f 5406 5408 5274
f 5408 5276 5274
f 5407 5275 5409
f 5409 5275 5277
f 5408 5410 5276
f 5410 5278 5276
f 5409 5277 5411
f 5411 5277 5279
f 5410 5412 5278
f 5412 5280 5278
f 5411 5279 5413
f 5413 5279 5281
f 5412 5414 5280
f 5414 5282 5280
f 5413 5281 5415
f 5415 5281 5283
f 5414 5416 5282
f 5416 5284 5282
f 5415 5283 5417
f 5417 5283 5285
f 5418 5416 5419
f 5418 5286 5416
f 5286 5284 5416
f 5419 5420 5418
f 5417 5285 5421
f 5421 5285 5287
f 5422 5286 5418
f 5288 5286 5422
f 5420 5423 5422
f 5418 5420 5422
f 5421 5287 5424
f 5424 5287 5289
f 5425 5288 5422
f 5290 5288 5425
f 5423 5426 5425
f 5422 5423 5425
f 5424 5289 5427
f 5427 5289 5291
f 5428 5290 5425
f 5292 5290 5428
f 5426 5429 5428
f 5425 5426 5428
f 5427 5291 5430
f 5430 5291 5293
f 5431 5292 5428
f 5294 5292 5431
f 5429 5432 5431
f 5428 5429 5431
f 5430 5293 5433
f 5433 5293 5295
f 5434 5294 5431
f 5296 5294 5434
f 5432 5435 5434
f 5431 5432 5434
f 5433 5295 5436
f 5436 5295 5297
f 5437 5296 5434
f 5298 5296 5437
f 5435 5438 5437
f 5434 5435 5437
f 5436 5297 5439
f 5439 5297 5299
f 5440 5298 5437
f 5300 5298 5440
f 5438 5441 5440
f 5437 5438 5440
f 5439 5299 5442
f 5442 5299 5301
f 5443 5300 5440
f 5303 5300 5443
f 5441 5444 5443
f 5440 5441 5443
f 5442 5301 5445
f 5445 5301 5304
f 5446 5303 5443
f 5306 5303 5446
f 5444 5447 5446
f 5443 5444 5446
f 5445 5304 5448
f 5448 5304 5307
f 5449 5306 5446
f 5309 5306 5449
f 5447 5450 5449
f 5446 5447 5449
f 5448 5307 5451
f 5451 5307 5310
f 5449 5311 5309
f 5311 5449 5450
f 5311 5450 5312
f 5312 5450 5452
f 5451 5310 5453
f 5453 5310 5313
f 5452 5454 5312
f 5454 5314 5312
f 5453 5313 5455
f 5455 5313 5315
f 5454 5456 5314
f 5456 5316 5314
f 5455 5315 5457
f 5457 5315 5317
f 5456 5458 5316
f 5458 5318 5316
f 5457 5317 5459
f 5459 5317 5319
f 5458 5460 5318
f 5460 5320 5318
f 5459 5319 5461
f 5461 5319 5321
f 5324 5462 5463
f 5323 5462 5324
f 5462 5323 5320
f 5460 5462 5320
f 5461 5321 5464
f 5464 5321 5325
f 5463 5465 5324
f 5465 5327 5324
f 5464 5325 5466
f 5466 5325 5329
f 5465 5467 5327
f 5467 5330 5327
f 5466 5329 5331
f 5468 5466 5331
f 5468 5331 5469
f 5331 5332 5469
f 5469 5332 5470
f 5332 5333 5470
f 5470 5333 5330
f 5467 5470 5330
f 5335 5472 5471
f 5334 5335 5471
f 5471 5473 5334
f 5334 5473 5336
f 5336 5473 5474
f 5337 5336 5474
f 5339 5476 5475
f 5338 5339 5475
f 5475 5335 5338
f 5472 5335 5475
f 5474 5477 5337
f 5477 5340 5337
f 5476 5339 5478
f 5478 5339 5341
f 5343 5480 5479
f 5343 5340 5480
f 5340 5477 5480
f 5343 5479 5344
f 5478 5341 5481
f 5481 5341 5345
f 5480 5482 5479
f 5479 5482 5483
f 5479 5483 5344
f 5344 5483 5347
f 5481 5345 5484
f 5484 5345 5348
f 5483 5485 5347
f 5485 5350 5347
f 5484 5348 5486
f 5486 5348 5351
f 5485 5487 5350
f 5487 5353 5350
f 5486 5351 5488
f 5488 5351 5354
f 5487 5489 5353
f 5489 5356 5353
f 5488 5354 5490
f 5490 5354 5357
f 5358 5491 5359
f 5491 5358 5356
f 5491 5356 5492
f 5492 5356 5489
f 5490 5357 5493
f 5493 5357 5360
f 5494 5359 5491
f 5361 5359 5494
f 5492 5495 5494
f 5491 5492 5494
f 5493 5360 5496
f 5496 5360 5362
f 5497 5361 5494
f 5363 5361 5497
f 5495 5498 5497
f 5494 5495 5497
f 5496 5362 5499
f 5499 5362 5364
f 5500 5363 5497
f 5365 5363 5500
f 5498 5501 5500
f 5497 5498 5500
f 5499 5364 5502
f 5502 5364 5366
f 5503 5365 5500
f 5367 5365 5503
f 5501 5504 5503
f 5500 5501 5503
f 5502 5366 5505
f 5505 5366 5368
f 5506 5367 5503
f 5369 5367 5506
f 5504 5507 5506
f 5503 5504 5506
f 5505 5368 5508
f 5508 5368 5370
f 5509 5369 5506
f 5371 5369 5509
f 5507 5510 5509
f 5506 5507 5509
f 5508 5370 5511
f 5511 5370 5372
f 5512 5371 5509
f 5373 5371 5512
f 5510 5513 5512
f 5509 5510 5512
f 5511 5372 5514
f 5514 5372 5374
f 5515 5373 5512
f 5375 5373 5515
f 5513 5516 5515
f 5512 5513 5515
f 5514 5374 5517
f 5517 5374 5376
f 5518 5375 5515
f 5377 5375 5518
f 5516 5519 5518
f 5515 5516 5518
f 5517 5376 5520
f 5520 5376 5378
f 5521 5377 5518
f 5379 5377 5521
f 5519 5522 5521
f 5518 5519 5521
f 5520 5378 5523
f 5523 5378 5380
f 5524 5379 5521
f 5381 5379 5524
f 5522 5525 5524
f 5521 5522 5524
f 5523 5380 5526
f 5526 5380 5382
f 5527 5381 5524
f 5383 5381 5527
f 5525 5528 5527
f 5524 5525 5527
f 5526 5382 5529
f 5529 5382 5384
f 5530 5383 5527
f 5385 5383 5530
f 5528 5531 5530
f 5527 5528 5530
f 5529 5384 5532
f 5532 5384 5386
f 5533 5385 5530
f 5387 5385 5533
f 5531 5534 5533
f 5530 5531 5533
f 5532 5386 5535
f 5535 5386 5388
f 5533 5390 5387
f 5390 5533 5534
f 5390 5534 5391
f 5391 5534 5536
f 5535 5388 5537
f 5537 5388 5392
f 5536 5538 5391
f 5538 5394 5391
f 5541 5540 5539
f 5540 5395 5539
f 5540 5537 5395
f 5537 5392 5395
f 5538 5542 5394
f 5542 5397 5394
f 5544 5541 5539
f 5543 5544 5539
f 5539 5398 5543
f 5395 5398 5539
f 5399 5545 5400
f 5545 5399 5397
f 5545 5397 5546
f 5546 5397 5542
f 5548 5544 5543
f 5547 5548 5543
f 5543 5401 5547
f 5398 5401 5543
f 5549 5400 5545
f 5402 5400 5549
f 5546 5550 5549
f 5545 5546 5549
f 5552 5548 5547
f 5551 5552 5547
f 5547 5403 5551
f 5401 5403 5547
f 5553 5402 5549
f 5404 5402 5553
f 5550 5554 5553
f 5549 5550 5553
f 5556 5552 5551
f 5555 5556 5551
f 5551 5405 5555
f 5403 5405 5551
f 5557 5404 5553
f 5406 5404 5557
f 5554 5558 5557
f 5553 5554 5557
f 5560 5556 5555
f 5559 5560 5555
f 5555 5407 5559
f 5405 5407 5555
f 5561 5406 5557
f 5408 5406 5561
f 5558 5562 5561
f 5557 5558 5561
f 5564 5560 5559
f 5563 5564 5559
f 5559 5409 5563
f 5407 5409 5559
f 5565 5408 5561
f 5410 5408 5565
f 5562 5566 5565
f 5561 5562 5565
f 5568 5564 5563
f 5567 5568 5563
f 5563 5411 5567
f 5409 5411 5563
f 5569 5410 5565
f 5412 5410 5569
f 5566 5570 5569
f 5565 5566 5569
f 5572 5568 5567
f 5571 5572 5567
f 5567 5413 5571
f 5411 5413 5567
f 5573 5412 5569
f 5573 5574 5412
f 5574 5414 5412
f 5569 5570 5573
f 5576 5572 5571
f 5575 5576 5571
f 5571 5415 5575
f 5413 5415 5571
f 5574 5577 5414
f 5577 5416 5414
f 5579 5576 5575
f 5578 5579 5575
f 5575 5417 5578
f 5415 5417 5575
f 5419 5581 5580
f 5419 5416 5581
f 5416 5577 5581
f 5419 5580 5420
f 5583 5579 5578
f 5582 5583 5578
f 5578 5421 5582
f 5417 5421 5578
f 5585 5580 5581
f 5584 5580 5585
f 5580 5584 5423
f 5420 5580 5423
f 5583 5582 5586
f 5582 5587 5586
f 5582 5421 5587
f 5421 5424 5587
f 5585 5588 5584
f 5584 5588 5589
f 5584 5589 5423
f 5423 5589 5426
f 5587 5424 5590
f 5590 5424 5427
f 5589 5591 5426
f 5591 5429 5426
f 5590 5427 5592
f 5592 5427 5430
f 5591 5593 5429
f 5593 5432 5429
f 5592 5430 5594
f 5594 5430 5433
f 5593 5595 5432
f 5595 5435 5432
f 5594 5433 5596
f 5596 5433 5436
f 5595 5597 5435
f 5597 5438 5435
f 5596 5436 5598
f 5598 5436 5439
f 5597 5599 5438
f 5599 5441 5438
f 5598 5439 5600
f 5600 5439 5442
f 5603 5601 5602
f 5602 5601 5444
f 5602 5444 5599
f 5599 5444 5441
f 5600 5442 5604
f 5604 5442 5445
f 5606 5601 5603
f 5605 5601 5606
f 5601 5605 5447
f 5444 5601 5447
f 5609 5608 5607
f 5608 5448 5607
f 5608 5604 5448
f 5604 5445 5448
f 5611 5605 5606
f 5610 5605 5611
f 5605 5610 5450
f 5447 5605 5450
f 5613 5609 5607
f 5612 5613 5607
f 5607 5451 5612
f 5448 5451 5607
f 5615 5610 5611
f 5614 5610 5615
f 5610 5614 5452
f 5450 5610 5452
f 5617 5613 5612
f 5616 5617 5612
f 5612 5453 5616
f 5451 5453 5612
f 5619 5614 5615
f 5618 5614 5619
f 5614 5618 5454
f 5452 5614 5454
f 5621 5617 5616
f 5620 5621 5616
f 5616 5455 5620
f 5453 5455 5616
f 5623 5618 5619
f 5622 5618 5623
f 5618 5622 5456
f 5454 5618 5456
f 5625 5621 5620
f 5624 5625 5620
f 5620 5457 5624
f 5455 5457 5620
f 5627 5622 5623
f 5626 5622 5627
f 5622 5626 5458
f 5456 5622 5458
f 5625 5624 5628
f 5624 5629 5628
f 5624 5457 5629
f 5457 5459 5629
f 5631 5626 5627
f 5630 5626 5631
f 5626 5630 5460
f 5458 5626 5460
f 5629 5459 5632
f 5632 5459 5461
f 5630 5463 5462
f 5630 5631 5463
f 5631 5633 5463
f 5630 5462 5460
f 5632 5461 5634
f 5634 5461 5464
f 5633 5635 5463
f 5635 5465 5463
f 5634 5464 5636
f 5636 5464 5466
f 5639 5637 5638
f 5638 5637 5467
f 5638 5467 5635
f 5635 5467 5465
f 5636 5466 5468
f 5640 5636 5468
f 5640 5468 5641
f 5468 5469 5641
f 5637 5639 5641
f 5637 5641 5470
f 5470 5641 5469
f 5637 5470 5467
f 5472 5643 5642
f 5471 5472 5642
f 5642 5644 5471
f 5471 5644 5473
f 5473 5644 5645
f 5474 5473 5645
f 5476 5647 5646
f 5475 5476 5646
f 5646 5472 5475
f 5643 5472 5646
f 5645 5648 5474
f 5648 5477 5474
f 5647 5476 5649
f 5649 5476 5478
f 5648 5650 5477
f 5650 5480 5477
f 5653 5652 5651
f 5652 5481 5651
f 5652 5649 5481
f 5649 5478 5481
f 5482 5655 5654
f 5482 5480 5655
f 5480 5650 5655
f 5482 5654 5483
f 5653 5651 5656
f 5651 5657 5656
f 5651 5481 5657
f 5481 5484 5657
f 5659 5654 5655
f 5658 5654 5659
f 5654 5658 5485
f 5483 5654 5485
f 5657 5484 5660
f 5660 5484 5486
f 5662 5658 5659
f 5661 5658 5662
f 5658 5661 5487
f 5485 5658 5487
f 5660 5486 5663
f 5663 5486 5488
f 5665 5661 5662
f 5664 5661 5665
f 5661 5664 5489
f 5487 5661 5489
f 5663 5488 5666
f 5666 5488 5490
f 5668 5664 5665
f 5667 5664 5668
f 5664 5667 5492
f 5489 5664 5492
f 5666 5490 5669
f 5669 5490 5493
f 5671 5667 5668
f 5670 5667 5671
f 5667 5670 5495
f 5492 5667 5495
f 5669 5493 5672
f 5672 5493 5496
f 5671 5673 5670
f 5670 5673 5674
f 5670 5674 5495
f 5495 5674 5498
f 5672 5496 5675
f 5675 5496 5499
f 5674 5676 5498
f 5676 5501 5498
f 5679 5678 5677
f 5678 5502 5677
f 5678 5675 5502
f 5675 5499 5502
f 5676 5680 5501
f 5680 5504 5501
f 5682 5679 5677
f 5681 5682 5677
f 5677 5505 5681
f 5502 5505 5677
f 5680 5683 5504
f 5683 5507 5504
f 5685 5682 5681
f 5684 5685 5681
f 5681 5508 5684
f 5505 5508 5681
f 5683 5686 5507
f 5686 5510 5507
f 5688 5685 5684
f 5687 5688 5684
f 5684 5511 5687
f 5508 5511 5684
f 5686 5689 5510
f 5689 5513 5510
f 5691 5688 5687
f 5690 5691 5687
f 5687 5514 5690
f 5511 5514 5687
f 5689 5692 5513
f 5692 5516 5513
f 5694 5691 5690
f 5693 5694 5690
f 5690 5517 5693
f 5514 5517 5690
f 5692 5695 5516
f 5695 5519 5516
f 5697 5694 5693
f 5696 5697 5693
f 5693 5520 5696
f 5517 5520 5693
f 5695 5698 5519
f 5698 5522 5519
f 5700 5697 5696
f 5699 5700 5696
f 5696 5523 5699
f 5520 5523 5696
f 5698 5701 5522
f 5701 5525 5522
f 5703 5700 5699
f 5702 5703 5699
f 5699 5526 5702
f 5523 5526 5699
f 5701 5704 5525
f 5704 5528 5525
f 5706 5703 5702
f 5705 5706 5702
f 5702 5529 5705
f 5526 5529 5702
f 5704 5707 5528
f 5707 5531 5528
f 5709 5706 5705
f 5708 5709 5705
f 5705 5532 5708
f 5529 5532 5705
f 5707 5710 5531
f 5710 5534 5531
f 5712 5709 5708
f 5711 5712 5708
f 5708 5535 5711
f 5532 5535 5708
f 5710 5713 5534
f 5713 5536 5534
f 5715 5712 5711
f 5714 5715 5711
f 5711 5537 5714
f 5535 5537 5711
f 5713 5716 5536
f 5716 5538 5536
f 5714 5540 5541
f 5714 5541 5715
f 5715 5541 5717
f 5714 5537 5540
f 5720 5718 5719
f 5719 5718 5542
f 5719 5542 5716
f 5716 5542 5538
f 5717 5541 5721
f 5721 5541 5544
f 5723 5718 5720
f 5722 5718 5723
f 5718 5722 5546
f 5542 5718 5546
f 5721 5544 5724
f 5724 5544 5548
f 5726 5722 5723
f 5725 5722 5726
f 5722 5725 5550
f 5546 5722 5550
f 5724 5548 5727
f 5727 5548 5552
f 5729 5725 5726
f 5728 5725 5729
f 5725 5728 5554
f 5550 5725 5554
f 5727 5552 5730
f 5730 5552 5556
f 5732 5728 5729
f 5731 5728 5732
f 5728 5731 5558
f 5554 5728 5558
f 5730 5556 5733
f 5733 5556 5560
f 5735 5731 5732
f 5734 5731 5735
f 5731 5734 5562
f 5558 5731 5562
f 5733 5560 5736
f 5736 5560 5564
f 5738 5734 5735
f 5737 5734 5738
f 5734 5737 5566
f 5562 5734 5566
f 5736 5564 5739
f 5739 5564 5568
f 5741 5737 5738
f 5740 5737 5741
f 5737 5740 5570
f 5566 5737 5570
f 5739 5568 5742
f 5742 5568 5572
f 5740 5574 5573
f 5740 5741 5574
f 5741 5743 5574
f 5740 5573 5570
f 5742 5572 5744
f 5744 5572 5576
f 5743 5745 5574
f 5745 5577 5574
f 5744 5576 5746
f 5746 5576 5579
f 5745 5747 5577
f 5747 5581 5577
f 5746 5579 5748
f 5748 5579 5583
f 5747 5749 5581
f 5749 5585 5581
f 5586 5750 5751
f 5586 5751 5583
f 5583 5751 5748
f 5586 5587 5750
f 5588 5753 5752
f 5588 5585 5753
f 5585 5749 5753
f 5588 5752 5589
f 5751 5750 5754
f 5750 5755 5754
f 5750 5587 5755
f 5587 5590 5755
f 5757 5752 5753
f 5756 5752 5757
f 5752 5756 5591
f 5589 5752 5591
f 5755 5590 5758
f 5758 5590 5592
f 5760 5756 5757
f 5759 5756 5760
f 5756 5759 5593
f 5591 5756 5593
f 5758 5592 5761
f 5761 5592 5594
f 5763 5759 5760
f 5762 5759 5763
f 5759 5762 5595
f 5593 5759 5595
f 5761 5594 5764
f 5764 5594 5596
f 5766 5762 5763
f 5765 5762 5766
f 5762 5765 5597
f 5595 5762 5597
f 5764 5596 5767
f 5767 5596 5598
f 5766 5768 5765
f 5765 5768 5769
f 5765 5769 5597
f 5597 5769 5599
f 5767 5598 5770
f 5770 5598 5600
f 5602 5771 5603
f 5771 5602 5599
f 5771 5599 5772
f 5772 5599 5769
f 5770 5600 5773
f 5773 5600 5604
f 5774 5603 5771
f 5606 5603 5774
f 5772 5775 5774
f 5771 5772 5774
f 5608 5609 5776
f 5776 5604 5608
f 5776 5777 5604
f 5777 5773 5604
f 5778 5606 5774
f 5611 5606 5778
f 5775 5779 5778
f 5774 5775 5778
f 5780 5776 5609
f 5613 5780 5609
f 5777 5780 5781
f 5776 5780 5777
f 5782 5611 5778
f 5615 5611 5782
f 5779 5783 5782
f 5778 5779 5782
f 5784 5780 5613
f 5617 5784 5613
f 5781 5784 5785
f 5780 5784 5781
f 5786 5615 5782
f 5619 5615 5786
f 5783 5787 5786
f 5782 5783 5786
f 5788 5784 5617
f 5788 5617 5789
f 5789 5617 5621
f 5784 5788 5785
f 5790 5619 5786
f 5623 5619 5790
f 5787 5791 5790
f 5786 5787 5790
f 5789 5621 5792
f 5792 5621 5625
f 5793 5623 5790
f 5627 5623 5793
f 5791 5794 5793
f 5790 5791 5793
f 5792 5625 5628
f 5795 5792 5628
f 5628 5796 5795
f 5629 5796 5628
f 5797 5627 5793
f 5797 5798 5627
f 5798 5631 5627
f 5793 5794 5797
f 5796 5629 5799
f 5799 5629 5632
f 5798 5800 5631
f 5800 5633 5631
f 5799 5632 5801
f 5801 5632 5634
f 5800 5802 5633
f 5802 5635 5633
f 5801 5634 5803
f 5803 5634 5636
f 5639 5804 5805
f 5638 5804 5639
f 5804 5638 5635
f 5802 5804 5635
f 5803 5636 5640
f 5806 5803 5640
f 5806 5640 5807
f 5640 5641 5807
f 5807 5641 5639
f 5805 5807 5639
f 5643 5809 5808
f 5642 5643 5808
f 5808 5810 5642
f 5642 5810 5644
f 5644 5810 5811
f 5645 5644 5811
f 5647 5813 5812
f 5646 5647 5812
f 5812 5643 5646
f 5809 5643 5812
f 5811 5814 5645
f 5814 5648 5645
f 5813 5647 5815
f 5815 5647 5649
f 5814 5816 5648
f 5816 5650 5648
f 5653 5818 5817
f 5652 5653 5817
f 5817 5649 5652
f 5815 5649 5817
f 5816 5819 5650
f 5819 5655 5650
f 5818 5653 5656
f 5820 5818 5656
f 5656 5821 5820
f 5657 5821 5656
f 5819 5822 5655
f 5822 5659 5655
f 5821 5657 5823
f 5823 5657 5660
f 5822 5824 5659
f 5824 5662 5659
f 5823 5660 5825
f 5825 5660 5663
f 5824 5826 5662
f 5826 5665 5662
f 5825 5663 5827
f 5827 5663 5666
f 5826 5828 5665
f 5828 5668 5665
f 5827 5666 5829
f 5829 5666 5669
f 5828 5830 5668
f 5830 5671 5668
f 5829 5669 5831
f 5831 5669 5672
f 5830 5673 5671
f 5832 5673 5830
f 5673 5832 5833
f 5674 5673 5833
f 5831 5672 5834
f 5834 5672 5675
f 5833 5835 5674
f 5835 5676 5674
f 5679 5837 5836
f 5678 5679 5836
f 5836 5675 5678
f 5834 5675 5836
f 5835 5838 5676
f 5838 5680 5676
f 5837 5679 5839
f 5839 5679 5682
f 5838 5840 5680
f 5840 5683 5680
f 5839 5682 5841
f 5841 5682 5685
f 5840 5842 5683
f 5842 5686 5683
f 5841 5685 5843
f 5843 5685 5688
f 5842 5844 5686
f 5844 5689 5686
f 5843 5688 5845
f 5845 5688 5691
f 5844 5846 5689
f 5846 5692 5689
f 5845 5691 5847
f 5847 5691 5694
f 5846 5848 5692
f 5848 5695 5692
f 5847 5694 5849
f 5849 5694 5697
f 5848 5850 5695
f 5850 5698 5695
f 5849 5697 5851
f 5851 5697 5700
f 5850 5852 5698
f 5852 5701 5698
f 5851 5700 5853
f 5853 5700 5703
f 5852 5854 5701
f 5854 5704 5701
f 5853 5703 5855
f 5855 5703 5706
f 5854 5856 5704
f 5856 5707 5704
f 5855 5706 5857
f 5857 5706 5709
f 5856 5858 5707
f 5858 5710 5707
f 5857 5709 5859
f 5859 5709 5712
f 5858 5860 5710
f 5860 5713 5710
f 5859 5712 5861
f 5861 5712 5715
f 5864 5862 5863
f 5863 5862 5716
f 5863 5716 5860
f 5860 5716 5713
f 5861 5715 5865
f 5865 5715 5717
f 5862 5720 5719
f 5862 5864 5720
f 5864 5866 5720
f 5862 5719 5716
f 5865 5717 5867
f 5867 5717 5721
f 5866 5868 5720
f 5868 5723 5720
f 5867 5721 5869
f 5869 5721 5724
f 5868 5870 5723
f 5870 5726 5723
f 5871 5872 5869
f 5871 5869 5727
f 5727 5869 5724
f 5872 5871 5873
f 5870 5874 5726
f 5874 5729 5726
f 5875 5871 5727
f 5730 5875 5727
f 5873 5875 5876
f 5871 5875 5873
f 5874 5877 5729
f 5877 5732 5729
f 5878 5875 5730
f 5733 5878 5730
f 5876 5878 5879
f 5875 5878 5876
f 5877 5880 5732
f 5880 5735 5732
f 5881 5878 5733
f 5736 5881 5733
f 5879 5881 5882
f 5878 5881 5879
f 5880 5883 5735
f 5883 5738 5735
f 5884 5881 5736
f 5739 5884 5736
f 5882 5884 5885
f 5881 5884 5882
f 5883 5886 5738
f 5886 5741 5738
f 5887 5884 5739
f 5742 5887 5739
f 5885 5887 5888
f 5884 5887 5885
f 5886 5889 5741
f 5889 5743 5741
f 5890 5887 5742
f 5744 5890 5742
f 5888 5890 5891
f 5887 5890 5888
f 5889 5892 5743
f 5892 5745 5743
f 5893 5890 5744
f 5746 5893 5744
f 5891 5893 5894
f 5890 5893 5891
f 5892 5895 5745
f 5895 5747 5745
f 5896 5893 5746
f 5748 5896 5746
f 5894 5896 5897
f 5893 5896 5894
f 5895 5898 5747
f 5898 5749 5747
f 5899 5896 5748
f 5899 5748 5900
f 5900 5748 5751
f 5896 5899 5897
f 5898 5901 5749
f 5901 5753 5749
f 5754 5902 5903
f 5754 5903 5751
f 5751 5903 5900
f 5754 5755 5902
f 5901 5904 5753
f 5904 5757 5753
f 5906 5903 5902
f 5905 5906 5902
f 5902 5758 5905
f 5755 5758 5902
f 5904 5907 5757
f 5907 5760 5757
f 5906 5905 5908
f 5905 5909 5908
f 5905 5758 5909
f 5758 5761 5909
f 5907 5910 5760
f 5910 5763 5760
f 5909 5761 5911
f 5911 5761 5764
f 5910 5912 5763
f 5912 5766 5763
f 5911 5764 5913
f 5913 5764 5767
f 5768 5915 5914
f 5768 5766 5915
f 5766 5912 5915
f 5768 5914 5769
f 5913 5767 5916
f 5916 5767 5770
f 5915 5917 5914
f 5914 5917 5918
f 5914 5918 5769
f 5769 5918 5772
f 5916 5770 5919
f 5919 5770 5773
f 5918 5920 5772
f 5920 5775 5772
f 5919 5773 5921
f 5921 5773 5777
f 5920 5922 5775
f 5922 5779 5775
f 5921 5777 5923
f 5923 5777 5781
f 5922 5924 5779
f 5924 5783 5779
f 5923 5781 5925
f 5925 5781 5785
f 5924 5926 5783
f 5926 5787 5783
f 5788 5789 5927
f 5927 5785 5788
f 5927 5928 5785
f 5928 5925 5785
f 5926 5929 5787
f 5929 5791 5787
f 5930 5927 5789
f 5930 5789 5931
f 5931 5789 5792
f 5927 5930 5928
f 5929 5932 5791
f 5932 5794 5791
f 5931 5792 5795
f 5933 5931 5795
f 5795 5934 5933
f 5796 5934 5795
f 5797 5935 5798
f 5935 5797 5794
f 5935 5794 5936
f 5936 5794 5932
f 5934 5796 5937
f 5937 5796 5799
f 5938 5798 5935
f 5938 5939 5798
f 5939 5800 5798
f 5935 5936 5938
f 5937 5799 5940
f 5940 5799 5801
f 5939 5941 5800
f 5941 5802 5800
f 5942 5943 5940
f 5942 5940 5803
f 5803 5940 5801
f 5943 5942 5944
f 5804 5945 5805
f 5945 5804 5802
f 5945 5802 5946
f 5946 5802 5941
f 5942 5803 5806
f 5944 5942 5806
f 5944 5806 5947
f 5947 5806 5807
f 5805 5945 5948
f 5805 5948 5807
f 5807 5948 5947
f 5945 5946 5948
f 5809 5950 5949
f 5808 5809 5949
f 5952 5951 5810
f 5952 5810 5949
f 5949 5810 5808
f 5810 5951 5811
f 5813 5954 5953
f 5812 5813 5953
f 5953 5809 5812
f 5950 5809 5953
f 5952 5955 5951
f 5951 5955 5956
f 5951 5956 5811
f 5811 5956 5814
f 5954 5813 5957
f 5957 5813 5815
f 5956 5958 5814
f 5958 5816 5814
f 5817 5818 5959
f 5959 5815 5817
f 5959 5960 5815
f 5960 5957 5815
f 5958 5961 5816
f 5961 5819 5816
f 5959 5818 5820
f 5820 5960 5959
f 5820 5821 5960
f 5821 5962 5960
f 5961 5963 5819
f 5963 5822 5819
f 5962 5821 5964
f 5964 5821 5823
f 5963 5965 5822
f 5965 5824 5822
f 5964 5823 5966
f 5966 5823 5825
f 5965 5967 5824
f 5967 5826 5824
f 5966 5825 5968
f 5968 5825 5827
f 5967 5969 5826
f 5969 5828 5826
f 5968 5827 5970
f 5970 5827 5829
f 5969 5971 5828
f 5971 5830 5828
f 5970 5829 5972
f 5972 5829 5831
f 5832 5974 5973
f 5832 5830 5974
f 5830 5971 5974
f 5832 5973 5833
f 5972 5831 5975
f 5975 5831 5834
f 5974 5976 5973
f 5973 5976 5977
f 5973 5977 5833
f 5833 5977 5835
f 5836 5837 5978
f 5978 5834 5836
f 5978 5979 5834
f 5979 5975 5834
f 5977 5980 5835
f 5980 5838 5835
f 5981 5978 5837
f 5839 5981 5837
f 5979 5981 5982
f 5978 5981 5979
f 5980 5983 5838
f 5983 5840 5838
f 5984 5981 5839
f 5841 5984 5839
f 5982 5984 5985
f 5981 5984 5982
f 5983 5986 5840
f 5986 5842 5840
f 5987 5984 5841
f 5843 5987 5841
f 5985 5987 5988
f 5984 5987 5985
f 5986 5989 5842
f 5989 5844 5842
f 5990 5987 5843
f 5845 5990 5843
f 5988 5990 5991
f 5987 5990 5988
f 5989 5992 5844
f 5992 5846 5844
f 5993 5990 5845
f 5847 5993 5845
f 5991 5993 5994
f 5990 5993 5991
f 5992 5995 5846
f 5995 5848 5846
f 5996 5993 5847
f 5849 5996 5847
f 5994 5996 5997
f 5993 5996 5994
f 5995 5998 5848
f 5998 5850 5848
f 5999 5996 5849
f 5851 5999 5849
f 5997 5999 6000
f 5996 5999 5997
f 5998 6001 5850
f 6001 5852 5850
f 6002 5999 5851
f 5853 6002 5851
f 6000 6002 6003
f 5999 6002 6000
f 6001 6004 5852
f 6004 5854 5852
f 6005 6002 5853
f 5855 6005 5853
f 6003 6005 6006
f 6002 6005 6003
f 6004 6007 5854
f 6007 5856 5854
f 6008 6005 5855
f 5857 6008 5855
f 6006 6008 6009
f 6005 6008 6006
f 6007 6010 5856
f 6010 5858 5856
f 6011 6008 5857
f 5859 6011 5857
f 6009 6011 6012
f 6008 6011 6009
f 6010 6013 5858
f 6013 5860 5858
f 6014 6011 5859
f 5861 6014 5859
f 6012 6014 6015
f 6011 6014 6012
f 5864 6016 6017
f 5863 6016 5864
f 6016 5863 5860
f 6013 6016 5860
f 6018 6014 5861
f 5865 6018 5861
f 6015 6018 6019
f 6014 6018 6015
f 6017 6020 5864
f 6020 5866 5864
f 6021 6018 5865
f 5867 6021 5865
f 6019 6021 6022
f 6018 6021 6019
f 6020 6023 5866
f 6023 5868 5866
f 6024 6021 5867
f 5869 6024 5867
f 6022 6024 6025
f 6021 6024 6022
f 6023 6026 5868
f 6026 5870 5868
f 6024 5869 5872
f 5872 6025 6024
f 5872 5873 6025
f 5873 6027 6025
f 6026 6028 5870
f 6028 5874 5870
f 6027 5873 6029
f 6029 5873 5876
f 6028 6030 5874
f 6030 5877 5874
f 6029 5876 6031
f 6031 5876 5879
f 6030 6032 5877
f 6032 5880 5877
f 6031 5879 6033
f 6033 5879 5882
f 6032 6034 5880
f 6034 5883 5880
f 6033 5882 6035
f 6035 5882 5885
f 6034 6036 5883
f 6036 5886 5883
f 6035 5885 6037
f 6037 5885 5888
f 6036 6038 5886
f 6038 5889 5886
f 6037 5888 6039
f 6039 5888 5891
f 6038 6040 5889
f 6040 5892 5889
f 6039 5891 6041
f 6041 5891 5894
f 6040 6042 5892
f 6042 5895 5892
f 6041 5894 6043
f 6043 5894 5897
f 6042 6044 5895
f 6044 5898 5895
f 5899 5900 6045
f 6045 5897 5899
f 6045 6046 5897
f 6046 6043 5897
f 6044 6047 5898
f 6047 5901 5898
f 6048 6045 5900
f 5903 6048 5900
f 6046 6048 6049
f 6045 6048 6046
f 6047 6050 5901
f 6050 5904 5901
f 6051 6048 5903
f 5906 6051 5903
f 6049 6051 6052
f 6048 6051 6049
f 6050 6053 5904
f 6053 5907 5904
f 6051 5906 5908
f 5908 6052 6051
f 5908 5909 6052
f 5909 6054 6052
f 6053 6055 5907
f 6055 5910 5907
f 6054 5909 6056
f 6056 5909 5911
f 6055 6057 5910
f 6057 5912 5910
f 6056 5911 6058
f 6058 5911 5913
f 6057 6059 5912
f 6059 5915 5912
f 6058 5913 6060
f 6060 5913 5916
f 6059 5917 5915
f 6061 5917 6059
f 5917 6061 6062
f 5918 5917 6062
f 6060 5916 6063
f 6063 5916 5919
f 6062 6064 5918
f 6064 5920 5918
f 6063 5919 6065
f 6065 5919 5921
f 6064 6066 5920
f 6066 5922 5920
f 6065 5921 6067
f 6067 5921 5923
f 6066 6068 5922
f 6068 5924 5922
f 6067 5923 6069
f 6069 5923 5925
f 6068 6070 5924
f 6070 5926 5924
f 6069 5925 6071
f 6071 5925 5928
f 6070 6072 5926
f 6072 5929 5926
f 5930 5931 6073
f 6073 5928 5930
f 6073 6074 5928
f 6074 6071 5928
f 6072 6075 5929
f 6075 5932 5929
f 6073 5931 5933
f 5933 6074 6073
f 5933 5934 6074
f 5934 6076 6074
f 6075 6077 5932
f 6077 5936 5932
f 6076 5934 6078
f 6078 5934 5937
f 5938 6079 5939
f 6079 5938 5936
f 6079 5936 6080
f 6080 5936 6077
f 6078 5937 6081
f 6081 5937 5940
f 6082 5939 6079
f 5941 5939 6082
f 6080 6083 6082
f 6079 6080 6082
f 5943 6084 6085
f 5943 6085 5940
f 5940 6085 6081
f 5943 5944 6084
f 6086 5941 6082
f 6086 6087 5941
f 6087 5946 5941
f 6082 6083 6086
f 6085 6084 6088
f 6084 5944 5947
f 6084 5947 6088
f 6088 5947 6089
f 6089 5947 6090
f 5947 5948 6090
f 6090 5948 5946
f 6087 6090 5946
f 5950 6092 6091
f 5949 5950 6091
f 5949 6091 6093
f 5952 5949 6093
f 5954 6095 6094
f 5953 5954 6094
f 6094 5950 5953
f 6092 5950 6094
f 6093 5955 5952
f 6096 5955 6093
f 5955 6096 6097
f 5956 5955 6097
f 6095 5954 6098
f 6098 5954 5957
f 6099 6097 6100
f 6099 5958 6097
f 5958 5956 6097
f 6100 6101 6099
f 6098 5957 6102
f 6102 5957 5960
f 6103 5958 6099
f 6103 6104 5958
f 6104 5961 5958
f 6099 6101 6103
f 6102 5960 6105
f 6105 5960 5962
f 6104 6106 5961
f 6106 5963 5961
f 6105 5962 6107
f 6107 5962 5964
f 6106 6108 5963
f 6108 5965 5963
f 6107 5964 6109
f 6109 5964 5966
f 6108 6110 5965
f 6110 5967 5965
f 6109 5966 6111
f 6111 5966 5968
f 6110 6112 5967
f 6112 5969 5967
f 6111 5968 6113
f 6113 5968 5970
f 6112 6114 5969
f 6114 5971 5969
f 6113 5970 6115
f 6115 5970 5972
f 6114 6116 5971
f 6116 5974 5971
f 6115 5972 6117
f 6117 5972 5975
f 5976 6119 6118
f 5976 5974 6119
f 5974 6116 6119
f 5976 6118 5977
f 6117 5975 6120
f 6120 5975 5979
f 6122 6118 6119
f 6121 6118 6122
f 6118 6121 5980
f 5977 6118 5980
f 6120 5979 6123
f 6123 5979 5982
f 6125 6121 6122
f 6124 6121 6125
f 6121 6124 5983
f 5980 6121 5983
f 6123 5982 6126
f 6126 5982 5985
f 6128 6124 6125
f 6127 6124 6128
f 6124 6127 5986
f 5983 6124 5986
f 6126 5985 6129
f 6129 5985 5988
f 6128 6130 6127
f 6127 6130 6131
f 6127 6131 5986
f 5986 6131 5989
f 6129 5988 6132
f 6132 5988 5991
f 6131 6133 5989
f 6133 5992 5989
f 6132 5991 6134
f 6134 5991 5994
f 6133 6135 5992
f 6135 5995 5992
f 6134 5994 6136
f 6136 5994 5997
f 6135 6137 5995
f 6137 5998 5995
f 6136 5997 6138
f 6138 5997 6000
f 6137 6139 5998
f 6139 6001 5998
f 6138 6000 6140
f 6140 6000 6003
f 6139 6141 6001
f 6141 6004 6001
f 6140 6003 6142
f 6142 6003 6006
f 6141 6143 6004
f 6143 6007 6004
f 6142 6006 6144
f 6144 6006 6009
f 6143 6145 6007
f 6145 6010 6007
f 6144 6009 6146
f 6146 6009 6012
f 6145 6147 6010
f 6147 6013 6010
f 6146 6012 6148
f 6148 6012 6015
f 6016 6149 6017
f 6149 6016 6013
f 6149 6013 6150
f 6150 6013 6147
f 6148 6015 6151
f 6151 6015 6019
f 6152 6017 6149
f 6020 6017 6152
f 6150 6153 6152
f 6149 6150 6152
f 6151 6019 6154
f 6154 6019 6022
f 6155 6020 6152
f 6023 6020 6155
f 6153 6156 6155
f 6152 6153 6155
f 6154 6022 6157
f 6157 6022 6025
f 6158 6023 6155
f 6026 6023 6158
f 6156 6159 6158
f 6155 6156 6158
f 6157 6025 6160
f 6160 6025 6027
f 6161 6026 6158
f 6161 6162 6026
f 6162 6028 6026
f 6158 6159 6161
f 6160 6027 6163
f 6163 6027 6029
f 6162 6164 6028
f 6164 6030 6028
f 6163 6029 6165
f 6165 6029 6031
f 6164 6166 6030
f 6166 6032 6030
f 6165 6031 6167
f 6167 6031 6033
f 6166 6168 6032
f 6168 6034 6032
f 6167 6033 6169
f 6169 6033 6035
f 6168 6170 6034
f 6170 6036 6034
f 6169 6035 6171
f 6171 6035 6037
f 6170 6172 6036
f 6172 6038 6036
f 6171 6037 6173
f 6173 6037 6039
f 6172 6174 6038
f 6174 6040 6038
f 6173 6039 6175
f 6175 6039 6041
f 6174 6176 6040
f 6176 6042 6040
f 6175 6041 6177
f 6177 6041 6043
f 6176 6178 6042
f 6178 6044 6042
f 6177 6043 6179
f 6179 6043 6046
f 6178 6180 6044
f 6180 6047 6044
f 6179 6046 6181
f 6181 6046 6049
f 6180 6182 6047
f 6182 6050 6047
f 6181 6049 6183
f 6183 6049 6052
f 6182 6184 6050
f 6184 6053 6050
f 6183 6052 6185
f 6185 6052 6054
f 6184 6186 6053
f 6186 6055 6053
f 6185 6054 6187
f 6187 6054 6056
f 6186 6188 6055
f 6188 6057 6055
f 6187 6056 6189
f 6189 6056 6058
f 6188 6190 6057
f 6190 6059 6057
f 6189 6058 6191
f 6191 6058 6060
f 6190 6061 6059
f 6192 6061 6190
f 6061 6192 6193
f 6062 6061 6193
f 6191 6060 6194
f 6194 6060 6063
f 6193 6195 6062
f 6195 6064 6062
f 6194 6063 6196
f 6196 6063 6065
f 6195 6197 6064
f 6197 6066 6064
f 6196 6065 6198
f 6198 6065 6067
f 6197 6199 6066
f 6199 6068 6066
f 6198 6067 6200
f 6200 6067 6069
f 6199 6201 6068
f 6201 6070 6068
f 6200 6069 6202
f 6202 6069 6071
f 6201 6203 6070
f 6203 6072 6070
f 6202 6071 6204
f 6204 6071 6074
f 6203 6205 6072
f 6205 6075 6072
f 6204 6074 6206
f 6206 6074 6076
f 6209 6207 6208
f 6208 6207 6077
f 6208 6077 6205
f 6205 6077 6075
f 6206 6076 6210
f 6210 6076 6078
f 6209 6211 6207
f 6207 6211 6212
f 6207 6212 6077
f 6077 6212 6080
f 6210 6078 6213
f 6213 6078 6081
f 6212 6214 6080
f 6214 6083 6080
f 6215 6216 6213
f 6215 6213 6085
f 6085 6213 6081
f 6216 6215 6217
f 6087 6218 6219
f 6086 6218 6087
f 6218 6086 6083
f 6214 6218 6083
f 6215 6085 6088
f 6217 6215 6088
f 6217 6088 6220
f 6220 6088 6089
f 6220 6089 6221
f 6089 6090 6221
f 6221 6090 6087
f 6219 6221 6087
f 6092 6223 6222
f 6091 6092 6222
f 6224 6093 6091
f 6224 6091 6225
f 6225 6091 6222
f 6225 6226 6224
f 6095 6228 6227
f 6094 6095 6227
f 6227 6092 6094
f 6223 6092 6227
f 6224 6096 6093
f 6096 6224 6226
f 6096 6226 6097
f 6097 6226 6229
f 6228 6095 6230
f 6230 6095 6098
f 6229 6100 6097
f 6231 6100 6229
f 6100 6231 6232
f 6101 6100 6232
f 6230 6098 6233
f 6233 6098 6102
f 6104 6234 6235
f 6103 6234 6104
f 6234 6103 6101
f 6232 6234 6101
f 6233 6102 6236
f 6236 6102 6105
f 6235 6237 6104
f 6237 6106 6104
f 6236 6105 6238
f 6238 6105 6107
f 6237 6239 6106
f 6239 6108 6106
f 6238 6107 6240
f 6240 6107 6109
f 6239 6241 6108
f 6241 6110 6108
f 6240 6109 6242
f 6242 6109 6111
f 6241 6243 6110
f 6243 6112 6110
f 6242 6111 6244
f 6244 6111 6113
f 6243 6245 6112
f 6245 6114 6112
f 6244 6113 6246
f 6246 6113 6115
f 6245 6247 6114
f 6247 6116 6114
f 6246 6115 6248
f 6248 6115 6117
f 6247 6249 6116
f 6249 6119 6116
f 6248 6117 6250
f 6250 6117 6120
f 6249 6251 6119
f 6251 6122 6119
f 6250 6120 6252
f 6252 6120 6123
f 6251 6253 6122
f 6253 6125 6122
f 6252 6123 6254
f 6254 6123 6126
f 6253 6255 6125
f 6255 6128 6125
f 6254 6126 6256
f 6256 6126 6129
f 6130 6258 6257
f 6130 6128 6258
f 6128 6255 6258
f 6130 6257 6131
f 6256 6129 6259
f 6259 6129 6132
f 6261 6257 6258
f 6260 6257 6261
f 6257 6260 6133
f 6131 6257 6133
f 6259 6132 6262
f 6262 6132 6134
f 6264 6260 6261
f 6263 6260 6264
f 6260 6263 6135
f 6133 6260 6135
f 6262 6134 6265
f 6265 6134 6136
f 6267 6263 6264
f 6266 6263 6267
f 6263 6266 6137
f 6135 6263 6137
f 6265 6136 6268
f 6268 6136 6138
f 6270 6266 6267
f 6269 6266 6270
f 6266 6269 6139
f 6137 6266 6139
f 6268 6138 6271
f 6271 6138 6140
f 6273 6269 6270
f 6272 6269 6273
f 6269 6272 6141
f 6139 6269 6141
f 6271 6140 6274
f 6274 6140 6142
f 6276 6272 6273
f 6275 6272 6276
f 6272 6275 6143
f 6141 6272 6143
f 6274 6142 6277
f 6277 6142 6144
f 6279 6275 6276
f 6278 6275 6279
f 6275 6278 6145
f 6143 6275 6145
f 6277 6144 6280
f 6280 6144 6146
f 6282 6278 6279
f 6281 6278 6282
f 6278 6281 6147
f 6145 6278 6147
f 6280 6146 6283
f 6283 6146 6148
f 6285 6281 6282
f 6284 6281 6285
f 6281 6284 6150
f 6147 6281 6150
f 6283 6148 6286
f 6286 6148 6151
f 6288 6284 6285
f 6287 6284 6288
f 6284 6287 6153
f 6150 6284 6153
f 6286 6151 6289
f 6289 6151 6154
f 6291 6287 6288
f 6290 6287 6291
f 6287 6290 6156
f 6153 6287 6156
f 6289 6154 6292
f 6292 6154 6157
f 6294 6290 6291
f 6293 6290 6294
f 6290 6293 6159
f 6156 6290 6159
f 6295 6296 6292
f 6295 6292 6160
f 6160 6292 6157
f 6296 6295 6297
f 6293 6162 6161
f 6293 6294 6162
f 6294 6298 6162
f 6293 6161 6159
f 6299 6295 6160
f 6163 6299 6160
f 6297 6299 6300
f 6295 6299 6297
f 6298 6301 6162
f 6301 6164 6162
f 6302 6299 6163
f 6165 6302 6163
f 6300 6302 6303
f 6299 6302 6300
f 6301 6304 6164
f 6304 6166 6164
f 6305 6302 6165
f 6167 6305 6165
f 6303 6305 6306
f 6302 6305 6303
f 6304 6307 6166
f 6307 6168 6166
f 6308 6305 6167
f 6169 6308 6167
f 6306 6308 6309
f 6305 6308 6306
f 6307 6310 6168
f 6310 6170 6168
f 6311 6308 6169
f 6171 6311 6169
f 6309 6311 6312
f 6308 6311 6309
f 6310 6313 6170
f 6313 6172 6170
f 6314 6311 6171
f 6173 6314 6171
f 6312 6314 6315
f 6311 6314 6312
f 6313 6316 6172
f 6316 6174 6172
f 6317 6314 6173
f 6317 6173 6318
f 6318 6173 6175
f 6314 6317 6315
f 6316 6319 6174
f 6319 6176 6174
f 6318 6175 6320
f 6320 6175 6177
f 6319 6321 6176
f 6321 6178 6176
f 6320 6177 6322
f 6322 6177 6179
f 6321 6323 6178
f 6323 6180 6178
f 6322 6179 6324
f 6324 6179 6181
f 6323 6325 6180
f 6325 6182 6180
f 6324 6181 6326
f 6326 6181 6183
f 6325 6327 6182
f 6327 6184 6182
f 6326 6183 6328
f 6328 6183 6185
f 6327 6329 6184
f 6329 6186 6184
f 6328 6185 6330
f 6330 6185 6187
f 6329 6331 6186
f 6331 6188 6186
f 6330 6187 6332
f 6332 6187 6189
f 6331 6333 6188
f 6333 6190 6188
f 6332 6189 6334
f 6334 6189 6191
f 6192 6336 6335
f 6192 6190 6336
f 6190 6333 6336
f 6192 6335 6193
f 6334 6191 6337
f 6337 6191 6194
f 6339 6335 6336
f 6338 6335 6339
f 6335 6338 6195
f 6193 6335 6195
f 6337 6194 6340
f 6340 6194 6196
f 6342 6338 6339
f 6341 6338 6342
f 6338 6341 6197
f 6195 6338 6197
f 6340 6196 6343
f 6343 6196 6198
f 6342 6344 6341
f 6341 6344 6345
f 6341 6345 6197
f 6197 6345 6199
f 6343 6198 6346
f 6346 6198 6200
f 6345 6347 6199
f 6347 6201 6199
f 6346 6200 6348
f 6348 6200 6202
f 6347 6349 6201
f 6349 6203 6201
f 6348 6202 6350
f 6350 6202 6204
f 6349 6351 6203
f 6351 6205 6203
f 6350 6204 6352
f 6352 6204 6206
f 6209 6353 6354
f 6208 6353 6209
f 6353 6208 6205
f 6351 6353 6205
f 6355 6356 6352
f 6355 6352 6210
f 6210 6352 6206
f 6356 6355 6357
f 6354 6211 6209
f 6358 6211 6354
f 6211 6358 6359
f 6212 6211 6359
f 6360 6355 6210
f 6213 6360 6210
f 6357 6360 6361
f 6355 6360 6357
f 6359 6362 6212
f 6362 6214 6212
f 6360 6213 6216
f 6216 6361 6360
f 6216 6217 6361
f 6217 6363 6361
f 6219 6364 6365
f 6218 6364 6219
f 6364 6218 6214
f 6362 6364 6214
f 6363 6217 6220
f 6366 6363 6220
f 6366 6220 6367
f 6220 6221 6367
f 6367 6221 6219
f 6365 6367 6219
f 6222 6223 6368
f 6368 6370 6369
f 6368 6369 6222
f 6222 6369 6225
f 6225 6369 6371
f 6226 6225 6371
f 6228 6373 6372
f 6227 6228 6372
f 6223 6374 6368
f 6223 6227 6374
f 6227 6372 6374
f 6368 6374 6370
f 6375 6371 6376
f 6375 6229 6371
f 6229 6226 6371
f 6376 6377 6375
f 6373 6228 6378
f 6378 6228 6230
f 6375 6231 6229
f 6231 6375 6377
f 6231 6377 6232
f 6232 6377 6379
f 6378 6230 6380
f 6380 6230 6233
f 6234 6381 6235
f 6381 6234 6232
f 6381 6232 6382
f 6382 6232 6379
f 6380 6233 6383
f 6383 6233 6236
f 6384 6235 6381
f 6237 6235 6384
f 6382 6385 6384
f 6381 6382 6384
f 6383 6236 6386
f 6386 6236 6238
f 6387 6237 6384
f 6239 6237 6387
f 6385 6388 6387
f 6384 6385 6387
f 6389 6390 6386
f 6389 6386 6240
f 6240 6386 6238
f 6390 6389 6391
f 6392 6239 6387
f 6392 6393 6239
f 6393 6241 6239
f 6387 6388 6392
f 6394 6389 6240
f 6242 6394 6240
f 6391 6394 6395
f 6389 6394 6391
f 6393 6396 6241
f 6396 6243 6241
f 6397 6394 6242
f 6244 6397 6242
f 6395 6397 6398
f 6394 6397 6395
f 6396 6399 6243
f 6399 6245 6243
f 6400 6397 6244
f 6246 6400 6244
f 6398 6400 6401
f 6397 6400 6398
f 6399 6402 6245
f 6402 6247 6245
f 6403 6400 6246
f 6248 6403 6246
f 6401 6403 6404
f 6400 6403 6401
f 6402 6405 6247
f 6405 6249 6247
f 6406 6403 6248
f 6250 6406 6248
f 6404 6406 6407
f 6403 6406 6404
f 6405 6408 6249
f 6408 6251 6249
f 6409 6406 6250
f 6252 6409 6250
f 6407 6409 6410
f 6406 6409 6407
f 6408 6411 6251
f 6411 6253 6251
f 6412 6409 6252
f 6412 6252 6413
f 6413 6252 6254
f 6409 6412 6410
f 6411 6414 6253
f 6414 6255 6253
f 6413 6254 6415
f 6415 6254 6256
f 6414 6416 6255
f 6416 6258 6255
f 6415 6256 6417
f 6417 6256 6259
f 6416 6418 6258
f 6418 6261 6258
f 6417 6259 6419
f 6419 6259 6262
f 6418 6420 6261
f 6420 6264 6261
f 6419 6262 6421
f 6421 6262 6265
f 6422 6420 6423
f 6422 6267 6420
f 6267 6264 6420
f 6423 6424 6422
f 6421 6265 6425
f 6425 6265 6268
f 6426 6267 6422
f 6270 6267 6426
f 6424 6427 6426
f 6422 6424 6426
f 6425 6268 6428
f 6428 6268 6271
f 6429 6270 6426
f 6273 6270 6429
f 6427 6430 6429
f 6426 6427 6429
f 6428 6271 6431
f 6431 6271 6274
f 6432 6273 6429
f 6276 6273 6432
f 6430 6433 6432
f 6429 6430 6432
f 6431 6274 6434
f 6434 6274 6277
f 6435 6276 6432
f 6279 6276 6435
f 6433 6436 6435
f 6432 6433 6435
f 6434 6277 6437
f 6437 6277 6280
f 6438 6279 6435
f 6282 6279 6438
f 6436 6439 6438
f 6435 6436 6438
f 6437 6280 6440
f 6440 6280 6283
f 6441 6282 6438
f 6285 6282 6441
f 6439 6442 6441
f 6438 6439 6441
f 6440 6283 6443
f 6443 6283 6286
f 6444 6285 6441
f 6288 6285 6444
f 6442 6445 6444
f 6441 6442 6444
f 6443 6286 6446
f 6446 6286 6289
f 6447 6288 6444
f 6291 6288 6447
f 6445 6448 6447
f 6444 6445 6447
f 6446 6289 6449
f 6449 6289 6292
f 6450 6291 6447
f 6294 6291 6450
f 6448 6451 6450
f 6447 6448 6450
f 6296 6452 6453
f 6296 6453 6292
f 6292 6453 6449
f 6296 6297 6452
f 6454 6294 6450
f 6298 6294 6454
f 6451 6455 6454
f 6450 6451 6454
f 6457 6453 6452
f 6456 6457 6452
f 6452 6300 6456
f 6297 6300 6452
f 6458 6298 6454
f 6301 6298 6458
f 6455 6459 6458
f 6454 6455 6458
f 6461 6457 6456
f 6460 6461 6456
f 6456 6303 6460
f 6300 6303 6456
f 6462 6301 6458
f 6304 6301 6462
f 6459 6463 6462
f 6458 6459 6462
f 6465 6461 6460
f 6464 6465 6460
f 6460 6306 6464
f 6303 6306 6460
f 6466 6304 6462
f 6307 6304 6466
f 6463 6467 6466
f 6462 6463 6466
f 6469 6465 6464
f 6468 6469 6464
f 6464 6309 6468
f 6306 6309 6464
f 6470 6307 6466
f 6470 6471 6307
f 6471 6310 6307
f 6466 6467 6470
f 6473 6469 6468
f 6472 6473 6468
f 6468 6312 6472
f 6309 6312 6468
f 6471 6474 6310
f 6474 6313 6310
f 6473 6472 6475
f 6472 6476 6475
f 6472 6312 6476
f 6312 6315 6476
f 6474 6477 6313
f 6477 6316 6313
f 6317 6318 6478
f 6478 6315 6317
f 6478 6479 6315
f 6479 6476 6315
f 6477 6480 6316
f 6480 6319 6316
f 6481 6478 6318
f 6320 6481 6318
f 6479 6481 6482
f 6478 6481 6479
f 6480 6483 6319
f 6483 6321 6319
f 6484 6481 6320
f 6322 6484 6320
f 6482 6484 6485
f 6481 6484 6482
f 6483 6486 6321
f 6486 6323 6321
f 6487 6484 6322
f 6324 6487 6322
f 6485 6487 6488
f 6484 6487 6485
f 6486 6489 6323
f 6489 6325 6323
f 6490 6487 6324
f 6326 6490 6324
f 6488 6490 6491
f 6487 6490 6488
f 6489 6492 6325
f 6492 6327 6325
f 6493 6490 6326
f 6328 6493 6326
f 6491 6493 6494
f 6490 6493 6491
f 6492 6495 6327
f 6495 6329 6327
f 6496 6493 6328
f 6330 6496 6328
f 6494 6496 6497
f 6493 6496 6494
f 6495 6498 6329
f 6498 6331 6329
f 6499 6496 6330
f 6332 6499 6330
f 6497 6499 6500
f 6496 6499 6497
f 6498 6501 6331
f 6501 6333 6331
f 6502 6499 6332
f 6502 6332 6503
f 6503 6332 6334
f 6499 6502 6500
f 6501 6504 6333
f 6504 6336 6333
f 6503 6334 6505
f 6505 6334 6337
f 6504 6506 6336
f 6506 6339 6336
f 6505 6337 6507
f 6507 6337 6340
f 6506 6508 6339
f 6508 6342 6339
f 6507 6340 6509
f 6509 6340 6343
f 6344 6511 6510
f 6344 6342 6511
f 6342 6508 6511
f 6344 6510 6345
f 6512 6513 6509
f 6512 6509 6346
f 6346 6509 6343
f 6513 6512 6514
f 6511 6515 6510
f 6510 6515 6516
f 6510 6516 6345
f 6345 6516 6347
f 6517 6512 6346
f 6348 6517 6346
f 6514 6517 6518
f 6512 6517 6514
f 6516 6519 6347
f 6519 6349 6347
f 6520 6517 6348
f 6350 6520 6348
f 6518 6520 6521
f 6517 6520 6518
f 6519 6522 6349
f 6522 6351 6349
f 6523 6520 6350
f 6352 6523 6350
f 6521 6523 6524
f 6520 6523 6521
f 6353 6525 6354
f 6525 6353 6351
f 6525 6351 6526
f 6526 6351 6522
f 6523 6352 6356
f 6356 6524 6523
f 6356 6357 6524
f 6357 6527 6524
f 6525 6358 6354
f 6358 6525 6526
f 6358 6526 6359
f 6359 6526 6528
f 6527 6357 6529
f 6529 6357 6361
f 6528 6530 6359
f 6530 6362 6359
f 6529 6361 6531
f 6531 6361 6363
f 6365 6532 6533
f 6364 6532 6365
f 6532 6364 6362
f 6530 6532 6362
f 6531 6363 6366
f 6534 6531 6366
f 6534 6366 6535
f 6366 6367 6535
f 6535 6367 6365
f 6533 6535 6365
f 6369 6370 6536
f 6369 6536 6371
f 6373 6538 6537
f 6372 6373 6537
f 6537 6539 6372
f 6372 6539 6374
f 6370 6540 6536
f 6370 6374 6540
f 6374 6539 6540
f 6536 6376 6371
f 6536 6540 6376
f 6540 6541 6376
f 6376 6541 6542
f 6377 6376 6542
f 6538 6373 6543
f 6543 6373 6378
f 6542 6544 6377
f 6544 6379 6377
f 6543 6378 6545
f 6545 6378 6380
f 6544 6546 6379
f 6546 6382 6379
f 6547 6548 6545
f 6547 6545 6383
f 6383 6545 6380
f 6548 6547 6549
f 6546 6550 6382
f 6550 6385 6382
f 6551 6547 6383
f 6386 6551 6383
f 6549 6551 6552
f 6547 6551 6549
f 6550 6553 6385
f 6553 6388 6385
f 6551 6386 6390
f 6390 6552 6551
f 6390 6391 6552
f 6391 6554 6552
f 6392 6555 6393
f 6555 6392 6388
f 6555 6388 6556
f 6556 6388 6553
f 6554 6391 6557
f 6557 6391 6395
f 6558 6393 6555
f 6396 6393 6558
f 6556 6559 6558
f 6555 6556 6558
f 6557 6395 6560
f 6560 6395 6398
f 6561 6396 6558
f 6561 6562 6396
f 6562 6399 6396
f 6558 6559 6561
f 6560 6398 6563
f 6563 6398 6401
f 6562 6564 6399
f 6564 6402 6399
f 6563 6401 6565
f 6565 6401 6404
f 6564 6566 6402
f 6566 6405 6402
f 6565 6404 6567
f 6567 6404 6407
f 6566 6568 6405
f 6568 6408 6405
f 6571 6570 6569
f 6570 6410 6569
f 6570 6567 6410
f 6567 6407 6410
f 6568 6572 6408
f 6572 6411 6408
f 6569 6412 6413
f 6569 6413 6571
f 6571 6413 6573
f 6569 6410 6412
f 6572 6574 6411
f 6574 6414 6411
f 6573 6413 6575
f 6575 6413 6415
f 6574 6576 6414
f 6576 6416 6414
f 6575 6415 6577
f 6577 6415 6417
f 6576 6578 6416
f 6578 6418 6416
f 6577 6417 6579
f 6579 6417 6419
f 6578 6580 6418
f 6580 6420 6418
f 6579 6419 6581
f 6581 6419 6421
f 6423 6583 6582
f 6423 6420 6583
f 6420 6580 6583
f 6423 6582 6424
f 6581 6421 6584
f 6584 6421 6425
f 6586 6582 6583
f 6585 6582 6586
f 6582 6585 6427
f 6424 6582 6427
f 6584 6425 6587
f 6587 6425 6428
f 6589 6585 6586
f 6588 6585 6589
f 6585 6588 6430
f 6427 6585 6430
f 6587 6428 6590
f 6590 6428 6431
f 6592 6588 6589
f 6591 6588 6592
f 6588 6591 6433
f 6430 6588 6433
f 6590 6431 6593
f 6593 6431 6434
f 6595 6591 6592
f 6594 6591 6595
f 6591 6594 6436
f 6433 6591 6436
f 6593 6434 6596
f 6596 6434 6437
f 6598 6594 6595
f 6597 6594 6598
f 6594 6597 6439
f 6436 6594 6439
f 6596 6437 6599
f 6599 6437 6440
f 6598 6600 6597
f 6597 6600 6601
f 6597 6601 6439
f 6439 6601 6442
f 6599 6440 6602
f 6602 6440 6443
f 6601 6603 6442
f 6603 6445 6442
f 6602 6443 6604
f 6604 6443 6446
f 6603 6605 6445
f 6605 6448 6445
f 6604 6446 6606
f 6606 6446 6449
f 6605 6607 6448
f 6607 6451 6448
f 6606 6449 6608
f 6608 6449 6453
f 6607 6609 6451
f 6609 6455 6451
f 6608 6453 6610
f 6610 6453 6457
f 6609 6611 6455
f 6611 6459 6455
f 6610 6457 6612
f 6612 6457 6461
f 6611 6613 6459
f 6613 6463 6459
f 6612 6461 6614
f 6614 6461 6465
f 6613 6615 6463
f 6615 6467 6463
f 6614 6465 6616
f 6616 6465 6469
f 6470 6617 6471
f 6617 6470 6467
f 6617 6467 6618
f 6618 6467 6615
f 6616 6469 6619
f 6619 6469 6473
f 6620 6471 6617
f 6474 6471 6620
f 6618 6621 6620
f 6617 6618 6620
f 6475 6622 6623
f 6475 6623 6473
f 6473 6623 6619
f 6475 6476 6622
f 6624 6474 6620
f 6624 6625 6474
f 6625 6477 6474
f 6620 6621 6624
f 6627 6623 6622
f 6626 6627 6622
f 6622 6479 6626
f 6476 6479 6622
f 6625 6628 6477
f 6628 6480 6477
f 6630 6627 6626
f 6629 6630 6626
f 6626 6482 6629
f 6479 6482 6626
f 6628 6631 6480
f 6631 6483 6480
f 6633 6630 6629
f 6632 6633 6629
f 6629 6485 6632
f 6482 6485 6629
f 6631 6634 6483
f 6634 6486 6483
f 6636 6633 6632
f 6635 6636 6632
f 6632 6488 6635
f 6485 6488 6632
f 6634 6637 6486
f 6637 6489 6486
f 6639 6636 6635
f 6638 6639 6635
f 6635 6491 6638
f 6488 6491 6635
f 6637 6640 6489
f 6640 6492 6489
f 6642 6639 6638
f 6641 6642 6638
f 6638 6494 6641
f 6491 6494 6638
f 6640 6643 6492
f 6643 6495 6492
f 6645 6642 6641
f 6644 6645 6641
f 6641 6497 6644
f 6494 6497 6641
f 6643 6646 6495
f 6646 6498 6495
f 6648 6645 6644
f 6647 6648 6644
f 6644 6500 6647
f 6497 6500 6644
f 6646 6649 6498
f 6649 6501 6498
f 6647 6502 6503
f 6647 6503 6648
f 6648 6503 6650
f 6647 6500 6502
f 6649 6651 6501
f 6651 6504 6501
f 6650 6503 6652
f 6652 6503 6505
f 6651 6653 6504
f 6653 6506 6504
f 6652 6505 6654
f 6654 6505 6507
f 6653 6655 6506
f 6655 6508 6506
f 6654 6507 6656
f 6656 6507 6509
f 6657 6655 6658
f 6657 6511 6655
f 6511 6508 6655
f 6658 6659 6657
f 6513 6660 6661
f 6513 6661 6509
f 6509 6661 6656
f 6513 6514 6660
f 6657 6515 6511
f 6515 6657 6659
f 6515 6659 6516
f 6516 6659 6662
f 6664 6661 6660
f 6663 6664 6660
f 6660 6518 6663
f 6514 6518 6660
f 6662 6665 6516
f 6665 6519 6516
f 6667 6664 6663
f 6666 6667 6663
f 6663 6521 6666
f 6518 6521 6663
f 6665 6668 6519
f 6668 6522 6519
f 6670 6667 6666
f 6669 6670 6666
f 6666 6524 6669
f 6521 6524 6666
f 6668 6671 6522
f 6671 6526 6522
f 6673 6670 6669
f 6672 6673 6669
f 6669 6527 6672
f 6524 6527 6669
f 6671 6674 6526
f 6674 6528 6526
f 6673 6672 6675
f 6672 6676 6675
f 6672 6527 6676
f 6527 6529 6676
f 6674 6677 6528
f 6677 6530 6528
f 6676 6529 6678
f 6678 6529 6531
f 6532 6679 6533
f 6679 6532 6530
f 6679 6530 6680
f 6680 6530 6677
f 6678 6531 6534
f 6681 6678 6534
f 6681 6534 6682
f 6534 6535 6682
f 6533 6679 6683
f 6533 6683 6535
f 6535 6683 6682
f 6679 6680 6683
f 6537 6538 6684
f 6684 6686 6685
f 6684 6685 6537
f 6537 6685 6539
f 6685 6687 6539
f 6539 6687 6540
f 6689 6688 6541
f 6689 6541 6687
f 6687 6541 6540
f 6541 6688 6542
f 6690 6684 6538
f 6543 6690 6538
f 6686 6690 6691
f 6684 6690 6686
f 6693 6688 6689
f 6692 6688 6693
f 6688 6692 6544
f 6542 6688 6544
f 6694 6690 6543
f 6545 6694 6543
f 6691 6694 6695
f 6690 6694 6691
f 6697 6692 6693
f 6696 6692 6697
f 6692 6696 6546
f 6544 6692 6546
f 6694 6545 6548
f 6548 6695 6694
f 6548 6549 6695
f 6549 6698 6695
f 6700 6696 6697
f 6699 6696 6700
f 6696 6699 6550
f 6546 6696 6550
f 6698 6549 6701
f 6701 6549 6552
f 6703 6699 6700
f 6702 6699 6703
f 6699 6702 6553
f 6550 6699 6553
f 6701 6552 6704
f 6704 6552 6554
f 6706 6702 6703
f 6705 6702 6706
f 6702 6705 6556
f 6553 6702 6556
f 6707 6708 6704
f 6707 6704 6557
f 6557 6704 6554
f 6708 6707 6709
f 6711 6705 6706
f 6710 6705 6711
f 6705 6710 6559
f 6556 6705 6559
f 6712 6707 6557
f 6712 6557 6713
f 6713 6557 6560
f 6707 6712 6709
f 6710 6562 6561
f 6710 6711 6562
f 6711 6714 6562
f 6710 6561 6559
f 6713 6560 6715
f 6715 6560 6563
f 6714 6716 6562
f 6716 6564 6562
f 6715 6563 6717
f 6717 6563 6565
f 6716 6718 6564
f 6718 6566 6564
f 6717 6565 6719
f 6719 6565 6567
f 6718 6720 6566
f 6720 6568 6566
f 6570 6571 6721
f 6721 6567 6570
f 6721 6722 6567
f 6722 6719 6567
f 6725 6723 6724
f 6724 6723 6572
f 6724 6572 6720
f 6720 6572 6568
f 6726 6721 6571
f 6573 6726 6571
f 6722 6726 6727
f 6721 6726 6722
f 6729 6723 6725
f 6728 6723 6729
f 6723 6728 6574
f 6572 6723 6574
f 6730 6726 6573
f 6575 6730 6573
f 6727 6730 6731
f 6726 6730 6727
f 6733 6728 6729
f 6732 6728 6733
f 6728 6732 6576
f 6574 6728 6576
f 6734 6730 6575
f 6577 6734 6575
f 6731 6735 6736
f 6731 6730 6735
f 6730 6734 6735
f 6736 6732 6733
f 6736 6735 6732
f 6735 6737 6732
f 6732 6737 6578
f 6576 6732 6578
f 6738 6734 6577
f 6579 6738 6577
f 6734 6738 6735
f 6735 6738 6739
f 6735 6739 6737
f 6737 6739 6740
f 6737 6740 6580
f 6578 6737 6580
f 6741 6738 6579
f 6581 6741 6579
f 6738 6741 6739
f 6739 6741 6742
f 6739 6742 6740
f 6740 6742 6743
f 6740 6743 6583
f 6580 6740 6583
f 6744 6741 6581
f 6584 6744 6581
f 6741 6744 6742
f 6742 6744 6745
f 6742 6745 6743
f 6743 6745 6746
f 6743 6746 6586
f 6583 6743 6586
f 6747 6744 6584
f 6587 6747 6584
f 6744 6747 6745
f 6745 6747 6748
f 6749 6748 6750
f 6749 6746 6748
f 6746 6745 6748
f 6746 6749 6751
f 6746 6751 6586
f 6586 6751 6589
f 6752 6747 6587
f 6590 6752 6587
f 6747 6752 6748
f 6748 6752 6753
f 6750 6753 6754
f 6748 6753 6750
f 6751 6755 6589
f 6755 6592 6589
f 6756 6752 6590
f 6593 6756 6590
f 6752 6756 6753
f 6753 6756 6757
f 6754 6757 6758
f 6753 6757 6754
f 6755 6759 6592
f 6759 6595 6592
f 6760 6756 6593
f 6596 6760 6593
f 6756 6760 6757
f 6757 6760 6761
f 6758 6761 6762
f 6757 6761 6758
f 6759 6763 6595
f 6763 6598 6595
f 6764 6760 6596
f 6599 6764 6596
f 6765 6764 6766
f 6765 6761 6764
f 6761 6760 6764
f 6761 6765 6762
f 6600 6768 6767
f 6600 6598 6768
f 6598 6763 6768
f 6600 6767 6601
f 6769 6764 6599
f 6602 6769 6599
f 6766 6769 6770
f 6764 6769 6766
f 6772 6767 6768
f 6771 6767 6772
f 6767 6771 6603
f 6601 6767 6603
f 6773 6769 6602
f 6604 6773 6602
f 6770 6773 6774
f 6769 6773 6770
f 6776 6771 6772
f 6775 6771 6776
f 6771 6775 6605
f 6603 6771 6605
f 6777 6773 6604
f 6606 6777 6604
f 6774 6777 6778
f 6773 6777 6774
f 6780 6775 6776
f 6779 6775 6780
f 6775 6779 6607
f 6605 6775 6607
f 6781 6777 6606
f 6608 6781 6606
f 6778 6781 6782
f 6777 6781 6778
f 6784 6779 6780
f 6783 6779 6784
f 6779 6783 6609
f 6607 6779 6609
f 6785 6781 6608
f 6610 6785 6608
f 6782 6785 6786
f 6781 6785 6782
f 6788 6783 6784
f 6787 6783 6788
f 6783 6787 6611
f 6609 6783 6611
f 6789 6785 6610
f 6612 6789 6610
f 6786 6789 6790
f 6785 6789 6786
f 6793 6791 6792
f 6792 6787 6788
f 6792 6791 6787
f 6791 6794 6787
f 6787 6794 6613
f 6611 6787 6613
f 6795 6789 6612
f 6614 6795 6612
f 6790 6795 6796
f 6789 6795 6790
f 6798 6791 6793
f 6797 6791 6798
f 6791 6797 6794
f 6794 6797 6799
f 6794 6799 6615
f 6613 6794 6615
f 6800 6795 6614
f 6616 6800 6614
f 6796 6800 6801
f 6795 6800 6796
f 6803 6797 6798
f 6802 6797 6803
f 6797 6802 6799
f 6799 6802 6804
f 6799 6804 6618
f 6615 6799 6618
f 6805 6800 6616
f 6619 6805 6616
f 6801 6805 6806
f 6800 6805 6801
f 6808 6802 6803
f 6807 6802 6808
f 6802 6807 6804
f 6804 6807 6809
f 6804 6809 6621
f 6618 6804 6621
f 6810 6805 6619
f 6623 6810 6619
f 6806 6810 6811
f 6805 6810 6806
f 6813 6807 6808
f 6812 6807 6813
f 6625 6624 6809
f 6625 6809 6812
f 6812 6809 6807
f 6809 6624 6621
f 6814 6810 6623
f 6627 6814 6623
f 6811 6814 6815
f 6810 6814 6811
f 6817 6812 6813
f 6816 6812 6817
f 6812 6816 6628
f 6625 6812 6628
f 6818 6814 6627
f 6630 6818 6627
f 6815 6818 6819
f 6814 6818 6815
f 6821 6816 6817
f 6820 6816 6821
f 6816 6820 6631
f 6628 6816 6631
f 6822 6818 6630
f 6633 6822 6630
f 6819 6822 6823
f 6818 6822 6819
f 6825 6820 6821
f 6824 6820 6825
f 6820 6824 6634
f 6631 6820 6634
f 6826 6822 6633
f 6636 6826 6633
f 6823 6826 6827
f 6822 6826 6823
f 6829 6824 6825
f 6828 6824 6829
f 6824 6828 6637
f 6634 6824 6637
f 6830 6826 6636
f 6639 6830 6636
f 6827 6830 6831
f 6826 6830 6827
f 6833 6828 6829
f 6832 6828 6833
f 6828 6832 6640
f 6637 6828 6640
f 6834 6830 6639
f 6642 6834 6639
f 6831 6835 6836
f 6831 6830 6835
f 6830 6834 6835
f 6836 6832 6833
f 6836 6835 6832
f 6835 6837 6832
f 6832 6837 6643
f 6640 6832 6643
f 6838 6834 6642
f 6645 6838 6642
f 6834 6838 6835
f 6835 6838 6839
f 6840 6839 6841
f 6840 6837 6839
f 6837 6835 6839
f 6837 6840 6842
f 6837 6842 6643
f 6643 6842 6646
f 6843 6838 6645
f 6648 6843 6645
f 6838 6843 6839
f 6839 6843 6844
f 6841 6844 6845
f 6839 6844 6841
f 6842 6846 6646
f 6846 6649 6646
f 6847 6843 6648
f 6650 6847 6648
f 6843 6847 6844
f 6844 6847 6848
f 6845 6848 6849
f 6844 6848 6845
f 6846 6850 6649
f 6850 6651 6649
f 6851 6847 6650
f 6652 6851 6650
f 6847 6851 6848
f 6848 6851 6852
f 6849 6852 6853
f 6848 6852 6849
f 6850 6854 6651
f 6854 6653 6651
f 6855 6851 6652
f 6654 6855 6652
f 6851 6855 6852
f 6852 6855 6856
f 6853 6856 6857
f 6852 6856 6853
f 6854 6858 6653
f 6858 6655 6653
f 6859 6855 6654
f 6656 6859 6654
f 6855 6859 6856
f 6856 6859 6860
f 6857 6860 6861
f 6856 6860 6857
f 6658 6863 6862
f 6658 6655 6863
f 6655 6858 6863
f 6658 6862 6659
f 6864 6859 6656
f 6661 6864 6656
f 6859 6864 6860
f 6860 6864 6865
f 6861 6865 6866
f 6860 6865 6861
f 6868 6862 6863
f 6867 6862 6868
f 6862 6867 6662
f 6659 6862 6662
f 6869 6864 6661
f 6664 6869 6661
f 6864 6869 6865
f 6865 6869 6870
f 6866 6870 6871
f 6865 6870 6866
f 6873 6867 6868
f 6872 6867 6873
f 6867 6872 6665
f 6662 6867 6665
f 6874 6869 6664
f 6874 6664 6875
f 6875 6664 6667
f 6869 6876 6870
f 6874 6876 6869
f 6870 6876 6871
f 6878 6872 6873
f 6877 6872 6878
f 6872 6877 6668
f 6665 6872 6668
f 6879 6880 6875
f 6879 6875 6670
f 6670 6875 6667
f 6880 6879 6881
f 6883 6877 6878
f 6882 6877 6883
f 6877 6882 6671
f 6668 6877 6671
f 6884 6879 6670
f 6673 6884 6670
f 6881 6884 6885
f 6879 6884 6881
f 6887 6882 6883
f 6886 6882 6887
f 6882 6886 6674
f 6671 6882 6674
f 6884 6673 6675
f 6675 6885 6884
f 6675 6676 6885
f 6676 6888 6885
f 6890 6886 6887
f 6889 6886 6890
f 6886 6889 6677
f 6674 6886 6677
f 6891 6892 6888
f 6891 6888 6678
f 6678 6888 6676
f 6892 6893 6894
f 6891 6893 6892
f 6894 6889 6890
f 6894 6893 6889
f 6893 6895 6889
f 6889 6895 6680
f 6677 6889 6680
f 6891 6678 6681
f 6893 6891 6681
f 6682 6893 6681
f 6895 6893 6682
f 6683 6895 6682
f 6895 6683 6680
f 6685 6686 6896
f 6687 6685 6896
f 6897 6687 6896
f 6687 6897 6689
f 6898 6896 6686
f 6691 6898 6686
f 6896 6898 6897
f 6897 6898 6899
f 6897 6899 6693
f 6689 6897 6693
f 6900 6898 6691
f 6695 6900 6691
f 6898 6900 6899
f 6899 6900 6901
f 6899 6901 6697
f 6693 6899 6697
f 6902 6900 6695
f 6698 6902 6695
f 6900 6902 6901
f 6901 6902 6903
f 6901 6903 6700
f 6697 6901 6700
f 6904 6902 6698
f 6701 6904 6698
f 6902 6904 6903
f 6903 6904 6905
f 6903 6905 6703
f 6700 6903 6703
f 6906 6904 6701
f 6704 6906 6701
f 6904 6906 6905
f 6905 6906 6907
f 6905 6907 6706
f 6703 6905 6706
f 6906 6704 6708
f 6708 6709 6908
f 6708 6908 6906
f 6906 6908 6907
f 6907 6908 6711
f 6706 6907 6711
f 6712 6713 6909
f 6709 6712 6909
f 6709 6909 6908
f 6908 6909 6910
f 6908 6910 6714
f 6711 6908 6714
f 6911 6909 6713
f 6715 6911 6713
f 6909 6911 6910
f 6910 6911 6912
f 6910 6912 6716
f 6714 6910 6716
f 6913 6911 6715
f 6717 6913 6715
f 6911 6913 6912
f 6912 6913 6914
f 6912 6914 6718
f 6716 6912 6718
f 6915 6913 6717
f 6719 6915 6717
f 6913 6915 6914
f 6914 6915 6916
f 6914 6916 6720
f 6718 6914 6720
f 6917 6915 6719
f 6722 6917 6719
f 6725 6724 6916
f 6725 6916 6917
f 6917 6916 6915
f 6916 6724 6720
f 6918 6917 6722
f 6727 6918 6722
f 6917 6918 6729
f 6725 6917 6729
f 6919 6918 6727
f 6731 6919 6727
f 6918 6919 6733
f 6729 6918 6733
f 6919 6731 6736
f 6919 6736 6733
f 6749 6750 6920
f 6749 6920 6751
f 6921 6920 6750
f 6754 6921 6750
f 6920 6921 6755
f 6751 6920 6755
f 6922 6921 6754
f 6758 6922 6754
f 6921 6922 6759
f 6755 6921 6759
f 6923 6922 6758
f 6762 6923 6758
f 6922 6923 6763
f 6759 6922 6763
f 6765 6766 6924
f 6762 6765 6924
f 6762 6924 6923
f 6923 6924 6925
f 6923 6925 6768
f 6763 6923 6768
f 6926 6924 6766
f 6770 6926 6766
f 6924 6926 6925
f 6925 6926 6927
f 6925 6927 6772
f 6768 6925 6772
f 6928 6926 6770
f 6774 6928 6770
f 6926 6928 6927
f 6927 6928 6929
f 6927 6929 6776
f 6772 6927 6776
f 6930 6928 6774
f 6778 6930 6774
f 6928 6930 6929
f 6929 6930 6931
f 6929 6931 6780
f 6776 6929 6780
f 6932 6930 6778
f 6782 6932 6778
f 6930 6932 6931
f 6931 6932 6933
f 6931 6933 6784
f 6780 6931 6784
f 6934 6932 6782
f 6786 6934 6782
f 6932 6934 6933
f 6933 6934 6935
f 6933 6935 6788
f 6784 6933 6788
f 6936 6934 6786
f 6790 6936 6786
f 6793 6792 6935
f 6793 6935 6936
f 6936 6935 6934
f 6935 6792 6788
f 6937 6936 6790
f 6796 6937 6790
f 6936 6937 6798
f 6793 6936 6798
f 6938 6937 6796
f 6801 6938 6796
f 6937 6938 6803
f 6798 6937 6803
f 6939 6938 6801
f 6806 6939 6801
f 6938 6939 6808
f 6803 6938 6808
f 6940 6939 6806
f 6811 6940 6806
f 6939 6940 6813
f 6808 6939 6813
f 6941 6940 6811
f 6815 6941 6811
f 6940 6941 6817
f 6813 6940 6817
f 6942 6941 6815
f 6819 6942 6815
f 6941 6942 6821
f 6817 6941 6821
f 6943 6942 6819
f 6823 6943 6819
f 6942 6943 6825
f 6821 6942 6825
f 6944 6943 6823
f 6827 6944 6823
f 6943 6944 6829
f 6825 6943 6829
f 6945 6944 6827
f 6831 6945 6827
f 6944 6945 6833
f 6829 6944 6833
f 6945 6831 6836
f 6945 6836 6833
f 6840 6841 6946
f 6840 6946 6842
f 6947 6946 6841
f 6845 6947 6841
f 6946 6947 6846
f 6842 6946 6846
f 6948 6947 6845
f 6849 6948 6845
f 6947 6948 6850
f 6846 6947 6850
f 6949 6948 6849
f 6853 6949 6849
f 6948 6949 6854
f 6850 6948 6854
f 6950 6949 6853
f 6857 6950 6853
f 6949 6950 6858
f 6854 6949 6858
f 6951 6950 6857
f 6861 6951 6857
f 6950 6951 6863
f 6858 6950 6863
f 6952 6951 6861
f 6866 6952 6861
f 6951 6952 6868
f 6863 6951 6868
f 6953 6952 6866
f 6871 6953 6866
f 6952 6953 6873
f 6868 6952 6873
f 6874 6875 6954
f 6876 6874 6954
f 6955 6876 6954
f 6871 6876 6955
f 6871 6955 6953
f 6953 6955 6956
f 6953 6956 6878
f 6873 6953 6878
f 6954 6875 6880
f 6880 6881 6957
f 6880 6957 6954
f 6954 6957 6955
f 6955 6957 6956
f 6956 6957 6958
f 6956 6958 6883
f 6878 6956 6883
f 6959 6957 6881
f 6885 6959 6881
f 6957 6959 6958
f 6958 6959 6960
f 6958 6960 6887
f 6883 6958 6887
f 6961 6959 6885
f 6888 6961 6885
f 6959 6961 6960
f 6960 6961 6962
f 6960 6962 6890
f 6887 6960 6890
f 6961 6888 6892
f 6962 6961 6892
f 6894 6962 6892
f 6962 6894 6890
f 6965 6964 6963
f 6964 6966 6963
f 6969 6968 6967
f 6968 6971 6970
f 6967 6968 6970
f 6971 6973 6972
f 6970 6971 6972
f 6973 6975 6974
f 6972 6973 6974
f 6975 6976 6974
f 6979 6978 6977
f 6978 6981 6980
f 6977 6978 6980
f 6981 6983 6982
f 6980 6981 6982
f 6983 6965 6963
f 6983 6963 6982
f 6982 6963 6984
f 6966 6985 6984
f 6963 6966 6984
f 6987 6969 6967
f 6986 6987 6967
f 6967 6970 6986
f 6970 6988 6986
f 6970 6972 6988
f 6972 6989 6988
f 6972 6974 6989
f 6974 6990 6989
f 6976 6991 6990
f 6974 6976 6990
f 6993 6979 6977
f 6992 6993 6977
f 6977 6980 6992
f 6980 6994 6992
f 6980 6982 6994
f 6982 6995 6994
f 6982 6984 6995
f 6984 6996 6995
f 6985 6997 6996
f 6984 6985 6996
f 6999 6987 6986
f 6998 6999 6986
f 6986 6988 6998
f 6988 7000 6998
f 6988 6989 7000
f 6989 7001 7000
f 6989 6990 7001
f 6990 7002 7001
f 6991 7004 7003
f 6991 7003 6990
f 6990 7003 7002
f 7004 7006 7005
f 7003 7004 7005
f 7006 7008 7007
f 7005 7006 7007
f 7008 6993 6992
f 7008 6992 7007
f 7007 6992 7009
f 6992 6994 7009
f 6994 7010 7009
f 6994 6995 7010
f 6995 7011 7010
f 6995 6996 7011
f 6996 7012 7011
f 6997 7013 7012
f 6996 6997 7012
f 6999 6998 7014
f 7016 7014 6998
f 7016 6998 7015
f 7015 6998 7000
f 7000 7001 7015
f 7001 7017 7015
f 7001 7002 7017
f 7002 7018 7017
f 7002 7003 7018
f 7003 7019 7018
f 7003 7005 7019
f 7005 7020 7019
f 7005 7007 7020
f 7007 7021 7020
f 7007 7009 7021
f 7009 7022 7021
f 7009 7010 7022
f 7010 7023 7022
f 7010 7011 7023
f 7011 7024 7023
f 7011 7012 7024
f 7012 7025 7024
f 7013 7026 7025
f 7012 7013 7025
f 7028 7016 7015
f 7027 7028 7015
f 7015 7017 7027
f 7017 7029 7027
f 7017 7018 7029
f 7018 7030 7029
f 7018 7019 7030
f 7019 7031 7030
f 7019 7020 7031
f 7020 7032 7031
f 7020 7021 7032
f 7021 7033 7032
f 7021 7022 7033
f 7022 7034 7033
f 7022 7023 7034
f 7023 7035 7034
f 7023 7024 7035
f 7024 7036 7035
f 7024 7025 7036
f 7025 7037 7036
f 7026 7038 7037
f 7025 7026 7037
f 7040 7028 7027
f 7039 7040 7027
f 7027 7029 7039
f 7029 7041 7039
f 7029 7030 7041
f 7030 7042 7041
f 7030 7031 7042
f 7031 7043 7042
f 7031 7032 7043
f 7032 7044 7043
f 7045 7046 7044
f 7045 7044 7033
f 7033 7044 7032
f 7033 7034 7047
f 7045 7033 7047
f 7049 7047 7034
f 7049 7034 7048
f 7048 7034 7035
f 7035 7036 7048
f 7036 7050 7048
f 7036 7037 7050
f 7037 7051 7050
f 7038 7052 7051
f 7037 7038 7051
f 7054 7040 7039
f 7053 7054 7039
f 7039 7041 7053
f 7041 7055 7053
f 7056 7057 7055
f 7056 7055 7042
f 7042 7055 7041
f 7042 7043 7058
f 7056 7042 7058
f 7043 7044 7059
f 7058 7043 7059
f 7044 7046 7059
f 7049 7048 7060
f 7062 7060 7048
f 7062 7048 7061
f 7061 7048 7050
f 7050 7051 7061
f 7051 7063 7061
f 7052 7064 7063
f 7051 7052 7063
f 7066 7054 7053
f 7065 7066 7053
f 7053 7055 7065
f 7055 7067 7065
f 7057 7068 7067
f 7055 7057 7067
f 7070 7062 7061
f 7069 7070 7061
f 7071 7072 7069
f 7071 7069 7063
f 7063 7069 7061
f 7063 7064 7071
f 7074 7066 7065
f 7073 7074 7065
f 7065 7067 7073
f 7067 7075 7073
f 7068 7076 7075
f 7067 7068 7075
f 7078 7070 7069
f 7077 7078 7069
f 7072 7079 7077
f 7069 7072 7077
f 7081 7074 7073
f 7080 7081 7073
f 7073 7075 7080
f 7075 7082 7080
f 7076 7083 7082
f 7075 7076 7082
f 7085 7078 7077
f 7084 7085 7077
f 7079 7086 7084
f 7077 7079 7084
f 7088 7081 7080
f 7087 7088 7080
f 7080 7082 7087
f 7082 7089 7087
f 7083 7090 7089
f 7082 7083 7089
f 7085 7084 7091
f 7084 7086 7091
f 7093 7088 7087
f 7092 7093 7087
f 7087 7089 7092
f 7089 7094 7092
f 7090 7095 7094
f 7089 7090 7094
f 7097 7093 7092
f 7096 7097 7092
f 7092 7094 7096
f 7094 7098 7096
f 7095 7099 7098
f 7094 7095 7098
f 7101 7097 7096
f 7100 7101 7096
f 7096 7098 7100
f 7098 7102 7100
f 7099 7103 7102
f 7098 7099 7102
f 7106 7105 7104
f 7105 7107 7104
f 7110 7109 7108
f 7109 7111 7108
f 7113 7101 7100
f 7112 7113 7100
f 7100 7102 7112
f 7102 7114 7112
f 7103 7115 7114
f 7102 7103 7114
f 7117 7106 7104
f 7116 7117 7104
f 7107 7118 7116
f 7104 7107 7116
f 7120 7110 7108
f 7119 7120 7108
f 7111 7121 7119
f 7108 7111 7119
f 7123 7113 7112
f 7122 7123 7112
f 7112 7114 7122
f 7114 7124 7122
f 7115 7125 7124
f 7114 7115 7124
f 7127 7117 7116
f 7126 7127 7116
f 7118 7128 7126
f 7116 7118 7126
f 7130 7120 7119
f 7129 7130 7119
f 7121 7131 7129
f 7119 7121 7129
f 7133 7123 7122
f 7132 7133 7122
f 7122 7124 7132
f 7124 7134 7132
f 7125 7135 7134
f 7124 7125 7134
f 7137 7127 7126
f 7136 7137 7126
f 7128 7138 7136
f 7126 7128 7136
f 7140 7130 7129
f 7139 7140 7129
f 7131 7141 7139
f 7129 7131 7139
f 7144 7143 7142
f 7143 7146 7145
f 7142 7143 7145
f 7146 7133 7132
f 7146 7132 7145
f 7145 7132 7147
f 7132 7134 7147
f 7134 7148 7147
f 7135 7149 7148
f 7134 7135 7148
f 7151 7137 7136
f 7150 7151 7136
f 7138 7152 7150
f 7136 7138 7150
f 7154 7140 7139
f 7153 7154 7139
f 7141 7155 7153
f 7139 7141 7153
f 7157 7144 7142
f 7156 7157 7142
f 7142 7145 7156
f 7145 7158 7156
f 7145 7147 7158
f 7147 7159 7158
f 7147 7148 7159
f 7148 7160 7159
f 7149 7161 7160
f 7148 7149 7160
f 7163 7151 7150
f 7162 7163 7150
f 7152 7165 7164
f 7152 7164 7150
f 7150 7164 7162
f 7165 7166 7164
f 7168 7154 7153
f 7167 7168 7153
f 7155 7169 7167
f 7153 7155 7167
f 7171 7157 7156
f 7170 7171 7156
f 7156 7158 7170
f 7158 7172 7170
f 7158 7159 7172
f 7159 7173 7172
f 7159 7160 7173
f 7160 7174 7173
f 7161 7175 7174
f 7160 7161 7174
f 7177 7163 7162
f 7176 7177 7162
f 7162 7164 7176
f 7164 7178 7176
f 7166 7179 7178
f 7164 7166 7178
f 7182 7181 7180
f 7181 7168 7167
f 7181 7167 7180
f 7180 7167 7183
f 7169 7184 7183
f 7167 7169 7183
f 7186 7171 7170
f 7185 7186 7170
f 7170 7172 7185
f 7172 7187 7185
f 7172 7173 7187
f 7173 7188 7187
f 7173 7174 7188
f 7174 7189 7188
f 7175 7190 7189
f 7174 7175 7189
f 7192 7177 7176
f 7191 7192 7176
f 7176 7178 7191
f 7178 7193 7191
f 7179 7194 7193
f 7178 7179 7193
f 7196 7182 7180
f 7195 7196 7180
f 7180 7183 7195
f 7183 7197 7195
f 7184 7198 7197
f 7183 7184 7197
f 7200 7186 7185
f 7199 7200 7185
f 7185 7187 7199
f 7187 7201 7199
f 7187 7188 7201
f 7188 7202 7201
f 7188 7189 7202
f 7189 7203 7202
f 7190 7204 7203
f 7189 7190 7203
f 7207 7206 7205
f 7206 7192 7191
f 7206 7191 7205
f 7205 7191 7208
f 7191 7193 7208
f 7193 7209 7208
f 7194 7210 7209
f 7193 7194 7209
f 7212 7196 7195
f 7211 7212 7195
f 7195 7197 7211
f 7197 7213 7211
f 7198 7214 7213
f 7197 7198 7213
f 7216 7200 7199
f 7215 7216 7199
f 7199 7201 7215
f 7201 7217 7215
f 7201 7202 7217
f 7202 7218 7217
f 7202 7203 7218
f 7203 7219 7218
f 7204 7220 7219
f 7203 7204 7219
f 7222 7207 7205
f 7221 7222 7205
f 7205 7208 7221
f 7208 7223 7221
f 7208 7209 7223
f 7209 7224 7223
f 7210 7226 7225
f 7210 7225 7209
f 7209 7225 7224
f 7226 7212 7211
f 7226 7211 7225
f 7225 7211 7227
f 7211 7213 7227
f 7213 7228 7227
f 7214 7229 7228
f 7213 7214 7228
f 7231 7216 7215
f 7230 7231 7215
f 7215 7217 7230
f 7217 7232 7230
f 7217 7218 7232
f 7218 7233 7232
f 7218 7219 7233
f 7219 7234 7233
f 7220 7235 7234
f 7219 7220 7234
f 7237 7222 7221
f 7236 7237 7221
f 7221 7223 7236
f 7223 7238 7236
f 7223 7224 7238
f 7224 7239 7238
f 7240 7241 7239
f 7240 7239 7225
f 7225 7239 7224
f 7243 7240 7225
f 7243 7225 7242
f 7242 7225 7227
f 7227 7228 7242
f 7228 7244 7242
f 7229 7245 7244
f 7228 7229 7244
f 7247 7231 7230
f 7246 7247 7230
f 7230 7232 7246
f 7232 7248 7246
f 7232 7233 7248
f 7233 7249 7248
f 7233 7234 7249
f 7234 7250 7249
f 7235 7251 7250
f 7234 7235 7250
f 7253 7237 7236
f 7252 7253 7236
f 7236 7238 7252
f 7238 7254 7252
f 7238 7239 7254
f 7239 7255 7254
f 7241 7256 7255
f 7239 7241 7255
f 7243 7242 7257
f 7259 7257 7242
f 7259 7242 7258
f 7258 7242 7244
f 7245 7260 7258
f 7244 7245 7258
f 7262 7247 7246
f 7261 7262 7246
f 7246 7248 7261
f 7248 7263 7261
f 7248 7249 7263
f 7249 7264 7263
f 7249 7250 7264
f 7250 7265 7264
f 7251 7267 7266
f 7251 7266 7250
f 7250 7266 7265
f 7267 7253 7252
f 7267 7252 7266
f 7266 7252 7268
f 7252 7254 7268
f 7254 7269 7268
f 7254 7255 7269
f 7255 7270 7269
f 7256 7271 7270
f 7255 7256 7270
f 7273 7259 7258
f 7272 7273 7258
f 7260 7274 7272
f 7258 7260 7272
f 7276 7262 7261
f 7275 7276 7261
f 7261 7263 7275
f 7263 7277 7275
f 7263 7264 7277
f 7264 7278 7277
f 7264 7265 7278
f 7265 7279 7278
f 7265 7266 7279
f 7266 7280 7279
f 7266 7268 7280
f 7268 7281 7280
f 7268 7269 7281
f 7269 7282 7281
f 7283 7284 7282
f 7283 7282 7270
f 7270 7282 7269
f 7270 7271 7283
f 7286 7273 7272
f 7285 7286 7272
f 7274 7287 7285
f 7272 7274 7285
f 7289 7276 7275
f 7288 7289 7275
f 7275 7277 7288
f 7277 7290 7288
f 7277 7278 7290
f 7278 7291 7290
f 7278 7279 7291
f 7279 7292 7291
f 7279 7280 7292
f 7280 7293 7292
f 7280 7281 7293
f 7281 7294 7293
f 7281 7282 7294
f 7282 7295 7294
f 7284 7296 7295
f 7282 7284 7295
f 7298 7286 7285
f 7297 7298 7285
f 7287 7299 7297
f 7285 7287 7297
f 7301 7289 7288
f 7300 7301 7288
f 7288 7290 7300
f 7290 7302 7300
f 7290 7291 7302
f 7291 7303 7302
f 7291 7292 7303
f 7292 7304 7303
f 7292 7293 7304
f 7293 7305 7304
f 7306 7307 7305
f 7306 7305 7294
f 7294 7305 7293
f 7309 7306 7294
f 7309 7294 7308
f 7308 7294 7295
f 7296 7310 7308
f 7295 7296 7308
f 7312 7298 7297
f 7311 7312 7297
f 7299 7313 7311
f 7297 7299 7311
f 7315 7301 7300
f 7314 7315 7300
f 7300 7302 7314
f 7302 7316 7314
f 7302 7303 7316
f 7303 7317 7316
f 7303 7304 7317
f 7304 7318 7317
f 7304 7305 7318
f 7305 7319 7318
f 7307 7320 7319
f 7305 7307 7319
f 7309 7308 7321
f 7308 7310 7321
f 7323 7312 7311
f 7322 7323 7311
f 7313 7324 7322
f 7311 7313 7322
f 7326 7315 7314
f 7325 7326 7314
f 7314 7316 7325
f 7316 7327 7325
f 7316 7317 7327
f 7317 7328 7327
f 7317 7318 7328
f 7318 7329 7328
f 7330 7331 7329
f 7330 7329 7319
f 7319 7329 7318
f 7319 7320 7330
f 7333 7323 7322
f 7332 7333 7322
f 7324 7334 7332
f 7322 7324 7332
f 7336 7326 7325
f 7335 7336 7325
f 7325 7327 7335
f 7327 7337 7335
f 7327 7328 7337
f 7328 7338 7337
f 7328 7329 7338
f 7329 7339 7338
f 7331 7340 7339
f 7329 7331 7339
f 7342 7333 7332
f 7341 7342 7332
f 7334 7344 7343
f 7334 7343 7332
f 7332 7343 7341
f 7344 7345 7343
f 7347 7336 7335
f 7346 7347 7335
f 7335 7337 7346
f 7337 7348 7346
f 7337 7338 7348
f 7338 7349 7348
f 7338 7339 7349
f 7339 7350 7349
f 7340 7351 7350
f 7339 7340 7350
f 7353 7342 7341
f 7352 7353 7341
f 7341 7343 7352
f 7343 7354 7352
f 7345 7355 7354
f 7343 7345 7354
f 7357 7347 7346
f 7356 7357 7346
f 7346 7348 7356
f 7348 7358 7356
f 7348 7349 7358
f 7349 7359 7358
f 7349 7350 7359
f 7350 7360 7359
f 7351 7361 7360
f 7350 7351 7360
f 7363 7353 7352
f 7362 7363 7352
f 7352 7354 7362
f 7354 7364 7362
f 7355 7365 7364
f 7354 7355 7364
f 7367 7357 7356
f 7366 7367 7356
f 7356 7358 7366
f 7358 7368 7366
f 7358 7359 7368
f 7359 7369 7368
f 7359 7360 7369
f 7360 7370 7369
f 7361 7371 7370
f 7360 7361 7370
f 7374 7373 7372
f 7373 7363 7362
f 7373 7362 7372
f 7372 7362 7375
f 7362 7364 7375
f 7364 7376 7375
f 7365 7377 7376
f 7364 7365 7376
f 7379 7367 7366
f 7378 7379 7366
f 7366 7368 7378
f 7368 7380 7378
f 7368 7369 7380
f 7369 7381 7380
f 7369 7370 7381
f 7370 7382 7381
f 7371 7383 7382
f 7370 7371 7382
f 7385 7374 7372
f 7384 7385 7372
f 7372 7375 7384
f 7375 7386 7384
f 7375 7376 7386
f 7376 7387 7386
f 7377 7388 7387
f 7376 7377 7387
f 7390 7379 7378
f 7389 7390 7378
f 7378 7380 7389
f 7380 7391 7389
f 7380 7381 7391
f 7381 7392 7391
f 7381 7382 7392
f 7382 7393 7392
f 7383 7394 7393
f 7382 7383 7393
f 7396 7385 7384
f 7395 7396 7384
f 7384 7386 7395
f 7386 7397 7395
f 7386 7387 7397
f 7387 7398 7397
f 7388 7399 7398
f 7387 7388 7398
f 7401 7390 7389
f 7400 7401 7389
f 7389 7391 7400
f 7391 7402 7400
f 7391 7392 7402
f 7392 7403 7402
f 7404 7405 7403
f 7404 7403 7393
f 7393 7403 7392
f 7393 7394 7404
f 7408 7407 7406
f 7407 7409 7406
f 7411 7396 7395
f 7410 7411 7395
f 7395 7397 7410
f 7397 7412 7410
f 7397 7398 7412
f 7398 7413 7412
f 7399 7414 7413
f 7398 7399 7413
f 7416 7401 7400
f 7415 7416 7400
f 7400 7402 7415
f 7402 7417 7415
f 7402 7403 7417
f 7403 7418 7417
f 7405 7419 7418
f 7403 7405 7418
f 7421 7408 7406
f 7420 7421 7406
f 7409 7422 7420
f 7406 7409 7420
f 7424 7411 7410
f 7423 7424 7410
f 7410 7412 7423
f 7412 7425 7423
f 7412 7413 7425
f 7413 7426 7425
f 7414 7427 7426
f 7413 7414 7426
f 7429 7416 7415
f 7428 7429 7415
f 7415 7417 7428
f 7417 7430 7428
f 7417 7418 7430
f 7418 7431 7430
f 7419 7432 7431
f 7418 7419 7431
f 7434 7421 7420
f 7433 7434 7420
f 7422 7435 7433
f 7420 7422 7433
f 7437 7424 7423
f 7436 7437 7423
f 7423 7425 7436
f 7425 7438 7436
f 7425 7426 7438
f 7426 7439 7438
f 7427 7440 7439
f 7426 7427 7439
f 7442 7429 7428
f 7441 7442 7428
f 7428 7430 7441
f 7430 7443 7441
f 7430 7431 7443
f 7431 7444 7443
f 7432 7445 7444
f 7431 7432 7444
f 7447 7434 7433
f 7446 7447 7433
f 7435 7449 7448
f 7435 7448 7433
f 7433 7448 7446
f 7449 7450 7448
f 7452 7437 7436
f 7451 7452 7436
f 7436 7438 7451
f 7438 7453 7451
f 7438 7439 7453
f 7439 7454 7453
f 7440 7455 7454
f 7439 7440 7454
f 7457 7442 7441
f 7456 7457 7441
f 7441 7443 7456
f 7443 7458 7456
f 7443 7444 7458
f 7444 7459 7458
f 7445 7460 7459
f 7444 7445 7459
f 7462 7447 7446
f 7461 7462 7446
f 7446 7448 7461
f 7448 7463 7461
f 7450 7465 7464
f 7450 7464 7448
f 7448 7464 7463
f 7465 7452 7451
f 7465 7451 7464
f 7464 7451 7466
f 7451 7453 7466
f 7453 7467 7466
f 7453 7454 7467
f 7454 7468 7467
f 7455 7469 7468
f 7454 7455 7468
f 7471 7457 7456
f 7470 7471 7456
f 7456 7458 7470
f 7458 7472 7470
f 7458 7459 7472
f 7459 7473 7472
f 7460 7474 7473
f 7459 7460 7473
f 7476 7462 7461
f 7475 7476 7461
f 7461 7463 7475
f 7463 7477 7475
f 7463 7464 7477
f 7464 7478 7477
f 7464 7466 7478
f 7466 7479 7478
f 7466 7467 7479
f 7467 7480 7479
f 7467 7468 7480
f 7468 7481 7480
f 7469 7482 7481
f 7468 7469 7481
f 7471 7470 7483
f 7485 7483 7470
f 7485 7470 7484
f 7484 7470 7472
f 7472 7473 7484
f 7473 7486 7484
f 7474 7488 7487
f 7474 7487 7473
f 7473 7487 7486
f 7488 7489 7487
f 7491 7476 7475
f 7490 7491 7475
f 7475 7477 7490
f 7477 7492 7490
f 7477 7478 7492
f 7478 7493 7492
f 7478 7479 7493
f 7479 7494 7493
f 7479 7480 7494
f 7480 7495 7494
f 7480 7481 7495
f 7481 7496 7495
f 7482 7497 7496
f 7481 7482 7496
f 7499 7485 7484
f 7498 7499 7484
f 7484 7486 7498
f 7486 7500 7498
f 7486 7487 7500
f 7487 7501 7500
f 7489 7502 7501
f 7487 7489 7501
f 7505 7504 7503
f 7504 7491 7490
f 7504 7490 7503
f 7503 7490 7506
f 7490 7492 7506
f 7492 7507 7506
f 7492 7493 7507
f 7493 7508 7507
f 7493 7494 7508
f 7494 7509 7508
f 7494 7495 7509
f 7495 7510 7509
f 7495 7496 7510
f 7496 7511 7510
f 7497 7512 7511
f 7496 7497 7511
f 7514 7499 7498
f 7513 7514 7498
f 7498 7500 7513
f 7500 7515 7513
f 7500 7501 7515
f 7501 7516 7515
f 7502 7517 7516
f 7501 7502 7516
f 7519 7505 7503
f 7518 7519 7503
f 7503 7506 7518
f 7506 7520 7518
f 7506 7507 7520
f 7507 7521 7520
f 7507 7508 7521
f 7508 7522 7521
f 7508 7509 7522
f 7509 7523 7522
f 7509 7510 7523
f 7510 7524 7523
f 7510 7511 7524
f 7511 7525 7524
f 7512 7526 7525
f 7511 7512 7525
f 7528 7514 7513
f 7527 7528 7513
f 7513 7515 7527
f 7515 7529 7527
f 7515 7516 7529
f 7516 7530 7529
f 7517 7531 7530
f 7516 7517 7530
f 7533 7519 7518
f 7532 7533 7518
f 7518 7520 7532
f 7520 7534 7532
f 7520 7521 7534
f 7521 7535 7534
f 7521 7522 7535
f 7522 7536 7535
f 7522 7523 7536
f 7523 7537 7536
f 7523 7524 7537
f 7524 7538 7537
f 7524 7525 7538
f 7525 7539 7538
f 7526 7540 7539
f 7525 7526 7539
f 7542 7528 7527
f 7541 7542 7527
f 7527 7529 7541
f 7529 7543 7541
f 7529 7530 7543
f 7530 7544 7543
f 7531 7546 7545
f 7531 7545 7530
f 7530 7545 7544
f 7546 7533 7532
f 7546 7532 7545
f 7545 7532 7547
f 7532 7534 7547
f 7534 7548 7547
f 7534 7535 7548
f 7535 7549 7548
f 7535 7536 7549
f 7536 7550 7549
f 7536 7537 7550
f 7537 7551 7550
f 7537 7538 7551
f 7538 7552 7551
f 7538 7539 7552
f 7539 7553 7552
f 7540 7554 7553
f 7539 7540 7553
f 7556 7542 7541
f 7555 7556 7541
f 7541 7543 7555
f 7543 7557 7555
f 7543 7544 7557
f 7544 7558 7557
f 7544 7545 7558
f 7545 7559 7558
f 7545 7547 7559
f 7547 7560 7559
f 7547 7548 7560
f 7548 7561 7560
f 7548 7549 7561
f 7549 7562 7561
f 7549 7550 7562
f 7550 7563 7562
f 7550 7551 7563
f 7551 7564 7563
f 7551 7552 7564
f 7552 7565 7564
f 7552 7553 7565
f 7553 7566 7565
f 7554 7567 7566
f 7553 7554 7566
f 7569 7556 7555
f 7568 7569 7555
f 7555 7557 7568
f 7557 7570 7568
f 7557 7558 7570
f 7558 7571 7570
f 7558 7559 7571
f 7559 7572 7571
f 7559 7560 7572
f 7560 7573 7572
f 7560 7561 7573
f 7561 7574 7573
f 7561 7562 7574
f 7562 7575 7574
f 7562 7563 7575
f 7563 7576 7575
f 7563 7564 7576
f 7564 7577 7576
f 7564 7565 7577
f 7565 7578 7577
f 7565 7566 7578
f 7566 7579 7578
f 7567 7580 7579
f 7566 7567 7579
f 7569 7568 7581
f 7583 7581 7568
f 7583 7568 7582
f 7582 7568 7570
f 7570 7571 7582
f 7571 7584 7582
f 7571 7572 7584
f 7572 7585 7584
f 7572 7573 7585
f 7573 7586 7585
f 7573 7574 7586
f 7574 7587 7586
f 7574 7575 7587
f 7575 7588 7587
f 7575 7576 7588
f 7576 7589 7588
f 7576 7577 7589
f 7577 7590 7589
f 7577 7578 7590
f 7578 7591 7590
f 7578 7579 7591
f 7579 7592 7591
f 7580 7593 7592
f 7579 7580 7592
f 7583 7582 7594
f 7582 7584 7595
f 7594 7582 7595
f 7584 7585 7596
f 7595 7584 7596
f 7585 7586 7597
f 7596 7585 7597
f 7586 7587 7598
f 7597 7586 7598
f 7587 7588 7599
f 7598 7587 7599
f 7588 7589 7600
f 7599 7588 7600
f 7602 7600 7589
f 7602 7589 7601
f 7601 7589 7590
f 7590 7591 7601
f 7591 7603 7601
f 7591 7592 7603
f 7592 7604 7603
f 7593 7605 7604
f 7592 7593 7604
f 7602 7601 7606
f 7601 7603 7607
f 7606 7601 7607
f 7603 7604 7608
f 7607 7603 7608
f 7604 7605 7608
f 7611 7610 7609
f 7610 7613 7612
f 7609 7610 7612
f 7613 7615 7614
f 7612 7613 7614
f 7615 7617 7616
f 7614 7615 7616
f 7617 7619 7618
f 7616 7617 7618
f 7619 7621 7620
f 7618 7619 7620
f 7621 7623 7622
f 7620 7621 7622
f 7623 7625 7624
f 7622 7623 7624
f 7625 7627 7626
f 7624 7625 7626
f 6965 7626 7627
f 6965 7627 6964
f 6964 7627 7628
f 6964 7628 7629
f 6966 6964 7629
f 7632 7631 7630
f 6969 7630 7631
f 6969 7631 6968
f 6968 7631 7633
f 7609 7633 7611
f 7609 6971 7633
f 6971 6968 7633
f 7612 6971 7609
f 6973 6971 7612
f 7614 6973 7612
f 6975 6973 7614
f 6975 7634 6976
f 6975 7614 7634
f 7614 7616 7634
f 7616 7618 7634
f 7618 7635 7634
f 7618 7620 7635
f 7620 7636 7635
f 6979 7622 6978
f 6979 7636 7622
f 7636 7620 7622
f 7624 6978 7622
f 6981 6978 7624
f 7626 6981 7624
f 6983 6981 7626
f 7626 6965 6983
f 7637 7629 7638
f 7637 6985 7629
f 6985 6966 7629
f 7638 7639 7637
f 7641 7632 7630
f 7640 7641 7630
f 7630 6987 7640
f 6969 6987 7630
f 7642 6976 7634
f 6991 6976 7642
f 7634 7635 7642
f 7635 7643 7642
f 7635 7636 7643
f 7636 7644 7643
f 7636 6993 7644
f 6979 6993 7636
f 7645 6985 7637
f 6997 6985 7645
f 7639 7646 7645
f 7637 7639 7645
f 7648 7641 7640
f 7647 7648 7640
f 7640 6999 7647
f 6987 6999 7640
f 7642 7004 6991
f 7643 7004 7642
f 7006 7004 7643
f 7644 7006 7643
f 7008 7006 7644
f 7644 6993 7008
f 7649 6997 7645
f 7013 6997 7649
f 7646 7650 7649
f 7645 7646 7649
f 7652 7648 7647
f 7651 7652 7647
f 7014 7647 6999
f 7014 7653 7647
f 7653 7651 7647
f 7014 7016 7653
f 7654 7013 7649
f 7026 7013 7654
f 7650 7655 7654
f 7649 7650 7654
f 7657 7652 7651
f 7656 7657 7651
f 7651 7653 7656
f 7653 7658 7656
f 7653 7028 7658
f 7016 7028 7653
f 7659 7026 7654
f 7659 7660 7026
f 7660 7038 7026
f 7654 7655 7659
f 7662 7657 7656
f 7661 7662 7656
f 7656 7658 7661
f 7658 7663 7661
f 7658 7040 7663
f 7028 7040 7658
f 7045 7664 7046
f 7047 7664 7045
f 7665 7664 7047
f 7047 7049 7665
f 7660 7666 7038
f 7666 7052 7038
f 7668 7662 7661
f 7667 7668 7661
f 7661 7663 7667
f 7663 7669 7667
f 7663 7054 7669
f 7040 7054 7663
f 7056 7670 7057
f 7058 7670 7056
f 7671 7670 7058
f 7059 7671 7058
f 7672 7671 7059
f 7046 7672 7059
f 7046 7664 7672
f 7664 7673 7672
f 7664 7665 7673
f 7665 7674 7673
f 7060 7665 7049
f 7060 7675 7665
f 7675 7674 7665
f 7060 7062 7675
f 7666 7676 7052
f 7676 7064 7052
f 7678 7668 7667
f 7677 7678 7667
f 7667 7669 7677
f 7669 7679 7677
f 7669 7066 7679
f 7054 7066 7669
f 7680 7057 7670
f 7068 7057 7680
f 7670 7671 7680
f 7671 7681 7680
f 7671 7672 7681
f 7672 7682 7681
f 7672 7673 7682
f 7673 7683 7682
f 7673 7674 7683
f 7674 7684 7683
f 7674 7675 7684
f 7675 7685 7684
f 7675 7070 7685
f 7062 7070 7675
f 7071 7686 7072
f 7688 7064 7676
f 7688 7686 7064
f 7688 7687 7686
f 7071 7064 7686
f 7688 7689 7687
f 7691 7678 7677
f 7690 7691 7677
f 7677 7679 7690
f 7679 7692 7690
f 7679 7074 7692
f 7066 7074 7679
f 7693 7068 7680
f 7076 7068 7693
f 7680 7681 7693
f 7681 7694 7693
f 7681 7682 7694
f 7682 7695 7694
f 7682 7683 7695
f 7683 7696 7695
f 7683 7684 7696
f 7684 7697 7696
f 7684 7685 7697
f 7685 7698 7697
f 7685 7078 7698
f 7070 7078 7685
f 7699 7072 7686
f 7079 7072 7699
f 7686 7687 7699
f 7687 7700 7699
f 7689 7701 7700
f 7687 7689 7700
f 7703 7691 7690
f 7702 7703 7690
f 7690 7692 7702
f 7692 7704 7702
f 7692 7081 7704
f 7074 7081 7692
f 7705 7076 7693
f 7083 7076 7705
f 7693 7694 7705
f 7694 7706 7705
f 7694 7695 7706
f 7695 7707 7706
f 7695 7696 7707
f 7696 7708 7707
f 7696 7697 7708
f 7697 7709 7708
f 7697 7698 7709
f 7698 7710 7709
f 7698 7085 7710
f 7078 7085 7698
f 7711 7079 7699
f 7086 7079 7711
f 7712 7713 7711
f 7712 7711 7700
f 7700 7711 7699
f 7700 7701 7712
f 7715 7703 7702
f 7714 7715 7702
f 7702 7704 7714
f 7704 7716 7714
f 7704 7088 7716
f 7081 7088 7704
f 7717 7083 7705
f 7090 7083 7717
f 7705 7706 7717
f 7706 7718 7717
f 7706 7707 7718
f 7707 7719 7718
f 7707 7708 7719
f 7708 7720 7719
f 7708 7709 7720
f 7709 7721 7720
f 7709 7710 7721
f 7710 7722 7721
f 7091 7710 7085
f 7091 7723 7710
f 7723 7722 7710
f 7086 7723 7091
f 7086 7711 7723
f 7711 7724 7723
f 7713 7725 7724
f 7711 7713 7724
f 7727 7715 7714
f 7726 7727 7714
f 7714 7716 7726
f 7716 7728 7726
f 7716 7093 7728
f 7088 7093 7716
f 7729 7090 7717
f 7095 7090 7729
f 7717 7718 7729
f 7718 7730 7729
f 7718 7719 7730
f 7719 7731 7730
f 7719 7720 7731
f 7720 7732 7731
f 7720 7721 7732
f 7721 7733 7732
f 7721 7722 7733
f 7722 7734 7733
f 7722 7723 7734
f 7723 7735 7734
f 7723 7724 7735
f 7724 7736 7735
f 7725 7737 7736
f 7724 7725 7736
f 7739 7727 7726
f 7738 7739 7726
f 7726 7728 7738
f 7728 7740 7738
f 7728 7097 7740
f 7093 7097 7728
f 7741 7095 7729
f 7099 7095 7741
f 7729 7730 7741
f 7730 7742 7741
f 7730 7731 7742
f 7731 7743 7742
f 7731 7732 7743
f 7732 7744 7743
f 7732 7733 7744
f 7733 7745 7744
f 7733 7734 7745
f 7734 7746 7745
f 7734 7735 7746
f 7735 7747 7746
f 7735 7736 7747
f 7736 7748 7747
f 7737 7749 7748
f 7736 7737 7748
f 7751 7739 7738
f 7750 7751 7738
f 7738 7740 7750
f 7740 7752 7750
f 7740 7101 7752
f 7097 7101 7740
f 7753 7099 7741
f 7103 7099 7753
f 7741 7742 7753
f 7742 7754 7753
f 7106 7743 7105
f 7106 7754 7743
f 7754 7742 7743
f 7105 7755 7107
f 7105 7743 7755
f 7743 7744 7755
f 7744 7745 7755
f 7745 7756 7755
f 7745 7746 7756
f 7746 7757 7756
f 7110 7747 7109
f 7110 7757 7747
f 7757 7746 7747
f 7109 7758 7111
f 7109 7747 7758
f 7747 7748 7758
f 7749 7760 7759
f 7749 7759 7748
f 7748 7759 7758
f 7760 7761 7759
f 7763 7751 7750
f 7762 7763 7750
f 7750 7752 7762
f 7752 7764 7762
f 7752 7113 7764
f 7101 7113 7752
f 7765 7103 7753
f 7115 7103 7765
f 7753 7754 7765
f 7754 7766 7765
f 7754 7117 7766
f 7106 7117 7754
f 7767 7107 7755
f 7118 7107 7767
f 7755 7756 7767
f 7756 7768 7767
f 7756 7757 7768
f 7757 7769 7768
f 7757 7120 7769
f 7110 7120 7757
f 7770 7111 7758
f 7121 7111 7770
f 7758 7759 7770
f 7759 7771 7770
f 7761 7772 7771
f 7759 7761 7771
f 7774 7763 7762
f 7773 7774 7762
f 7762 7764 7773
f 7764 7775 7773
f 7764 7123 7775
f 7113 7123 7764
f 7776 7115 7765
f 7125 7115 7776
f 7765 7766 7776
f 7766 7777 7776
f 7766 7127 7777
f 7117 7127 7766
f 7778 7118 7767
f 7128 7118 7778
f 7767 7768 7778
f 7768 7779 7778
f 7768 7769 7779
f 7769 7780 7779
f 7769 7130 7780
f 7120 7130 7769
f 7781 7121 7770
f 7131 7121 7781
f 7770 7771 7781
f 7771 7782 7781
f 7772 7783 7782
f 7771 7772 7782
f 7785 7774 7773
f 7784 7785 7773
f 7773 7775 7784
f 7775 7786 7784
f 7775 7133 7786
f 7123 7133 7775
f 7787 7125 7776
f 7135 7125 7787
f 7776 7777 7787
f 7777 7788 7787
f 7777 7137 7788
f 7127 7137 7777
f 7789 7128 7778
f 7138 7128 7789
f 7778 7779 7789
f 7779 7790 7789
f 7779 7780 7790
f 7780 7791 7790
f 7780 7140 7791
f 7130 7140 7780
f 7792 7131 7781
f 7141 7131 7792
f 7781 7782 7792
f 7782 7793 7792
f 7783 7794 7793
f 7782 7783 7793
f 7784 7143 7144
f 7784 7144 7785
f 7785 7144 7795
f 7786 7143 7784
f 7146 7143 7786
f 7786 7133 7146
f 7796 7135 7787
f 7149 7135 7796
f 7787 7788 7796
f 7788 7797 7796
f 7788 7151 7797
f 7137 7151 7788
f 7798 7138 7789
f 7152 7138 7798
f 7789 7790 7798
f 7790 7799 7798
f 7790 7791 7799
f 7791 7800 7799
f 7791 7154 7800
f 7140 7154 7791
f 7801 7141 7792
f 7155 7141 7801
f 7792 7793 7801
f 7793 7802 7801
f 7794 7803 7802
f 7793 7794 7802
f 7795 7144 7804
f 7804 7144 7157
f 7805 7149 7796
f 7161 7149 7805
f 7796 7797 7805
f 7797 7806 7805
f 7797 7163 7806
f 7151 7163 7797
f 7798 7165 7152
f 7165 7807 7166
f 7165 7798 7807
f 7798 7799 7807
f 7799 7800 7807
f 7800 7808 7807
f 7800 7168 7808
f 7154 7168 7800
f 7809 7155 7801
f 7169 7155 7809
f 7801 7802 7809
f 7802 7810 7809
f 7803 7811 7810
f 7802 7803 7810
f 7804 7157 7812
f 7812 7157 7171
f 7813 7161 7805
f 7175 7161 7813
f 7805 7806 7813
f 7806 7814 7813
f 7806 7177 7814
f 7163 7177 7806
f 7815 7166 7807
f 7179 7166 7815
f 7182 7808 7181
f 7182 7815 7808
f 7815 7807 7808
f 7808 7168 7181
f 7816 7169 7809
f 7184 7169 7816
f 7809 7810 7816
f 7810 7817 7816
f 7811 7818 7817
f 7810 7811 7817
f 7812 7171 7819
f 7819 7171 7186
f 7820 7175 7813
f 7190 7175 7820
f 7813 7814 7820
f 7814 7821 7820
f 7814 7192 7821
f 7177 7192 7814
f 7822 7179 7815
f 7194 7179 7822
f 7815 7196 7822
f 7182 7196 7815
f 7823 7184 7816
f 7198 7184 7823
f 7816 7817 7823
f 7817 7824 7823
f 7818 7825 7824
f 7817 7818 7824
f 7819 7186 7826
f 7826 7186 7200
f 7827 7190 7820
f 7204 7190 7827
f 7207 7821 7206
f 7207 7827 7821
f 7827 7820 7821
f 7821 7192 7206
f 7828 7194 7822
f 7210 7194 7828
f 7822 7212 7828
f 7196 7212 7822
f 7829 7198 7823
f 7214 7198 7829
f 7823 7824 7829
f 7824 7830 7829
f 7825 7831 7830
f 7824 7825 7830
f 7826 7200 7832
f 7832 7200 7216
f 7833 7204 7827
f 7220 7204 7833
f 7827 7222 7833
f 7207 7222 7827
f 7828 7226 7210
f 7828 7212 7226
f 7834 7214 7829
f 7229 7214 7834
f 7829 7830 7834
f 7830 7835 7834
f 7831 7836 7835
f 7830 7831 7835
f 7832 7216 7837
f 7837 7216 7231
f 7838 7220 7833
f 7235 7220 7838
f 7833 7237 7838
f 7222 7237 7833
f 7240 7839 7241
f 7240 7243 7839
f 7840 7229 7834
f 7245 7229 7840
f 7834 7835 7840
f 7835 7841 7840
f 7836 7842 7841
f 7835 7836 7841
f 7837 7231 7843
f 7843 7231 7247
f 7844 7235 7838
f 7251 7235 7844
f 7838 7253 7844
f 7237 7253 7838
f 7845 7241 7839
f 7256 7241 7845
f 7257 7839 7243
f 7257 7846 7839
f 7846 7845 7839
f 7257 7259 7846
f 7847 7245 7840
f 7260 7245 7847
f 7848 7849 7847
f 7848 7847 7841
f 7841 7847 7840
f 7841 7842 7848
f 7843 7247 7850
f 7850 7247 7262
f 7844 7267 7251
f 7844 7253 7267
f 7851 7256 7845
f 7271 7256 7851
f 7845 7846 7851
f 7846 7852 7851
f 7846 7273 7852
f 7259 7273 7846
f 7853 7260 7847
f 7274 7260 7853
f 7849 7854 7853
f 7847 7849 7853
f 7850 7262 7855
f 7855 7262 7276
f 7283 7856 7284
f 7271 7856 7283
f 7271 7851 7856
f 7851 7857 7856
f 7851 7852 7857
f 7852 7858 7857
f 7852 7286 7858
f 7273 7286 7852
f 7859 7274 7853
f 7287 7274 7859
f 7854 7860 7859
f 7853 7854 7859
f 7855 7276 7861
f 7861 7276 7289
f 7862 7284 7856
f 7296 7284 7862
f 7856 7857 7862
f 7857 7863 7862
f 7857 7858 7863
f 7858 7864 7863
f 7858 7298 7864
f 7286 7298 7858
f 7865 7287 7859
f 7299 7287 7865
f 7860 7866 7865
f 7859 7860 7865
f 7861 7289 7867
f 7867 7289 7301
f 7306 7868 7307
f 7306 7309 7868
f 7869 7296 7862
f 7310 7296 7869
f 7862 7863 7869
f 7863 7870 7869
f 7863 7864 7870
f 7864 7871 7870
f 7864 7312 7871
f 7298 7312 7864
f 7872 7299 7865
f 7313 7299 7872
f 7866 7873 7872
f 7865 7866 7872
f 7867 7301 7874
f 7874 7301 7315
f 7875 7307 7868
f 7320 7307 7875
f 7321 7868 7309
f 7321 7876 7868
f 7876 7875 7868
f 7310 7876 7321
f 7310 7869 7876
f 7869 7877 7876
f 7869 7870 7877
f 7870 7878 7877
f 7870 7871 7878
f 7871 7879 7878
f 7871 7323 7879
f 7312 7323 7871
f 7880 7313 7872
f 7324 7313 7880
f 7873 7881 7880
f 7872 7873 7880
f 7874 7315 7882
f 7882 7315 7326
f 7330 7883 7331
f 7320 7883 7330
f 7320 7875 7883
f 7875 7884 7883
f 7875 7876 7884
f 7876 7885 7884
f 7876 7877 7885
f 7877 7886 7885
f 7877 7878 7886
f 7878 7887 7886
f 7878 7879 7887
f 7879 7888 7887
f 7879 7333 7888
f 7323 7333 7879
f 7889 7324 7880
f 7334 7324 7889
f 7881 7890 7889
f 7880 7881 7889
f 7882 7326 7891
f 7891 7326 7336
f 7892 7331 7883
f 7340 7331 7892
f 7883 7884 7892
f 7884 7893 7892
f 7884 7885 7893
f 7885 7894 7893
f 7885 7886 7894
f 7886 7895 7894
f 7886 7887 7895
f 7887 7896 7895
f 7887 7888 7896
f 7888 7897 7896
f 7888 7342 7897
f 7333 7342 7888
f 7889 7344 7334
f 7344 7889 7890
f 7344 7890 7345
f 7345 7890 7898
f 7891 7336 7899
f 7899 7336 7347
f 7900 7340 7892
f 7351 7340 7900
f 7892 7893 7900
f 7893 7901 7900
f 7893 7894 7901
f 7894 7902 7901
f 7894 7895 7902
f 7895 7903 7902
f 7895 7896 7903
f 7896 7904 7903
f 7896 7897 7904
f 7897 7905 7904
f 7897 7353 7905
f 7342 7353 7897
f 7898 7906 7345
f 7906 7355 7345
f 7899 7347 7907
f 7907 7347 7357
f 7908 7351 7900
f 7361 7351 7908
f 7900 7901 7908
f 7901 7909 7908
f 7901 7902 7909
f 7902 7910 7909
f 7902 7903 7910
f 7903 7911 7910
f 7903 7904 7911
f 7904 7912 7911
f 7904 7905 7912
f 7905 7913 7912
f 7905 7363 7913
f 7353 7363 7905
f 7906 7914 7355
f 7914 7365 7355
f 7907 7357 7915
f 7915 7357 7367
f 7916 7361 7908
f 7371 7361 7916
f 7908 7909 7916
f 7909 7917 7916
f 7909 7910 7917
f 7910 7918 7917
f 7910 7911 7918
f 7911 7919 7918
f 7911 7912 7919
f 7912 7920 7919
f 7374 7913 7373
f 7374 7920 7913
f 7920 7912 7913
f 7913 7363 7373
f 7921 7914 7922
f 7921 7377 7914
f 7377 7365 7914
f 7922 7923 7921
f 7915 7367 7924
f 7924 7367 7379
f 7925 7371 7916
f 7383 7371 7925
f 7916 7917 7925
f 7917 7926 7925
f 7917 7918 7926
f 7918 7927 7926
f 7918 7919 7927
f 7919 7928 7927
f 7919 7920 7928
f 7920 7929 7928
f 7920 7385 7929
f 7374 7385 7920
f 7930 7377 7921
f 7388 7377 7930
f 7923 7931 7930
f 7921 7923 7930
f 7924 7379 7932
f 7932 7379 7390
f 7933 7383 7925
f 7394 7383 7933
f 7925 7926 7933
f 7926 7934 7933
f 7926 7927 7934
f 7927 7935 7934
f 7927 7928 7935
f 7928 7936 7935
f 7928 7929 7936
f 7929 7937 7936
f 7929 7396 7937
f 7385 7396 7929
f 7938 7388 7930
f 7399 7388 7938
f 7931 7939 7938
f 7930 7931 7938
f 7932 7390 7940
f 7940 7390 7401
f 7404 7941 7405
f 7394 7941 7404
f 7394 7933 7941
f 7933 7942 7941
f 7933 7934 7942
f 7934 7943 7942
f 7408 7935 7407
f 7408 7943 7935
f 7943 7934 7935
f 7407 7944 7409
f 7407 7935 7944
f 7935 7936 7944
f 7936 7937 7944
f 7937 7945 7944
f 7937 7411 7945
f 7396 7411 7937
f 7946 7399 7938
f 7414 7399 7946
f 7939 7947 7946
f 7938 7939 7946
f 7940 7401 7948
f 7948 7401 7416
f 7949 7405 7941
f 7419 7405 7949
f 7941 7942 7949
f 7942 7950 7949
f 7942 7943 7950
f 7943 7951 7950
f 7943 7421 7951
f 7408 7421 7943
f 7952 7409 7944
f 7422 7409 7952
f 7944 7945 7952
f 7945 7953 7952
f 7945 7424 7953
f 7411 7424 7945
f 7954 7414 7946
f 7427 7414 7954
f 7947 7955 7954
f 7946 7947 7954
f 7948 7416 7956
f 7956 7416 7429
f 7957 7419 7949
f 7432 7419 7957
f 7949 7950 7957
f 7950 7958 7957
f 7950 7951 7958
f 7951 7959 7958
f 7951 7434 7959
f 7421 7434 7951
f 7960 7422 7952
f 7435 7422 7960
f 7952 7953 7960
f 7953 7961 7960
f 7953 7437 7961
f 7424 7437 7953
f 7962 7427 7954
f 7440 7427 7962
f 7955 7963 7962
f 7954 7955 7962
f 7956 7429 7964
f 7964 7429 7442
f 7965 7432 7957
f 7445 7432 7965
f 7957 7958 7965
f 7958 7966 7965
f 7958 7959 7966
f 7959 7967 7966
f 7959 7447 7967
f 7434 7447 7959
f 7960 7449 7435
f 7449 7968 7450
f 7449 7960 7968
f 7960 7961 7968
f 7961 7452 7968
f 7437 7452 7961
f 7969 7440 7962
f 7455 7440 7969
f 7963 7970 7969
f 7962 7963 7969
f 7964 7442 7971
f 7971 7442 7457
f 7972 7445 7965
f 7460 7445 7972
f 7965 7966 7972
f 7966 7973 7972
f 7966 7967 7973
f 7967 7974 7973
f 7967 7462 7974
f 7447 7462 7967
f 7968 7465 7450
f 7968 7452 7465
f 7975 7455 7969
f 7469 7455 7975
f 7970 7976 7975
f 7969 7970 7975
f 7971 7457 7977
f 7977 7457 7471
f 7978 7460 7972
f 7474 7460 7978
f 7972 7973 7978
f 7973 7979 7978
f 7973 7974 7979
f 7974 7980 7979
f 7974 7476 7980
f 7462 7476 7974
f 7981 7469 7975
f 7482 7469 7981
f 7976 7982 7981
f 7975 7976 7981
f 7483 7983 7984
f 7483 7984 7471
f 7471 7984 7977
f 7483 7485 7983
f 7978 7488 7474
f 7488 7985 7489
f 7488 7978 7985
f 7978 7979 7985
f 7979 7980 7985
f 7980 7986 7985
f 7980 7491 7986
f 7476 7491 7980
f 7987 7482 7981
f 7497 7482 7987
f 7982 7988 7987
f 7981 7982 7987
f 7990 7984 7983
f 7989 7990 7983
f 7983 7499 7989
f 7485 7499 7983
f 7991 7489 7985
f 7502 7489 7991
f 7505 7986 7504
f 7505 7991 7986
f 7991 7985 7986
f 7986 7491 7504
f 7992 7497 7987
f 7512 7497 7992
f 7988 7993 7992
f 7987 7988 7992
f 7995 7990 7989
f 7994 7995 7989
f 7989 7514 7994
f 7499 7514 7989
f 7996 7502 7991
f 7517 7502 7996
f 7991 7519 7996
f 7505 7519 7991
f 7997 7512 7992
f 7526 7512 7997
f 7993 7998 7997
f 7992 7993 7997
f 8000 7995 7994
f 7999 8000 7994
f 7994 7528 7999
f 7514 7528 7994
f 8001 7517 7996
f 7531 7517 8001
f 7996 7533 8001
f 7519 7533 7996
f 8002 7526 7997
f 8002 8003 7526
f 8003 7540 7526
f 7997 7998 8002
f 8005 8000 7999
f 8004 8005 7999
f 7999 7542 8004
f 7528 7542 7999
f 8001 7546 7531
f 8001 7533 7546
f 8003 8006 7540
f 8006 7554 7540
f 8008 8005 8004
f 8007 8008 8004
f 8004 7556 8007
f 7542 7556 8004
f 8006 8009 7554
f 8009 7567 7554
f 8011 8008 8007
f 8010 8011 8007
f 8007 7569 8010
f 7556 7569 8007
f 8009 8012 7567
f 8012 7580 7567
f 8014 8011 8010
f 8013 8014 8010
f 7581 8010 7569
f 7581 8015 8010
f 8015 8013 8010
f 7581 7583 8015
f 8012 8016 7580
f 8016 7593 7580
f 8014 8013 8017
f 8019 8017 8013
f 8019 8013 8018
f 8018 8013 8015
f 7594 8015 7583
f 7594 8020 8015
f 8020 8018 8015
f 7595 8020 7594
f 8021 8020 7595
f 8021 8022 8023
f 8021 7595 8022
f 7595 7596 8022
f 8022 7596 8024
f 7596 7597 8024
f 8024 7597 8025
f 7597 7598 8025
f 8025 7598 8026
f 7598 7599 8026
f 8028 7600 8027
f 8028 8026 7600
f 8026 7599 7600
f 7600 7602 8027
f 8016 8029 7593
f 8029 7605 7593
f 8019 8018 8030
f 8018 8020 8031
f 8030 8018 8031
f 8020 8021 8032
f 8031 8020 8032
f 8021 8023 8032
f 8028 8027 8033
f 8027 7602 7606
f 8027 7606 8033
f 8033 7606 8034
f 8034 7606 8035
f 7606 7607 8035
f 8035 7607 8036
f 7607 7608 8036
f 8036 7608 7605
f 8029 8036 7605
f 7610 7611 8037
f 8037 8039 8038
f 8037 8038 7610
f 7610 8038 7613
f 8038 8040 7613
f 7613 8040 7615
f 8040 8041 7615
f 7615 8041 7617
f 8041 8042 7617
f 7617 8042 7619
f 8042 8043 7619
f 7619 8043 7621
f 8043 8044 7621
f 7621 8044 7623
f 8044 8045 7623
f 7623 8045 7625
f 8045 8046 7625
f 7625 8046 7627
f 8048 8047 7628
f 8048 7628 8046
f 8046 7628 7627
f 7628 8047 7629
f 7631 7632 8049
f 8049 8051 8050
f 8049 8050 7631
f 7631 8050 7633
f 7611 8052 8037
f 7611 7633 8052
f 7633 8050 8052
f 8037 8052 8039
f 8048 8053 8047
f 8055 8054 7638
f 8053 8055 7638
f 8053 7638 7629
f 8053 7629 8047
f 7638 8054 7639
f 8056 8049 7632
f 7641 8056 7632
f 8051 8056 8057
f 8049 8056 8051
f 8059 8054 8055
f 8058 8054 8059
f 8054 8058 7646
f 7639 8054 7646
f 8060 8056 7641
f 7648 8060 7641
f 8057 8060 8061
f 8056 8060 8057
f 8063 8058 8059
f 8062 8058 8063
f 8058 8062 7650
f 7646 8058 7650
f 8064 8060 7648
f 8064 7648 8065
f 8065 7648 7652
f 8060 8064 8061
f 8067 8062 8063
f 8066 8062 8067
f 8062 8066 7655
f 7650 8062 7655
f 8065 7652 8068
f 8068 7652 7657
f 8066 7660 7659
f 8066 8067 7660
f 8067 8069 7660
f 8066 7659 7655
f 8068 7657 8070
f 8070 7657 7662
f 8069 8071 7660
f 8071 7666 7660
f 8070 7662 8072
f 8072 7662 7668
f 8071 8073 7666
f 8073 7676 7666
f 8072 7668 8074
f 8074 7668 7678
f 7688 8076 8075
f 7688 7676 8076
f 7676 8073 8076
f 7688 8075 7689
f 8074 7678 8077
f 8077 7678 7691
f 8079 8075 8076
f 8078 8075 8079
f 8075 8078 7701
f 7689 8075 7701
f 8077 7691 8080
f 8080 7691 7703
f 8078 7713 7712
f 8078 8079 7713
f 8079 8081 7713
f 8078 7712 7701
f 8080 7703 8082
f 8082 7703 7715
f 8081 8083 7713
f 8083 7725 7713
f 8082 7715 8084
f 8084 7715 7727
f 8083 8085 7725
f 8085 7737 7725
f 8084 7727 8086
f 8086 7727 7739
f 8085 8087 7737
f 8087 7749 7737
f 8086 7739 8088
f 8088 7739 7751
f 7760 8090 8089
f 7760 7749 8090
f 7749 8087 8090
f 7760 8089 7761
f 8088 7751 8091
f 8091 7751 7763
f 8093 8089 8090
f 8092 8089 8093
f 8089 8092 7772
f 7761 8089 7772
f 8094 8095 8091
f 8094 8091 7774
f 7774 8091 7763
f 8095 8094 8096
f 8098 8092 8093
f 8097 8092 8098
f 8092 8097 7783
f 7772 8092 7783
f 8099 8094 7774
f 7785 8099 7774
f 8096 8099 8100
f 8094 8099 8096
f 8102 8097 8098
f 8101 8097 8102
f 8097 8101 7794
f 7783 8097 7794
f 8103 8099 7785
f 7795 8103 7785
f 8100 8103 8104
f 8099 8103 8100
f 8106 8101 8102
f 8105 8101 8106
f 8101 8105 7803
f 7794 8101 7803
f 8107 8103 7795
f 7804 8107 7795
f 8104 8107 8108
f 8103 8107 8104
f 8110 8105 8106
f 8109 8105 8110
f 8105 8109 7811
f 7803 8105 7811
f 8111 8107 7804
f 7812 8111 7804
f 8108 8111 8112
f 8107 8111 8108
f 8114 8109 8110
f 8113 8109 8114
f 8109 8113 7818
f 7811 8109 7818
f 8115 8111 7812
f 7819 8115 7812
f 8112 8115 8116
f 8111 8115 8112
f 8118 8113 8114
f 8117 8113 8118
f 8113 8117 7825
f 7818 8113 7825
f 8119 8115 7819
f 7826 8119 7819
f 8116 8119 8120
f 8115 8119 8116
f 8122 8117 8118
f 8121 8117 8122
f 8117 8121 7831
f 7825 8117 7831
f 8123 8119 7826
f 7832 8123 7826
f 8120 8123 8124
f 8119 8123 8120
f 8126 8121 8122
f 8125 8121 8126
f 8121 8125 7836
f 7831 8121 7836
f 8127 8123 7832
f 7837 8127 7832
f 8124 8127 8128
f 8123 8127 8124
f 8130 8125 8126
f 8129 8125 8130
f 8125 8129 7842
f 7836 8125 7842
f 8131 8127 7837
f 7843 8131 7837
f 8128 8131 8132
f 8127 8131 8128
f 8129 7849 7848
f 8129 8130 7849
f 8130 8133 7849
f 8129 7848 7842
f 8134 8131 7843
f 7850 8134 7843
f 8132 8134 8135
f 8131 8134 8132
f 8133 8136 7849
f 8136 7854 7849
f 8137 8134 7850
f 7855 8137 7850
f 8135 8137 8138
f 8134 8137 8135
f 8136 8139 7854
f 8139 7860 7854
f 8140 8137 7855
f 7861 8140 7855
f 8138 8140 8141
f 8137 8140 8138
f 8139 8142 7860
f 8142 7866 7860
f 8143 8140 7861
f 7867 8143 7861
f 8141 8143 8144
f 8140 8143 8141
f 8142 8145 7866
f 8145 7873 7866
f 8146 8143 7867
f 7874 8146 7867
f 8144 8146 8147
f 8143 8146 8144
f 8145 8148 7873
f 8148 7881 7873
f 8149 8146 7874
f 7882 8149 7874
f 8147 8149 8150
f 8146 8149 8147
f 8148 8151 7881
f 8151 7890 7881
f 8152 8149 7882
f 7891 8152 7882
f 8150 8152 8153
f 8149 8152 8150
f 8151 8154 7890
f 8154 7898 7890
f 8155 8152 7891
f 7899 8155 7891
f 8153 8155 8156
f 8152 8155 8153
f 8154 8157 7898
f 8157 7906 7898
f 8158 8155 7899
f 7907 8158 7899
f 8156 8158 8159
f 8155 8158 8156
f 8157 8160 7906
f 8160 7914 7906
f 8161 8158 7907
f 7915 8161 7907
f 8159 8161 8162
f 8158 8161 8159
f 7922 8164 8163
f 7922 7914 8164
f 7914 8160 8164
f 7922 8163 7923
f 8165 8161 7915
f 7924 8165 7915
f 8162 8165 8166
f 8161 8165 8162
f 8168 8163 8164
f 8167 8163 8168
f 8163 8167 7931
f 7923 8163 7931
f 8169 8165 7924
f 7932 8169 7924
f 8166 8169 8170
f 8165 8169 8166
f 8172 8167 8168
f 8171 8167 8172
f 8167 8171 7939
f 7931 8167 7939
f 8173 8169 7932
f 7940 8173 7932
f 8170 8173 8174
f 8169 8173 8170
f 8176 8171 8172
f 8175 8171 8176
f 8171 8175 7947
f 7939 8171 7947
f 8177 8173 7940
f 7948 8177 7940
f 8174 8177 8178
f 8173 8177 8174
f 8180 8175 8176
f 8179 8175 8180
f 8175 8179 7955
f 7947 8175 7955
f 8181 8177 7948
f 7956 8181 7948
f 8178 8181 8182
f 8177 8181 8178
f 8184 8179 8180
f 8183 8179 8184
f 8179 8183 7963
f 7955 8179 7963
f 8185 8181 7956
f 7964 8185 7956
f 8182 8185 8186
f 8181 8185 8182
f 8188 8183 8184
f 8187 8183 8188
f 8183 8187 7970
f 7963 8183 7970
f 8189 8185 7964
f 7971 8189 7964
f 8186 8189 8190
f 8185 8189 8186
f 8192 8187 8188
f 8191 8187 8192
f 8187 8191 7976
f 7970 8187 7976
f 8193 8189 7971
f 7977 8193 7971
f 8190 8193 8194
f 8189 8193 8190
f 8196 8191 8192
f 8195 8191 8196
f 8191 8195 7982
f 7976 8191 7982
f 8197 8193 7977
f 7984 8197 7977
f 8194 8197 8198
f 8193 8197 8194
f 8200 8195 8196
f 8199 8195 8200
f 8195 8199 7988
f 7982 8195 7988
f 8201 8197 7984
f 7990 8201 7984
f 8198 8201 8202
f 8197 8201 8198
f 8204 8199 8200
f 8203 8199 8204
f 8199 8203 7993
f 7988 8199 7993
f 8205 8201 7990
f 7995 8205 7990
f 8202 8205 8206
f 8201 8205 8202
f 8208 8203 8204
f 8207 8203 8208
f 8203 8207 7998
f 7993 8203 7998
f 8209 8205 7995
f 8000 8209 7995
f 8206 8209 8210
f 8205 8209 8206
f 8207 8003 8002
f 8207 8208 8003
f 8208 8211 8003
f 8207 8002 7998
f 8212 8209 8000
f 8005 8212 8000
f 8210 8212 8213
f 8209 8212 8210
f 8211 8214 8003
f 8214 8006 8003
f 8215 8212 8005
f 8008 8215 8005
f 8213 8215 8216
f 8212 8215 8213
f 8214 8217 8006
f 8217 8009 8006
f 8218 8215 8008
f 8011 8218 8008
f 8216 8218 8219
f 8215 8218 8216
f 8217 8220 8009
f 8220 8012 8009
f 8221 8218 8011
f 8014 8221 8011
f 8219 8221 8222
f 8218 8221 8219
f 8220 8223 8012
f 8223 8016 8012
f 8221 8014 8017
f 8017 8222 8221
f 8017 8019 8222
f 8019 8224 8222
f 8023 8225 8226
f 8022 8225 8023
f 8225 8022 8227
f 8022 8024 8227
f 8227 8024 8228
f 8024 8025 8228
f 8228 8025 8229
f 8025 8026 8229
f 8230 8026 8028
f 8230 8231 8026
f 8231 8229 8026
f 8231 8230 8232
f 8223 8233 8016
f 8233 8029 8016
f 8224 8019 8030
f 8234 8224 8030
f 8234 8030 8235
f 8030 8031 8235
f 8235 8031 8236
f 8031 8032 8236
f 8236 8032 8023
f 8226 8236 8023
f 8230 8028 8033
f 8232 8230 8033
f 8232 8033 8237
f 8237 8033 8034
f 8237 8034 8238
f 8034 8035 8238
f 8238 8035 8239
f 8035 8036 8239
f 8239 8036 8029
f 8233 8239 8029
f 8038 8039 8240
f 8240 8242 8241
f 8240 8241 8038
f 8038 8241 8040
f 8241 8243 8040
f 8040 8243 8041
f 8245 8244 8042
f 8245 8042 8243
f 8243 8042 8041
f 8043 8042 8244
f 8246 8043 8244
f 8044 8043 8246
f 8247 8044 8246
f 8247 8249 8248
f 8247 8248 8044
f 8044 8248 8045
f 8248 8250 8045
f 8045 8250 8046
f 8046 8250 8251
f 8048 8046 8251
f 8050 8051 8252
f 8052 8050 8252
f 8253 8052 8252
f 8253 8255 8254
f 8052 8253 8254
f 8052 8254 8240
f 8052 8240 8039
f 8240 8254 8242
f 8245 8256 8244
f 8244 8257 8246
f 8256 8257 8244
f 8246 8258 8247
f 8257 8258 8246
f 8247 8258 8249
f 8053 8260 8259
f 8053 8048 8260
f 8048 8251 8260
f 8053 8259 8055
f 8261 8252 8051
f 8057 8261 8051
f 8262 8261 8263
f 8262 8253 8261
f 8253 8252 8261
f 8253 8262 8255
f 8265 8259 8260
f 8264 8259 8265
f 8259 8264 8059
f 8055 8259 8059
f 8266 8261 8057
f 8061 8266 8057
f 8263 8266 8267
f 8261 8266 8263
f 8269 8264 8265
f 8268 8264 8269
f 8264 8268 8063
f 8059 8264 8063
f 8064 8065 8270
f 8061 8064 8270
f 8061 8270 8266
f 8266 8270 8271
f 8267 8271 8272
f 8266 8271 8267
f 8274 8268 8269
f 8273 8268 8274
f 8268 8273 8067
f 8063 8268 8067
f 8275 8270 8065
f 8068 8275 8065
f 8270 8275 8271
f 8271 8275 8276
f 8272 8276 8277
f 8271 8276 8272
f 8279 8273 8274
f 8278 8273 8279
f 8273 8278 8069
f 8067 8273 8069
f 8280 8275 8068
f 8070 8280 8068
f 8275 8280 8276
f 8276 8280 8281
f 8277 8281 8282
f 8276 8281 8277
f 8284 8278 8279
f 8283 8278 8284
f 8278 8283 8071
f 8069 8278 8071
f 8285 8280 8070
f 8072 8285 8070
f 8280 8285 8281
f 8281 8285 8286
f 8282 8286 8287
f 8281 8286 8282
f 8289 8283 8284
f 8288 8283 8289
f 8283 8288 8073
f 8071 8283 8073
f 8290 8285 8072
f 8074 8290 8072
f 8285 8290 8286
f 8286 8290 8291
f 8287 8291 8292
f 8286 8291 8287
f 8294 8288 8289
f 8293 8288 8294
f 8288 8293 8076
f 8073 8288 8076
f 8295 8290 8074
f 8077 8295 8074
f 8290 8295 8291
f 8291 8295 8296
f 8292 8296 8297
f 8291 8296 8292
f 8299 8293 8294
f 8298 8293 8299
f 8293 8298 8079
f 8076 8293 8079
f 8300 8295 8077
f 8080 8300 8077
f 8295 8300 8296
f 8296 8300 8301
f 8297 8301 8302
f 8296 8301 8297
f 8304 8298 8299
f 8303 8298 8304
f 8298 8303 8081
f 8079 8298 8081
f 8305 8300 8080
f 8082 8305 8080
f 8300 8305 8301
f 8301 8305 8306
f 8302 8306 8307
f 8301 8306 8302
f 8309 8303 8304
f 8308 8303 8309
f 8303 8308 8083
f 8081 8303 8083
f 8310 8305 8082
f 8084 8310 8082
f 8305 8310 8306
f 8306 8310 8311
f 8307 8311 8312
f 8306 8311 8307
f 8314 8308 8309
f 8313 8308 8314
f 8308 8313 8085
f 8083 8308 8085
f 8315 8310 8084
f 8086 8315 8084
f 8310 8315 8311
f 8311 8315 8316
f 8312 8316 8317
f 8311 8316 8312
f 8319 8313 8314
f 8318 8313 8319
f 8313 8318 8087
f 8085 8313 8087
f 8320 8315 8086
f 8088 8320 8086
f 8315 8320 8316
f 8316 8320 8321
f 8317 8321 8322
f 8316 8321 8317
f 8324 8318 8319
f 8323 8318 8324
f 8318 8323 8090
f 8087 8318 8090
f 8325 8320 8088
f 8091 8325 8088
f 8320 8325 8321
f 8321 8325 8326
f 8322 8326 8327
f 8321 8326 8322
f 8329 8323 8324
f 8328 8323 8329
f 8323 8328 8093
f 8090 8323 8093
f 8325 8091 8095
f 8095 8096 8330
f 8095 8330 8325
f 8325 8330 8326
f 8327 8330 8331
f 8326 8330 8327
f 8333 8328 8329
f 8332 8328 8333
f 8328 8332 8098
f 8093 8328 8098
f 8334 8330 8096
f 8100 8334 8096
f 8331 8334 8335
f 8330 8334 8331
f 8337 8332 8333
f 8336 8332 8337
f 8332 8336 8102
f 8098 8332 8102
f 8338 8334 8100
f 8104 8338 8100
f 8335 8338 8339
f 8334 8338 8335
f 8341 8336 8337
f 8340 8336 8341
f 8336 8340 8106
f 8102 8336 8106
f 8342 8338 8104
f 8108 8342 8104
f 8339 8342 8343
f 8338 8342 8339
f 8345 8340 8341
f 8344 8340 8345
f 8340 8344 8110
f 8106 8340 8110
f 8346 8342 8108
f 8112 8346 8108
f 8343 8346 8347
f 8342 8346 8343
f 8349 8344 8345
f 8348 8344 8349
f 8344 8348 8114
f 8110 8344 8114
f 8350 8346 8112
f 8116 8350 8112
f 8347 8350 8351
f 8346 8350 8347
f 8353 8348 8349
f 8352 8348 8353
f 8348 8352 8118
f 8114 8348 8118
f 8354 8350 8116
f 8120 8354 8116
f 8351 8354 8355
f 8350 8354 8351
f 8357 8352 8353
f 8356 8352 8357
f 8352 8356 8122
f 8118 8352 8122
f 8358 8354 8120
f 8124 8358 8120
f 8355 8358 8359
f 8354 8358 8355
f 8361 8356 8357
f 8360 8356 8361
f 8356 8360 8126
f 8122 8356 8126
f 8362 8358 8124
f 8128 8362 8124
f 8359 8362 8363
f 8358 8362 8359
f 8365 8360 8361
f 8364 8360 8365
f 8360 8364 8130
f 8126 8360 8130
f 8366 8362 8128
f 8132 8366 8128
f 8363 8366 8367
f 8362 8366 8363
f 8369 8364 8365
f 8368 8364 8369
f 8364 8368 8133
f 8130 8364 8133
f 8370 8366 8132
f 8135 8370 8132
f 8367 8370 8371
f 8366 8370 8367
f 8373 8368 8369
f 8372 8368 8373
f 8368 8372 8136
f 8133 8368 8136
f 8374 8370 8135
f 8138 8374 8135
f 8371 8374 8375
f 8370 8374 8371
f 8377 8372 8373
f 8376 8372 8377
f 8372 8376 8139
f 8136 8372 8139
f 8378 8374 8138
f 8141 8378 8138
f 8375 8378 8379
f 8374 8378 8375
f 8381 8376 8377
f 8380 8376 8381
f 8376 8380 8142
f 8139 8376 8142
f 8382 8378 8141
f 8144 8382 8141
f 8379 8382 8383
f 8378 8382 8379
f 8385 8380 8381
f 8384 8380 8385
f 8380 8384 8145
f 8142 8380 8145
f 8386 8382 8144
f 8147 8386 8144
f 8383 8386 8387
f 8382 8386 8383
f 8389 8384 8385
f 8388 8384 8389
f 8384 8388 8148
f 8145 8384 8148
f 8390 8386 8147
f 8150 8390 8147
f 8387 8390 8391
f 8386 8390 8387
f 8393 8388 8389
f 8392 8388 8393
f 8388 8392 8151
f 8148 8388 8151
f 8394 8390 8150
f 8153 8394 8150
f 8391 8394 8395
f 8390 8394 8391
f 8397 8392 8393
f 8396 8392 8397
f 8392 8396 8154
f 8151 8392 8154
f 8398 8394 8153
f 8156 8398 8153
f 8395 8398 8399
f 8394 8398 8395
f 8401 8396 8397
f 8400 8396 8401
f 8396 8400 8157
f 8154 8396 8157
f 8402 8398 8156
f 8159 8402 8156
f 8399 8402 8403
f 8398 8402 8399
f 8405 8400 8401
f 8404 8400 8405
f 8400 8404 8160
f 8157 8400 8160
f 8406 8402 8159
f 8162 8406 8159
f 8403 8406 8407
f 8402 8406 8403
f 8409 8404 8405
f 8408 8404 8409
f 8404 8408 8164
f 8160 8404 8164
f 8410 8406 8162
f 8166 8410 8162
f 8407 8410 8411
f 8406 8410 8407
f 8413 8408 8409
f 8412 8408 8413
f 8408 8412 8168
f 8164 8408 8168
f 8414 8410 8166
f 8170 8414 8166
f 8411 8414 8415
f 8410 8414 8411
f 8417 8412 8413
f 8416 8412 8417
f 8412 8416 8172
f 8168 8412 8172
f 8418 8414 8170
f 8174 8418 8170
f 8415 8418 8419
f 8414 8418 8415
f 8421 8416 8417
f 8420 8416 8421
f 8416 8420 8176
f 8172 8416 8176
f 8422 8418 8174
f 8178 8422 8174
f 8419 8422 8423
f 8418 8422 8419
f 8425 8420 8421
f 8424 8420 8425
f 8420 8424 8180
f 8176 8420 8180
f 8426 8422 8178
f 8182 8426 8178
f 8423 8426 8427
f 8422 8426 8423
f 8429 8424 8425
f 8428 8424 8429
f 8424 8428 8184
f 8180 8424 8184
f 8430 8426 8182
f 8186 8430 8182
f 8427 8430 8431
f 8426 8430 8427
f 8433 8428 8429
f 8432 8428 8433
f 8428 8432 8188
f 8184 8428 8188
f 8434 8430 8186
f 8190 8434 8186
f 8431 8434 8435
f 8430 8434 8431
f 8437 8432 8433
f 8436 8432 8437
f 8432 8436 8192
f 8188 8432 8192
f 8438 8434 8190
f 8194 8438 8190
f 8435 8438 8439
f 8434 8438 8435
f 8441 8436 8437
f 8440 8436 8441
f 8436 8440 8196
f 8192 8436 8196
f 8442 8438 8194
f 8198 8442 8194
f 8439 8442 8443
f 8438 8442 8439
f 8445 8440 8441
f 8444 8440 8445
f 8440 8444 8200
f 8196 8440 8200
f 8446 8442 8198
f 8202 8446 8198
f 8443 8446 8447
f 8442 8446 8443
f 8449 8444 8445
f 8448 8444 8449
f 8444 8448 8204
f 8200 8444 8204
f 8450 8446 8202
f 8206 8450 8202
f 8447 8450 8451
f 8446 8450 8447
f 8453 8448 8449
f 8452 8448 8453
f 8448 8452 8208
f 8204 8448 8208
f 8454 8450 8206
f 8210 8454 8206
f 8451 8454 8455
f 8450 8454 8451
f 8457 8452 8453
f 8456 8452 8457
f 8452 8456 8211
f 8208 8452 8211
f 8458 8454 8210
f 8213 8458 8210
f 8455 8458 8459
f 8454 8458 8455
f 8461 8456 8457
f 8460 8456 8461
f 8456 8460 8214
f 8211 8456 8214
f 8462 8458 8213
f 8216 8462 8213
f 8459 8462 8463
f 8458 8462 8459
f 8465 8460 8461
f 8464 8460 8465
f 8460 8464 8217
f 8214 8460 8217
f 8466 8462 8216
f 8219 8466 8216
f 8463 8466 8467
f 8462 8466 8463
f 8469 8464 8465
f 8468 8464 8469
f 8464 8468 8220
f 8217 8464 8220
f 8470 8466 8219
f 8222 8470 8219
f 8467 8470 8471
f 8466 8470 8467
f 8473 8468 8469
f 8472 8468 8473
f 8468 8472 8223
f 8220 8468 8223
f 8474 8470 8222
f 8224 8474 8222
f 8471 8474 8475
f 8470 8474 8471
f 8225 8476 8226
f 8476 8477 8478
f 8476 8225 8477
f 8225 8227 8477
f 8477 8227 8479
f 8227 8228 8479
f 8479 8228 8480
f 8228 8229 8480
f 8480 8229 8481
f 8229 8231 8481
f 8231 8482 8481
f 8232 8482 8231
f 8484 8472 8473
f 8483 8472 8484
f 8472 8483 8233
f 8223 8472 8233
f 8474 8224 8234
f 8475 8474 8234
f 8475 8234 8485
f 8485 8234 8235
f 8485 8235 8486
f 8235 8236 8486
f 8226 8476 8487
f 8226 8487 8236
f 8236 8487 8486
f 8476 8478 8487
f 8482 8232 8237
f 8488 8482 8237
f 8488 8237 8489
f 8237 8238 8489
f 8483 8484 8489
f 8483 8489 8239
f 8239 8489 8238
f 8483 8239 8233
f 8241 8242 8490
f 8243 8241 8490
f 8491 8243 8490
f 8492 8245 8243
f 8492 8243 8493
f 8491 8494 8243
f 8494 8493 8243
f 8493 8496 8495
f 8492 8493 8495
f 8496 8498 8497
f 8495 8496 8497
f 8249 8497 8498
f 8249 8498 8248
f 8248 8498 8499
f 8499 8500 8248
f 8248 8500 8250
f 8250 8500 8501
f 8251 8250 8501
f 8254 8255 8502
f 8242 8254 8502
f 8242 8502 8490
f 8490 8502 8503
f 8504 8503 8505
f 8504 8491 8503
f 8491 8490 8503
f 8491 8504 8494
f 8245 8492 8256
f 8495 8256 8492
f 8257 8256 8495
f 8497 8257 8495
f 8258 8257 8497
f 8497 8249 8258
f 8501 8506 8251
f 8506 8260 8251
f 8262 8263 8507
f 8255 8262 8507
f 8255 8507 8502
f 8502 8507 8508
f 8509 8508 8510
f 8509 8503 8508
f 8503 8502 8508
f 8503 8509 8505
f 8506 8511 8260
f 8511 8265 8260
f 8512 8507 8263
f 8267 8512 8263
f 8507 8512 8508
f 8508 8512 8513
f 8510 8513 8514
f 8508 8513 8510
f 8511 8515 8265
f 8515 8269 8265
f 8516 8512 8267
f 8272 8516 8267
f 8512 8516 8513
f 8513 8516 8517
f 8514 8517 8518
f 8513 8517 8514
f 8515 8519 8269
f 8519 8274 8269
f 8520 8516 8272
f 8277 8520 8272
f 8516 8520 8517
f 8517 8520 8521
f 8518 8521 8522
f 8517 8521 8518
f 8519 8523 8274
f 8523 8279 8274
f 8524 8520 8277
f 8282 8524 8277
f 8520 8524 8521
f 8521 8524 8525
f 8522 8525 8526
f 8521 8525 8522
f 8523 8527 8279
f 8527 8284 8279
f 8528 8524 8282
f 8287 8528 8282
f 8524 8528 8525
f 8525 8528 8529
f 8526 8529 8530
f 8525 8529 8526
f 8527 8531 8284
f 8531 8289 8284
f 8532 8528 8287
f 8292 8532 8287
f 8528 8532 8529
f 8529 8532 8533
f 8530 8533 8534
f 8529 8533 8530
f 8531 8535 8289
f 8535 8294 8289
f 8536 8532 8292
f 8297 8536 8292
f 8532 8536 8533
f 8533 8536 8537
f 8534 8537 8538
f 8533 8537 8534
f 8535 8539 8294
f 8539 8299 8294
f 8540 8536 8297
f 8302 8540 8297
f 8536 8540 8537
f 8537 8540 8541
f 8538 8541 8542
f 8537 8541 8538
f 8539 8543 8299
f 8543 8304 8299
f 8544 8540 8302
f 8307 8544 8302
f 8540 8544 8541
f 8541 8544 8545
f 8542 8545 8546
f 8541 8545 8542
f 8543 8547 8304
f 8547 8309 8304
f 8548 8544 8307
f 8312 8548 8307
f 8544 8548 8545
f 8545 8548 8549
f 8546 8549 8550
f 8545 8549 8546
f 8547 8551 8309
f 8551 8314 8309
f 8552 8548 8312
f 8317 8552 8312
f 8548 8552 8549
f 8549 8552 8553
f 8550 8553 8554
f 8549 8553 8550
f 8551 8555 8314
f 8555 8319 8314
f 8556 8552 8317
f 8322 8556 8317
f 8552 8556 8553
f 8553 8556 8557
f 8554 8557 8558
f 8553 8557 8554
f 8555 8559 8319
f 8559 8324 8319
f 8560 8556 8322
f 8327 8560 8322
f 8556 8560 8557
f 8557 8560 8561
f 8558 8561 8562
f 8557 8561 8558
f 8559 8563 8324
f 8563 8329 8324
f 8564 8560 8327
f 8331 8564 8327
f 8560 8564 8561
f 8561 8564 8565
f 8562 8565 8566
f 8561 8565 8562
f 8563 8567 8329
f 8567 8333 8329
f 8568 8564 8331
f 8335 8568 8331
f 8564 8568 8565
f 8565 8568 8569
f 8566 8569 8570
f 8565 8569 8566
f 8567 8571 8333
f 8571 8337 8333
f 8572 8568 8335
f 8339 8572 8335
f 8568 8572 8569
f 8569 8572 8573
f 8570 8573 8574
f 8569 8573 8570
f 8571 8575 8337
f 8575 8341 8337
f 8576 8572 8339
f 8343 8576 8339
f 8572 8576 8573
f 8573 8576 8577
f 8574 8577 8578
f 8573 8577 8574
f 8575 8579 8341
f 8579 8345 8341
f 8580 8576 8343
f 8347 8580 8343
f 8576 8580 8577
f 8577 8580 8581
f 8578 8581 8582
f 8577 8581 8578
f 8579 8583 8345
f 8583 8349 8345
f 8584 8580 8347
f 8351 8584 8347
f 8580 8584 8581
f 8581 8584 8585
f 8582 8585 8586
f 8581 8585 8582
f 8583 8587 8349
f 8587 8353 8349
f 8588 8584 8351
f 8355 8588 8351
f 8584 8588 8585
f 8585 8588 8589
f 8586 8589 8590
f 8585 8589 8586
f 8587 8591 8353
f 8591 8357 8353
f 8592 8588 8355
f 8359 8592 8355
f 8588 8592 8589
f 8589 8592 8593
f 8590 8593 8594
f 8589 8593 8590
f 8591 8595 8357
f 8595 8361 8357
f 8596 8592 8359
f 8363 8596 8359
f 8592 8596 8593
f 8593 8596 8597
f 8594 8597 8598
f 8593 8597 8594
f 8595 8599 8361
f 8599 8365 8361
f 8600 8596 8363
f 8367 8600 8363
f 8596 8600 8597
f 8597 8600 8601
f 8598 8601 8602
f 8597 8601 8598
f 8599 8603 8365
f 8603 8369 8365
f 8604 8600 8367
f 8371 8604 8367
f 8600 8604 8601
f 8601 8604 8605
f 8602 8605 8606
f 8601 8605 8602
f 8603 8607 8369
f 8607 8373 8369
f 8608 8604 8371
f 8375 8608 8371
f 8604 8608 8605
f 8605 8608 8609
f 8606 8609 8610
f 8605 8609 8606
f 8607 8611 8373
f 8611 8377 8373
f 8612 8608 8375
f 8379 8612 8375
f 8608 8612 8609
f 8609 8612 8613
f 8610 8613 8614
f 8609 8613 8610
f 8611 8615 8377
f 8615 8381 8377
f 8616 8612 8379
f 8383 8616 8379
f 8612 8616 8613
f 8613 8616 8617
f 8614 8617 8618
f 8613 8617 8614
f 8615 8619 8381
f 8619 8385 8381
f 8620 8616 8383
f 8387 8620 8383
f 8616 8620 8617
f 8617 8620 8621
f 8618 8621 8622
f 8617 8621 8618
f 8619 8623 8385
f 8623 8389 8385
f 8624 8620 8387
f 8391 8624 8387
f 8620 8624 8621
f 8621 8624 8625
f 8622 8625 8626
f 8621 8625 8622
f 8629 8627 8628
f 8628 8627 8393
f 8628 8393 8623
f 8623 8393 8389
f 8630 8624 8391
f 8395 8630 8391
f 8624 8630 8625
f 8625 8630 8631
f 8626 8631 8632
f 8625 8631 8626
f 8634 8627 8629
f 8633 8627 8634
f 8627 8633 8397
f 8393 8627 8397
f 8635 8630 8395
f 8399 8635 8395
f 8630 8635 8631
f 8631 8635 8636
f 8632 8636 8637
f 8631 8636 8632
f 8639 8633 8634
f 8638 8633 8639
f 8633 8638 8401
f 8397 8633 8401
f 8640 8635 8399
f 8403 8640 8399
f 8635 8640 8636
f 8636 8640 8641
f 8637 8641 8642
f 8636 8641 8637
f 8644 8638 8639
f 8643 8638 8644
f 8638 8643 8405
f 8401 8638 8405
f 8645 8640 8403
f 8407 8645 8403
f 8640 8645 8641
f 8641 8645 8646
f 8642 8646 8647
f 8641 8646 8642
f 8649 8643 8644
f 8648 8643 8649
f 8643 8648 8409
f 8405 8643 8409
f 8650 8645 8407
f 8411 8650 8407
f 8645 8650 8646
f 8646 8650 8651
f 8647 8651 8652
f 8646 8651 8647
f 8654 8648 8649
f 8653 8648 8654
f 8648 8653 8413
f 8409 8648 8413
f 8655 8650 8411
f 8415 8655 8411
f 8650 8655 8651
f 8651 8655 8656
f 8652 8656 8657
f 8651 8656 8652
f 8659 8653 8654
f 8658 8653 8659
f 8653 8658 8417
f 8413 8653 8417
f 8660 8655 8415
f 8419 8660 8415
f 8655 8660 8656
f 8656 8660 8661
f 8657 8661 8662
f 8656 8661 8657
f 8664 8658 8659
f 8663 8658 8664
f 8658 8663 8421
f 8417 8658 8421
f 8665 8660 8419
f 8423 8665 8419
f 8660 8665 8661
f 8661 8665 8666
f 8662 8666 8667
f 8661 8666 8662
f 8669 8663 8664
f 8668 8663 8669
f 8663 8668 8425
f 8421 8663 8425
f 8670 8665 8423
f 8427 8670 8423
f 8665 8670 8666
f 8666 8670 8671
f 8667 8671 8672
f 8666 8671 8667
f 8674 8668 8669
f 8673 8668 8674
f 8668 8673 8429
f 8425 8668 8429
f 8675 8670 8427
f 8431 8675 8427
f 8670 8675 8671
f 8671 8675 8676
f 8672 8676 8677
f 8671 8676 8672
f 8679 8673 8674
f 8678 8673 8679
f 8673 8678 8433
f 8429 8673 8433
f 8680 8675 8431
f 8435 8680 8431
f 8675 8680 8676
f 8676 8680 8681
f 8677 8681 8682
f 8676 8681 8677
f 8684 8678 8679
f 8683 8678 8684
f 8678 8683 8437
f 8433 8678 8437
f 8685 8680 8435
f 8439 8685 8435
f 8680 8685 8681
f 8681 8685 8686
f 8682 8686 8687
f 8681 8686 8682
f 8689 8683 8684
f 8688 8683 8689
f 8683 8688 8441
f 8437 8683 8441
f 8690 8685 8439
f 8443 8690 8439
f 8685 8690 8686
f 8686 8690 8691
f 8687 8691 8692
f 8686 8691 8687
f 8689 8693 8688
f 8688 8693 8694
f 8688 8694 8441
f 8441 8694 8445
f 8695 8690 8443
f 8447 8695 8443
f 8690 8695 8691
f 8691 8695 8696
f 8692 8696 8697
f 8691 8696 8692
f 8694 8698 8445
f 8698 8449 8445
f 8699 8695 8447
f 8451 8699 8447
f 8695 8699 8696
f 8696 8699 8700
f 8697 8700 8701
f 8696 8700 8697
f 8698 8702 8449
f 8702 8453 8449
f 8703 8699 8451
f 8455 8703 8451
f 8699 8703 8700
f 8700 8703 8704
f 8701 8704 8705
f 8700 8704 8701
f 8702 8706 8453
f 8706 8457 8453
f 8707 8703 8455
f 8459 8707 8455
f 8703 8707 8704
f 8704 8707 8708
f 8705 8708 8709
f 8704 8708 8705
f 8706 8710 8457
f 8710 8461 8457
f 8711 8707 8459
f 8463 8711 8459
f 8707 8711 8708
f 8708 8711 8712
f 8709 8712 8713
f 8708 8712 8709
f 8710 8714 8461
f 8714 8465 8461
f 8715 8711 8463
f 8467 8715 8463
f 8711 8715 8712
f 8712 8715 8716
f 8713 8716 8717
f 8712 8716 8713
f 8714 8718 8465
f 8718 8469 8465
f 8719 8715 8467
f 8471 8719 8467
f 8715 8719 8716
f 8716 8719 8720
f 8717 8720 8721
f 8716 8720 8717
f 8718 8722 8469
f 8722 8473 8469
f 8723 8719 8471
f 8475 8723 8471
f 8719 8723 8720
f 8720 8723 8724
f 8721 8724 8725
f 8720 8724 8721
f 8477 8726 8478
f 8479 8726 8477
f 8727 8726 8479
f 8480 8727 8479
f 8728 8727 8480
f 8481 8728 8480
f 8729 8728 8481
f 8481 8482 8729
f 8732 8730 8731
f 8731 8730 8484
f 8731 8484 8722
f 8722 8484 8473
f 8723 8475 8485
f 8724 8723 8485
f 8486 8724 8485
f 8725 8724 8486
f 8725 8486 8733
f 8733 8486 8487
f 8478 8726 8734
f 8478 8734 8487
f 8487 8734 8733
f 8726 8727 8735
f 8734 8726 8735
f 8727 8728 8736
f 8735 8727 8736
f 8728 8729 8737
f 8736 8728 8737
f 8729 8482 8488
f 8729 8488 8737
f 8737 8488 8738
f 8730 8732 8738
f 8730 8738 8489
f 8489 8738 8488
f 8730 8489 8484
f 8493 8494 8739
f 8496 8493 8739
f 8740 8496 8739
f 8740 8742 8741
f 8740 8741 8496
f 8496 8741 8498
f 8741 8743 8498
f 8498 8743 8499
f 8745 8744 8500
f 8745 8500 8743
f 8743 8500 8499
f 8500 8744 8501
f 8504 8505 8746
f 8494 8504 8746
f 8494 8746 8739
f 8739 8746 8747
f 8748 8747 8749
f 8748 8740 8747
f 8740 8739 8747
f 8740 8748 8742
f 8751 8744 8745
f 8750 8744 8751
f 8744 8750 8506
f 8501 8744 8506
f 8509 8510 8752
f 8505 8509 8752
f 8505 8752 8746
f 8746 8752 8753
f 8754 8753 8755
f 8754 8747 8753
f 8747 8746 8753
f 8747 8754 8749
f 8757 8750 8751
f 8756 8750 8757
f 8750 8756 8511
f 8506 8750 8511
f 8758 8752 8510
f 8514 8758 8510
f 8752 8758 8753
f 8753 8758 8759
f 8755 8759 8760
f 8753 8759 8755
f 8762 8756 8757
f 8761 8756 8762
f 8756 8761 8515
f 8511 8756 8515
f 8763 8758 8514
f 8518 8763 8514
f 8758 8763 8759
f 8759 8763 8764
f 8760 8764 8765
f 8759 8764 8760
f 8767 8761 8762
f 8766 8761 8767
f 8761 8766 8519
f 8515 8761 8519
f 8768 8763 8518
f 8522 8768 8518
f 8763 8768 8764
f 8764 8768 8769
f 8765 8769 8770
f 8764 8769 8765
f 8772 8766 8767
f 8771 8766 8772
f 8766 8771 8523
f 8519 8766 8523
f 8773 8768 8522
f 8526 8773 8522
f 8768 8773 8769
f 8769 8773 8774
f 8770 8774 8775
f 8769 8774 8770
f 8777 8771 8772
f 8776 8771 8777
f 8771 8776 8527
f 8523 8771 8527
f 8778 8773 8526
f 8530 8778 8526
f 8773 8778 8774
f 8774 8778 8779
f 8775 8779 8780
f 8774 8779 8775
f 8782 8776 8777
f 8781 8776 8782
f 8776 8781 8531
f 8527 8776 8531
f 8783 8778 8530
f 8534 8783 8530
f 8778 8783 8779
f 8779 8783 8784
f 8780 8784 8785
f 8779 8784 8780
f 8787 8781 8782
f 8786 8781 8787
f 8781 8786 8535
f 8531 8781 8535
f 8788 8783 8534
f 8538 8788 8534
f 8783 8788 8784
f 8784 8788 8789
f 8785 8789 8790
f 8784 8789 8785
f 8792 8786 8787
f 8791 8786 8792
f 8786 8791 8539
f 8535 8786 8539
f 8793 8788 8538
f 8542 8793 8538
f 8788 8793 8789
f 8789 8793 8794
f 8790 8794 8795
f 8789 8794 8790
f 8797 8791 8792
f 8796 8791 8797
f 8791 8796 8543
f 8539 8791 8543
f 8798 8793 8542
f 8546 8798 8542
f 8793 8798 8794
f 8794 8798 8799
f 8795 8799 8800
f 8794 8799 8795
f 8802 8796 8797
f 8801 8796 8802
f 8796 8801 8547
f 8543 8796 8547
f 8803 8798 8546
f 8550 8803 8546
f 8798 8803 8799
f 8799 8803 8804
f 8800 8804 8805
f 8799 8804 8800
f 8807 8801 8802
f 8806 8801 8807
f 8801 8806 8551
f 8547 8801 8551
f 8808 8803 8550
f 8554 8808 8550
f 8803 8808 8804
f 8804 8808 8809
f 8805 8809 8810
f 8804 8809 8805
f 8812 8806 8807
f 8811 8806 8812
f 8806 8811 8555
f 8551 8806 8555
f 8813 8808 8554
f 8558 8813 8554
f 8808 8813 8809
f 8809 8813 8814
f 8810 8814 8815
f 8809 8814 8810
f 8817 8811 8812
f 8816 8811 8817
f 8811 8816 8559
f 8555 8811 8559
f 8818 8813 8558
f 8562 8818 8558
f 8813 8818 8814
f 8814 8818 8819
f 8815 8819 8820
f 8814 8819 8815
f 8822 8816 8817
f 8821 8816 8822
f 8816 8821 8563
f 8559 8816 8563
f 8823 8818 8562
f 8566 8823 8562
f 8818 8823 8819
f 8819 8823 8824
f 8820 8824 8825
f 8819 8824 8820
f 8827 8821 8822
f 8826 8821 8827
f 8821 8826 8567
f 8563 8821 8567
f 8828 8823 8566
f 8570 8828 8566
f 8823 8828 8824
f 8824 8828 8829
f 8825 8829 8830
f 8824 8829 8825
f 8832 8826 8827
f 8831 8826 8832
f 8826 8831 8571
f 8567 8826 8571
f 8833 8828 8570
f 8574 8833 8570
f 8828 8833 8829
f 8829 8833 8834
f 8830 8834 8835
f 8829 8834 8830
f 8837 8831 8832
f 8836 8831 8837
f 8831 8836 8575
f 8571 8831 8575
f 8838 8833 8574
f 8578 8838 8574
f 8833 8838 8834
f 8834 8838 8839
f 8835 8839 8840
f 8834 8839 8835
f 8842 8836 8837
f 8841 8836 8842
f 8836 8841 8579
f 8575 8836 8579
f 8843 8838 8578
f 8582 8843 8578
f 8838 8843 8839
f 8839 8843 8844
f 8840 8844 8845
f 8839 8844 8840
f 8847 8841 8842
f 8846 8841 8847
f 8841 8846 8583
f 8579 8841 8583
f 8848 8843 8582
f 8586 8848 8582
f 8843 8848 8844
f 8844 8848 8849
f 8845 8849 8850
f 8844 8849 8845
f 8852 8846 8847
f 8851 8846 8852
f 8846 8851 8587
f 8583 8846 8587
f 8853 8848 8586
f 8590 8853 8586
f 8848 8853 8849
f 8849 8853 8854
f 8850 8854 8855
f 8849 8854 8850
f 8857 8851 8852
f 8856 8851 8857
f 8851 8856 8591
f 8587 8851 8591
f 8858 8853 8590
f 8594 8858 8590
f 8853 8858 8854
f 8854 8858 8859
f 8855 8859 8860
f 8854 8859 8855
f 8862 8856 8857
f 8861 8856 8862
f 8856 8861 8595
f 8591 8856 8595
f 8863 8858 8594
f 8598 8863 8594
f 8858 8863 8859
f 8859 8863 8864
f 8860 8864 8865
f 8859 8864 8860
f 8867 8861 8862
f 8866 8861 8867
f 8861 8866 8599
f 8595 8861 8599
f 8868 8863 8598
f 8602 8868 8598
f 8863 8868 8864
f 8864 8868 8869
f 8865 8869 8870
f 8864 8869 8865
f 8872 8866 8867
f 8871 8866 8872
f 8866 8871 8603
f 8599 8866 8603
f 8873 8868 8602
f 8606 8873 8602
f 8868 8873 8869
f 8869 8873 8874
f 8870 8874 8875
f 8869 8874 8870
f 8877 8871 8872
f 8876 8871 8877
f 8871 8876 8607
f 8603 8871 8607
f 8878 8873 8606
f 8610 8878 8606
f 8873 8878 8874
f 8874 8878 8879
f 8875 8879 8880
f 8874 8879 8875
f 8882 8876 8877
f 8881 8876 8882
f 8876 8881 8611
f 8607 8876 8611
f 8883 8878 8610
f 8614 8883 8610
f 8878 8883 8879
f 8879 8883 8884
f 8880 8884 8885
f 8879 8884 8880
f 8887 8881 8882
f 8886 8881 8887
f 8881 8886 8615
f 8611 8881 8615
f 8888 8883 8614
f 8618 8888 8614
f 8883 8888 8884
f 8884 8888 8889
f 8885 8889 8890
f 8884 8889 8885
f 8892 8886 8887
f 8891 8886 8892
f 8886 8891 8619
f 8615 8886 8619
f 8893 8888 8618
f 8622 8893 8618
f 8888 8893 8889
f 8889 8893 8894
f 8890 8894 8895
f 8889 8894 8890
f 8897 8891 8892
f 8896 8891 8897
f 8891 8896 8623
f 8619 8891 8623
f 8898 8893 8622
f 8626 8898 8622
f 8893 8898 8894
f 8894 8898 8899
f 8895 8899 8900
f 8894 8899 8895
f 8896 8629 8628
f 8896 8897 8629
f 8897 8901 8629
f 8896 8628 8623
f 8902 8898 8626
f 8632 8902 8626
f 8898 8902 8899
f 8899 8902 8903
f 8900 8903 8904
f 8899 8903 8900
f 8901 8905 8629
f 8905 8634 8629
f 8906 8902 8632
f 8637 8906 8632
f 8902 8906 8903
f 8903 8906 8907
f 8904 8907 8908
f 8903 8907 8904
f 8905 8909 8634
f 8909 8639 8634
f 8910 8906 8637
f 8642 8910 8637
f 8906 8910 8907
f 8907 8910 8911
f 8908 8911 8912
f 8907 8911 8908
f 8909 8913 8639
f 8913 8644 8639
f 8914 8910 8642
f 8647 8914 8642
f 8910 8914 8911
f 8911 8914 8915
f 8912 8915 8916
f 8911 8915 8912
f 8913 8917 8644
f 8917 8649 8644
f 8918 8914 8647
f 8652 8918 8647
f 8914 8918 8915
f 8915 8918 8919
f 8916 8919 8920
f 8915 8919 8916
f 8917 8921 8649
f 8921 8654 8649
f 8922 8918 8652
f 8657 8922 8652
f 8918 8922 8919
f 8919 8922 8923
f 8920 8923 8924
f 8919 8923 8920
f 8921 8925 8654
f 8925 8659 8654
f 8926 8922 8657
f 8662 8926 8657
f 8922 8926 8923
f 8923 8926 8927
f 8924 8927 8928
f 8923 8927 8924
f 8925 8929 8659
f 8929 8664 8659
f 8930 8926 8662
f 8667 8930 8662
f 8926 8930 8927
f 8927 8930 8931
f 8928 8931 8932
f 8927 8931 8928
f 8929 8933 8664
f 8933 8669 8664
f 8934 8930 8667
f 8672 8934 8667
f 8930 8934 8931
f 8931 8934 8935
f 8932 8935 8936
f 8931 8935 8932
f 8933 8937 8669
f 8937 8674 8669
f 8938 8934 8672
f 8677 8938 8672
f 8934 8938 8935
f 8935 8938 8939
f 8936 8939 8940
f 8935 8939 8936
f 8937 8941 8674
f 8941 8679 8674
f 8942 8938 8677
f 8682 8942 8677
f 8938 8942 8939
f 8939 8942 8943
f 8940 8943 8944
f 8939 8943 8940
f 8941 8945 8679
f 8945 8684 8679
f 8946 8942 8682
f 8687 8946 8682
f 8942 8946 8943
f 8943 8946 8947
f 8944 8947 8948
f 8943 8947 8944
f 8945 8949 8684
f 8949 8689 8684
f 8950 8946 8687
f 8692 8950 8687
f 8946 8950 8947
f 8947 8950 8951
f 8948 8951 8952
f 8947 8951 8948
f 8693 8954 8953
f 8693 8689 8954
f 8689 8949 8954
f 8693 8953 8694
f 8955 8950 8692
f 8697 8955 8692
f 8950 8955 8951
f 8951 8955 8956
f 8952 8956 8957
f 8951 8956 8952
f 8959 8953 8954
f 8958 8953 8959
f 8953 8958 8698
f 8694 8953 8698
f 8960 8955 8697
f 8701 8960 8697
f 8955 8960 8956
f 8956 8960 8961
f 8957 8961 8962
f 8956 8961 8957
f 8964 8958 8959
f 8963 8958 8964
f 8958 8963 8702
f 8698 8958 8702
f 8965 8960 8701
f 8705 8965 8701
f 8960 8965 8961
f 8961 8965 8966
f 8962 8966 8967
f 8961 8966 8962
f 8969 8963 8964
f 8968 8963 8969
f 8963 8968 8706
f 8702 8963 8706
f 8970 8965 8705
f 8709 8970 8705
f 8965 8970 8966
f 8966 8970 8971
f 8967 8971 8972
f 8966 8971 8967
f 8974 8968 8969
f 8973 8968 8974
f 8968 8973 8710
f 8706 8968 8710
f 8975 8970 8709
f 8713 8975 8709
f 8970 8975 8971
f 8971 8975 8976
f 8972 8976 8977
f 8971 8976 8972
f 8979 8973 8974
f 8978 8973 8979
f 8973 8978 8714
f 8710 8973 8714
f 8980 8975 8713
f 8717 8980 8713
f 8975 8980 8976
f 8976 8980 8981
f 8977 8981 8982
f 8976 8981 8977
f 8984 8978 8979
f 8983 8978 8984
f 8978 8983 8718
f 8714 8978 8718
f 8985 8980 8717
f 8721 8985 8717
f 8980 8985 8981
f 8981 8985 8986
f 8982 8986 8987
f 8981 8986 8982
f 8989 8983 8984
f 8988 8983 8989
f 8983 8988 8722
f 8718 8983 8722
f 8990 8985 8721
f 8725 8990 8721
f 8985 8990 8986
f 8986 8990 8991
f 8987 8992 8993
f 8987 8986 8992
f 8986 8991 8992
f 8993 8992 8994
f 8988 8732 8731
f 8988 8989 8732
f 8989 8995 8732
f 8988 8731 8722
f 8990 8725 8733
f 8991 8990 8733
f 8734 8991 8733
f 8992 8991 8734
f 8735 8992 8734
f 8994 8992 8735
f 8994 8735 8996
f 8996 8735 8736
f 8996 8736 8997
f 8736 8737 8997
f 8997 8737 8998
f 8737 8738 8998
f 8998 8738 8732
f 8995 8998 8732
f 8741 8742 8999
f 8743 8741 8999
f 9000 8743 8999
f 8743 9000 8745
f 8748 8749 9001
f 8742 8748 9001
f 8742 9001 8999
f 8999 9001 9002
f 9003 9002 9004
f 9003 9000 9002
f 9000 8999 9002
f 9000 9003 9005
f 9000 9005 8745
f 8745 9005 8751
f 8754 8755 9006
f 8749 8754 9006
f 8749 9006 9001
f 9001 9006 9007
f 9008 9007 9009
f 9008 9002 9007
f 9002 9001 9007
f 9002 9008 9004
f 9005 9010 8751
f 9010 8757 8751
f 9011 9006 8755
f 8760 9011 8755
f 9006 9011 9007
f 9007 9011 9012
f 9009 9012 9013
f 9007 9012 9009
f 9016 9014 9015
f 9015 9014 8762
f 9015 8762 9010
f 9010 8762 8757
f 9017 9011 8760
f 8765 9017 8760
f 9011 9017 9012
f 9012 9017 9018
f 9013 9018 9019
f 9012 9018 9013
f 9021 9014 9016
f 9020 9014 9021
f 9014 9020 8767
f 8762 9014 8767
f 9022 9017 8765
f 8770 9022 8765
f 9017 9022 9018
f 9018 9022 9023
f 9019 9023 9024
f 9018 9023 9019
f 9026 9020 9021
f 9025 9020 9026
f 9020 9025 8772
f 8767 9020 8772
f 9027 9022 8770
f 8775 9027 8770
f 9022 9027 9023
f 9023 9027 9028
f 9024 9028 9029
f 9023 9028 9024
f 9031 9025 9026
f 9030 9025 9031
f 9025 9030 8777
f 8772 9025 8777
f 9032 9027 8775
f 8780 9032 8775
f 9027 9032 9028
f 9028 9032 9033
f 9029 9033 9034
f 9028 9033 9029
f 9036 9030 9031
f 9035 9030 9036
f 9030 9035 8782
f 8777 9030 8782
f 9037 9032 8780
f 8785 9037 8780
f 9032 9037 9033
f 9033 9037 9038
f 9034 9038 9039
f 9033 9038 9034
f 9041 9035 9036
f 9040 9035 9041
f 9035 9040 8787
f 8782 9035 8787
f 9042 9037 8785
f 8790 9042 8785
f 9037 9042 9038
f 9038 9042 9043
f 9039 9043 9044
f 9038 9043 9039
f 9046 9040 9041
f 9045 9040 9046
f 9040 9045 8792
f 8787 9040 8792
f 9047 9042 8790
f 8795 9047 8790
f 9042 9047 9043
f 9043 9047 9048
f 9044 9048 9049
f 9043 9048 9044
f 9051 9045 9046
f 9050 9045 9051
f 9045 9050 8797
f 8792 9045 8797
f 9052 9047 8795
f 8800 9052 8795
f 9047 9052 9048
f 9048 9052 9053
f 9049 9053 9054
f 9048 9053 9049
f 9056 9050 9051
f 9055 9050 9056
f 9050 9055 8802
f 8797 9050 8802
f 9057 9052 8800
f 8805 9057 8800
f 9052 9057 9053
f 9053 9057 9058
f 9054 9058 9059
f 9053 9058 9054
f 9061 9055 9056
f 9060 9055 9061
f 9055 9060 8807
f 8802 9055 8807
f 9062 9057 8805
f 8810 9062 8805
f 9057 9062 9058
f 9058 9062 9063
f 9059 9063 9064
f 9058 9063 9059
f 9066 9060 9061
f 9065 9060 9066
f 9060 9065 8812
f 8807 9060 8812
f 9067 9062 8810
f 8815 9067 8810
f 9062 9067 9063
f 9063 9067 9068
f 9064 9068 9069
f 9063 9068 9064
f 9071 9065 9066
f 9070 9065 9071
f 9065 9070 8817
f 8812 9065 8817
f 9072 9067 8815
f 8820 9072 8815
f 9067 9072 9068
f 9068 9072 9073
f 9069 9073 9074
f 9068 9073 9069
f 9076 9070 9071
f 9075 9070 9076
f 9070 9075 8822
f 8817 9070 8822
f 9077 9072 8820
f 8825 9077 8820
f 9072 9077 9073
f 9073 9077 9078
f 9074 9078 9079
f 9073 9078 9074
f 9081 9075 9076
f 9080 9075 9081
f 9075 9080 8827
f 8822 9075 8827
f 9082 9077 8825
f 8830 9082 8825
f 9077 9082 9078
f 9078 9082 9083
f 9079 9083 9084
f 9078 9083 9079
f 9086 9080 9081
f 9085 9080 9086
f 9080 9085 8832
f 8827 9080 8832
f 9087 9082 8830
f 8835 9087 8830
f 9082 9087 9083
f 9083 9087 9088
f 9084 9088 9089
f 9083 9088 9084
f 9091 9085 9086
f 9090 9085 9091
f 9085 9090 8837
f 8832 9085 8837
f 9092 9087 8835
f 8840 9092 8835
f 9087 9092 9088
f 9088 9092 9093
f 9089 9093 9094
f 9088 9093 9089
f 9096 9090 9091
f 9095 9090 9096
f 9090 9095 8842
f 8837 9090 8842
f 9097 9092 8840
f 8845 9097 8840
f 9092 9097 9093
f 9093 9097 9098
f 9094 9098 9099
f 9093 9098 9094
f 9101 9095 9096
f 9100 9095 9101
f 9095 9100 8847
f 8842 9095 8847
f 9102 9097 8845
f 8850 9102 8845
f 9097 9102 9098
f 9098 9102 9103
f 9099 9103 9104
f 9098 9103 9099
f 9106 9100 9101
f 9105 9100 9106
f 9100 9105 8852
f 8847 9100 8852
f 9107 9102 8850
f 8855 9107 8850
f 9102 9107 9103
f 9103 9107 9108
f 9104 9108 9109
f 9103 9108 9104
f 9111 9105 9106
f 9110 9105 9111
f 9105 9110 8857
f 8852 9105 8857
f 9112 9107 8855
f 8860 9112 8855
f 9107 9112 9108
f 9108 9112 9113
f 9109 9113 9114
f 9108 9113 9109
f 9116 9110 9111
f 9115 9110 9116
f 9110 9115 8862
f 8857 9110 8862
f 9117 9112 8860
f 8865 9117 8860
f 9112 9117 9113
f 9113 9117 9118
f 9114 9118 9119
f 9113 9118 9114
f 9121 9115 9116
f 9120 9115 9121
f 9115 9120 8867
f 8862 9115 8867
f 9122 9117 8865
f 8870 9122 8865
f 9117 9122 9118
f 9118 9122 9123
f 9119 9123 9124
f 9118 9123 9119
f 9126 9120 9121
f 9125 9120 9126
f 9120 9125 8872
f 8867 9120 8872
f 9127 9122 8870
f 8875 9127 8870
f 9122 9127 9123
f 9123 9127 9128
f 9124 9128 9129
f 9123 9128 9124
f 9131 9125 9126
f 9130 9125 9131
f 9125 9130 8877
f 8872 9125 8877
f 9132 9127 8875
f 8880 9132 8875
f 9127 9132 9128
f 9128 9132 9133
f 9129 9133 9134
f 9128 9133 9129
f 9136 9130 9131
f 9135 9130 9136
f 9130 9135 8882
f 8877 9130 8882
f 9137 9132 8880
f 8885 9137 8880
f 9132 9137 9133
f 9133 9137 9138
f 9134 9138 9139
f 9133 9138 9134
f 9141 9135 9136
f 9140 9135 9141
f 9135 9140 8887
f 8882 9135 8887
f 9142 9137 8885
f 8890 9142 8885
f 9137 9142 9138
f 9138 9142 9143
f 9139 9143 9144
f 9138 9143 9139
f 9146 9140 9141
f 9145 9140 9146
f 9140 9145 8892
f 8887 9140 8892
f 9147 9142 8890
f 8895 9147 8890
f 9142 9147 9143
f 9143 9147 9148
f 9144 9148 9149
f 9143 9148 9144
f 9151 9145 9146
f 9150 9145 9151
f 9145 9150 8897
f 8892 9145 8897
f 9152 9147 8895
f 8900 9152 8895
f 9147 9152 9148
f 9148 9152 9153
f 9149 9153 9154
f 9148 9153 9149
f 9156 9150 9151
f 9155 9150 9156
f 9150 9155 8901
f 8897 9150 8901
f 9157 9152 8900
f 8904 9157 8900
f 9152 9157 9153
f 9153 9157 9158
f 9154 9158 9159
f 9153 9158 9154
f 9161 9155 9156
f 9160 9155 9161
f 9155 9160 8905
f 8901 9155 8905
f 9162 9157 8904
f 8908 9162 8904
f 9157 9162 9158
f 9158 9162 9163
f 9159 9163 9164
f 9158 9163 9159
f 9166 9160 9161
f 9165 9160 9166
f 9160 9165 8909
f 8905 9160 8909
f 9167 9162 8908
f 8912 9167 8908
f 9162 9167 9163
f 9163 9167 9168
f 9164 9168 9169
f 9163 9168 9164
f 9171 9165 9166
f 9170 9165 9171
f 9165 9170 8913
f 8909 9165 8913
f 9172 9167 8912
f 8916 9172 8912
f 9167 9172 9168
f 9168 9172 9173
f 9169 9173 9174
f 9168 9173 9169
f 9176 9170 9171
f 9175 9170 9176
f 9170 9175 8917
f 8913 9170 8917
f 9177 9172 8916
f 8920 9177 8916
f 9172 9177 9173
f 9173 9177 9178
f 9174 9178 9179
f 9173 9178 9174
f 9181 9175 9176
f 9180 9175 9181
f 9175 9180 8921
f 8917 9175 8921
f 9182 9177 8920
f 8924 9182 8920
f 9177 9182 9178
f 9178 9182 9183
f 9179 9183 9184
f 9178 9183 9179
f 9186 9180 9181
f 9185 9180 9186
f 9180 9185 8925
f 8921 9180 8925
f 9187 9182 8924
f 8928 9187 8924
f 9182 9187 9183
f 9183 9187 9188
f 9184 9188 9189
f 9183 9188 9184
f 9191 9185 9186
f 9190 9185 9191
f 9185 9190 8929
f 8925 9185 8929
f 9192 9187 8928
f 8932 9192 8928
f 9187 9192 9188
f 9188 9192 9193
f 9189 9193 9194
f 9188 9193 9189
f 9196 9190 9191
f 9195 9190 9196
f 9190 9195 8933
f 8929 9190 8933
f 9197 9192 8932
f 8936 9197 8932
f 9192 9197 9193
f 9193 9197 9198
f 9194 9198 9199
f 9193 9198 9194
f 9201 9195 9196
f 9200 9195 9201
f 9195 9200 8937
f 8933 9195 8937
f 9202 9197 8936
f 8940 9202 8936
f 9197 9202 9198
f 9198 9202 9203
f 9199 9203 9204
f 9198 9203 9199
f 9206 9200 9201
f 9205 9200 9206
f 9200 9205 8941
f 8937 9200 8941
f 9207 9202 8940
f 8944 9207 8940
f 9202 9207 9203
f 9203 9207 9208
f 9204 9208 9209
f 9203 9208 9204
f 9211 9205 9206
f 9210 9205 9211
f 9205 9210 8945
f 8941 9205 8945
f 9212 9207 8944
f 8948 9212 8944
f 9207 9212 9208
f 9208 9212 9213
f 9209 9213 9214
f 9208 9213 9209
f 9216 9210 9211
f 9215 9210 9216
f 9210 9215 8949
f 8945 9210 8949
f 9217 9212 8948
f 8952 9217 8948
f 9212 9217 9213
f 9213 9217 9218
f 9214 9218 9219
f 9213 9218 9214
f 9221 9215 9216
f 9220 9215 9221
f 9215 9220 8954
f 8949 9215 8954
f 9222 9217 8952
f 8957 9222 8952
f 9217 9222 9218
f 9218 9222 9223
f 9219 9223 9224
f 9218 9223 9219
f 9226 9220 9221
f 9225 9220 9226
f 9220 9225 8959
f 8954 9220 8959
f 9227 9222 8957
f 8962 9227 8957
f 9222 9227 9223
f 9223 9227 9228
f 9224 9228 9229
f 9223 9228 9224
f 9231 9225 9226
f 9230 9225 9231
f 9225 9230 8964
f 8959 9225 8964
f 9232 9227 8962
f 8967 9232 8962
f 9227 9232 9228
f 9228 9232 9233
f 9229 9233 9234
f 9228 9233 9229
f 9236 9230 9231
f 9235 9230 9236
f 9230 9235 8969
f 8964 9230 8969
f 9237 9232 8967
f 8972 9237 8967
f 9232 9237 9233
f 9233 9237 9238
f 9234 9238 9239
f 9233 9238 9234
f 9241 9235 9236
f 9240 9235 9241
f 9235 9240 8974
f 8969 9235 8974
f 9242 9237 8972
f 8977 9242 8972
f 9237 9242 9238
f 9238 9242 9243
f 9239 9243 9244
f 9238 9243 9239
f 9246 9240 9241
f 9245 9240 9246
f 9240 9245 8979
f 8974 9240 8979
f 9247 9242 8977
f 8982 9247 8977
f 9242 9247 9243
f 9243 9247 9248
f 9244 9248 9249
f 9243 9248 9244
f 9251 9245 9246
f 9250 9245 9251
f 9245 9250 8984
f 8979 9245 8984
f 9252 9247 8982
f 8987 9252 8982
f 9247 9252 9248
f 9248 9252 9253
f 9249 9253 9254
f 9248 9253 9249
f 9256 9250 9251
f 9255 9250 9256
f 9250 9255 8989
f 8984 9250 8989
f 9252 8987 8993
f 8993 8994 9257
f 8993 9257 9252
f 9252 9257 9253
f 9254 9258 9259
f 9254 9253 9258
f 9253 9257 9258
f 9259 9258 9261
f 9256 9260 9255
f 9255 9260 9262
f 9255 9262 8989
f 8989 9262 8995
f 9257 8994 8996
f 9258 9257 8996
f 8997 9258 8996
f 9261 9258 8997
f 9261 8997 9263
f 9263 8997 8998
f 9263 8998 8995
f 9262 9263 8995
f 9003 9004 9264
f 9003 9264 9005
f 9008 9009 9265
f 9004 9008 9265
f 9004 9265 9264
f 9264 9265 9266
f 9264 9266 9010
f 9005 9264 9010
f 9267 9265 9009
f 9013 9267 9009
f 9016 9015 9266
f 9016 9266 9267
f 9267 9266 9265
f 9266 9015 9010
f 9268 9267 9013
f 9019 9268 9013
f 9267 9268 9021
f 9016 9267 9021
f 9269 9268 9019
f 9024 9269 9019
f 9268 9269 9026
f 9021 9268 9026
f 9270 9269 9024
f 9029 9270 9024
f 9269 9270 9031
f 9026 9269 9031
f 9271 9270 9029
f 9034 9271 9029
f 9270 9271 9036
f 9031 9270 9036
f 9272 9271 9034
f 9039 9272 9034
f 9271 9272 9041
f 9036 9271 9041
f 9273 9272 9039
f 9044 9273 9039
f 9272 9273 9046
f 9041 9272 9046
f 9274 9273 9044
f 9049 9274 9044
f 9273 9274 9051
f 9046 9273 9051
f 9275 9274 9049
f 9054 9275 9049
f 9274 9275 9056
f 9051 9274 9056
f 9276 9275 9054
f 9059 9276 9054
f 9275 9276 9061
f 9056 9275 9061
f 9277 9276 9059
f 9064 9277 9059
f 9276 9277 9066
f 9061 9276 9066
f 9278 9277 9064
f 9069 9278 9064
f 9277 9278 9071
f 9066 9277 9071
f 9279 9278 9069
f 9074 9279 9069
f 9278 9279 9076
f 9071 9278 9076
f 9280 9279 9074
f 9079 9280 9074
f 9279 9280 9081
f 9076 9279 9081
f 9281 9280 9079
f 9084 9281 9079
f 9280 9281 9086
f 9081 9280 9086
f 9282 9281 9084
f 9089 9282 9084
f 9281 9282 9091
f 9086 9281 9091
f 9283 9282 9089
f 9094 9283 9089
f 9282 9283 9096
f 9091 9282 9096
f 9284 9283 9094
f 9099 9284 9094
f 9283 9284 9101
f 9096 9283 9101
f 9285 9284 9099
f 9104 9285 9099
f 9284 9285 9106
f 9101 9284 9106
f 9286 9285 9104
f 9109 9286 9104
f 9285 9286 9111
f 9106 9285 9111
f 9287 9286 9109
f 9114 9287 9109
f 9286 9287 9116
f 9111 9286 9116
f 9288 9287 9114
f 9119 9288 9114
f 9287 9288 9121
f 9116 9287 9121
f 9289 9288 9119
f 9124 9289 9119
f 9288 9289 9126
f 9121 9288 9126
f 9290 9289 9124
f 9129 9290 9124
f 9289 9290 9131
f 9126 9289 9131
f 9291 9290 9129
f 9134 9291 9129
f 9290 9291 9136
f 9131 9290 9136
f 9292 9291 9134
f 9139 9292 9134
f 9291 9292 9141
f 9136 9291 9141
f 9293 9292 9139
f 9144 9293 9139
f 9292 9293 9146
f 9141 9292 9146
f 9294 9293 9144
f 9149 9294 9144
f 9293 9294 9151
f 9146 9293 9151
f 9295 9294 9149
f 9154 9295 9149
f 9294 9295 9156
f 9151 9294 9156
f 9296 9295 9154
f 9159 9296 9154
f 9295 9296 9161
f 9156 9295 9161
f 9297 9296 9159
f 9164 9297 9159
f 9296 9297 9166
f 9161 9296 9166
f 9298 9297 9164
f 9169 9298 9164
f 9297 9298 9171
f 9166 9297 9171
f 9299 9298 9169
f 9174 9299 9169
f 9298 9299 9176
f 9171 9298 9176
f 9300 9299 9174
f 9179 9300 9174
f 9299 9300 9181
f 9176 9299 9181
f 9301 9300 9179
f 9184 9301 9179
f 9300 9301 9186
f 9181 9300 9186
f 9302 9301 9184
f 9189 9302 9184
f 9301 9302 9191
f 9186 9301 9191
f 9303 9302 9189
f 9194 9303 9189
f 9302 9303 9196
f 9191 9302 9196
f 9304 9303 9194
f 9199 9304 9194
f 9303 9304 9201
f 9196 9303 9201
f 9305 9304 9199
f 9204 9305 9199
f 9304 9305 9206
f 9201 9304 9206
f 9306 9305 9204
f 9209 9306 9204
f 9305 9306 9211
f 9206 9305 9211
f 9307 9306 9209
f 9214 9307 9209
f 9306 9307 9216
f 9211 9306 9216
f 9308 9307 9214
f 9219 9308 9214
f 9307 9308 9221
f 9216 9307 9221
f 9309 9308 9219
f 9224 9309 9219
f 9308 9309 9226
f 9221 9308 9226
f 9310 9309 9224
f 9229 9310 9224
f 9309 9310 9231
f 9226 9309 9231
f 9311 9310 9229
f 9234 9311 9229
f 9310 9311 9236
f 9231 9310 9236
f 9312 9311 9234
f 9239 9312 9234
f 9311 9312 9241
f 9236 9311 9241
f 9313 9312 9239
f 9244 9313 9239
f 9312 9313 9246
f 9241 9312 9246
f 9314 9313 9244
f 9249 9314 9244
f 9313 9314 9251
f 9246 9313 9251
f 9315 9314 9249
f 9254 9315 9249
f 9314 9315 9256
f 9251 9314 9256
f 9315 9254 9259
f 9260 9256 9315
f 9260 9315 9316
f 9259 9261 9315
f 9261 9316 9315
f 9260 9316 9262
f 9316 9261 9263
f 9316 9263 9262

