# https://github.com/mikedh/trimesh
v -0.08548594 0.17187500 0.09375000
v -0.07812500 0.16446831 0.09375000
v -0.07812500 0.17187500 0.08638906
v -0.07812500 0.17187500 0.10111161
v -0.08395500 0.18750000 0.09375000
v -0.07812500 0.18750000 0.08792000
v -0.07812500 0.18750000 0.09958793
v -0.07812500 0.19333264 0.09375000
v -0.06944338 -0.15625000 -0.03125000
v -0.06250000 -0.16319262 -0.03125000
v -0.06250000 -0.15625000 -0.03819287
v -0.06925498 -0.15625000 -0.01562500
v -0.06250000 -0.16298110 -0.01562500
v -0.06393189 -0.15625000 0.00000000
v -0.06250000 -0.15768126 0.00000000
v -0.06250000 -0.15625000 0.00143672
v -0.06250000 -0.14765077 -0.03125000
v -0.06836319 -0.14062500 -0.01562500
v -0.06250000 -0.14062500 -0.02310926
v -0.06969768 -0.14062500 0.00000000
v -0.06250000 -0.14062500 0.01293615
v -0.06250000 -0.13476181 -0.01562500
v -0.06984940 -0.12500000 0.00000000
v -0.06250000 -0.12500000 -0.00734940
v -0.07029829 -0.12500000 0.01562500
v -0.06250000 -0.13826205 0.01562500
v -0.06250000 -0.12500000 0.02342846
v -0.06250000 -0.11765060 0.00000000
v -0.07023487 -0.10937500 0.01562500
v -0.06250000 -0.10937500 0.00789013
v -0.06250000 -0.10937500 0.02896229
v -0.06250000 -0.10164013 0.01562500
v -0.07104166 -0.09375000 0.03125000
v -0.06250000 -0.10696163 0.03125000
v -0.06250000 -0.09375000 0.02376081
v -0.06250000 -0.09375000 0.03873919
v -0.06250000 -0.08626081 0.03125000
v -0.06250000 0.16383964 0.09375000
v -0.06250000 0.17187500 0.08596635
v -0.06389311 0.17187500 0.10937500
v -0.06250000 0.17048209 0.10937500
v -0.06250000 0.17187500 0.11076789
v -0.06250000 0.18750000 0.08594436
v -0.07032079 0.18750000 0.10937500
v -0.06250000 0.18750000 0.11718732
v -0.07029142 0.20312500 0.09375000
v -0.06250000 0.20312500 0.08596141
v -0.06393722 0.20312500 0.10937500
v -0.06250000 0.20312500 0.11081222
v -0.06250000 0.21124445 0.09375000
v -0.06250000 0.20456222 0.10937500
v -0.04687500 -0.16406225 -0.03125000
v -0.04687500 -0.15625000 -0.04614007
v -0.04687500 -0.16405316 -0.01562500
v -0.04687500 -0.16399923 0.00000000
v -0.04687500 -0.15625000 0.01225748
v -0.05588849 -0.14062500 -0.03125000
v -0.04687500 -0.14062500 -0.03865184
v -0.06013525 -0.14062500 0.01562500
v -0.04687500 -0.15292374 0.01562500
v -0.04687500 -0.14062500 0.02342179
v -0.04687500 -0.13326432 -0.03125000
v -0.04687500 -0.13283347 -0.01562500
v -0.04687500 -0.12500000 -0.00779832
v -0.04687500 -0.12500000 0.02887633
v -0.04687500 -0.11720168 0.00000000
v -0.04687500 -0.10937500 0.00785724
v -0.06006109 -0.10937500 0.03125000
v -0.04687500 -0.12242813 0.03125000
v -0.04687500 -0.10937500 0.03869060
v -0.04687500 -0.10160724 0.01562500
v -0.04687500 -0.09375000 0.02418395
v -0.04687500 -0.09375000 0.03831605
v -0.04687500 -0.08668395 0.03125000
v -0.04687500 0.16378550 0.09375000
v -0.04687500 0.17187500 0.08593949
v -0.04687500 0.17179109 0.10937500
v -0.04687500 0.17187500 0.10945891
v -0.04687500 0.18750000 0.08593756
v -0.04687500 0.18750000 0.11718748
v -0.04687500 0.20312500 0.08593772
v -0.04687500 0.20312500 0.11718751
v -0.05501361 0.21875000 0.09375000
v -0.04687500 0.21875000 0.08594222
v -0.05459291 0.21875000 0.10937500
v -0.04687500 0.21875000 0.11709290
v -0.04687500 0.22655927 0.09375000
v -0.04687500 0.22646790 0.10937500
v -0.03884284 -0.17187500 -0.03125000
v -0.03125000 -0.17946777 -0.03125000
v -0.03125000 -0.17187500 -0.03884280
v -0.03757875 -0.17187500 -0.01562500
v -0.03125000 -0.17820307 -0.01562500
v -0.03870034 -0.17187500 0.00000000
v -0.03125000 -0.17930964 0.00000000
v -0.03615591 -0.17187500 0.01562500
v -0.03125000 -0.17678069 0.01562500
v -0.03125000 -0.17187500 0.02053069
v -0.04600712 -0.15625000 -0.04687500
v -0.03125000 -0.16337940 -0.04687500
v -0.03125000 -0.15625000 -0.05400437
v -0.04333663 -0.15625000 0.01562500
v -0.03125000 -0.15625000 0.02311058
v -0.03125000 -0.14696508 -0.04687500
v -0.03125000 -0.14062500 -0.04117113
v -0.03125000 -0.14062500 0.02575958
v -0.03125000 -0.13282542 -0.03125000
v -0.03125000 -0.13281329 -0.01562500
v -0.03125000 -0.12500000 -0.00780663
v -0.04425709 -0.12500000 0.03125000
v -0.03125000 -0.13471271 0.03125000
v -0.03125000 -0.12500000 0.03860772
v -0.03125000 -0.11719337 0.00000000
v -0.03125000 -0.10937500 0.00790645
v -0.03125000 -0.10937500 0.03855785
v -0.03125000 -0.10165645 0.01562500
v -0.03417062 -0.09375000 0.03125000
v -0.03125000 -0.09652554 0.03125000
v -0.03125000 0.16390394 0.09375000
v -0.03125000 0.17187500 0.08593908
v -0.04647487 0.17187500 0.10937500
v -0.03125000 0.17187500 0.10671112
v -0.03719824 0.18750000 0.07812500
v -0.03125000 0.18155176 0.07812500
v -0.03125000 0.18750000 0.07217676
v -0.03125000 0.17453800 0.10937500
v -0.03125000 0.18750000 0.11718762
v -0.03864312 0.20312500 0.04687500
v -0.03125000 0.19573188 0.04687500
v -0.03125000 0.20312500 0.03948186
v -0.03125000 0.20312500 0.05426812
v -0.03777172 0.20312500 0.07812500
v -0.03125000 0.20312500 0.07160328
v -0.03899825 0.20312500 0.12500000
v -0.03125000 0.19537662 0.12500000
v -0.03125000 0.20312500 0.13274823
v -0.03125000 0.21058392 0.04687500
v -0.03787913 0.21875000 0.06250000
v -0.03125000 0.21212087 0.06250000
v -0.03125000 0.21875000 0.05580635
v -0.03840887 0.21875000 0.07812500
v -0.03901571 0.21875000 0.12500000
v -0.03125000 0.21875000 0.13276571
v -0.03125000 0.22827735 0.06250000
v -0.03819723 0.23437500 0.07812500
v -0.03125000 0.23437500 0.06829249
v -0.03863062 0.23437500 0.09375000
v -0.03125000 0.22661753 0.10937500
v -0.03125000 0.23437500 0.10118402
v -0.03125000 0.22666402 0.12500000
v -0.03125000 0.24132225 0.07812500
v -0.03125000 0.24175413 0.09375000
v -0.01562500 -0.17968750 -0.03125000
v -0.01562500 -0.17187500 -0.04605486
v -0.01562500 -0.17968789 -0.01562500
v -0.01562500 -0.17970582 0.00000000
v -0.01562500 -0.17908482 0.01562500
v -0.01562500 -0.17187500 0.02283453
v -0.01562500 -0.17101672 -0.04687500
v -0.01562500 -0.15625000 -0.05449987
v -0.01562500 -0.15625000 0.02343670
v -0.01825567 -0.14062500 -0.04687500
v -0.01562500 -0.14062500 -0.04849919
v -0.02542348 -0.14062500 0.03125000
v -0.01562500 -0.14807439 0.03125000
v -0.01562500 -0.14062500 0.03869890
v -0.01562500 -0.13900081 -0.04687500
v -0.01562500 -0.13282315 -0.03125000
v -0.02056260 -0.12500000 -0.01562500
v -0.01562500 -0.12500000 -0.02056260
v -0.01562500 -0.12500000 0.03886571
v -0.01562500 -0.12006240 -0.01562500
v -0.01562500 -0.11719743 0.00000000
v -0.01562500 -0.10937500 0.00823249
v -0.01562500 -0.10937500 0.03886785
v -0.01562500 -0.10198249 0.01562500
v -0.01562500 -0.10175715 0.03125000
v -0.01562500 0.16417761 0.09375000
v -0.01562500 0.17187500 0.08279033
v -0.01562500 0.17187500 0.10207972
v -0.01562500 0.17691831 0.07812500
v -0.01562500 0.18750000 0.07067508
v -0.01562500 0.17905564 0.10937500
v -0.01562500 0.18750000 0.11719057
v -0.01562500 0.19504211 0.04687500
v -0.01562500 0.20312500 0.03951880
v -0.02340576 0.20312500 0.06250000
v -0.01562500 0.19515040 0.06250000
v -0.01562500 0.19530940 0.12500000
v -0.01562500 0.20312500 0.13281250
v -0.01562500 0.21048927 0.04687500
v -0.01562500 0.21875000 0.05468039
v -0.01562500 0.21875000 0.13281399
v -0.01562500 0.22753020 0.06250000
v -0.01562500 0.23437500 0.06935230
v -0.02349241 0.23437500 0.10937500
v -0.02358579 0.23437500 0.12500000
v -0.01562500 0.23437500 0.13281343
v -0.01562500 0.24230658 0.07812500
v -0.01562500 0.24215795 0.09375000
v -0.01562500 0.24220545 0.10937500
v -0.01562500 0.24219149 0.12500000
v -0.00739429 -0.18750000 -0.03125000
v 0.00000000 -0.19489428 -0.03125000
v 0.00000000 -0.18750000 -0.03864428
v -0.00781238 -0.18750000 -0.01562500
v 0.00000000 -0.19532741 -0.01562500
v -0.00783111 -0.18750000 0.00000000
v 0.00000000 -0.19531530 0.00000000
v 0.00000000 -0.18750000 0.00862107
v -0.01480457 -0.17187500 -0.04687500
v 0.00000000 -0.17968604 -0.04687500
v 0.00000000 -0.17187500 -0.05468604
v 0.00000000 -0.17880950 0.01562500
v 0.00000000 -0.17187500 0.02177021
v 0.00000000 -0.15625000 -0.05378364
v 0.00000000 -0.15625000 0.02343691
v -0.01335106 -0.14062500 -0.04687500
v 0.00000000 -0.14784647 -0.04687500
v 0.00000000 -0.14062500 -0.04050503
v -0.00513834 -0.14062500 0.03125000
v 0.00000000 -0.14062500 0.02642763
v 0.00000000 -0.13285333 -0.03125000
v 0.00000000 -0.12500000 -0.01603202
v 0.00000000 -0.13568731 0.03125000
v 0.00000000 -0.12500000 0.03892829
v 0.00000000 -0.12459298 -0.01562500
v 0.00000000 -0.11726112 0.00000000
v 0.00000000 -0.10937500 0.01343340
v 0.00000000 -0.10937500 0.03844695
v 0.00000000 -0.10718340 0.01562500
v 0.00000000 -0.10217806 0.03125000
v -0.00792299 0.17187500 0.09375000
v -0.00526457 0.18750000 0.07812500
v 0.00000000 0.17970254 0.09375000
v 0.00000000 0.18750000 0.08292105
v 0.00000000 0.17969131 0.10937500
v 0.00000000 0.18750000 0.12186874
v -0.00826875 0.20312500 0.04687500
v 0.00000000 0.19511086 0.06250000
v 0.00000000 0.20312500 0.05475359
v 0.00000000 0.19264278 0.07812500
v 0.00000000 0.19062857 0.12500000
v 0.00000000 0.20312500 0.13281250
v 0.00000000 0.21875000 0.05478642
v -0.00781399 0.21875000 0.14062500
v 0.00000000 0.21093750 0.14062500
v 0.00000000 0.21875000 0.14843750
v 0.00000000 0.22648301 0.06250000
v 0.00000000 0.23437500 0.07029424
v -0.00781343 0.23437500 0.14062500
v 0.00000000 0.23437500 0.14843750
v 0.00000000 0.24246288 0.07812500
v -0.00711957 0.25000000 0.09375000
v 0.00000000 0.25000000 0.08636476
v -0.00783008 0.25000000 0.10937500
v -0.00781649 0.25000000 0.12500000
v -0.00724554 0.25000000 0.14062500
v 0.00000000 0.25000000 0.14787054
v 0.00000000 0.25714447 0.09375000
v 0.00000000 0.25878477 0.10937500
v 0.00000000 0.25782335 0.12500000
v 0.00000000 0.25724554 0.14062500
v 0.01025277 -0.20312500 -0.03125000
v 0.01562500 -0.20849723 -0.03125000
v 0.01562500 -0.20312500 -0.03662223
v 0.00779709 -0.20312500 -0.01562500
v 0.01562500 -0.21343585 -0.01562500
v 0.00781169 -0.20312500 0.00000000
v 0.01562500 -0.21093624 0.00000000
v 0.01562500 -0.20312500 0.00781783
v 0.01562500 -0.18750000 -0.03994845
v 0.01562500 -0.18750000 0.00965226
v 0.01562500 -0.18056495 -0.04687500
v 0.01562500 -0.17187500 -0.05467889
v 0.01562500 -0.18104810 0.01562500
v 0.01562500 -0.17187500 0.02293785
v 0.00912581 -0.15625000 -0.04687500
v 0.01562500 -0.16189557 -0.04687500
v 0.01562500 -0.15625000 -0.04123697
v 0.01562500 -0.15625000 0.02343424
v 0.01562500 -0.14062500 -0.03895175
v 0.01562500 -0.14062500 0.02343944
v 0.01562500 -0.13292685 -0.03125000
v 0.00040702 -0.12500000 -0.01562500
v 0.01562500 -0.13281651 -0.01562500
v 0.01562500 -0.12500000 -0.00593497
v 0.01127872 -0.12500000 0.03125000
v 0.01562500 -0.12500000 0.02699482
v 0.01562500 -0.11906503 0.00000000
v 0.00219160 -0.10937500 0.01562500
v 0.01562500 -0.11720755 0.01562500
v 0.01562500 -0.11967007 0.03125000
v 0.01562500 -0.10937500 0.02471360
v 0.01562500 -0.10937500 0.03778640
v 0.01562500 -0.10283860 0.03125000
v 0.00780761 0.18750000 0.09375000
v 0.01562500 0.18444146 0.10937500
v 0.01562500 0.18750000 0.10630703
v 0.01562500 0.18750000 0.11533747
v 0.00775579 0.20312500 0.06250000
v 0.01320095 0.20312500 0.07812500
v 0.01562500 0.19532796 0.09375000
v 0.01562500 0.20312500 0.08035193
v 0.01562500 0.19191968 0.12500000
v 0.01562500 0.20312500 0.13281277
v 0.00772826 0.21875000 0.06250000
v 0.01562500 0.20535249 0.07812500
v 0.01562500 0.21875000 0.07032939
v 0.01562500 0.21093723 0.14062500
v 0.01562500 0.21875000 0.14843750
v 0.01562500 0.23437500 0.07060714
v 0.01562500 0.23437500 0.14930729
v 0.01562500 0.24211133 0.07812500
v 0.01562500 0.25000000 0.08571896
v 0.00793614 0.25000000 0.15625000
v 0.01562500 0.24144003 0.15625000
v 0.01562500 0.25000000 0.16393886
v 0.00778025 0.26562500 0.09375000
v 0.01562500 0.26562500 0.08593994
v 0.00683977 0.26562500 0.10937500
v 0.00780200 0.26562500 0.12500000
v 0.00827985 0.26562500 0.14062500
v 0.01562500 0.25768891 0.15625000
v 0.01562500 0.26562500 0.14797019
v 0.01562500 0.27354290 0.09375000
v 0.01237580 0.28125000 0.10937500
v 0.01562500 0.28125000 0.10605418
v 0.01562500 0.27371143 0.12500000
v 0.01562500 0.28125000 0.11280869
v 0.01562500 0.27297015 0.14062500
v 0.01562500 0.28449923 0.10937500
v 0.02454676 -0.23437500 -0.01562500
v 0.03125000 -0.24107824 -0.01562500
v 0.03125000 -0.23437500 -0.02232824
v 0.03125000 -0.23437500 -0.00892157
v 0.02852696 -0.21875000 -0.03125000
v 0.03125000 -0.22147304 -0.03125000
v 0.03125000 -0.21875000 -0.03397304
v 0.02093910 -0.21875000 -0.01562500
v 0.02344233 -0.21875000 0.00000000
v 0.03125000 -0.22655702 0.00000000
v 0.03125000 -0.21875000 0.00780782
v 0.03125000 -0.20312500 -0.03926772
v 0.03125000 -0.20312500 0.00984411
v 0.02255294 -0.18750000 -0.04687500
v 0.03125000 -0.19551631 -0.04687500
v 0.03125000 -0.18750000 -0.05468609
v 0.02702590 -0.18750000 0.01562500
v 0.03125000 -0.19188732 0.01562500
v 0.03125000 -0.18750000 0.01853917
v 0.03125000 -0.17187500 -0.05466644
v 0.03125000 -0.17187500 0.01983642
v 0.03125000 -0.16408335 -0.04687500
v 0.03125000 -0.15625000 -0.03897979
v 0.03125000 -0.15625000 0.02329333
v 0.02338832 -0.14062500 -0.03125000
v 0.03125000 -0.14845524 -0.03125000
v 0.03125000 -0.14062500 -0.02274664
v 0.03125000 -0.14062500 0.02342348
v 0.03125000 -0.13356798 -0.01562500
v 0.02155997 -0.12500000 0.00000000
v 0.03125000 -0.13290838 0.00000000
v 0.03125000 -0.12500000 0.01498113
v 0.03125000 -0.12500000 0.01626967
v 0.03125000 -0.12435613 0.01562500
v 0.02216140 -0.10937500 0.03125000
v 0.01868860 0.18750000 0.10937500
v 0.03125000 0.19549961 0.09375000
v 0.03125000 0.20312500 0.08612458
v 0.03125000 0.19530447 0.10937500
v 0.03125000 0.19531279 0.12500000
v 0.03125000 0.20312500 0.13281222
v 0.02743449 0.21875000 0.07812500
v 0.03125000 0.21875000 0.08191725
v 0.03125000 0.21093750 0.14062500
v 0.03125000 0.21875000 0.14843749
v 0.03125000 0.22258227 0.07812500
v 0.03125000 0.23437500 0.07036674
v 0.02257426 0.23437500 0.15625000
v 0.03125000 0.22656913 0.15625000
v 0.03125000 0.23437500 0.16405587
v 0.03125000 0.24552046 0.07812500
v 0.03125000 0.25000000 0.08256031
v 0.03125000 0.25000000 0.16406247
v 0.03125000 0.26562500 0.08593724
v 0.02361608 0.26562500 0.15625000
v 0.03125000 0.26562500 0.16388387
v 0.02335506 0.28125000 0.09375000
v 0.03125000 0.28125000 0.08596290
v 0.02316337 0.28125000 0.12500000
v 0.03125000 0.27413249 0.14062500
v 0.03125000 0.28125000 0.13350737
v 0.03125000 0.27325887 0.15625000
v 0.03125000 0.28903733 0.09375000
v 0.02354949 0.29687500 0.10937500
v 0.03125000 0.29687500 0.10167431
v 0.03125000 0.29127389 0.12500000
v 0.03125000 0.29687500 0.11929555
v 0.03125000 0.30457549 0.10937500
v 0.03999804 -0.23437500 -0.03125000
v 0.04687500 -0.24125196 -0.03125000
v 0.04687500 -0.23437500 -0.03812696
v 0.04687500 -0.24649729 -0.01562500
v 0.03908837 -0.23437500 0.00000000
v 0.04687500 -0.24216147 0.00000000
v 0.04687500 -0.23437500 0.00778643
v 0.04687500 -0.21875000 -0.03912046
v 0.04687500 -0.21875000 0.00878532
v 0.03895278 -0.20312500 -0.04687500
v 0.04687500 -0.21089992 -0.04687500
v 0.04687500 -0.20312500 -0.05459197
v 0.04355718 -0.20312500 0.01562500
v 0.04687500 -0.20576537 0.01562500
v 0.04687500 -0.20312500 0.01776054
v 0.04687500 -0.18750000 -0.05428943
v 0.03750317 -0.18750000 0.01562500
v 0.04687500 -0.19819670 0.01562500
v 0.04687500 -0.18750000 0.01162913
v 0.04126322 -0.17187500 -0.04687500
v 0.04687500 -0.17783871 -0.04687500
v 0.04687500 -0.17187500 -0.04128225
v 0.03560805 -0.17187500 0.01562500
v 0.04687500 -0.17187500 0.00799664
v 0.03898205 -0.15625000 -0.03125000
v 0.04687500 -0.16406042 -0.03125000
v 0.03947324 -0.15625000 -0.01562500
v 0.04687500 -0.16365134 -0.01562500
v 0.04687500 -0.15625000 -0.00799191
v 0.04111506 -0.15625000 0.01562500
v 0.04687500 -0.15625000 0.00978296
v 0.03830702 -0.14062500 -0.01562500
v 0.03896662 -0.14062500 0.00000000
v 0.04687500 -0.14866954 0.00000000
v 0.04256183 -0.14062500 0.01562500
v 0.03189387 -0.12500000 0.01562500
v 0.03887598 0.20312500 0.09375000
v 0.04687500 0.19630798 0.10937500
v 0.04687500 0.20312500 0.10255741
v 0.03913882 0.20312500 0.12500000
v 0.04687500 0.20312500 0.11626748
v 0.04687500 0.21098543 0.09375000
v 0.04687500 0.21875000 0.08598601
v 0.04687500 0.21086089 0.12500000
v 0.03924884 0.21875000 0.14062500
v 0.04687500 0.21875000 0.13299886
v 0.03961516 0.23437500 0.07812500
v 0.04687500 0.23437500 0.08533090
v 0.04687500 0.22637615 0.14062500
v 0.03905866 0.23437500 0.15625000
v 0.04687500 0.23437500 0.14844028
v 0.03825442 0.25000000 0.07812500
v 0.04687500 0.24432745 0.07812500
v 0.04687500 0.25000000 0.07300186
v 0.04687500 0.24269979 0.15625000
v 0.04687500 0.25000000 0.16354744
v 0.04687500 0.25515321 0.07812500
v 0.04687500 0.26562500 0.08590344
v 0.04455119 0.26562500 0.15625000
v 0.04687500 0.26312523 0.15625000
v 0.04687500 0.26562500 0.15401522
v 0.04687500 0.28125000 0.08593752
v 0.03838800 0.28125000 0.14062500
v 0.04687500 0.28125000 0.14841703
v 0.03949971 0.29687500 0.09375000
v 0.04687500 0.29687500 0.08637494
v 0.03685196 0.29687500 0.12500000
v 0.04687500 0.28904841 0.14062500
v 0.04687500 0.29687500 0.13281801
v 0.04687500 0.30425006 0.09375000
v 0.04687500 0.31218536 0.10937500
v 0.04687500 0.30475752 0.12500000
v 0.05471953 -0.25000000 -0.03125000
v 0.06250000 -0.25778050 -0.03125000
v 0.06250000 -0.25000000 -0.03903046
v 0.05037772 -0.25000000 -0.01562500
v 0.06250000 -0.25791156 -0.01562500
v 0.05482233 -0.25000000 0.00000000
v 0.06250000 -0.25767763 0.00000000
v 0.06250000 -0.25000000 0.00767763
v 0.06250000 -0.23437500 -0.03937503
v 0.06250000 -0.23437500 0.00811186
v 0.06147178 -0.21875000 -0.04687500
v 0.06250000 -0.21984267 -0.04687500
v 0.06250000 -0.21875000 -0.04788906
v 0.06250000 -0.21875000 0.01282402
v 0.05855398 -0.20312500 -0.04687500
v 0.06250000 -0.21603288 -0.04687500
v 0.06250000 -0.20312500 -0.04300068
v 0.05015616 -0.20312500 0.01562500
v 0.06250000 -0.20312500 0.00979272
v 0.05436190 -0.18750000 -0.04687500
v 0.06250000 -0.18750000 -0.03913396
v 0.06250000 -0.18750000 0.00781235
v 0.05571785 -0.17187500 -0.03125000
v 0.06250000 -0.17865793 -0.03125000
v 0.06250000 -0.17187500 -0.02305538
v 0.06250000 -0.17187500 0.00442163
v 0.06250000 -0.16546628 -0.01562500
v 0.05445546 -0.15625000 0.00000000
v 0.06250000 -0.16745337 0.00000000
v 0.05369202 0.20312500 0.10937500
v 0.05463900 0.21875000 0.09375000
v 0.06250000 0.21244498 0.10937500
v 0.06250000 0.21875000 0.10306996
v 0.05516537 0.21875000 0.12500000
v 0.06250000 0.21875000 0.11614559
v 0.06250000 0.22663715 0.09375000
v 0.06250000 0.23437500 0.08601216
v 0.06250000 0.22609750 0.12500000
v 0.05986545 0.23437500 0.14062500
v 0.06250000 0.23437500 0.13798320
v 0.05200364 0.25000000 0.07812500
v 0.06250000 0.25000000 0.08593126
v 0.06250000 0.23722754 0.14062500
v 0.05417245 0.25000000 0.15625000
v 0.06250000 0.25000000 0.14806117
v 0.06250000 0.26562500 0.08592853
v 0.06250000 0.26562500 0.14838059
v 0.06250000 0.28125000 0.08593753
v 0.06250000 0.28125000 0.14843377
v 0.06250000 0.29687500 0.08594486
v 0.06250000 0.29204877 0.14062500
v 0.06250000 0.29687500 0.13580196
v 0.06250000 0.30484463 0.09375000
v 0.04719738 0.31250000 0.10937500
v 0.06250000 0.31250000 0.10149489
v 0.05483821 0.31250000 0.12500000
v 0.06250000 0.31250000 0.13259074
v 0.06250000 0.32021561 0.10937500
v 0.06250000 0.32009074 0.12500000
v 0.07031310 -0.26562500 -0.03125000
v 0.07812500 -0.27344493 -0.03125000
v 0.07812500 -0.26562500 -0.03906189
v 0.07021344 -0.26562500 -0.01562500
v 0.07812500 -0.27345393 -0.01562500
v 0.07812500 -0.26562500 -0.00377631
v 0.07620989 -0.25000000 -0.04687500
v 0.07812500 -0.25191512 -0.04687500
v 0.07812500 -0.25000000 -0.04879011
v 0.07812500 -0.26184869 0.00000000
v 0.07812500 -0.25000000 0.00781250
v 0.07657443 -0.23437500 -0.04687500
v 0.07812500 -0.23437500 -0.04831729
v 0.07812500 -0.23437500 0.00782597
v 0.06361481 -0.21875000 -0.04687500
v 0.07812500 -0.23279402 -0.04687500
v 0.07812500 -0.21875000 -0.03945918
v 0.07812500 -0.21875000 0.00781250
v 0.07812500 -0.20312500 -0.03905581
v 0.07812500 -0.20312500 0.00779956
v 0.07056082 -0.18750000 -0.03125000
v 0.07812500 -0.19507073 -0.03125000
v 0.07812500 -0.18750000 -0.02261996
v 0.07049045 -0.18750000 0.00000000
v 0.07812500 -0.19514733 0.00000000
v 0.07812500 -0.18750000 -0.00870063
v 0.06890883 -0.17187500 -0.01562500
v 0.07812500 -0.18075086 -0.01562500
v 0.06692163 -0.17187500 0.00000000
v 0.06880502 0.21875000 0.10937500
v 0.07023784 0.23437500 0.09375000
v 0.07031503 0.23437500 0.10937500
v 0.07029958 0.23437500 0.12500000
v 0.07044355 0.25000000 0.09375000
v 0.07812500 0.24728327 0.10937500
v 0.07812500 0.25000000 0.10658368
v 0.07031273 0.25000000 0.12500000
v 0.07812500 0.25000000 0.11209040
v 0.06993615 0.25000000 0.14062500
v 0.07126334 0.26562500 0.09375000
v 0.07812500 0.26562500 0.10061695
v 0.07207275 0.26562500 0.12500000
v 0.07812500 0.26562500 0.11894266
v 0.07025545 0.26562500 0.14062500
v 0.07190914 0.28125000 0.09375000
v 0.07812500 0.28125000 0.09997209
v 0.07812500 0.27189115 0.12500000
v 0.07033093 0.28125000 0.14062500
v 0.07812500 0.28125000 0.13261077
v 0.07031731 0.29687500 0.09375000
v 0.07812500 0.29687500 0.10211301
v 0.07812500 0.29687500 0.13305127
v 0.07024419 0.31250000 0.10937500
v 0.07812500 0.30415333 0.10937500
v 0.07812500 0.31250000 0.12077177
v 0.07812500 0.31250000 0.12920588
v 0.07812500 0.31670570 0.12500000
v 0.08592944 -0.28125000 -0.03125000
v 0.09375000 -0.29010598 -0.03125000
v 0.09375000 -0.28125000 -0.04164398
v 0.08592107 -0.28125000 -0.01562500
v 0.09375000 -0.28926673 -0.01562500
v 0.09375000 -0.28125000 -0.00781250
v 0.08597006 -0.26562500 -0.04687500
v 0.09375000 -0.27598991 -0.04687500
v 0.09375000 -0.26562500 -0.05465492
v 0.08190353 -0.26562500 0.00000000
v 0.09375000 -0.27343447 0.00000000
v 0.09375000 -0.26562500 0.00780947
v 0.09375000 -0.25000000 -0.05114592
v 0.09375000 -0.25000000 0.00781247
v 0.07984433 -0.23437500 -0.04687500
v 0.09375000 -0.24509656 -0.04687500
v 0.09375000 -0.23437500 -0.03982347
v 0.09375000 -0.23437500 0.00781053
v 0.09375000 -0.21875000 -0.03906170
v 0.08979887 -0.21875000 0.00000000
v 0.09375000 -0.22270261 0.00000000
v 0.09375000 -0.21875000 -0.00395115
v 0.08594714 -0.20312500 -0.03125000
v 0.09375000 -0.21092148 -0.03125000
v 0.08692914 -0.20312500 -0.01562500
v 0.09375000 -0.20994589 -0.01562500
v 0.08592471 -0.20312500 0.00000000
v 0.08487403 -0.18750000 -0.01562500
v 0.08084022 0.25000000 0.10937500
v 0.08593214 0.26562500 0.10937500
v 0.08593097 0.28125000 0.10937500
v 0.08571361 0.28125000 0.12500000
v 0.08537488 0.29687500 0.10937500
v 0.08593168 0.29687500 0.12500000
v 0.08233077 0.31250000 0.12500000
v 0.10156204 -0.29687500 -0.04687500
v 0.10937500 -0.30580115 -0.04687500
v 0.10937500 -0.29687500 -0.05468737
v 0.10051902 -0.29687500 -0.03125000
v 0.10937500 -0.30502926 -0.03125000
v 0.10135828 -0.29687500 -0.01562500
v 0.10937500 -0.30468801 -0.01562500
v 0.10937500 -0.29687500 -0.00781251
v 0.09898102 -0.28125000 -0.04687500
v 0.10937500 -0.28125000 -0.05468764
v 0.10937500 -0.28125000 -0.00779410
v 0.10937500 -0.26562500 -0.05453077
v 0.10277376 -0.26562500 0.00000000
v 0.10937500 -0.26562500 -0.00659828
v 0.09851083 -0.25000000 -0.04687500
v 0.10937500 -0.25737323 -0.04687500
v 0.10937500 -0.25000000 -0.03965783
v 0.10788826 -0.25000000 0.00000000
v 0.10937500 -0.25000000 -0.00148673
v 0.10937500 -0.23437500 -0.03904114
v 0.10156364 -0.23437500 0.00000000
v 0.10937500 -0.23437500 -0.00781098
v 0.10156725 -0.21875000 -0.03125000
v 0.10937500 -0.22657787 -0.03125000
v 0.10176290 -0.21875000 -0.01562500
v 0.10937500 -0.22636366 -0.01562500
v 0.11607373 -0.31250000 -0.04687500
v 0.12500000 -0.32032129 -0.04687500
v 0.12500000 -0.31250000 -0.05469383
v 0.11684575 -0.31250000 -0.03125000
v 0.12500000 -0.32031262 -0.03125000
v 0.11724405 -0.31250000 -0.01562500
v 0.12500000 -0.32025543 -0.01562500
v 0.12500000 -0.31250000 -0.00786957
v 0.11842315 -0.29687500 -0.06250000
v 0.12500000 -0.30345803 -0.06250000
v 0.12500000 -0.29687500 -0.06907685
v 0.12500000 -0.29687500 -0.00781251
v 0.12500000 -0.29023967 -0.06250000
v 0.12500000 -0.28125000 -0.05474658
v 0.12500000 -0.28125000 -0.00781270
v 0.11721241 -0.26562500 -0.04687500
v 0.12500000 -0.27325670 -0.04687500
v 0.12500000 -0.26562500 -0.03924412
v 0.12500000 -0.26562500 -0.00781311
v 0.12500000 -0.25000000 -0.03860446
v 0.12500000 -0.25000000 -0.00879259
v 0.11716763 -0.23437500 -0.03125000
v 0.12500000 -0.24264395 -0.03125000
v 0.11718973 -0.23437500 -0.01562500
v 0.12500000 -0.24316383 -0.01562500
v 0.13288843 -0.32812500 -0.04687500
v 0.14062500 -0.33585276 -0.04687500
v 0.14062500 -0.32812500 -0.05460288
v 0.13291842 -0.32812500 -0.03125000
v 0.14062500 -0.33583144 -0.03125000
v 0.14062500 -0.32812500 -0.02354208
v 0.13639890 -0.31250000 -0.06250000
v 0.14062500 -0.31672118 -0.06250000
v 0.14062500 -0.31250000 -0.06672109
v 0.13557718 -0.31250000 -0.01562500
v 0.14062500 -0.31250000 -0.02062303
v 0.13659810 -0.29687500 -0.06250000
v 0.14062500 -0.30320948 -0.06250000
v 0.14062500 -0.29687500 -0.05935116
v 0.14062500 -0.30626835 -0.01562500
v 0.14062500 -0.29687500 -0.00914312
v 0.13882445 -0.28125000 -0.04687500
v 0.14062500 -0.28305032 -0.04687500
v 0.14062500 -0.28125000 -0.04507468
v 0.13314635 -0.28125000 -0.01562500
v 0.14062500 -0.29006638 -0.01562500
v 0.14062500 -0.28125000 -0.02310370
v 0.14062500 -0.26562500 -0.03511033
v 0.13281551 -0.26562500 -0.01562500
v 0.14062500 -0.26562500 -0.02738698
v 0.13235460 -0.25000000 -0.03125000
v 0.14062500 -0.26176456 -0.03125000
v 0.13183241 -0.25000000 -0.01562500
v 0.15625000 -0.33596818 -0.04687500
v 0.15625000 -0.32812500 -0.05481567
v 0.15625000 -0.33596238 -0.03125000
v 0.15625000 -0.32812500 -0.02350373
v 0.14485650 -0.31250000 -0.06250000
v 0.15625000 -0.31250000 -0.05463615
v 0.15625000 -0.31250000 -0.02345655
v 0.14939378 -0.29687500 -0.04687500
v 0.15625000 -0.30379461 -0.04687500
v 0.15625000 -0.29687500 -0.03955103
v 0.14710688 -0.29687500 -0.01562500
v 0.15625000 -0.29687500 -0.02390911
v 0.14847513 -0.28125000 -0.03125000
v 0.15625000 -0.28949635 -0.03125000
v 0.14448535 -0.26562500 -0.03125000
v 0.16402772 -0.32812500 -0.04687500
v 0.16401410 -0.32812500 -0.03125000
v 0.16399854 -0.31250000 -0.04687500
v 0.16404415 -0.31250000 -0.03125000
v 0.16359089 -0.29687500 -0.03125000
v -0.49676525 -0.04687500 -0.04687500
v -0.50000000 -0.04976485 -0.04687500
v -0.50000000 -0.04687500 -0.04976485
v -0.50000000 -0.04687500 -0.04398515
v -0.50000000 -0.04145450 -0.04687500
v -0.49092662 -0.03125000 -0.03125000
v -0.50000000 -0.03895528 -0.03125000
v -0.50000000 -0.03125000 -0.04210762
v -0.50000000 -0.03125000 -0.02354466
v -0.48437500 -0.02474585 -0.03125000
v -0.48437500 -0.01562500 -0.03900534
v -0.50000000 -0.01562500 -0.03902311
v -0.48437500 -0.02194272 -0.01562500
v -0.50000000 -0.02343123 -0.01562500
v -0.48437500 -0.01562500 -0.00930728
v -0.50000000 -0.01562500 -0.00781883
v -0.48437500 -0.00738192 -0.03125000
v -0.50000000 -0.00784928 -0.03125000
v -0.48437500 0.00000000 -0.02392439
v -0.50000000 0.00000000 -0.02343878
v -0.48437500 0.00000000 -0.00781155
v -0.50000000 0.00000000 -0.00774335
v -0.48437500 0.00864664 -0.01562500
v -0.50000000 0.00781398 -0.01562500
v -0.47656332 -0.04687500 -0.10937500
v -0.46875000 -0.05467975 -0.10937500
v -0.46875000 -0.04687500 -0.11959040
v -0.47639214 -0.04687500 -0.09375000
v -0.46875000 -0.05451688 -0.09375000
v -0.47193725 -0.04687500 -0.07812500
v -0.46875000 -0.05007033 -0.07812500
v -0.47549220 -0.04687500 -0.06250000
v -0.46875000 -0.05361502 -0.06250000
v -0.46875000 -0.04687500 -0.05529539
v -0.47666314 -0.03125000 -0.14062500
v -0.46875000 -0.03906168 -0.14062500
v -0.46875000 -0.03125000 -0.14843734
v -0.47685425 -0.03125000 -0.12500000
v -0.46875000 -0.04147231 -0.12500000
v -0.47655698 -0.03125000 -0.10937500
v -0.47606184 -0.03125000 -0.09375000
v -0.46875000 -0.04325206 -0.07812500
v -0.46875000 -0.03125000 -0.08579899
v -0.46875000 -0.04012760 -0.06250000
v -0.47819388 -0.03125000 -0.04687500
v -0.46875000 -0.03910152 -0.04687500
v -0.46875000 -0.03125000 -0.05426428
v -0.46875000 -0.03125000 -0.03945452
v -0.47608758 -0.01562500 -0.14062500
v -0.46875000 -0.01562500 -0.14935297
v -0.46875000 -0.01771670 -0.12500000
v -0.46875000 -0.01562500 -0.12732227
v -0.46875000 -0.02338328 -0.10937500
v -0.46875000 -0.02390692 -0.09375000
v -0.46875000 -0.02386779 -0.04687500
v -0.46875000 -0.02313858 -0.03125000
v -0.46875000 -0.01562500 -0.03872527
v -0.47793539 -0.01562500 -0.01562500
v -0.46875000 -0.01562500 -0.02364921
v -0.46875000 -0.00828587 -0.14062500
v -0.46875000 -0.00783920 -0.03125000
v -0.46875000 -0.00792771 -0.01562500
v -0.46875000 0.00000000 -0.02373763
v -0.46875000 0.00000000 -0.00782341
v -0.47360678 0.01562500 -0.01562500
v -0.46875000 0.01562500 -0.01979327
v -0.46875000 0.01562500 -0.01144374
v -0.46875000 0.01979327 -0.01562500
v -0.46334727 -0.04687500 -0.12500000
v -0.45312500 -0.05468734 -0.12500000
v -0.45312500 -0.04687500 -0.13281256
v -0.45312500 -0.05468750 -0.10937500
v -0.45312500 -0.05468751 -0.09375000
v -0.45312500 -0.05617045 -0.07812500
v -0.45312500 -0.05468689 -0.06250000
v -0.45312500 -0.04687500 -0.05455897
v -0.45312500 -0.03906272 -0.14062500
v -0.45312500 -0.03125000 -0.14845594
v -0.46157480 -0.03125000 -0.07812500
v -0.46081123 -0.03125000 -0.06250000
v -0.45312500 -0.03919157 -0.04687500
v -0.45312500 -0.03125000 -0.03875004
v -0.46189864 -0.01562500 -0.15625000
v -0.45312500 -0.02302696 -0.15625000
v -0.45312500 -0.01562500 -0.16363357
v -0.46665835 -0.01562500 -0.12500000
v -0.46099885 -0.01562500 -0.10937500
v -0.46096549 -0.01562500 -0.09375000
v -0.46094798 -0.01562500 -0.07812500
v -0.45971026 -0.01562500 -0.06250000
v -0.45312500 -0.02259266 -0.04687500
v -0.45312500 -0.01562500 -0.05507634
v -0.45312500 -0.02372666 -0.03125000
v -0.45312500 -0.01562500 -0.03988428
v -0.45312500 -0.01562500 -0.02346006
v -0.45312500 -0.00267541 -0.15625000
v -0.46091867 0.00000000 -0.14062500
v -0.45312500 0.00000000 -0.15379871
v -0.46036802 0.00000000 -0.12500000
v -0.45787116 0.00000000 -0.10937500
v -0.45394612 0.00000000 -0.09375000
v -0.45312500 -0.00149832 -0.07812500
v -0.45312500 0.00000000 -0.08837296
v -0.45312500 -0.00721063 -0.06250000
v -0.45312500 -0.00775072 -0.03125000
v -0.45312500 -0.00771392 -0.01562500
v -0.45312500 0.00000000 -0.02342325
v -0.45312500 0.00000000 -0.00791233
v -0.45312500 0.00781725 -0.14062500
v -0.45312500 0.00724437 -0.12500000
v -0.45312500 0.00474851 -0.10937500
v -0.45312500 0.00082211 -0.09375000
v -0.45312500 0.01562500 -0.02205919
v -0.45312500 0.01562500 -0.00919083
v -0.45312500 0.02205913 -0.01562500
v -0.44622488 -0.06250000 -0.07812500
v -0.43750000 -0.06972882 -0.07812500
v -0.43750000 -0.06250000 -0.08535755
v -0.43750000 -0.06250000 -0.07089175
v -0.43750000 -0.05468750 -0.12500000
v -0.43750000 -0.04687500 -0.13286401
v -0.43750000 -0.05468750 -0.10937500
v -0.43750000 -0.05469125 -0.09375000
v -0.43750000 -0.05469194 -0.06250000
v -0.43750000 -0.04687500 -0.05466874
v -0.43750000 -0.03911401 -0.14062500
v -0.43750000 -0.03125000 -0.14844234
v -0.43750000 -0.03908127 -0.04687500
v -0.43750000 -0.03125000 -0.03865559
v -0.43750000 -0.02330332 -0.15625000
v -0.43750000 -0.01562500 -0.16392348
v -0.44615662 -0.01562500 -0.04687500
v -0.43750000 -0.02384431 -0.03125000
v -0.43750000 -0.01562500 -0.02341923
v -0.44701169 0.00000000 -0.15625000
v -0.43750000 0.00000000 -0.15974370
v -0.45163115 0.00000000 -0.07812500
v -0.44711876 0.00000000 -0.06250000
v -0.44528157 0.00000000 -0.04687500
v -0.44472213 0.00000000 -0.03125000
v -0.43750000 -0.00777712 -0.01562500
v -0.43750000 0.00000000 -0.00786625
v -0.43750000 0.00371187 -0.15625000
v -0.44533602 0.01562500 -0.14062500
v -0.43750000 0.01562500 -0.14874304
v -0.44526184 0.01562500 -0.12500000
v -0.44527815 0.01562500 -0.10937500
v -0.44529717 0.01562500 -0.09375000
v -0.44530814 0.01562500 -0.07812500
v -0.44528263 0.01562500 -0.06250000
v -0.44272393 0.01562500 -0.04687500
v -0.43750000 0.00761861 -0.03125000
v -0.43750000 0.01562500 -0.04121305
v -0.43750000 0.01562500 -0.01727453
v -0.43750000 0.01562500 -0.01414926
v -0.43750000 0.02344068 -0.14062500
v -0.43750000 0.02348543 -0.12500000
v -0.43750000 0.02361474 -0.10937500
v -0.43750000 0.02485226 -0.09375000
v -0.43750000 0.02706889 -0.07812500
v -0.43750000 0.02621046 -0.06250000
v -0.43750000 0.02138641 -0.04687500
v -0.43750000 0.01725043 -0.01562500
v -0.42187500 -0.07027641 -0.07812500
v -0.42187500 -0.06250000 -0.08590576
v -0.42187500 -0.06250000 -0.07030022
v -0.42404613 -0.04687500 -0.14062500
v -0.42187500 -0.04902159 -0.14062500
v -0.42187500 -0.04687500 -0.14277159
v -0.42187500 -0.05468750 -0.12500000
v -0.42187500 -0.05468750 -0.10937500
v -0.42187500 -0.05469185 -0.09375000
v -0.42187500 -0.05473587 -0.06250000
v -0.42187500 -0.04687500 -0.05451514
v -0.42187500 -0.03125000 -0.14843868
v -0.42187500 -0.03923486 -0.04687500
v -0.42187500 -0.03125000 -0.03891780
v -0.42187500 -0.02339061 -0.15625000
v -0.42187500 -0.01562500 -0.16401443
v -0.42187500 -0.02358219 -0.03125000
v -0.42187500 -0.01562500 -0.02336671
v -0.42187500 0.00000000 -0.16232088
v -0.42187500 -0.00782333 -0.01562500
v -0.42187500 0.00000000 -0.00787247
v -0.42187500 0.00690976 -0.15625000
v -0.42187500 0.01562500 -0.14929856
v -0.43016521 0.01562500 -0.03125000
v -0.42187500 0.01562500 -0.00811061
v -0.42956102 0.03125000 -0.14062500
v -0.42187500 0.03125000 -0.14832055
v -0.42978706 0.03125000 -0.12500000
v -0.42990168 0.03125000 -0.10937500
v -0.43112180 0.03125000 -0.09375000
v -0.43332743 0.03125000 -0.07812500
v -0.43248811 0.03125000 -0.06250000
v -0.43027557 0.03125000 -0.04687500
v -0.42955278 0.03125000 -0.03125000
v -0.42975697 0.03125000 -0.01562500
v -0.42187500 0.03125000 -0.00816139
v -0.42187500 0.03896996 -0.14062500
v -0.42958685 0.04687500 -0.12500000
v -0.42187500 0.04687500 -0.13275067
v -0.42954459 0.04687500 -0.10937500
v -0.42959080 0.04687500 -0.09375000
v -0.42965261 0.04687500 -0.07812500
v -0.42965865 0.04687500 -0.06250000
v -0.42958768 0.04687500 -0.04687500
v -0.42187500 0.04038432 -0.03125000
v -0.42187500 0.04687500 -0.03769881
v -0.42223764 0.04687500 -0.01562500
v -0.42187500 0.04687500 -0.01614791
v -0.42187500 0.04687500 -0.01526288
v -0.42187500 0.05459128 -0.12500000
v -0.42187500 0.05526055 -0.10937500
v -0.42187500 0.05637454 -0.09375000
v -0.42187500 0.05821278 -0.07812500
v -0.42187500 0.05708853 -0.06250000
v -0.42187500 0.05487201 -0.04687500
v -0.42187500 0.04727130 -0.01562500
v -0.40625000 -0.07013092 -0.07812500
v -0.40625000 -0.06250000 -0.08575614
v -0.40625000 -0.06250000 -0.07017291
v -0.40997061 -0.04687500 -0.14062500
v -0.40625000 -0.05468743 -0.12500000
v -0.40625000 -0.04687500 -0.13988412
v -0.40625000 -0.05468750 -0.10937500
v -0.40625000 -0.05468772 -0.09375000
v -0.40625000 -0.05500853 -0.06250000
v -0.40625000 -0.04687500 -0.05319490
v -0.40625000 -0.04613413 -0.14062500
v -0.40625000 -0.03125000 -0.14843777
v -0.40625000 -0.04055510 -0.04687500
v -0.40625000 -0.03125000 -0.03870202
v -0.40625000 -0.02335216 -0.15625000
v -0.40625000 -0.01562500 -0.16397688
v -0.40625000 -0.02379798 -0.03125000
v -0.40625000 -0.01562500 -0.02343432
v -0.40625000 0.00000000 -0.16338352
v -0.40625000 -0.00780931 -0.01562500
v -0.40625000 0.00000000 -0.00781887
v -0.40625000 0.01491064 -0.15625000
v -0.40625000 0.01562500 -0.15564546
v -0.40625000 0.01562500 -0.00783734
v -0.40625000 0.03125000 -0.15352924
v -0.40625000 0.03125000 -0.00780887
v -0.41405069 0.04687500 -0.15625000
v -0.40625000 0.03398409 -0.15625000
v -0.40625000 0.04687500 -0.16403936
v -0.41410119 0.04687500 -0.14062500
v -0.41551936 0.04687500 -0.03125000
v -0.40625000 0.04687500 -0.00775099
v -0.41465692 0.06250000 -0.15625000
v -0.40625000 0.06250000 -0.16404623
v -0.41606985 0.06250000 -0.14062500
v -0.41406568 0.06250000 -0.12500000
v -0.41477765 0.06250000 -0.10937500
v -0.41584200 0.06250000 -0.09375000
v -0.41761700 0.06250000 -0.07812500
v -0.41649070 0.06250000 -0.06250000
v -0.41434700 0.06250000 -0.04687500
v -0.41284827 0.06250000 -0.03125000
v -0.41436262 0.06250000 -0.01562500
v -0.40625000 0.06250000 -0.00787418
v -0.41291393 0.07812500 -0.15625000
v -0.40625000 0.07812500 -0.16291281
v -0.41413320 0.07812500 -0.14062500
v -0.41405089 0.07812500 -0.12500000
v -0.41092590 0.07812500 -0.10937500
v -0.41405814 0.07812500 -0.09375000
v -0.41406743 0.07812500 -0.07812500
v -0.41406680 0.07812500 -0.06250000
v -0.41380357 0.07812500 -0.04687500
v -0.40625000 0.06912813 -0.03125000
v -0.40625000 0.07812500 -0.03929079
v -0.40906200 0.07812500 -0.01562500
v -0.40625000 0.07812500 -0.01845520
v -0.40625000 0.07812500 -0.01281306
v -0.40625000 0.08478781 -0.15625000
v -0.40625000 0.08594843 -0.14062500
v -0.40625000 0.08894945 -0.12500000
v -0.40625000 0.08287634 -0.10937500
v -0.40625000 0.08869468 -0.09375000
v -0.41220231 0.09375000 -0.07812500
v -0.40625000 0.09375000 -0.08692404
v -0.41310253 0.09375000 -0.06250000
v -0.40625000 0.08571494 -0.04687500
v -0.40625000 0.09375000 -0.05561141
v -0.40625000 0.08093899 -0.01562500
v -0.40625000 0.09972395 -0.07812500
v -0.40625000 0.10061053 -0.06250000
v -0.39062500 -0.06297916 -0.07812500
v -0.39062500 -0.06250000 -0.07860416
v -0.39062500 -0.06250000 -0.07762857
v -0.39062500 -0.05467919 -0.12500000
v -0.39062500 -0.04687500 -0.13280685
v -0.39062500 -0.05468750 -0.10937500
v -0.39062500 -0.05468751 -0.09375000
v -0.39062500 -0.05483028 -0.06250000
v -0.39062500 -0.04687500 -0.04823474
v -0.39062500 -0.03906515 -0.14062500
v -0.39062500 -0.03125000 -0.14843752
v -0.39062500 -0.04551526 -0.04687500
v -0.39062500 -0.03125000 -0.03425211
v -0.39062500 -0.02293385 -0.15625000
v -0.39062500 -0.01562500 -0.16355883
v -0.39062500 -0.02824789 -0.03125000
v -0.39062500 -0.01562500 -0.02343588
v -0.39062500 0.00000000 -0.16400927
v -0.39062500 -0.00779182 -0.01562500
v -0.39062500 0.00000000 -0.00783481
v -0.40560825 0.01562500 -0.15625000
v -0.39062500 0.01562500 -0.16381951
v -0.39062500 0.01562500 -0.00781257
v -0.40343115 0.03125000 -0.15625000
v -0.39062500 0.03125000 -0.16389436
v -0.39062500 0.03125000 -0.00781099
v -0.39062500 0.04687500 -0.16403188
v -0.39062500 0.04687500 -0.00577483
v -0.39062500 0.06250000 -0.16396512
v -0.39062500 0.06250000 -0.00779204
v -0.39786261 0.07812500 -0.15625000
v -0.39062500 0.07192561 -0.15625000
v -0.39062500 0.07812500 -0.15014360
v -0.39846639 0.07812500 -0.03125000
v -0.39062500 0.07812500 -0.00781339
v -0.39679904 0.09375000 -0.14062500
v -0.39062500 0.09375000 -0.14678830
v -0.40145932 0.09375000 -0.12500000
v -0.39852735 0.09375000 -0.10937500
v -0.40120077 0.09375000 -0.09375000
v -0.39847292 0.09375000 -0.04687500
v -0.39062500 0.08735390 -0.03125000
v -0.39062500 0.09375000 -0.03764533
v -0.39062500 0.08795600 -0.01562500
v -0.39062500 0.09991330 -0.14062500
v -0.39062500 0.10199330 -0.12500000
v -0.39833780 0.10937500 -0.10937500
v -0.39062500 0.10937500 -0.11751867
v -0.39759042 0.10937500 -0.09375000
v -0.39845509 0.10937500 -0.07812500
v -0.39843095 0.10937500 -0.06250000
v -0.39062500 0.10293117 -0.04687500
v -0.39062500 0.10937500 -0.05333192
v -0.39062500 0.11714904 -0.10937500
v -0.39062500 0.11693666 -0.09375000
v -0.39062500 0.11738330 -0.07812500
v -0.39062500 0.11742503 -0.06250000
v -0.39014569 -0.06250000 -0.07812500
v -0.37500000 -0.05370662 -0.12500000
v -0.37500000 -0.04687500 -0.13183162
v -0.37500000 -0.05468732 -0.10937500
v -0.37500000 -0.05468750 -0.09375000
v -0.37500000 -0.05468879 -0.07812500
v -0.37500000 -0.05469082 -0.06250000
v -0.37500000 -0.04687500 -0.05327693
v -0.37500000 -0.03906248 -0.14062500
v -0.37500000 -0.03125000 -0.14843748
v -0.37500000 -0.04047308 -0.04687500
v -0.37500000 -0.03125000 -0.03634659
v -0.37500000 -0.01849190 -0.15625000
v -0.37500000 -0.01562500 -0.15911690
v -0.37500000 -0.02615341 -0.03125000
v -0.37500000 -0.01562500 -0.02343696
v -0.37500000 0.00000000 -0.16406111
v -0.37500000 -0.00754733 -0.01562500
v -0.37500000 0.00000000 -0.00807821
v -0.37500000 0.01562500 -0.16384580
v -0.37500000 0.01562500 -0.00781250
v -0.37500000 0.03125000 -0.15998475
v -0.37500000 0.03125000 -0.00781219
v -0.37500000 0.04687500 -0.16318503
v -0.38396947 0.04687500 0.00000000
v -0.37500000 0.03997829 0.00000000
v -0.37500000 0.04687500 0.00689641
v -0.37500000 0.06250000 -0.16191691
v -0.37500000 0.05535640 0.00000000
v -0.37500000 0.06250000 -0.00624326
v -0.37500000 0.06821549 -0.15625000
v -0.37500000 0.07812500 -0.14848995
v -0.37500000 0.07812500 -0.00781250
v -0.37500000 0.09375000 -0.14842694
v -0.38423055 0.09375000 -0.03125000
v -0.37500000 0.09202010 -0.01562500
v -0.37500000 0.09375000 -0.01735500
v -0.37500000 0.10155232 -0.14062500
v -0.38298078 0.10937500 -0.12500000
v -0.37500000 0.10937500 -0.13255002
v -0.38418209 0.10937500 -0.04687500
v -0.37500000 0.10169330 -0.03125000
v -0.37500000 0.10937500 -0.03893167
v -0.37500000 0.11692477 -0.12500000
v -0.38261418 0.12500000 -0.10937500
v -0.37500000 0.12500000 -0.11692792
v -0.38341074 0.12500000 -0.09375000
v -0.38301348 0.12500000 -0.07812500
v -0.38306424 0.12500000 -0.06250000
v -0.37500000 0.11788294 -0.04687500
v -0.37500000 0.12500000 -0.05399227
v -0.37500000 0.13255386 -0.10937500
v -0.38259867 0.14062500 -0.09375000
v -0.37500000 0.14062500 -0.10134940
v -0.37500000 0.13345316 -0.07812500
v -0.37500000 0.14062500 -0.08550989
v -0.37500000 0.13282325 -0.06250000
v -0.37500000 0.14822333 -0.09375000
v -0.36767722 -0.04687500 -0.12500000
v -0.35937500 -0.05464050 -0.10937500
v -0.35937500 -0.04687500 -0.11763573
v -0.35937500 -0.05468654 -0.09375000
v -0.35937500 -0.05468734 -0.07812500
v -0.35937500 -0.05468690 -0.06250000
v -0.35937500 -0.04687500 -0.05464557
v -0.35937500 -0.03905384 -0.14062500
v -0.35937500 -0.03125000 -0.14842884
v -0.35937500 -0.03955755 -0.12500000
v -0.35937500 -0.03910521 -0.04687500
v -0.35937500 -0.03125000 -0.03770303
v -0.37176416 -0.01562500 -0.15625000
v -0.35937500 -0.01562500 -0.14902390
v -0.35937500 -0.02479714 -0.03125000
v -0.35937500 -0.01562500 -0.02343741
v -0.35937500 -0.00837837 -0.15625000
v -0.35937500 0.00000000 -0.16404185
v -0.35937500 -0.00654568 -0.01562500
v -0.35937500 0.00000000 -0.00907941
v -0.35937500 0.01562500 -0.16164770
v -0.35937500 0.01562500 -0.00781250
v -0.36213001 0.03125000 -0.15625000
v -0.35937500 0.02948433 -0.15625000
v -0.35937500 0.03125000 -0.15526559
v -0.35937500 0.03125000 -0.00781179
v -0.36680065 0.04687500 -0.15625000
v -0.35937500 0.04687500 -0.14969482
v -0.35937500 0.03918094 0.00000000
v -0.35937500 0.04687500 0.00769335
v -0.36791895 0.06250000 -0.15625000
v -0.35937500 0.06250000 -0.14988896
v -0.35937500 0.05457065 0.00000000
v -0.35937500 0.06250000 -0.00781019
v -0.35937500 0.07812500 -0.14843941
v -0.35937500 0.07812500 -0.00781252
v -0.35937500 0.09375000 -0.14842930
v -0.35937500 0.08608120 -0.01562500
v -0.35937500 0.09375000 -0.02329378
v -0.35937500 0.10155500 -0.14062500
v -0.35937500 0.10937500 -0.13280887
v -0.36725936 0.10937500 -0.03125000
v -0.35937500 0.10937500 -0.02349671
v -0.35937500 0.11719987 -0.12500000
v -0.35937500 0.12500000 -0.11720285
v -0.36783789 0.12500000 -0.04687500
v -0.35937500 0.11712829 -0.03125000
v -0.35937500 0.12500000 -0.03910812
v -0.35937500 0.13295994 -0.10937500
v -0.35937500 0.14062500 -0.10170705
v -0.35937500 0.13502209 -0.07812500
v -0.35937500 0.14062500 -0.08373181
v -0.35937500 0.13350662 -0.06250000
v -0.35937500 0.13276699 -0.04687500
v -0.35937500 0.14843327 -0.09375000
v -0.34375000 -0.05233053 -0.10937500
v -0.34375000 -0.04687500 -0.11483323
v -0.34375000 -0.05460372 -0.09375000
v -0.34375000 -0.05467279 -0.07812500
v -0.34375000 -0.05458478 -0.06250000
v -0.34375000 -0.04687500 -0.05478494
v -0.34375000 -0.03899013 -0.14062500
v -0.34375000 -0.03125000 -0.14836513
v -0.34375000 -0.03906547 -0.12500000
v -0.34375000 -0.03906241 -0.04687500
v -0.34375000 -0.03125000 -0.03902822
v -0.34375000 -0.01562500 -0.15400101
v -0.34375000 -0.02347693 -0.03125000
v -0.34375000 -0.01562500 -0.02343771
v -0.34375000 -0.01337290 -0.15625000
v -0.34375000 0.00000000 -0.16405621
v -0.34375000 -0.00532825 -0.01562500
v -0.34375000 0.00000000 -0.01029677
v -0.34375000 0.01562500 -0.16382772
v -0.34375000 0.01562500 -0.00781250
v -0.34375000 0.02474670 -0.15625000
v -0.34375000 0.03125000 -0.14997374
v -0.34375000 0.03125000 -0.00780426
v -0.34375000 0.04687500 -0.14848567
v -0.34375000 0.03929453 0.00000000
v -0.34375000 0.04687500 0.00757224
v -0.34375000 0.06250000 -0.14844894
v -0.34375000 0.05444729 0.00000000
v -0.34375000 0.06250000 -0.00781245
v -0.34375000 0.07812500 -0.14843752
v -0.34375000 0.07812500 -0.00781300
v -0.34375000 0.09375000 -0.14812005
v -0.34375000 0.08593752 -0.01562500
v -0.34375000 0.09375000 -0.02343699
v -0.34375000 0.10124507 -0.14062500
v -0.34375000 0.10937500 -0.13281243
v -0.34375000 0.10937500 -0.02343967
v -0.34375000 0.12032193 -0.12500000
v -0.34375000 0.12500000 -0.12032199
v -0.34375000 0.11718550 -0.03125000
v -0.34375000 0.12500000 -0.03906233
v -0.34663363 0.14062500 -0.10937500
v -0.34375000 0.14062500 -0.11217014
v -0.34375000 0.13506890 -0.07812500
v -0.34375000 0.14062500 -0.08541076
v -0.34375000 0.13768899 -0.06250000
v -0.34375000 0.13323509 -0.04687500
v -0.34375000 0.14342013 -0.10937500
v -0.34375000 0.14667348 -0.09375000
v -0.32812500 -0.05322388 -0.10937500
v -0.32812500 -0.04687500 -0.11572458
v -0.32812500 -0.05436272 -0.09375000
v -0.32812500 -0.05457354 -0.07812500
v -0.32812500 -0.05463825 -0.06250000
v -0.32812500 -0.04687500 -0.05464992
v -0.32812500 -0.03904950 -0.14062500
v -0.32812500 -0.03125000 -0.14842465
v -0.32812500 -0.03906323 -0.12500000
v -0.32812500 -0.03914860 -0.04687500
v -0.32812500 -0.03125000 -0.03905744
v -0.34134681 -0.01562500 -0.15625000
v -0.32812500 -0.02313347 -0.15625000
v -0.32812500 -0.01562500 -0.16375832
v -0.32812500 -0.02342212 -0.03125000
v -0.32812500 -0.01562500 -0.02345866
v -0.32812500 0.00000000 -0.16406873
v -0.33685083 0.00000000 -0.01562500
v -0.32812500 0.00000000 -0.02180591
v -0.32812500 0.01562500 -0.16406239
v -0.32812500 0.00618092 -0.01562500
v -0.32812500 0.01562500 -0.00781251
v -0.33668766 0.03125000 -0.15625000
v -0.32812500 0.03125000 -0.16326129
v -0.32812500 0.03125000 -0.00781245
v -0.32812500 0.03932024 -0.15625000
v -0.32812500 0.04687500 -0.14949289
v -0.33617600 0.04687500 0.00000000
v -0.32812500 0.04687500 -0.00781074
v -0.32812500 0.06250000 -0.14844351
v -0.32812500 0.06250000 -0.00781250
v -0.32812500 0.07812500 -0.14843750
v -0.32812500 0.07812500 -0.00798222
v -0.32812500 0.09375000 -0.14239634
v -0.32812500 0.08576778 -0.01562500
v -0.32812500 0.09375000 -0.02343750
v -0.32812500 0.09552134 -0.14062500
v -0.32812500 0.10937500 -0.13281250
v -0.32812500 0.10937500 -0.02343904
v -0.33884232 0.12500000 -0.12500000
v -0.32812500 0.12500000 -0.13254255
v -0.32812500 0.11750865 -0.03125000
v -0.32812500 0.12500000 -0.03873981
v -0.32812500 0.13254269 -0.12500000
v -0.34086637 0.14062500 -0.10937500
v -0.32812500 0.13296128 -0.10937500
v -0.33741479 0.14062500 -0.09375000
v -0.32812500 0.13311201 -0.09375000
v -0.32812500 0.13769441 -0.07812500
v -0.33590480 0.14062500 -0.06250000
v -0.32812500 0.14062500 -0.07028869
v -0.32994992 0.14062500 -0.04687500
v -0.32812500 0.14062500 -0.04521751
v -0.32812500 0.14354111 -0.06250000
v -0.32812500 0.14228249 -0.04687500
v -0.31250000 -0.05341605 -0.10937500
v -0.31250000 -0.04687500 -0.11592946
v -0.31250000 -0.05396585 -0.09375000
v -0.31250000 -0.05422134 -0.07812500
v -0.31250000 -0.05467403 -0.06250000
v -0.31250000 -0.04687500 -0.05379768
v -0.31250000 -0.03906202 -0.14062500
v -0.31250000 -0.03125000 -0.14845129
v -0.31250000 -0.03907627 -0.12500000
v -0.31250000 -0.03996557 -0.04687500
v -0.31250000 -0.03125000 -0.03901273
v -0.31250000 -0.02344199 -0.15625000
v -0.31250000 -0.01562500 -0.16405599
v -0.31250000 -0.02348415 -0.03125000
v -0.31250000 -0.01562500 -0.02344066
v -0.31250000 0.00000000 -0.16919474
v -0.31250000 0.00000000 -0.02300173
v -0.31250000 0.01562500 -0.16406273
v -0.31250000 0.00737696 -0.01562500
v -0.31250000 0.01562500 -0.00781273
v -0.31250000 0.03125000 -0.16405635
v -0.31250000 0.03125000 -0.00781250
v -0.32111435 0.04687500 -0.15625000
v -0.31250000 0.04687500 -0.16380540
v -0.31250000 0.04687500 -0.00781250
v -0.31250000 0.05608552 -0.15625000
v -0.31250000 0.06250000 -0.15008293
v -0.31250000 0.06250000 -0.00781251
v -0.31250000 0.07812500 -0.14843751
v -0.32038100 0.07812500 -0.01562500
v -0.31250000 0.07041374 -0.01562500
v -0.31250000 0.07812500 -0.02333625
v -0.32626967 0.09375000 -0.14062500
v -0.31250000 0.08614216 -0.14062500
v -0.31250000 0.09375000 -0.13301716
v -0.31250000 0.09375000 -0.02343750
v -0.31250000 0.10937500 -0.13281249
v -0.31250000 0.10937500 -0.02343754
v -0.31250000 0.12500000 -0.12939926
v -0.31916358 0.12500000 -0.03125000
v -0.31250000 0.12500000 -0.02490023
v -0.31250000 0.12939926 -0.12500000
v -0.31250000 0.13281655 -0.10937500
v -0.31250000 0.13337031 -0.09375000
v -0.31486282 0.14062500 -0.07812500
v -0.31250000 0.14062500 -0.07883289
v -0.31250000 0.13134977 -0.03125000
v -0.31250000 0.14062500 -0.04148987
v -0.31250000 0.14124227 -0.07812500
v -0.31250000 0.14622487 -0.06250000
v -0.31250000 0.14601013 -0.04687500
v -0.29687500 -0.05452895 -0.10937500
v -0.29687500 -0.04687500 -0.11727786
v -0.29687500 -0.05364460 -0.09375000
v -0.29687500 -0.05417210 -0.07812500
v -0.29687500 -0.05467752 -0.06250000
v -0.30085468 -0.04687500 -0.04687500
v -0.29687500 -0.05020575 -0.04687500
v -0.29687500 -0.04687500 -0.04354425
v -0.29687500 -0.03906246 -0.14062500
v -0.29687500 -0.03125000 -0.14929240
v -0.29687500 -0.03931135 -0.12500000
v -0.29687500 -0.03125000 -0.03812799
v -0.29687500 -0.02429205 -0.15625000
v -0.29687500 -0.01562500 -0.16486595
v -0.29687500 -0.02437190 -0.03125000
v -0.29687500 -0.01562500 -0.02343761
v -0.30969844 0.00000000 -0.17187500
v -0.29687500 -0.00840836 -0.17187500
v -0.29687500 0.00000000 -0.17947787
v -0.29687500 0.00000000 -0.02310970
v -0.29687500 0.00762456 -0.17187500
v -0.29687500 0.01562500 -0.16408420
v -0.29687500 0.00748641 -0.01562500
v -0.29687500 0.01562500 -0.00781421
v -0.29687500 0.03125000 -0.16406245
v -0.29687500 0.03125000 -0.00781250
v -0.29687500 0.04687500 -0.16406077
v -0.29687500 0.04687500 -0.00781250
v -0.30602103 0.06250000 -0.15625000
v -0.29687500 0.06250000 -0.16373897
v -0.29687500 0.06250000 -0.00781306
v -0.29687500 0.06999273 -0.15625000
v -0.29687500 0.07812500 -0.14844126
v -0.29687500 0.07035977 -0.01562500
v -0.29687500 0.07812500 -0.02338968
v -0.29687500 0.08598509 -0.14062500
v -0.29687500 0.09375000 -0.13286009
v -0.29687500 0.09375000 -0.02343749
v -0.29687500 0.10937500 -0.13281242
v -0.29687500 0.10937500 -0.02343750
v -0.30787430 0.12500000 -0.12500000
v -0.29687500 0.11746296 -0.12500000
v -0.29687500 0.12500000 -0.11746304
v -0.29687500 0.12500000 -0.02368074
v -0.29687500 0.13290755 -0.10937500
v -0.29687500 0.13423485 -0.09375000
v -0.29687500 0.14062500 -0.08474510
v -0.30196121 0.14062500 -0.04687500
v -0.29687500 0.13746203 -0.04687500
v -0.29687500 0.14062500 -0.05046288
v -0.29687500 0.13256926 -0.03125000
v -0.29687500 0.14589345 -0.07812500
v -0.29687500 0.14781095 -0.06250000
v -0.28125000 -0.05417917 -0.10937500
v -0.28125000 -0.04687500 -0.11821372
v -0.28125000 -0.05456758 -0.09375000
v -0.28125000 -0.05460601 -0.07812500
v -0.28125000 -0.05468401 -0.06250000
v -0.28125000 -0.05446837 -0.04687500
v -0.28125000 -0.04687500 -0.03928164
v -0.28125000 -0.03906249 -0.14062500
v -0.28125000 -0.03125000 -0.15091139
v -0.28125000 -0.04058404 -0.12500000
v -0.28125000 -0.03125000 -0.03469481
v -0.28844278 -0.01562500 -0.17187500
v -0.28125000 -0.02202545 -0.17187500
v -0.28125000 -0.01562500 -0.17827545
v -0.28125000 -0.02591140 -0.15625000
v -0.28125000 -0.02780517 -0.03125000
v -0.28125000 -0.01562500 -0.02343752
v -0.28125000 0.00000000 -0.17967248
v -0.28125000 0.00000000 -0.02327130
v -0.28125000 0.00811614 -0.17187500
v -0.28125000 0.01562500 -0.16438114
v -0.28125000 0.00765310 -0.01562500
v -0.28125000 0.01562500 -0.00781930
v -0.28125000 0.03125000 -0.16406250
v -0.28125000 0.03125000 -0.00781250
v -0.28125000 0.04687500 -0.16406247
v -0.28125000 0.04687500 -0.00781200
v -0.28125000 0.06250000 -0.16405650
v -0.28125000 0.06250000 -0.00781284
v -0.28125000 0.07049471 -0.15625000
v -0.28125000 0.07812500 -0.14862571
v -0.28798555 0.07812500 -0.01562500
v -0.28125000 0.07812500 -0.00893633
v -0.28872590 0.09375000 -0.14062500
v -0.28125000 0.09375000 -0.14805341
v -0.28125000 0.08483676 -0.01562500
v -0.28125000 0.09375000 -0.02341393
v -0.28125000 0.10117844 -0.14062500
v -0.28125000 0.10937500 -0.13281242
v -0.28125000 0.10937500 -0.02343599
v -0.28125000 0.11718995 -0.12500000
v -0.28125000 0.12500000 -0.11719006
v -0.28125000 0.12500000 -0.02344210
v -0.28125000 0.13301670 -0.10937500
v -0.28912965 0.14062500 -0.09375000
v -0.28125000 0.14062500 -0.10040411
v -0.28125000 0.13324978 -0.04687500
v -0.28125000 0.14062500 -0.05436795
v -0.28125000 0.13280786 -0.03125000
v -0.28125000 0.14708017 -0.09375000
v -0.28125000 0.14833304 -0.07812500
v -0.28125000 0.14831951 -0.06250000
v -0.26562500 -0.05274218 -0.10937500
v -0.26562500 -0.04687500 -0.11705449
v -0.26562500 -0.05467798 -0.09375000
v -0.26562500 -0.05466887 -0.07812500
v -0.26562500 -0.05468580 -0.06250000
v -0.26562500 -0.05464948 -0.04687500
v -0.26562500 -0.04687500 -0.03910050
v -0.27360517 -0.03125000 -0.15625000
v -0.26562500 -0.03674049 -0.15625000
v -0.26562500 -0.03125000 -0.16174049
v -0.26562500 -0.03906250 -0.14062500
v -0.26562500 -0.04088253 -0.12500000
v -0.27520732 -0.03125000 -0.03125000
v -0.26562500 -0.03608792 -0.03125000
v -0.26562500 -0.03125000 -0.02641210
v -0.27483624 -0.01562500 -0.17187500
v -0.26562500 -0.01562500 -0.16407625
v -0.26562500 -0.01562500 -0.02343626
v -0.26577284 0.00000000 -0.17187500
v -0.26562500 0.00000000 -0.17172773
v -0.26688883 0.00000000 -0.01562500
v -0.26562500 -0.00121563 -0.01562500
v -0.26562500 0.00000000 -0.01440973
v -0.26562500 0.01562500 -0.16407340
v -0.26562500 0.01562500 -0.00781459
v -0.26562500 0.03125000 -0.16406250
v -0.26562500 0.03125000 -0.00780998
v -0.26562500 0.04687500 -0.16406250
v -0.26562500 0.04687500 -0.00728904
v -0.26562500 0.06250000 -0.16405836
v -0.26562500 0.06250000 -0.00741695
v -0.26562500 0.07079225 -0.15625000
v -0.26562500 0.07812500 -0.14892138
v -0.26562500 0.07812500 -0.00781491
v -0.26562500 0.09375000 -0.14843596
v -0.27344334 0.09375000 -0.01562500
v -0.26562500 0.09375000 -0.00783021
v -0.26562500 0.10156295 -0.14062500
v -0.26562500 0.10937500 -0.13281383
v -0.27326335 0.10937500 -0.01562500
v -0.26562500 0.10937500 -0.00798816
v -0.26562500 0.11718714 -0.12500000
v -0.26562500 0.12500000 -0.11718779
v -0.26562500 0.11706341 -0.01562500
v -0.26562500 0.12500000 -0.02338594
v -0.26562500 0.13281334 -0.10937500
v -0.26562500 0.14062500 -0.10151620
v -0.26562500 0.13285765 -0.04687500
v -0.26562500 0.14062500 -0.05476419
v -0.26562500 0.13281270 -0.03125000
v -0.26562500 0.14839036 -0.09375000
v -0.26562500 0.14841813 -0.07812500
v -0.26562500 0.14831567 -0.06250000
v -0.25901762 -0.04687500 -0.12500000
v -0.25000000 -0.05404967 -0.12500000
v -0.25000000 -0.04687500 -0.13217472
v -0.25000000 -0.05456723 -0.10937500
v -0.25000000 -0.05469348 -0.09375000
v -0.25000000 -0.05470007 -0.07812500
v -0.25000000 -0.05468734 -0.06250000
v -0.25000000 -0.05468563 -0.04687500
v -0.25000000 -0.04687500 -0.03398524
v -0.25000000 -0.03831460 -0.15625000
v -0.25000000 -0.03125000 -0.16331460
v -0.25000000 -0.03906255 -0.14062500
v -0.25000000 -0.04414056 -0.03125000
v -0.25000000 -0.03125000 -0.02268906
v -0.25000000 -0.01562500 -0.16406250
v -0.25774559 -0.01562500 -0.01562500
v -0.25000000 -0.02411933 -0.01562500
v -0.25000000 -0.01562500 -0.00788067
v -0.25000000 0.00000000 -0.16406250
v -0.25000000 0.00000000 -0.00781279
v -0.25000000 0.01562500 -0.16406250
v -0.25000000 0.01562500 -0.00779346
v -0.25000000 0.03125000 -0.16406250
v -0.25000000 0.03125000 -0.00364423
v -0.25000000 0.04687500 -0.16406249
v -0.25817471 0.04687500 0.00000000
v -0.25000000 0.03501123 0.00000000
v -0.25000000 0.04687500 0.00765075
v -0.25000000 0.06250000 -0.16405192
v -0.25817303 0.06250000 0.00000000
v -0.25000000 0.06250000 0.00777740
v -0.25000000 0.07273357 -0.15625000
v -0.25000000 0.07812500 -0.15086813
v -0.25525714 0.07812500 0.00000000
v -0.25000000 0.07812500 0.00525702
v -0.25000000 0.09375000 -0.14843518
v -0.25000000 0.09092790 0.00000000
v -0.25000000 0.09375000 -0.00157078
v -0.25000000 0.10156113 -0.14062500
v -0.25000000 0.10937500 -0.13281340
v -0.25000000 0.10937500 -0.00708479
v -0.25000000 0.11718896 -0.12500000
v -0.25000000 0.12500000 -0.11718897
v -0.25627251 0.12500000 -0.01562500
v -0.25000000 0.12500000 -0.00940199
v -0.25000000 0.13281247 -0.10937500
v -0.25000000 0.14062500 -0.10155061
v -0.25000000 0.13284157 -0.04687500
v -0.25000000 0.14062500 -0.05481750
v -0.25000000 0.13282547 -0.03125000
v -0.25000000 0.13122299 -0.01562500
v -0.25000000 0.14842560 -0.09375000
v -0.25000000 0.14842146 -0.07812500
v -0.25000000 0.14827844 -0.06250000
v -0.24217881 -0.06250000 -0.07812500
v -0.23437500 -0.07029129 -0.07812500
v -0.23437500 -0.06250000 -0.08629159
v -0.24217221 -0.06250000 -0.06250000
v -0.23437500 -0.07033475 -0.06250000
v -0.24165800 -0.06250000 -0.04687500
v -0.23437500 -0.06978548 -0.04687500
v -0.23437500 -0.06250000 -0.03784048
v -0.23437500 -0.05467553 -0.12500000
v -0.23437500 -0.04687500 -0.13280224
v -0.23437500 -0.05468377 -0.10937500
v -0.23437500 -0.05506281 -0.09375000
v -0.24726610 -0.04687500 -0.03125000
v -0.23437500 -0.05642107 -0.03125000
v -0.24184828 -0.04687500 -0.01562500
v -0.23437500 -0.05435589 -0.01562500
v -0.23437500 -0.04687500 -0.00815199
v -0.24292971 -0.03125000 -0.15625000
v -0.23437500 -0.03906421 -0.14062500
v -0.23437500 -0.03125000 -0.14844324
v -0.24293680 -0.03125000 -0.01562500
v -0.23437500 -0.03125000 -0.00776054
v -0.23437500 -0.02344324 -0.15625000
v -0.23437500 -0.01562500 -0.16406250
v -0.23437500 -0.01562500 -0.00346751
v -0.23437500 0.00000000 -0.16406250
v -0.24069795 0.00000000 0.00000000
v -0.23437500 -0.01100660 0.00000000
v -0.23437500 0.00000000 0.00632290
v -0.23437500 0.01562500 -0.16406250
v -0.24204857 0.01562500 0.00000000
v -0.23437500 0.01562500 0.00765453
v -0.23437500 0.03125000 -0.16406248
v -0.24635426 0.03125000 0.00000000
v -0.23437500 0.03125000 0.00781038
v -0.23437500 0.04687500 -0.16406207
v -0.23437500 0.04687500 0.00781252
v -0.23437500 0.06250000 -0.16401236
v -0.23437500 0.06250000 0.00781298
v -0.23437500 0.07032932 -0.15625000
v -0.23437500 0.07812500 -0.14850446
v -0.23437500 0.07812500 0.00784197
v -0.23437500 0.09375000 -0.14813281
v -0.24842921 0.09375000 0.00000000
v -0.23437500 0.09375000 0.00781418
v -0.23437500 0.10125781 -0.14062500
v -0.23437500 0.10937500 -0.13280988
v -0.24291508 0.10937500 0.00000000
v -0.23437500 0.10937500 0.00781282
v -0.23437500 0.11718497 -0.12500000
v -0.23437500 0.12500000 -0.11717322
v -0.23437500 0.11719889 0.00000000
v -0.23437500 0.12500000 -0.00780297
v -0.23437500 0.13279814 -0.10937500
v -0.23437500 0.14062500 -0.09523213
v -0.23437500 0.13286406 -0.04687500
v -0.23437500 0.14062500 -0.05599699
v -0.23437500 0.13329689 -0.03125000
v -0.23437500 0.13281063 -0.01562500
v -0.23437500 0.14210713 -0.09375000
v -0.23437500 0.14841344 -0.07812500
v -0.23437500 0.14707795 -0.06250000
v -0.22644256 -0.07812500 -0.07812500
v -0.21875000 -0.08581750 -0.07812500
v -0.21875000 -0.07812500 -0.08581750
v -0.22659937 -0.07812500 -0.06250000
v -0.21875000 -0.08593625 -0.06250000
v -0.22643737 -0.07812500 -0.04687500
v -0.21875000 -0.08580938 -0.04687500
v -0.21875000 -0.07812500 -0.03913167
v -0.22692982 -0.06250000 -0.09375000
v -0.21875000 -0.07030449 -0.09375000
v -0.21875000 -0.06250000 -0.10155662
v -0.22827408 -0.06250000 -0.03125000
v -0.21875000 -0.07034828 -0.03125000
v -0.21875000 -0.06250000 -0.02249025
v -0.21875000 -0.05468528 -0.12500000
v -0.21875000 -0.04687500 -0.13281029
v -0.21875000 -0.05468945 -0.10937500
v -0.21875000 -0.05565538 -0.01562500
v -0.21875000 -0.04687500 -0.00526031
v -0.21875000 -0.03906250 -0.14062500
v -0.21875000 -0.03125000 -0.14843749
v -0.22661191 -0.03125000 0.00000000
v -0.21875000 -0.04161429 0.00000000
v -0.21875000 -0.03125000 0.00785693
v -0.22364251 -0.01562500 -0.15625000
v -0.21875000 -0.01562500 -0.15135749
v -0.23090748 -0.01562500 0.00000000
v -0.21875000 -0.01562500 0.00783463
v -0.21875000 -0.01072583 -0.15625000
v -0.21875000 0.00000000 -0.16405476
v -0.21875000 0.00000000 0.00781740
v -0.21875000 0.01562500 -0.16401431
v -0.21875000 0.01562500 0.00782019
v -0.21875000 0.03125000 -0.16393501
v -0.21875000 0.03125000 0.00792693
v -0.21875000 0.04687500 -0.16393876
v -0.21875000 0.04687500 0.01013655
v -0.22606395 0.06250000 -0.15625000
v -0.21875000 0.05511271 -0.15625000
v -0.21875000 0.06250000 -0.14898597
v -0.22635273 0.06250000 0.01562500
v -0.21875000 0.05255664 0.01562500
v -0.21875000 0.06250000 0.02322725
v -0.21875000 0.07812500 -0.14843750
v -0.22659163 0.07812500 0.01562500
v -0.21875000 0.07812500 0.02343873
v -0.22683214 0.09375000 -0.14062500
v -0.21875000 0.08597259 -0.14062500
v -0.21875000 0.09375000 -0.13284760
v -0.22656397 0.09375000 0.01562500
v -0.21875000 0.09375000 0.02344177
v -0.22218240 0.10937500 -0.12500000
v -0.21875000 0.10594440 -0.12500000
v -0.21875000 0.10937500 -0.12156940
v -0.22656269 0.10937500 0.01562500
v -0.21875000 0.10937500 0.02343746
v -0.21875000 0.12500000 -0.11703702
v -0.22072881 0.12500000 0.00000000
v -0.21875000 0.11718795 0.01562500
v -0.21875000 0.12500000 0.00197404
v -0.21875000 0.13266202 -0.10937500
v -0.23289224 0.14062500 -0.09375000
v -0.21875000 0.13281435 -0.09375000
v -0.21875000 0.14062500 -0.08589937
v -0.22737626 0.14062500 -0.06250000
v -0.21875000 0.13336836 -0.06250000
v -0.21875000 0.14062500 -0.06979643
v -0.21875000 0.13290014 -0.04687500
v -0.22343324 0.14062500 -0.03125000
v -0.21875000 0.14062500 -0.03560656
v -0.21875000 0.13286679 -0.01562500
v -0.21875000 0.14062500 -0.02692022
v -0.21875000 0.12697373 0.00000000
v -0.21875000 0.14839752 -0.07812500
v -0.21875000 0.14491142 -0.03125000
v -0.20312500 -0.08593751 -0.07812500
v -0.20312500 -0.07812500 -0.08598035
v -0.20312500 -0.08632965 -0.06250000
v -0.20312500 -0.08609995 -0.04687500
v -0.21093081 -0.07812500 -0.03125000
v -0.20312500 -0.08588960 -0.03125000
v -0.20312500 -0.07812500 -0.02030463
v -0.21056060 -0.06250000 -0.10937500
v -0.20312500 -0.06993348 -0.10937500
v -0.20312500 -0.06250000 -0.11680848
v -0.20312500 -0.07035535 -0.09375000
v -0.21174071 -0.06250000 -0.01562500
v -0.20312500 -0.07335813 -0.01562500
v -0.20312500 -0.06250000 -0.00795741
v -0.20312500 -0.05458291 -0.12500000
v -0.20312500 -0.04687500 -0.13270791
v -0.21340426 -0.04687500 0.00000000
v -0.20312500 -0.05461413 0.00000000
v -0.20312500 -0.04687500 0.00771560
v -0.20312500 -0.03589642 -0.14062500
v -0.20312500 -0.03125000 -0.14527142
v -0.20312500 -0.03125000 0.01370599
v -0.20312500 -0.01562500 -0.14843750
v -0.20919031 -0.01562500 0.01562500
v -0.20312500 -0.02841214 0.01562500
v -0.20312500 -0.01562500 0.02166930
v -0.21094513 0.00000000 -0.15625000
v -0.20312500 0.00000000 -0.14843761
v -0.20999856 0.00000000 0.01562500
v -0.20312500 0.00000000 0.02249373
v -0.21098558 0.01562500 -0.15625000
v -0.20312500 0.01562500 -0.14843761
v -0.21069831 0.01562500 0.01562500
v -0.20312500 0.01562500 0.02319062
v -0.21106498 0.03125000 -0.15625000
v -0.20312500 0.03125000 -0.14843751
v -0.21104286 0.03125000 0.01562500
v -0.20312500 0.03125000 0.02342852
v -0.21106123 0.04687500 -0.15625000
v -0.20312500 0.04687500 -0.14843751
v -0.21326150 0.04687500 0.01562500
v -0.20312500 0.04687500 0.02344045
v -0.20312500 0.06250000 -0.14843750
v -0.20925988 0.06250000 0.03125000
v -0.20312500 0.05636225 0.03125000
v -0.20312500 0.06250000 0.03738491
v -0.20312500 0.07812500 -0.14837139
v -0.21093713 0.07812500 0.03125000
v -0.20312500 0.07812500 0.03906179
v -0.20312500 0.08587139 -0.14062500
v -0.20312500 0.09375000 -0.13280838
v -0.21094200 0.09375000 0.03125000
v -0.20312500 0.09375000 0.03909595
v -0.20312500 0.10155865 -0.12500000
v -0.20312500 0.10937500 -0.11718717
v -0.21093764 0.10937500 0.03125000
v -0.20312500 0.10937500 0.03906612
v -0.20888433 0.12500000 -0.10937500
v -0.20312500 0.11937951 -0.10937500
v -0.20312500 0.12500000 -0.10375475
v -0.21093117 0.12500000 0.01562500
v -0.20312500 0.11719615 0.03125000
v -0.20312500 0.12500000 0.02343919
v -0.20312500 0.13281217 -0.09375000
v -0.20312500 0.14062500 -0.08276407
v -0.20312500 0.13284768 -0.06250000
v -0.20312500 0.14062500 -0.07345650
v -0.20312500 0.13531727 -0.04687500
v -0.20312500 0.14062500 -0.04149532
v -0.20312500 0.13758000 -0.01562500
v -0.20312500 0.14062500 -0.01872047
v -0.20312500 0.13282849 0.00000000
v -0.20312500 0.13280548 0.01562500
v -0.20312500 0.14526407 -0.07812500
v -0.20312500 0.14835757 -0.03125000
v -0.19569662 -0.09375000 -0.06250000
v -0.18750000 -0.10155445 -0.06250000
v -0.18750000 -0.09375000 -0.07033019
v -0.19547094 -0.09375000 -0.04687500
v -0.18750000 -0.10155842 -0.04687500
v -0.19532597 -0.09375000 -0.03125000
v -0.18750000 -0.10155823 -0.03125000
v -0.19522547 -0.09375000 -0.01562500
v -0.18750000 -0.10147512 -0.01562500
v -0.18750000 -0.09375000 -0.00789986
v -0.19520961 -0.07812500 -0.09375000
v -0.18750000 -0.08579176 -0.09375000
v -0.18750000 -0.07812500 -0.10141678
v -0.18750000 -0.08596325 -0.07812500
v -0.19849848 -0.07812500 -0.01562500
v -0.18750000 -0.07812500 -0.00779116
v -0.18750000 -0.07031251 -0.10937500
v -0.18750000 -0.06250000 -0.11718749
v -0.18750000 -0.06250000 -0.00665945
v -0.18750000 -0.05335101 -0.12500000
v -0.18750000 -0.04687500 -0.13147601
v -0.18750000 -0.05583956 0.00000000
v -0.18750000 -0.04687500 0.00784718
v -0.19847841 -0.03125000 -0.14062500
v -0.18750000 -0.03125000 -0.13281271
v -0.19150286 -0.03125000 0.01562500
v -0.18750000 -0.03197512 0.01562500
v -0.18750000 -0.03125000 0.01634381
v -0.18750000 -0.02343587 -0.14062500
v -0.18750000 -0.01562500 -0.14843567
v -0.18750000 -0.01562500 0.02248112
v -0.18750000 0.00000000 -0.14843750
v -0.18750000 0.00000000 0.02340242
v -0.18750000 0.01562500 -0.14843750
v -0.18750000 0.01562500 0.02353106
v -0.18750000 0.03125000 -0.14843750
v -0.19214839 0.03125000 0.03125000
v -0.18750000 0.02652299 0.03125000
v -0.18750000 0.03125000 0.03589831
v -0.18750000 0.04687500 -0.14843731
v -0.19531507 0.04687500 0.03125000
v -0.18750000 0.04687500 0.03909982
v -0.18750000 0.06250000 -0.14842641
v -0.19525053 0.06250000 0.04687500
v -0.18750000 0.05471175 0.04687500
v -0.18750000 0.06250000 0.05462550
v -0.19537714 0.07812500 -0.14062500
v -0.18750000 0.07030288 -0.14062500
v -0.18750000 0.07812500 -0.13281376
v -0.19531356 0.07812500 0.04687500
v -0.18750000 0.07812500 0.05472044
v -0.19530246 0.09375000 -0.12500000
v -0.18750000 0.08595145 -0.12500000
v -0.18750000 0.09375000 -0.11720114
v -0.19534595 0.09375000 0.04687500
v -0.18750000 0.09375000 0.05662924
v -0.19219186 0.10937500 -0.10937500
v -0.18750000 0.10468320 -0.10937500
v -0.18750000 0.10937500 -0.10468364
v -0.19531619 0.10937500 0.04687500
v -0.19048495 0.10937500 0.06250000
v -0.18750000 0.10497193 0.06250000
v -0.18750000 0.10937500 0.06548495
v -0.18750000 0.12500000 -0.10067403
v -0.19531617 0.12500000 0.03125000
v -0.18750000 0.11729017 0.04687500
v -0.18750000 0.12500000 0.03916012
v -0.18750000 0.11235995 0.06250000
v -0.18750000 0.13192150 -0.09375000
v -0.19848593 0.14062500 -0.07812500
v -0.18750000 0.13281228 -0.07812500
v -0.18750000 0.13282715 -0.06250000
v -0.19690612 0.14062500 -0.04687500
v -0.18750000 0.14062500 -0.05372703
v -0.20007976 0.14062500 -0.01562500
v -0.19532775 0.14062500 0.00000000
v -0.19495083 0.14062500 0.01562500
v -0.18750000 0.13280791 0.03125000
v -0.18750000 0.14062500 0.02307628
v -0.18750000 0.14746260 -0.04687500
v -0.18750000 0.14843749 -0.03125000
v -0.18750000 0.14843713 -0.01562500
v -0.18750000 0.14843677 0.00000000
v -0.18750000 0.14807581 0.01562500
v -0.17237685 -0.10937500 -0.03125000
v -0.17187500 -0.10987685 -0.03125000
v -0.17187500 -0.10937500 -0.03201255
v -0.17187500 -0.10937500 -0.02519811
v -0.17799783 -0.09375000 -0.07812500
v -0.17187500 -0.09984830 -0.07812500
v -0.17187500 -0.09375000 -0.08422330
v -0.17187500 -0.10167372 -0.06250000
v -0.17187500 -0.10323823 -0.04687500
v -0.17187500 -0.10859572 -0.01562500
v -0.17187500 -0.09375000 -0.00244375
v -0.17187500 -0.08593532 -0.09375000
v -0.17187500 -0.07812500 -0.10156044
v -0.17925378 -0.07812500 0.00000000
v -0.17187500 -0.09105490 0.00000000
v -0.17187500 -0.07812500 0.00735537
v -0.17187500 -0.07031259 -0.10937500
v -0.17187500 -0.06250000 -0.11718747
v -0.18083507 -0.06250000 0.00000000
v -0.17187500 -0.06250000 0.00780688
v -0.17915234 -0.04687500 -0.12500000
v -0.17187500 -0.04687500 -0.11903747
v -0.17187500 -0.04687500 0.00846322
v -0.17187500 -0.04091247 -0.12500000
v -0.17187500 -0.03125000 -0.13281250
v -0.17187500 -0.03590774 0.01562500
v -0.17187500 -0.03125000 0.01975577
v -0.17967921 -0.01562500 -0.14062500
v -0.17187500 -0.01562500 -0.13282262
v -0.17187500 -0.01562500 0.02195995
v -0.17187500 -0.00781231 -0.14062500
v -0.17187500 0.00000000 -0.14842719
v -0.17187500 0.00000000 0.02326290
v -0.17187500 0.01562500 -0.14842285
v -0.17187500 0.01562500 0.02344898
v -0.17565439 0.03125000 -0.14062500
v -0.17187500 0.02745986 -0.14062500
v -0.17187500 0.03125000 -0.13684561
v -0.17187500 0.02351613 0.03125000
v -0.17187500 0.03125000 0.03897222
v -0.17933924 0.04687500 -0.14062500
v -0.17187500 0.04687500 -0.13316095
v -0.17969294 0.04687500 0.04687500
v -0.17187500 0.03909454 0.04687500
v -0.17187500 0.04687500 0.05465519
v -0.17968795 0.06250000 -0.14062500
v -0.17187500 0.06250000 -0.13282314
v -0.17187500 0.06250000 0.05594656
v -0.17928813 0.07812500 -0.12500000
v -0.17187500 0.07071208 -0.12500000
v -0.17187500 0.07812500 -0.11758707
v -0.17972046 0.07812500 0.06250000
v -0.17187500 0.06905360 0.06250000
v -0.17187500 0.07812500 0.07031234
v -0.17953678 0.09375000 -0.10937500
v -0.17187500 0.08608874 -0.10937500
v -0.17187500 0.09375000 -0.10171372
v -0.18162924 0.09375000 0.06250000
v -0.17187500 0.09375000 0.07031260
v -0.17187500 0.10937500 -0.10155268
v -0.17187500 0.10937500 0.07034082
v -0.18057620 0.12500000 -0.09375000
v -0.17187500 0.11717995 -0.09375000
v -0.17968287 0.12500000 -0.07812500
v -0.17187500 0.11719235 -0.07812500
v -0.17187500 0.12500000 -0.07031711
v -0.17979017 0.12500000 0.04687500
v -0.17967047 0.12500000 0.06250000
v -0.17187500 0.12500000 0.07029548
v -0.17187500 0.13281229 -0.06250000
v -0.17187500 0.14062500 -0.05468681
v -0.17968794 0.14062500 0.03125000
v -0.17470121 0.14062500 0.04687500
v -0.17187500 0.13279550 0.06250000
v -0.17187500 0.14062500 0.04970123
v -0.17187500 0.14843678 -0.04687500
v -0.17187500 0.14927339 -0.03125000
v -0.17187500 0.15078705 -0.01562500
v -0.17187500 0.15117735 0.00000000
v -0.17879818 0.15625000 0.01562500
v -0.17187500 0.15625000 0.00588502
v -0.17187500 0.14850464 0.03125000
v -0.17187500 0.15625000 0.02261454
v -0.17187500 0.14345122 0.04687500
v -0.17187500 0.16317318 0.01562500
v -0.16416098 -0.10937500 -0.06250000
v -0.15625000 -0.11717476 -0.06250000
v -0.15625000 -0.10937500 -0.07029986
v -0.16573820 -0.10937500 -0.04687500
v -0.15625000 -0.11718747 -0.04687500
v -0.15625000 -0.11718750 -0.03125000
v -0.17109572 -0.10937500 -0.01562500
v -0.15625000 -0.11718749 -0.01562500
v -0.15625000 -0.10937500 -0.00414393
v -0.15625000 -0.10156105 -0.07812500
v -0.15625000 -0.09375000 -0.08593648
v -0.16942973 -0.09375000 0.00000000
v -0.15625000 -0.10522883 0.00000000
v -0.15625000 -0.09375000 0.00780961
v -0.15625000 -0.08593797 -0.09375000
v -0.15625000 -0.07812500 -0.10156264
v -0.15625000 -0.07812500 0.00781356
v -0.15625000 -0.07031253 -0.10937500
v -0.15625000 -0.06250000 -0.11718733
v -0.15625000 -0.06250000 0.00783845
v -0.15625000 -0.04687500 -0.11718756
v -0.15625000 -0.04687500 0.00813826
v -0.15625000 -0.03884532 -0.12500000
v -0.15625000 -0.03125000 -0.13259526
v -0.16663832 -0.03125000 0.01562500
v -0.15625000 -0.03125000 0.00912185
v -0.15625000 -0.01562500 -0.13281250
v -0.16255649 -0.01562500 0.01562500
v -0.15625000 -0.01562500 0.01069111
v -0.16407246 0.00000000 -0.14062500
v -0.15625000 0.00000000 -0.13281285
v -0.15625000 -0.01001137 0.01562500
v -0.15625000 0.00000000 0.02267912
v -0.16407459 0.01562500 -0.14062500
v -0.15625000 0.01562500 -0.13281506
v -0.15625000 0.01562500 0.02343767
v -0.15625000 0.03125000 -0.13281251
v -0.15625000 0.02358133 0.03125000
v -0.15625000 0.03125000 0.03891819
v -0.15625000 0.04687500 -0.13281250
v -0.15625000 0.03907368 0.04687500
v -0.15625000 0.04687500 0.05467614
v -0.15625000 0.06250000 -0.13281170
v -0.15763252 0.06250000 0.06250000
v -0.15625000 0.06147610 0.06250000
v -0.15625000 0.06250000 0.06352390
v -0.15625000 0.07031173 -0.12500000
v -0.15625000 0.07812500 -0.11717596
v -0.15625000 0.07812500 0.07031250
v -0.15625000 0.08592596 -0.10937500
v -0.15625000 0.09375000 -0.10156085
v -0.15625000 0.09375000 0.07443909
v -0.15625000 0.10937500 -0.10013268
v -0.16405826 0.10937500 0.07812500
v -0.15625000 0.09745944 0.07812500
v -0.15625000 0.10937500 0.08590494
v -0.15625000 0.11575768 -0.09375000
v -0.15625000 0.11718726 -0.07812500
v -0.16397235 0.12500000 -0.06250000
v -0.15625000 0.11727789 -0.06250000
v -0.15625000 0.12500000 -0.05477789
v -0.16256371 0.12500000 0.07812500
v -0.15625000 0.12500000 0.08443870
v -0.15625000 0.14062500 -0.05468564
v -0.16406166 0.14062500 0.06250000
v -0.15625000 0.13266116 0.07812500
v -0.15625000 0.14062500 0.07166414
v -0.15625000 0.14843575 -0.04687500
v -0.16489769 0.15625000 -0.03125000
v -0.15625000 0.15625000 -0.03906190
v -0.16641196 0.15625000 -0.01562500
v -0.16680235 0.15625000 0.00000000
v -0.16412967 0.15625000 0.03125000
v -0.16404519 0.15625000 0.04687500
v -0.15625000 0.14848695 0.06250000
v -0.15625000 0.15625000 0.05472050
v -0.15625000 0.16406180 -0.03125000
v -0.15625000 0.16406247 -0.01562500
v -0.15625000 0.16407325 0.00000000
v -0.15625000 0.16622214 0.01562500
v -0.15725999 0.17187500 0.03125000
v -0.15625000 0.17187500 0.02955214
v -0.15625000 0.16404540 0.04687500
v -0.15625000 0.17187500 0.03226004
v -0.15625000 0.17288499 0.03125000
v -0.14149135 -0.12500000 -0.04687500
v -0.14062500 -0.12586635 -0.04687500
v -0.14062500 -0.12500000 -0.04774149
v -0.14243908 -0.12500000 -0.03125000
v -0.14062500 -0.12681408 -0.03125000
v -0.14062500 -0.12500000 -0.02913490
v -0.14062500 -0.11718815 -0.06250000
v -0.14062500 -0.10937500 -0.07369723
v -0.14062500 -0.11787154 -0.01562500
v -0.15210582 -0.10937500 0.00000000
v -0.14062500 -0.11718777 0.00000000
v -0.14062500 -0.10937500 0.00781220
v -0.14062500 -0.10494723 -0.07812500
v -0.14062500 -0.09375000 -0.08605004
v -0.14062500 -0.09375000 0.00815868
v -0.14062500 -0.08605003 -0.09375000
v -0.14062500 -0.07812500 -0.10156248
v -0.14062500 -0.07812500 0.00816218
v -0.14062500 -0.07023538 -0.10937500
v -0.14062500 -0.06250000 -0.11711038
v -0.14062500 -0.06250000 0.00864411
v -0.14062500 -0.04687500 -0.11718750
v -0.14062500 -0.04687500 0.01165752
v -0.14865039 -0.03125000 -0.12500000
v -0.14062500 -0.03125000 -0.11719185
v -0.14062500 -0.03125000 0.00892495
v -0.14062500 -0.02343928 -0.12500000
v -0.14062500 -0.01562500 -0.13280992
v -0.14062500 -0.01562500 0.00806978
v -0.14062500 0.00000000 -0.13281250
v -0.14062500 -0.00716121 0.01562500
v -0.14062500 0.00000000 0.02253141
v -0.14062500 0.01562500 -0.13281250
v -0.14062500 0.01562500 0.02343751
v -0.14062500 0.03125000 -0.13281250
v -0.14062500 0.02358998 0.03125000
v -0.14062500 0.03125000 0.03891001
v -0.14062500 0.04687500 -0.13281250
v -0.14062500 0.03907682 0.04687500
v -0.14062500 0.04687500 0.05467300
v -0.14062500 0.06250000 -0.13240385
v -0.14062500 0.05662872 0.06250000
v -0.14062500 0.06250000 0.06837128
v -0.14062500 0.06990385 -0.12500000
v -0.14062500 0.07812500 -0.11116236
v -0.14062500 0.07812500 0.07031252
v -0.14062500 0.07991236 -0.10937500
v -0.14062500 0.09375000 -0.10125026
v -0.14062500 0.09375000 0.07717330
v -0.14972670 0.10937500 -0.09375000
v -0.14062500 0.10139513 -0.09375000
v -0.14062500 0.10937500 -0.08598504
v -0.14062500 0.09472153 0.07812500
v -0.14062500 0.10937500 0.08585163
v -0.14062500 0.11709004 -0.07812500
v -0.14062500 0.11718612 -0.06250000
v -0.14062500 0.12500000 -0.05468731
v -0.14062500 0.12500000 0.08593701
v -0.14840770 0.14062500 -0.04687500
v -0.14062500 0.13284397 -0.04687500
v -0.14062500 0.14062500 -0.03909416
v -0.14978997 0.14062500 0.07812500
v -0.14062500 0.14062500 0.08593749
v -0.14062500 0.15625000 -0.03906250
v -0.14848782 0.15625000 0.06250000
v -0.14842946 0.15625000 0.07812500
v -0.14062500 0.15625000 0.08592960
v -0.14062500 0.16411146 -0.03125000
v -0.14821739 0.17187500 -0.01562500
v -0.14062500 0.17187500 -0.02326625
v -0.14844750 0.17187500 0.00000000
v -0.15059714 0.17187500 0.01562500
v -0.14843763 0.17187500 0.04687500
v -0.14817714 0.17187500 0.06250000
v -0.14062500 0.16407173 0.07812500
v -0.14062500 0.17187500 0.07006940
v -0.14062500 0.17946732 -0.01562500
v -0.14062500 0.17968676 0.00000000
v -0.14062500 0.17968973 0.01562500
v -0.14062500 0.18114425 0.03125000
v -0.14062500 0.18051505 0.04687500
v -0.14062500 0.17942730 0.06250000
v -0.12500000 -0.13281250 -0.04687500
v -0.12500000 -0.12500000 -0.05654780
v -0.12500000 -0.13281250 -0.03125000
v -0.13349647 -0.12500000 -0.01562500
v -0.12500000 -0.13281244 -0.01562500
v -0.13260017 -0.12500000 0.00000000
v -0.12500000 -0.13259956 0.00000000
v -0.12500000 -0.12500000 0.00759957
v -0.13375221 -0.10937500 -0.07812500
v -0.12500000 -0.11460805 -0.07812500
v -0.12500000 -0.10937500 -0.08335805
v -0.12500000 -0.11904781 -0.06250000
v -0.12780258 -0.10937500 0.01562500
v -0.12500000 -0.11217756 0.01562500
v -0.12500000 -0.10937500 0.01842756
v -0.13085586 -0.09375000 -0.09375000
v -0.12500000 -0.09950075 -0.09375000
v -0.12500000 -0.09375000 -0.09950075
v -0.13241164 -0.09375000 0.01562500
v -0.12500000 -0.09375000 0.02269215
v -0.12500000 -0.07812500 -0.10156250
v -0.12846852 -0.07812500 0.01562500
v -0.12500000 -0.07812500 0.01885782
v -0.13220698 -0.06250000 -0.10937500
v -0.12500000 -0.06250000 -0.10224462
v -0.13092303 -0.06250000 0.01562500
v -0.12500000 -0.06250000 0.02078471
v -0.12500000 -0.05536521 -0.10937500
v -0.12500000 -0.04687500 -0.11718306
v -0.13572927 -0.04687500 0.01562500
v -0.12500000 -0.04687500 0.02230030
v -0.12500000 -0.03125000 -0.11718750
v -0.13149250 -0.03125000 0.01562500
v -0.12500000 -0.03125000 0.02106219
v -0.13281507 -0.01562500 -0.12500000
v -0.12500000 -0.01562500 -0.11718751
v -0.13133818 -0.01562500 0.01562500
v -0.12500000 -0.01562500 0.02171659
v -0.13242683 0.00000000 -0.12500000
v -0.12500000 0.00000000 -0.11757317
v -0.12500000 0.00000000 0.02334136
v -0.12500000 0.00761142 -0.12500000
v -0.12500000 0.01562500 -0.13262768
v -0.12500000 0.01562500 0.02343801
v -0.12500000 0.03125000 -0.13276833
v -0.12500000 0.02359008 0.03125000
v -0.12500000 0.03125000 0.03890949
v -0.12500000 0.04687500 -0.12606102
v -0.12500000 0.03906845 0.04687500
v -0.12500000 0.04687500 0.05468143
v -0.13321988 0.06250000 -0.12500000
v -0.12500000 0.04793634 -0.12500000
v -0.12500000 0.06250000 -0.11718728
v -0.12500000 0.05501817 0.06250000
v -0.12500000 0.06250000 0.06998183
v -0.13883467 0.07812500 -0.10937500
v -0.12500000 0.07031834 -0.10937500
v -0.12500000 0.07812500 -0.10155315
v -0.12500000 0.07812500 0.07031251
v -0.13178276 0.09375000 -0.09375000
v -0.12500000 0.08725624 -0.09375000
v -0.12500000 0.09375000 -0.08727245
v -0.12500000 0.09375000 0.07078120
v -0.12788421 0.10937500 -0.07812500
v -0.12500000 0.10654901 -0.07812500
v -0.12706812 0.10937500 -0.06250000
v -0.12500000 0.10730751 -0.06250000
v -0.12500000 0.10937500 -0.06043220
v -0.12500000 0.10228997 0.07812500
v -0.12500000 0.10937500 0.08474797
v -0.13280773 0.12500000 -0.04687500
v -0.12500000 0.11719178 -0.04687500
v -0.12500000 0.12500000 -0.03906746
v -0.12500000 0.12500000 0.08593730
v -0.12500000 0.14062500 -0.03906250
v -0.12500000 0.14062500 0.08593769
v -0.12500000 0.15625000 -0.03888581
v -0.12500000 0.15625000 0.08699869
v -0.12500000 0.16388877 -0.03125000
v -0.12500000 0.17187500 -0.02344037
v -0.13282977 0.17187500 0.07812500
v -0.12500000 0.17187500 0.08867170
v -0.12500000 0.17968797 -0.01562500
v -0.12500000 0.18502595 0.00000000
v -0.13281404 0.18750000 0.01562500
v -0.12500000 0.18750000 0.00247442
v -0.13426925 0.18750000 0.03125000
v -0.13364014 0.18750000 0.04687500
v -0.13281254 0.18750000 0.06250000
v -0.13241804 0.18750000 0.07812500
v -0.12500000 0.18750000 0.08554434
v -0.12500000 0.19531186 0.01562500
v -0.12500000 0.19670685 0.03125000
v -0.12500000 0.19682315 0.04687500
v -0.12500000 0.19563615 0.06250000
v -0.12500000 0.19491816 0.07812500
v -0.10937500 -0.13282201 -0.04687500
v -0.10937500 -0.12500000 -0.05670399
v -0.10937500 -0.13300855 -0.03125000
v -0.10937500 -0.13283716 -0.01562500
v -0.10937500 -0.13281277 0.00000000
v -0.10937500 -0.12500000 0.00812550
v -0.11944742 -0.10937500 -0.07812500
v -0.10937500 -0.11920399 -0.06250000
v -0.10937500 -0.10937500 -0.07066576
v -0.10937500 -0.11748192 0.01562500
v -0.10937500 -0.10937500 0.02341887
v -0.11917134 -0.09375000 -0.09375000
v -0.10937500 -0.10191576 -0.07812500
v -0.10937500 -0.09375000 -0.08602100
v -0.10937500 -0.09375000 0.02338616
v -0.10937500 -0.08601876 -0.09375000
v -0.10937500 -0.07812500 -0.10156025
v -0.10937500 -0.07812500 0.02304813
v -0.10937500 -0.06250000 -0.10156272
v -0.10937500 -0.06250000 0.02318871
v -0.10937500 -0.04815793 -0.10937500
v -0.10937500 -0.04687500 -0.11065786
v -0.10937500 -0.04687500 0.02328948
v -0.10937500 -0.03125000 -0.11718730
v -0.10937500 -0.03125000 0.02325258
v -0.10937500 -0.01562500 -0.11718731
v -0.10937500 -0.01562500 0.02342997
v -0.10937500 0.00000000 -0.11718722
v -0.10937500 0.00000000 0.02343748
v -0.11737232 0.01562500 -0.12500000
v -0.10937500 0.01562500 -0.11718750
v -0.10937500 0.01562500 0.02343790
v -0.11723167 0.03125000 -0.12500000
v -0.10937500 0.03125000 -0.11718750
v -0.10937500 0.02345830 0.03125000
v -0.10937500 0.03125000 0.03904169
v -0.12393898 0.04687500 -0.12500000
v -0.10937500 0.04687500 -0.11718750
v -0.10937500 0.03906276 0.04687500
v -0.10937500 0.04687500 0.05468685
v -0.11589491 0.06250000 -0.10937500
v -0.10937500 0.05598155 -0.10937500
v -0.10937500 0.06250000 -0.10285643
v -0.10937500 0.05472677 0.06250000
v -0.10937500 0.06250000 0.07027323
v -0.11702916 0.07812500 -0.09375000
v -0.10937500 0.07048740 -0.09375000
v -0.10937500 0.07812500 -0.08611252
v -0.10937500 0.07812500 0.07031251
v -0.10937500 0.09375000 -0.08593652
v -0.10937500 0.09375000 0.07051560
v -0.10937500 0.10156139 -0.07812500
v -0.10937500 0.10156310 -0.06250000
v -0.10937500 0.10937500 -0.05453385
v -0.10937500 0.10154361 0.07812500
v -0.10937500 0.10937500 0.08575327
v -0.10937500 0.11703324 -0.04687500
v -0.10937500 0.12500000 -0.03906250
v -0.10937500 0.12500000 0.08593743
v -0.10937500 0.14062500 -0.03765745
v -0.10937500 0.14062500 0.08593762
v -0.11736391 0.15625000 -0.03125000
v -0.10937500 0.14703273 -0.03125000
v -0.10937500 0.15625000 -0.02343778
v -0.10937500 0.15625000 0.08642646
v -0.10937500 0.17187500 -0.02329696
v -0.11577682 0.17187500 0.09375000
v -0.10937500 0.16758198 0.09375000
v -0.10937500 0.17187500 0.09766398
v -0.10937500 0.17955123 -0.01562500
v -0.12252583 0.18750000 0.00000000
v -0.10937500 0.18750000 -0.00781655
v -0.10937500 0.17750117 0.09375000
v -0.10937500 0.18750000 0.08792761
v -0.10937500 0.19531302 0.00000000
v -0.11696018 0.20312500 0.01562500
v -0.10937500 0.20312500 0.00803913
v -0.11858183 0.20312500 0.03125000
v -0.11869812 0.20312500 0.04687500
v -0.11751102 0.20312500 0.06250000
v -0.11663245 0.20312500 0.07812500
v -0.10937500 0.20312500 0.08538258
v -0.10937500 0.21071013 0.01562500
v -0.10937500 0.21093789 0.03125000
v -0.10937500 0.21093819 0.04687500
v -0.10937500 0.21093745 0.06250000
v -0.10937500 0.21038234 0.07812500
v -0.09716786 -0.14062500 -0.03125000
v -0.09375000 -0.14391071 -0.03125000
v -0.09375000 -0.14062500 -0.03459586
v -0.09375000 -0.14062500 -0.01684703
v -0.09375000 -0.13290245 -0.04687500
v -0.09375000 -0.12500000 -0.05469199
v -0.09375000 -0.14027979 -0.01562500
v -0.09375000 -0.13370031 0.00000000
v -0.10150622 -0.12500000 0.01562500
v -0.09375000 -0.13244331 0.01562500
v -0.09375000 -0.12500000 0.02306831
v -0.09375000 -0.11719156 -0.06250000
v -0.09375000 -0.10937500 -0.07031600
v -0.09375000 -0.10937500 0.02343600
v -0.09375000 -0.10156544 -0.07812500
v -0.09375000 -0.09375000 -0.08593652
v -0.09375000 -0.09375000 0.02342691
v -0.10117311 -0.07812500 -0.09375000
v -0.09375000 -0.07812500 -0.08632913
v -0.09375000 -0.07812500 0.02340661
v -0.09375000 -0.07068820 -0.09375000
v -0.09375000 -0.06250000 -0.10154654
v -0.09375000 -0.06250000 0.02342037
v -0.10809213 -0.04687500 -0.10937500
v -0.09375000 -0.04687500 -0.10156251
v -0.09375000 -0.04687500 0.02343134
v -0.09998983 -0.03125000 -0.10937500
v -0.09375000 -0.03125000 -0.10313537
v -0.09375000 -0.03125000 0.02343576
v -0.10155002 -0.01562500 -0.10937500
v -0.09375000 -0.01562500 -0.10157517
v -0.09375000 -0.01562500 0.02343750
v -0.10156047 0.00000000 -0.10937500
v -0.09375000 0.00000000 -0.10156481
v -0.09375000 0.00000000 0.02344136
v -0.09375000 0.00930600 -0.10937500
v -0.09375000 0.01562500 -0.11569177
v -0.10060290 0.01562500 0.03125000
v -0.09375000 0.00876869 0.03125000
v -0.09375000 0.01562500 0.03810250
v -0.09375000 0.03125000 -0.11705063
v -0.09375000 0.03125000 0.03906260
v -0.09375000 0.04687500 -0.11709690
v -0.09375000 0.03906270 0.04687500
v -0.09375000 0.04687500 0.05468736
v -0.09375000 0.05459691 -0.10937500
v -0.09375000 0.06250000 -0.09485213
v -0.09375000 0.05468761 0.06250000
v -0.09375000 0.06250000 0.07031222
v -0.09375000 0.06360213 -0.09375000
v -0.09375000 0.07812500 -0.08593496
v -0.09375000 0.07812500 0.07031250
v -0.09865501 0.09375000 -0.07812500
v -0.09375000 0.08884376 -0.07812500
v -0.09375000 0.09375000 -0.07320435
v -0.09375000 0.09375000 0.07038314
v -0.09375000 0.10154323 -0.06250000
v -0.09375000 0.10937500 -0.04941527
v -0.09375000 0.10157996 0.07812500
v -0.09375000 0.10937500 0.08584940
v -0.09375000 0.11191526 -0.04687500
v -0.09375000 0.12500000 -0.03906181
v -0.09375000 0.12500000 0.08593742
v -0.10293726 0.14062500 -0.03125000
v -0.09375000 0.13284309 -0.03125000
v -0.09375000 0.14062500 -0.02346877
v -0.09375000 0.14062500 0.08593750
v -0.09375000 0.15625000 -0.02296869
v -0.09375000 0.15625000 0.08596457
v -0.10166637 0.17187500 -0.01562500
v -0.09375000 0.16363026 -0.01562500
v -0.09375000 0.17187500 -0.00784919
v -0.10525599 0.17187500 0.09375000
v -0.09375000 0.17187500 0.08620584
v -0.09375000 0.18750000 -0.00781214
v -0.09375000 0.18750000 0.08653818
v -0.09375000 0.19594139 0.00000000
v -0.09375000 0.20312500 0.00718325
v -0.09375000 0.20312500 0.08593644
v -0.09375000 0.21093762 0.01562500
v -0.09375000 0.21185796 0.03125000
v -0.09375000 0.21216960 0.04687500
v -0.09375000 0.21201901 0.06250000
v -0.09375000 0.21093584 0.07812500
v -0.07812500 -0.14477113 -0.03125000
v -0.07812500 -0.14062500 -0.03540200
v -0.07812500 -0.14062500 -0.02570074
v -0.07812500 -0.13281999 -0.04687500
v -0.07812500 -0.12500000 -0.05468748
v -0.07812500 -0.13443628 -0.01562500
v -0.07812500 -0.13300163 0.00000000
v -0.07812500 -0.12666022 0.01562500
v -0.07812500 -0.12500000 0.01728522
v -0.07812500 -0.11717632 -0.06250000
v -0.07812500 -0.10937500 -0.07030131
v -0.07812500 -0.10937500 0.02324255
v -0.07812500 -0.10045454 -0.07812500
v -0.07812500 -0.09375000 -0.08482954
v -0.07812500 -0.09375000 0.02342971
v -0.07812500 -0.07812500 -0.08593750
v -0.07812500 -0.07812500 0.02343509
v -0.08569350 -0.06250000 -0.09375000
v -0.07812500 -0.06250000 -0.08619745
v -0.07812500 -0.06250000 0.02343662
v -0.07812500 -0.05494462 -0.09375000
v -0.07812500 -0.04687500 -0.10155967
v -0.07812500 -0.04687500 0.02343731
v -0.07812500 -0.03125000 -0.10156250
v -0.07812500 -0.03125000 0.02343750
v -0.07812500 -0.01562500 -0.10156250
v -0.07812500 -0.01562500 0.02349228
v -0.07812500 0.00000000 -0.10156250
v -0.08583329 0.00000000 0.03125000
v -0.07812500 -0.00775920 0.03125000
v -0.07812500 0.00000000 0.03895443
v -0.08743323 0.01562500 -0.10937500
v -0.07812500 0.01562500 -0.10156249
v -0.07812500 0.01562500 0.03906249
v -0.08607437 0.03125000 -0.10937500
v -0.07812500 0.03125000 -0.10156102
v -0.07812500 0.03125000 0.03906381
v -0.08602810 0.04687500 -0.10937500
v -0.08226240 0.04687500 -0.09375000
v -0.07812500 0.04273695 -0.09375000
v -0.07812500 0.04687500 -0.08961310
v -0.07812500 0.03906356 0.04687500
v -0.07812500 0.04687500 0.05468535
v -0.09264788 0.06250000 -0.09375000
v -0.07812500 0.06250000 -0.08593260
v -0.07812500 0.05468813 0.06250000
v -0.07812500 0.06250000 0.07031165
v -0.07812500 0.07812500 -0.08446452
v -0.07812500 0.07812500 0.07031250
v -0.07812500 0.08446452 -0.07812500
v -0.07812500 0.09375000 -0.07001633
v -0.07812500 0.09375000 0.07036212
v -0.07812500 0.10126633 -0.06250000
v -0.08888652 0.10937500 -0.04687500
v -0.07812500 0.10467981 -0.04687500
v -0.07812500 0.10937500 -0.04217981
v -0.07812500 0.10155532 0.07812500
v -0.07812500 0.10937500 0.08589506
v -0.07812500 0.12500000 -0.03905866
v -0.07812500 0.12500000 0.08593742
v -0.07812500 0.13281266 -0.03125000
v -0.07812500 0.14062500 -0.02339670
v -0.07812500 0.14062500 0.08593750
v -0.08637755 0.15625000 -0.01562500
v -0.07812500 0.14842156 -0.01562500
v -0.07812500 0.15625000 -0.00784136
v -0.07812500 0.15625000 0.08593750
v -0.07812500 0.17187500 -0.00781246
v -0.07812500 0.17187500 0.08593750
v -0.07812500 0.18750000 -0.00739568
v -0.07812500 0.18750000 0.08593735
v -0.07812500 0.19490264 0.00000000
v -0.07812500 0.20312500 0.00780564
v -0.07812500 0.20312500 0.08593318
v -0.07812500 0.21095058 0.01562500
v -0.08683090 0.21875000 0.03125000
v -0.07812500 0.21875000 0.02345173
v -0.08715051 0.21875000 0.04687500
v -0.08664850 0.21875000 0.06250000
v -0.07812500 0.21109139 0.07812500
v -0.07812500 0.21875000 0.07009526
v -0.07812500 0.22653508 0.03125000
v -0.07812500 0.22654294 0.04687500
v -0.07812500 0.22618726 0.06250000
v -0.07397887 -0.14062500 -0.03125000
v -0.06250000 -0.13278170 -0.04687500
v -0.06250000 -0.12500000 -0.05465670
v -0.06250000 -0.13281241 -0.03125000
v -0.06250000 -0.13279332 -0.01562500
v -0.07037140 -0.12500000 0.00000000
v -0.06250000 -0.12500000 -0.00783168
v -0.07646478 -0.12500000 0.01562500
v -0.06250000 -0.11695329 -0.06250000
v -0.06250000 -0.10937500 -0.07007829
v -0.06250000 -0.11718623 0.00000000
v -0.07050745 -0.10937500 0.01562500
v -0.06250000 -0.10937500 0.00781123
v -0.07133153 -0.09375000 -0.07812500
v -0.06250000 -0.09375000 -0.07040311
v -0.06250000 -0.10138468 0.01562500
v -0.06250000 -0.09375000 0.02325968
v -0.06250000 -0.08602800 -0.07812500
v -0.06250000 -0.07812500 -0.08593738
v -0.06250000 -0.07812500 0.02343671
v -0.06250000 -0.06250000 -0.08593750
v -0.06250000 -0.06250000 0.02343747
v -0.07030570 -0.04687500 -0.09375000
v -0.06250000 -0.04687500 -0.08594713
v -0.06250000 -0.04687500 0.02343821
v -0.06250000 -0.03880169 -0.09375000
v -0.06250000 -0.03125000 -0.10129207
v -0.06250000 -0.03125000 0.02351867
v -0.06250000 -0.01562500 -0.10054100
v -0.07033293 -0.01562500 0.03125000
v -0.06250000 -0.02348433 0.03125000
v -0.06250000 -0.01562500 0.03902815
v -0.06250000 0.00000000 -0.10051468
v -0.06250000 0.00000000 0.03906250
v -0.06250000 0.01562500 -0.09617721
v -0.06250000 0.01562500 0.03906290
v -0.07031393 0.03125000 -0.09375000
v -0.06250000 0.01805224 -0.09375000
v -0.06250000 0.03125000 -0.08593755
v -0.06939408 0.03125000 0.04687500
v -0.06250000 0.02435681 0.04687500
v -0.06250000 0.03125000 0.05376779
v -0.06250000 0.04687500 -0.08593748
v -0.06250000 0.04687500 0.05468750
v -0.06665492 0.06250000 -0.07812500
v -0.06250000 0.05834890 -0.07812500
v -0.06250000 0.06250000 -0.07397391
v -0.06250000 0.05504742 0.06250000
v -0.06250000 0.06250000 0.06995257
v -0.07178547 0.07812500 -0.07812500
v -0.06250000 0.07812500 -0.07031251
v -0.06250000 0.07812500 0.07031250
v -0.07060798 0.09375000 -0.06250000
v -0.06250000 0.08593820 -0.06250000
v -0.06250000 0.09375000 -0.05468820
v -0.06250000 0.09375000 0.07031332
v -0.06250000 0.10156300 -0.04687500
v -0.06250000 0.10937500 -0.03906300
v -0.06250000 0.10167964 0.07812500
v -0.06250000 0.10937500 0.08581954
v -0.06250000 0.12500000 -0.03898113
v -0.06250000 0.12500000 0.08593739
v -0.06250000 0.13273114 -0.03125000
v -0.06250000 0.14062500 -0.02326243
v -0.06250000 0.14062500 0.08593750
v -0.06250000 0.14826244 -0.01562500
v -0.06250000 0.15625000 -0.00780896
v -0.06250000 0.15625000 0.08593750
v -0.06955532 0.17187500 0.00000000
v -0.06250000 0.16481621 0.00000000
v -0.06250000 0.17187500 0.00705528
v -0.06250000 0.17187500 0.08593744
v -0.07072932 0.18750000 0.00000000
v -0.06250000 0.18750000 0.00781251
v -0.06250000 0.18750000 0.08593443
v -0.06250000 0.20312500 0.01308837
v -0.06250000 0.20312500 0.08577966
v -0.06250000 0.20566163 0.01562500
v -0.06250000 0.21875000 0.02344027
v -0.06250000 0.21256144 0.07812500
v -0.06250000 0.21875000 0.07208528
v -0.06250000 0.22655973 0.03125000
v -0.06250000 0.22708747 0.04687500
v -0.06250000 0.22657066 0.06250000
v -0.04687500 -0.12552630 -0.04687500
v -0.04687500 -0.12500000 -0.04740130
v -0.04687500 -0.13281120 -0.03125000
v -0.04687500 -0.13193825 -0.01562500
v -0.04687500 -0.12500000 -0.00868675
v -0.05300040 -0.10937500 -0.06250000
v -0.04687500 -0.10937500 -0.05659646
v -0.04687500 -0.11717820 0.00000000
v -0.04687500 -0.10937500 0.00780320
v -0.04687500 -0.10347146 -0.06250000
v -0.04687500 -0.09375000 -0.07031251
v -0.04687500 -0.09891044 0.01562500
v -0.04687500 -0.09375000 0.02078544
v -0.04687500 -0.08373680 -0.07812500
v -0.04687500 -0.07812500 -0.08373679
v -0.04687500 -0.07812500 0.02341978
v -0.04687500 -0.06250000 -0.08593749
v -0.04687500 -0.06250000 0.02343744
v -0.04687500 -0.04687500 -0.08593750
v -0.04687500 -0.04687500 0.02346605
v -0.05495793 -0.03125000 -0.09375000
v -0.04687500 -0.03125000 -0.08593750
v -0.05453645 -0.03125000 0.03125000
v -0.04687500 -0.03885886 0.03125000
v -0.04687500 -0.03125000 0.03883033
v -0.05570897 -0.01562500 -0.09375000
v -0.04687500 -0.01562500 -0.08593753
v -0.04687500 -0.01562500 0.03906249
v -0.05573532 0.00000000 -0.09375000
v -0.04687500 0.00000000 -0.08593750
v -0.04687500 0.00000000 0.03906270
v -0.06007279 0.01562500 -0.09375000
v -0.04687500 0.01562500 -0.08593750
v -0.05025960 0.01562500 0.04687500
v -0.04687500 0.01224054 0.04687500
v -0.04687500 0.01562500 0.05025932
v -0.04687500 0.03125000 -0.08593748
v -0.04687500 0.03125000 0.05468745
v -0.05181772 0.04687500 -0.07812500
v -0.04687500 0.04193228 -0.07812500
v -0.04687500 0.04687500 -0.07318230
v -0.04687500 0.04687500 0.05468753
v -0.04687500 0.06250000 -0.07031253
v -0.05468789 0.06250000 0.06250000
v -0.04687500 0.06250000 0.05504704
v -0.04687500 0.07812500 -0.07027147
v -0.04687500 0.06995327 0.06250000
v -0.04687500 0.07812500 0.07031219
v -0.04687500 0.08589647 -0.06250000
v -0.04687500 0.09375000 -0.05329317
v -0.04687500 0.09375000 0.07030371
v -0.04687500 0.10016817 -0.04687500
v -0.04687500 0.10937500 -0.03906236
v -0.05480315 0.10937500 0.07812500
v -0.04687500 0.10937500 0.07031465
v -0.05476731 0.12500000 -0.03125000
v -0.04687500 0.11718892 -0.03125000
v -0.04687500 0.12500000 -0.02343874
v -0.04687500 0.11722903 0.07812500
v -0.04687500 0.12500000 0.08589365
v -0.05486237 0.14062500 -0.01562500
v -0.04687500 0.13281238 -0.01562500
v -0.04687500 0.14062500 -0.00772497
v -0.04687500 0.14062500 0.08593749
v -0.05469104 0.15625000 0.00000000
v -0.04687500 0.14834978 0.00000000
v -0.04687500 0.15625000 0.00781253
v -0.04687500 0.15625000 0.08593749
v -0.04687500 0.17187500 0.01340080
v -0.04687500 0.17187500 0.08593366
v -0.05468749 0.18750000 0.01562500
v -0.04687500 0.17409920 0.01562500
v -0.04687500 0.18750000 0.02343748
v -0.04687500 0.18750000 0.08580920
v -0.05996337 0.20312500 0.01562500
v -0.04687500 0.20312500 0.02557853
v -0.04687500 0.20312500 0.07918533
v -0.05469027 0.21875000 0.03125000
v -0.04687500 0.20879648 0.03125000
v -0.04687500 0.21875000 0.03906488
v -0.04687500 0.20540228 0.07812500
v -0.04687500 0.21875000 0.07345166
v -0.04687500 0.22656014 0.04687500
v -0.05128777 0.23437500 0.06250000
v -0.04687500 0.23437500 0.05809516
v -0.04687500 0.23437500 0.06700659
v -0.04687500 0.23877983 0.06250000
v -0.04631111 -0.12500000 -0.04687500
v -0.03125000 -0.13280951 -0.03125000
v -0.03125000 -0.12500000 -0.03933860
v -0.03125000 -0.12942976 -0.01562500
v -0.03125000 -0.12500000 -0.01119524
v -0.03125000 -0.11746658 -0.04687500
v -0.03125000 -0.10937500 -0.05469260
v -0.03125000 -0.11714749 0.00000000
v -0.03125000 -0.10937500 0.00777249
v -0.03125000 -0.10156750 -0.06250000
v -0.03125000 -0.09375000 -0.07031240
v -0.04171456 -0.09375000 0.01562500
v -0.03125000 -0.09375000 0.00781249
v -0.04126306 -0.07812500 -0.07812500
v -0.03125000 -0.07812500 -0.07031266
v -0.03125000 -0.08542976 0.01562500
v -0.03125000 -0.07812500 0.02292976
v -0.03704589 -0.06250000 -0.07812500
v -0.03125000 -0.06250000 -0.07232911
v -0.03125000 -0.06250000 0.02343541
v -0.03125000 -0.05654247 -0.07812500
v -0.03125000 -0.04687500 -0.08576530
v -0.03125000 -0.04687500 0.02353221
v -0.03125000 -0.03125000 -0.08593743
v -0.03125000 -0.03914820 0.03125000
v -0.03125000 -0.03125000 0.03905349
v -0.03125000 -0.01562500 -0.08593750
v -0.03125000 -0.01562500 0.03906250
v -0.03125000 0.00000000 -0.08593750
v -0.03125000 0.00000000 0.03995853
v -0.03125000 0.01562500 -0.08593750
v -0.03125000 0.00691677 0.04687500
v -0.03125000 0.01562500 0.05468720
v -0.03830834 0.03125000 -0.07812500
v -0.03125000 0.02419167 -0.07812500
v -0.03125000 0.03125000 -0.07106668
v -0.03125000 0.03125000 0.05468750
v -0.03125000 0.04687500 -0.07031250
v -0.03125000 0.04687500 0.05469208
v -0.03125000 0.06250000 -0.07031250
v -0.03125000 0.06250000 0.06172774
v -0.03909340 0.07812500 -0.06250000
v -0.03125000 0.07032263 -0.06250000
v -0.03125000 0.07812500 -0.05469763
v -0.03125000 0.06327449 0.06250000
v -0.03125000 0.07812500 0.07030061
v -0.04045630 0.09375000 -0.04687500
v -0.03125000 0.08593805 -0.04687500
v -0.03125000 0.09375000 -0.03906305
v -0.03125000 0.09375000 0.06683837
v -0.03846681 0.10937500 -0.03125000
v -0.03125000 0.10215833 -0.03125000
v -0.03125000 0.10937500 -0.02403333
v -0.03125000 0.10937500 0.06575933
v -0.03891674 0.12500000 -0.01562500
v -0.03125000 0.11733358 -0.01562500
v -0.03125000 0.12500000 -0.00795801
v -0.03910634 0.12500000 0.07812500
v -0.03125000 0.12500000 0.07026506
v -0.03915006 0.14062500 0.00000000
v -0.03125000 0.13281211 0.00000000
v -0.03125000 0.14062500 0.01200568
v -0.03209905 0.14062500 0.07812500
v -0.03125000 0.14062500 0.07727595
v -0.03906254 0.15625000 0.01562500
v -0.03125000 0.14424420 0.01562500
v -0.03125000 0.15625000 0.02375697
v -0.03125000 0.14147479 0.07812500
v -0.03125000 0.15625000 0.08593391
v -0.04465080 0.17187500 0.01562500
v -0.03842295 0.17187500 0.03125000
v -0.03125000 0.16438365 0.03125000
v -0.03125000 0.17187500 0.03842295
v -0.03125000 0.17187500 0.08578779
v -0.03906250 0.18750000 0.03125000
v -0.03125000 0.18750000 0.03906981
v -0.03919080 0.18750000 0.07812500
v -0.03125000 0.17953779 0.07812500
v -0.03125000 0.18750000 0.07031248
v -0.04120353 0.20312500 0.03125000
v -0.03906250 0.20312500 0.04687500
v -0.03125000 0.19530519 0.04687500
v -0.03125000 0.20312500 0.05471995
v -0.04581467 0.20312500 0.07812500
v -0.03125000 0.20312500 0.07028005
v -0.03906488 0.21875000 0.04687500
v -0.03906266 0.21875000 0.06250000
v -0.03125000 0.21090505 0.06250000
v -0.04247017 0.23437500 0.06250000
v -0.01562500 -0.13279842 -0.03125000
v -0.01562500 -0.12500000 -0.03905170
v -0.02682024 -0.12500000 -0.01562500
v -0.01562500 -0.12500000 -0.02345158
v -0.01562500 -0.11719031 -0.04687500
v -0.01562500 -0.10937500 -0.05468703
v -0.01562500 -0.11718748 -0.01562500
v -0.01562500 -0.11675579 0.00000000
v -0.01562500 -0.10937500 0.00738079
v -0.01562500 -0.10134454 -0.06250000
v -0.01562500 -0.09375000 -0.07009454
v -0.01562500 -0.09375000 0.00781081
v -0.01562500 -0.07812500 -0.07031250
v -0.02394524 -0.07812500 0.01562500
v -0.01562500 -0.07812500 0.00781249
v -0.01562500 -0.06250000 -0.07031250
v -0.01562500 -0.06984278 0.01562500
v -0.01562500 -0.06250000 0.02296778
v -0.02360970 -0.04687500 -0.07812500
v -0.01562500 -0.04687500 -0.07031250
v -0.01562500 -0.04687500 0.02343747
v -0.02343733 -0.03125000 -0.07812500
v -0.01562500 -0.03125000 -0.07031274
v -0.01562500 -0.03905438 0.03125000
v -0.01562500 -0.03125000 0.03905438
v -0.02145886 -0.01562500 -0.07812500
v -0.01562500 -0.01562500 -0.07229114
v -0.01562500 -0.01562500 0.03906250
v -0.01562500 -0.00979087 -0.07812500
v -0.01562500 0.00000000 -0.08593722
v -0.02366304 0.00000000 0.04687500
v -0.01562500 -0.00713978 0.04687500
v -0.01562500 0.00000000 0.05401478
v -0.01562500 0.01562500 -0.08588978
v -0.01562500 0.01562500 0.05468750
v -0.01562500 0.02338978 -0.07812500
v -0.01562500 0.03125000 -0.07031250
v -0.01562500 0.03125000 0.05468750
v -0.01562500 0.04687500 -0.07031250
v -0.01562500 0.04687500 0.05470585
v -0.02333358 0.06250000 -0.06250000
v -0.01562500 0.05479141 -0.06250000
v -0.01562500 0.06250000 -0.05479142
v -0.02999610 0.06250000 0.06250000
v -0.01562500 0.05664847 0.06250000
v -0.01562500 0.06250000 0.06833434
v -0.01562500 0.07812500 -0.05468750
v -0.01562500 0.07812500 0.07030487
v -0.01562500 0.08593750 -0.04687500
v -0.01562500 0.09375000 -0.03906250
v -0.02533478 0.09375000 0.06250000
v -0.01562500 0.08769802 0.06250000
v -0.01562500 0.09375000 0.05645526
v -0.01562500 0.10156251 -0.03125000
v -0.01562500 0.10937500 -0.02327031
v -0.02799044 0.10937500 0.06250000
v -0.01562500 0.10937500 0.05468778
v -0.01562500 0.11702031 -0.01562500
v -0.02341827 0.12500000 0.00000000
v -0.01562500 0.11720729 0.00000000
v -0.01562500 0.12500000 0.00781742
v -0.02347544 0.12500000 0.06250000
v -0.01562500 0.12500000 0.05156437
v -0.02763080 0.14062500 0.01562500
v -0.01562500 0.13278779 0.01562500
v -0.02343915 0.14062500 0.03125000
v -0.01562500 0.13279252 0.03125000
v -0.02343162 0.14062500 0.04687500
v -0.01562500 0.12968631 0.04687500
v -0.02263698 0.14062500 0.06250000
v -0.02375697 0.15625000 0.03125000
v -0.02343739 0.15625000 0.04687500
v -0.01562500 0.14806344 0.06250000
v -0.01562500 0.15625000 0.05511596
v -0.02343510 0.15625000 0.07812500
v -0.01562500 0.15625000 0.06988991
v -0.02343750 0.17187500 0.04687500
v -0.02334581 0.17187500 0.06250000
v -0.01562500 0.16372541 0.06250000
v -0.02358721 0.17187500 0.07812500
v -0.02344481 0.18750000 0.04687500
v -0.02343752 0.18750000 0.06250000
v -0.02346995 0.20312500 0.06250000
v 0.00000000 -0.13270421 -0.03125000
v 0.00000000 -0.12500000 -0.03895421
v 0.00000000 -0.12500000 -0.02354579
v 0.00000000 -0.11649250 -0.04687500
v 0.00000000 -0.10937500 -0.05399250
v 0.00000000 -0.11718727 -0.01562500
v -0.00824421 -0.10937500 0.00000000
v 0.00000000 -0.10937500 -0.00781273
v -0.00803041 -0.09375000 -0.06250000
v 0.00000000 -0.09375000 -0.05468756
v 0.00000000 -0.10056640 0.00000000
v 0.00000000 -0.09375000 0.00681640
v -0.00763945 -0.07812500 -0.06250000
v 0.00000000 -0.07812500 -0.05486055
v 0.00000000 -0.07812500 0.00780963
v 0.00000000 -0.07000474 -0.06250000
v 0.00000000 -0.06250000 -0.06983211
v -0.00828222 -0.06250000 0.01562500
v 0.00000000 -0.06250000 0.00781249
v 0.00000000 -0.04687500 -0.07031218
v 0.00000000 -0.05468592 0.01562500
v 0.00000000 -0.04687500 0.02343592
v 0.00000000 -0.03125000 -0.07031250
v 0.00000000 -0.03806746 0.03125000
v 0.00000000 -0.03125000 0.03806746
v 0.00000000 -0.01562500 -0.07031250
v 0.00000000 -0.01562500 0.03906250
v -0.00781274 0.00000000 -0.07812500
v 0.00000000 0.00000000 -0.07031255
v 0.00000000 -0.00734947 0.04687500
v 0.00000000 0.00000000 0.05422447
v -0.00785919 0.01562500 -0.07812500
v 0.00000000 0.01562500 -0.07031353
v 0.00000000 0.01562500 0.05468750
v 0.00000000 0.03125000 -0.07031240
v 0.00000000 0.03125000 0.05468750
v -0.00778797 0.04687500 -0.06250000
v 0.00000000 0.03908693 -0.06250000
v 0.00000000 0.04687500 -0.05471203
v 0.00000000 0.04687500 0.05478929
v 0.00000000 0.06250000 -0.05468750
v 0.00000000 0.05575688 0.06250000
v 0.00000000 0.06250000 0.06914342
v -0.00698055 0.07812500 -0.04687500
v 0.00000000 0.07114445 -0.04687500
v 0.00000000 0.07812500 -0.03989445
v 0.00000000 0.07812500 0.07011548
v 0.00000000 0.09375000 -0.03905212
v 0.00000000 0.08803301 0.06250000
v 0.00000000 0.09375000 0.05696462
v 0.00000000 0.10155212 -0.03125000
v -0.00797544 0.10937500 -0.01562500
v 0.00000000 0.10156676 -0.01562500
v 0.00000000 0.10937500 -0.00780329
v 0.00000000 0.10937500 0.05462556
v 0.00000000 0.11717403 0.00000000
v -0.00783632 0.12500000 0.01562500
v 0.00000000 0.11718838 0.01562500
v -0.00782870 0.12500000 0.03125000
v 0.00000000 0.11719153 0.03125000
v -0.01094360 0.12500000 0.04687500
v 0.00000000 0.11712559 0.04687500
v -0.00824107 0.15625000 0.06250000
v 0.01467620 -0.12500000 -0.03125000
v 0.00712072 -0.10937500 -0.04687500
v 0.01562500 -0.12407560 -0.03125000
v 0.01562500 -0.10937500 -0.03906571
v 0.01562500 -0.11715542 -0.01562500
v 0.01562500 -0.10937500 -0.00784458
v 0.01562500 -0.10156163 -0.04687500
v 0.01562500 -0.09375000 -0.05468339
v 0.00681640 -0.09375000 0.00000000
v 0.01562500 -0.09375000 -0.00781258
v 0.01562500 -0.07812500 -0.05468750
v 0.01562500 -0.08363104 0.00000000
v 0.01562500 -0.07812500 0.00550604
v 0.00733212 -0.06250000 -0.06250000
v 0.01562500 -0.06250000 -0.05468751
v 0.01562500 -0.06250000 0.00780908
v 0.00782217 -0.04687500 -0.06250000
v 0.01562500 -0.04687500 -0.05469749
v 0.01562500 -0.05240167 0.01562500
v 0.01562500 -0.04687500 0.02115167
v 0.00884859 -0.03125000 -0.06250000
v 0.01562500 -0.03125000 -0.05572359
v 0.00681746 -0.03125000 0.03125000
v 0.01562500 -0.03125000 0.02343743
v 0.01562500 -0.02366820 -0.06250000
v 0.01562500 -0.01562500 -0.06950394
v 0.01562500 -0.02343442 0.03125000
v 0.01562500 -0.01562500 0.03905942
v 0.01562500 0.00000000 -0.07031102
v 0.01562500 -0.00457083 0.04687500
v 0.01562500 0.00000000 0.05144583
v 0.01562500 0.01562500 -0.07027684
v 0.01562500 0.01562500 0.05468750
v 0.00783627 0.03125000 -0.06250000
v 0.01562500 0.02342571 -0.06250000
v 0.01562500 0.03125000 -0.05471137
v 0.01562500 0.03125000 0.05468750
v 0.01562500 0.04687500 -0.05468750
v 0.01562500 0.04687500 0.05470549
v 0.00787437 0.06250000 -0.04687500
v 0.01562500 0.05474937 -0.04687500
v 0.01562500 0.06250000 -0.03912437
v 0.00938730 0.06250000 0.06250000
v 0.01562500 0.06250000 0.05735103
v 0.01562500 0.07812500 -0.03906250
v 0.00996908 0.07812500 0.06250000
v 0.01562500 0.07812500 0.05702483
v 0.00780324 0.09375000 -0.03125000
v 0.01562500 0.08593862 -0.03125000
v 0.01562500 0.09375000 -0.02343834
v 0.01562500 0.09375000 0.05469495
v 0.01562500 0.10156222 -0.01562500
v 0.00784697 0.10937500 0.00000000
v 0.01562500 0.10161044 0.00000000
v 0.01562500 0.10937500 0.00780810
v 0.00777027 0.10937500 0.04687500
v 0.01562500 0.10158219 0.04687500
v 0.01562500 0.10937500 0.03150403
v 0.01562500 0.11714396 0.01562500
v 0.01562500 0.10962777 0.03125000
v 0.03125000 -0.11716074 -0.03125000
v 0.03125000 -0.10937500 -0.03903574
v 0.02340542 -0.10937500 -0.01562500
v 0.03125000 -0.10937500 -0.02346426
v 0.02458537 -0.09375000 -0.04687500
v 0.03125000 -0.09375000 -0.04021439
v 0.03125000 -0.10139139 -0.01562500
v 0.03125000 -0.09375000 -0.00798361
v 0.03125000 -0.08706346 -0.04687500
v 0.03125000 -0.07812500 -0.05466101
v 0.02113104 -0.07812500 0.00000000
v 0.03125000 -0.07812500 -0.00781295
v 0.03125000 -0.06250000 -0.05468474
v 0.03125000 -0.06289954 0.00000000
v 0.03125000 -0.06250000 0.00039954
v 0.03125000 -0.04687500 -0.05468009
v 0.02115167 -0.04687500 0.01562500
v 0.03125000 -0.04687500 0.00777870
v 0.03125000 -0.03125000 -0.05468291
v 0.03125000 -0.03839513 0.01562500
v 0.03125000 -0.03125000 0.02277013
v 0.02262894 -0.01562500 -0.06250000
v 0.03125000 -0.01562500 -0.05468749
v 0.02343442 -0.01562500 0.03125000
v 0.03125000 -0.01562500 0.02343745
v 0.02343602 0.00000000 -0.06250000
v 0.03125000 0.00000000 -0.05468751
v 0.03125000 -0.00781239 0.03125000
v 0.02019583 0.00000000 0.04687500
v 0.03125000 0.00000000 0.03906239
v 0.02340184 0.01562500 -0.06250000
v 0.03125000 0.01562500 -0.05468750
v 0.03125000 0.00783564 0.04687500
v 0.03125000 0.01562500 0.05466436
v 0.03125000 0.03125000 -0.05468708
v 0.03125000 0.03125000 0.05468748
v 0.02346050 0.04687500 -0.04687500
v 0.03125000 0.03908508 -0.04687500
v 0.03125000 0.04687500 -0.03908550
v 0.03125000 0.04687500 0.05468750
v 0.03125000 0.06250000 -0.03906250
v 0.03125000 0.06250000 0.05468750
v 0.03125000 0.07812500 -0.03905958
v 0.03125000 0.07812500 0.05468750
v 0.03125000 0.08593458 -0.03125000
v 0.02956356 0.09375000 -0.01562500
v 0.03125000 0.09206367 -0.01562500
v 0.03125000 0.09375000 -0.01393864
v 0.03125000 0.09375000 0.05335724
v 0.03125000 0.10156243 0.00000000
v 0.02342208 0.10937500 0.01562500
v 0.03125000 0.10159061 0.01562500
v 0.01587778 0.10937500 0.03125000
v 0.03125000 0.10155913 0.03125000
v 0.03125000 0.10023224 0.04687500
v 0.04065759 -0.10937500 -0.03125000
v 0.04687500 -0.10315947 -0.03125000
v 0.04687500 -0.09375000 -0.03903771
v 0.03889139 -0.09375000 -0.01562500
v 0.04687500 -0.09375000 -0.02346229
v 0.03903602 -0.07812500 -0.04687500
v 0.04687500 -0.07812500 -0.03906171
v 0.04687500 -0.07828546 -0.01562500
v 0.04687500 -0.07812500 -0.01546454
v 0.03905984 -0.06250000 -0.04687500
v 0.04687500 -0.06250000 -0.03906257
v 0.03164954 -0.06250000 0.00000000
v 0.04687500 -0.06250000 -0.00825234
v 0.03905537 -0.04687500 -0.04687500
v 0.04687500 -0.04687500 -0.03906278
v 0.03902870 -0.04687500 0.00000000
v 0.04687500 -0.04687500 -0.00782907
v 0.03905985 -0.03125000 -0.04687500
v 0.04687500 -0.03125000 -0.03906445
v 0.04687500 -0.03761363 0.00000000
v 0.03839513 -0.03125000 0.01562500
v 0.04687500 -0.03125000 0.00636363
v 0.03917216 -0.01562500 -0.04687500
v 0.04687500 -0.01562500 -0.03917217
v 0.03906245 -0.01562500 0.01562500
v 0.04687500 -0.01562500 0.00781221
v 0.04687500 -0.00121190 -0.04687500
v 0.04687500 0.00000000 -0.04805588
v 0.04687500 -0.00781208 0.01562500
v 0.03906239 0.00000000 0.03125000
v 0.04687500 0.00000000 0.02343708
v 0.03908078 0.01562500 -0.04687500
v 0.04687500 0.00118600 -0.04687500
v 0.04687500 0.01562500 -0.03908078
v 0.04687500 0.00781313 0.03125000
v 0.03903936 0.01562500 0.04687500
v 0.04687500 0.01562500 0.03906187
v 0.03906208 0.03125000 -0.04687500
v 0.04687500 0.03125000 -0.03906250
v 0.04464069 0.03125000 0.04687500
v 0.04687500 0.03125000 0.04464067
v 0.04687500 0.04687500 -0.03906250
v 0.04687500 0.03440801 0.04687500
v 0.04687500 0.04687500 0.05307998
v 0.04687500 0.06250000 -0.03888082
v 0.03906250 0.06250000 0.04687500
v 0.04687500 0.05307998 0.04687500
v 0.04687500 0.06250000 0.03905671
v 0.03905958 0.07812500 -0.03125000
v 0.04687500 0.07013082 -0.03125000
v 0.04687500 0.07812500 -0.02343747
v 0.03906250 0.07812500 0.04687500
v 0.04687500 0.07812500 0.03905861
v 0.04687500 0.08593747 -0.01562500
v 0.03939813 0.09375000 0.00000000
v 0.04687500 0.08627320 0.00000000
v 0.04687500 0.09375000 0.00898497
v 0.03936443 0.09375000 0.03125000
v 0.04687500 0.08623905 0.03125000
v 0.04687500 0.09375000 0.02223541
v 0.03773224 0.09375000 0.04687500
v 0.04687500 0.10006399 0.01562500
v 0.05466271 -0.09375000 -0.03125000
v 0.05485359 -0.07812500 -0.03125000
v 0.04703546 -0.07812500 -0.01562500
v 0.05778465 -0.06250000 -0.03125000
v 0.05424766 -0.06250000 -0.01562500
v 0.06250000 -0.05651734 -0.03125000
v 0.06250000 -0.04687500 -0.03766546
v 0.05467093 -0.04687500 -0.01562500
v 0.06250000 -0.04687500 -0.02483454
v 0.06250000 -0.03125000 -0.03899750
v 0.05468746 -0.03125000 -0.01562500
v 0.06250000 -0.03125000 -0.02350250
v 0.05323863 -0.03125000 0.00000000
v 0.06250000 -0.01562500 -0.03906233
v 0.06250000 -0.02343567 -0.01562500
v 0.05468721 -0.01562500 0.00000000
v 0.06250000 -0.01562500 -0.00781433
v 0.04805588 0.00000000 -0.04687500
v 0.06250000 0.00000000 -0.03906250
v 0.06250000 -0.00781130 0.00000000
v 0.05468708 0.00000000 0.01562500
v 0.06250000 0.00000000 0.00781130
v 0.06250000 0.01562500 -0.03906249
v 0.06250000 0.00798917 0.01562500
v 0.05468687 0.01562500 0.03125000
v 0.06250000 0.01562500 0.02326083
v 0.06250000 0.03125000 -0.03900258
v 0.05468745 0.03125000 0.03125000
v 0.06250000 0.03125000 0.02263014
v 0.05469067 0.04687500 -0.03125000
v 0.06250000 0.03900575 -0.03125000
v 0.06250000 0.04687500 -0.02344064
v 0.05468750 0.04687500 0.01562500
v 0.06250000 0.03825514 0.01562500
v 0.06250000 0.04687500 0.00781182
v 0.05468727 0.04687500 0.03125000
v 0.05307998 0.04687500 0.04687500
v 0.05450582 0.06250000 -0.03125000
v 0.06250000 0.06250000 -0.02332560
v 0.05468750 0.06250000 0.01562500
v 0.06250000 0.06250000 0.00780857
v 0.05468171 0.06250000 0.03125000
v 0.05468797 0.07812500 -0.01562500
v 0.06250000 0.07020110 -0.01562500
v 0.05812455 0.07812500 0.00000000
v 0.06250000 0.07374638 0.00000000
v 0.05468749 0.07812500 0.01562500
v 0.05468361 0.07812500 0.03125000
v 0.05318899 0.09375000 0.01562500
v 0.06891546 -0.04687500 -0.03125000
v 0.07024750 -0.03125000 -0.03125000
v 0.07031233 -0.01562500 -0.03125000
v 0.07031067 -0.01562500 -0.01562500
v 0.07103102 0.00000000 -0.03125000
v 0.07588453 0.00000000 -0.01562500
v 0.07031130 0.00000000 0.00000000
v 0.07031307 0.01562500 -0.03125000
v 0.07812500 0.00267434 -0.01562500
v 0.07812500 0.01562500 -0.02262085
v 0.07031247 0.01562500 0.00000000
v 0.07812500 0.01562500 -0.00862972
v 0.07013583 0.01562500 0.01562500
v 0.07025258 0.03125000 -0.03125000
v 0.07085449 0.03125000 -0.01562500
v 0.07812500 0.02316026 -0.01562500
v 0.07031236 0.03125000 0.00000000
v 0.06950514 0.03125000 0.01562500
v 0.07031268 0.04687500 -0.01562500
v 0.07031182 0.04687500 0.00000000
v 0.07020060 0.06250000 -0.01562500
v 0.07030857 0.06250000 0.00000000
v 0.08512028 0.01562500 -0.01562500
v -0.05923118 0.07812500 0.07812500
v -0.04687500 0.07146442 0.07812500
v -0.04687500 0.07812500 0.07156778
v -0.04687500 0.07812500 0.08468222
v -0.04687500 0.08468222 0.07812500
v -0.03576316 0.07812500 0.07812500
v 0.02577217 0.03125000 0.06250000
v 0.03125000 0.02577217 0.06250000
v 0.03125000 0.03125000 0.05702217
v 0.03125000 0.03125000 0.06797783
v 0.02363205 0.04687500 0.06250000
v 0.03125000 0.04687500 0.05488205
v 0.03125000 0.04687500 0.07055211
v 0.02345027 0.06250000 0.06250000
v 0.03125000 0.06250000 0.05470027
v 0.02176288 0.06250000 0.07812500
v 0.03125000 0.05425443 0.07812500
v 0.03125000 0.06250000 0.08593675
v 0.03125000 0.07069393 0.06250000
v 0.03125000 0.07031176 0.07812500
v 0.04486319 0.01562500 0.06250000
v 0.04687500 0.01361319 0.06250000
v 0.04687500 0.01562500 0.06048819
v 0.04687500 0.01562500 0.06451181
v 0.04687500 0.03125000 0.05468912
v 0.04687500 0.03125000 0.07031097
v 0.04687500 0.04687500 0.05468750
v 0.03942857 0.04687500 0.07812500
v 0.04687500 0.03986023 0.07812500
v 0.04687500 0.04687500 0.08513968
v 0.03920179 0.06250000 0.04687500
v 0.04687500 0.05482679 0.04687500
v 0.04687500 0.06250000 0.03920179
v 0.04687500 0.06250000 0.08593655
v 0.03906618 0.07812500 0.04687500
v 0.04687500 0.07812500 0.03906618
v 0.03866937 0.07812500 0.06250000
v 0.04687500 0.07031445 0.07812500
v 0.04687500 0.07812500 0.07031436
v 0.04687500 0.08597357 0.04687500
v 0.04687500 0.08597416 0.06250000
v 0.06250000 0.00800572 0.06250000
v 0.06250000 0.01562500 0.05488072
v 0.06250000 0.01562500 0.07011928
v 0.05508962 0.03125000 0.03125000
v 0.06250000 0.02383962 0.03125000
v 0.06250000 0.03125000 0.02383962
v 0.05469131 0.03125000 0.04687500
v 0.06250000 0.02344131 0.04687500
v 0.06250000 0.03125000 0.07031789
v 0.05608381 0.04687500 0.01562500
v 0.06250000 0.04045881 0.01562500
v 0.06250000 0.04687500 0.00920881
v 0.05469521 0.04687500 0.03125000
v 0.05468752 0.04687500 0.04687500
v 0.06250000 0.03908924 0.07812500
v 0.06250000 0.04687500 0.08590534
v 0.05471237 0.06250000 0.01562500
v 0.06250000 0.06250000 0.00783737
v 0.05468761 0.06250000 0.03125000
v 0.06250000 0.06250000 0.08589526
v 0.05468789 0.07812500 0.01562500
v 0.06250000 0.07812500 0.00781289
v 0.05468750 0.07812500 0.03125000
v 0.06250000 0.07027100 0.07812500
v 0.06250000 0.07812500 0.07031324
v 0.06250000 0.08593721 0.01562500
v 0.06026980 0.09375000 0.03125000
v 0.06250000 0.09375000 0.02901975
v 0.05466690 0.09375000 0.04687500
v 0.05470780 0.09375000 0.06250000
v 0.06250000 0.09375000 0.07025450
v 0.06250000 0.09598020 0.03125000
v 0.06250000 0.10154337 0.04687500
v 0.06250000 0.10150571 0.06250000
v 0.07647784 -0.10937500 -0.03125000
v 0.07812500 -0.11102216 -0.03125000
v 0.07812500 -0.10937500 -0.03289716
v 0.07812500 -0.10937500 -0.02960284
v 0.07812500 -0.10768917 -0.03125000
v 0.07063087 0.01562500 0.01562500
v 0.07812500 0.00813087 0.01562500
v 0.07812500 0.01562500 0.00721930
v 0.07136829 0.01562500 0.03125000
v 0.07812500 0.00886829 0.03125000
v 0.07121770 0.01562500 0.04687500
v 0.07812500 0.00871770 0.04687500
v 0.07812500 0.00781939 0.06250000
v 0.07812500 0.01562500 0.07030561
v 0.07048284 0.03125000 0.00000000
v 0.07812500 0.02269720 0.00000000
v 0.07812500 0.03125000 -0.00764216
v 0.07031555 0.03125000 0.01562500
v 0.07812500 0.03125000 0.07039705
v 0.07032326 0.04687500 0.00000000
v 0.07812500 0.04687500 -0.00780174
v 0.07812500 0.03897945 0.07812500
v 0.07812500 0.04687500 0.08593600
v 0.07037664 0.06250000 0.00000000
v 0.07812500 0.06250000 -0.00774836
v 0.07812500 0.06250000 0.08506428
v 0.07812500 0.07027129 0.00000000
v 0.07812500 0.07812500 0.00778958
v 0.07812500 0.06943945 0.07812500
v 0.07812500 0.07812500 0.07031268
v 0.07812500 0.08593750 0.01562500
v 0.06571986 0.09375000 0.03125000
v 0.07812500 0.08764395 0.03125000
v 0.07812500 0.09375000 0.03736170
v 0.07812500 0.09375000 0.07031247
v 0.07812500 0.10155657 0.04687500
v 0.07812500 0.10156305 0.06250000
v 0.08688578 -0.14062500 0.00000000
v 0.09375000 -0.14748983 0.00000000
v 0.09375000 -0.14062500 -0.00688900
v 0.09375000 -0.14062500 0.00686422
v 0.09375000 -0.13376078 0.00000000
v 0.09375000 -0.11520353 -0.03125000
v 0.09375000 -0.10937500 -0.03697349
v 0.09375000 -0.10937500 -0.02552651
v 0.09375000 -0.10350929 -0.03125000
v 0.09093177 0.00000000 0.06250000
v 0.09375000 -0.00281823 0.06250000
v 0.09375000 0.00000000 0.05968177
v 0.09375000 0.00000000 0.06531823
v 0.08590095 0.01562500 0.00000000
v 0.09375000 0.00868519 0.00000000
v 0.09375000 0.01562500 -0.00693986
v 0.09375000 0.00786829 0.01562500
v 0.09375000 0.00788933 0.03125000
v 0.09375000 0.00785659 0.04687500
v 0.09375000 0.01562500 0.07031220
v 0.09375000 0.03125000 -0.00781091
v 0.09375000 0.03125000 0.07180873
v 0.09375000 0.04687500 -0.00781237
v 0.09375000 0.03756634 0.07812500
v 0.09375000 0.04687500 0.08593743
v 0.09375000 0.06250000 -0.00776151
v 0.09375000 0.06250000 0.07995044
v 0.09375000 0.07031013 0.00000000
v 0.09375000 0.07812500 0.00776389
v 0.09375000 0.06432662 0.07812500
v 0.09375000 0.07812500 0.07031535
v 0.09375000 0.08593749 0.01562500
v 0.09375000 0.08602272 0.03125000
v 0.09375000 0.09375000 0.03914464
v 0.09375000 0.09375000 0.07020149
v 0.09375000 0.10139516 0.04687500
v 0.09375000 0.10145150 0.06250000
v 0.10195696 -0.15625000 0.00000000
v 0.10937500 -0.16366743 0.00000000
v 0.10937500 -0.15625000 -0.00741743
v 0.10164639 -0.15625000 0.01562500
v 0.10937500 -0.16397861 0.01562500
v 0.10937500 -0.15625000 0.02335361
v 0.10154306 -0.14062500 -0.01562500
v 0.10937500 -0.14843180 -0.01562500
v 0.10937500 -0.14062500 -0.02343184
v 0.10937500 -0.14852139 0.01562500
v 0.10937500 -0.14062500 0.00717657
v 0.10156377 -0.12500000 -0.03125000
v 0.10937500 -0.13269857 -0.03125000
v 0.10937500 -0.12500000 -0.03894854
v 0.10937500 -0.13281820 -0.01562500
v 0.10937500 -0.12500000 -0.02355146
v 0.10937500 -0.13344843 0.00000000
v 0.10937500 -0.10937500 -0.03278999
v 0.10937500 -0.10937500 -0.02971001
v 0.10937500 -0.10780200 -0.03125000
v 0.10937500 -0.00685631 0.06250000
v 0.10937500 0.00000000 0.05564369
v 0.10937500 0.00000000 0.06935631
v 0.10130239 0.01562500 0.00000000
v 0.10937500 0.00959442 0.01562500
v 0.10937500 0.01562500 0.00900089
v 0.10937500 0.00782924 0.03125000
v 0.10937500 0.00781435 0.04687500
v 0.10937500 0.01562500 0.07031248
v 0.10937500 0.02284044 0.00000000
v 0.10937500 0.03125000 -0.00779458
v 0.10261129 0.03125000 0.07812500
v 0.10937500 0.02591873 0.07812500
v 0.10937500 0.03125000 0.08345627
v 0.10937500 0.04687500 -0.00781244
v 0.10937500 0.04687500 0.08593667
v 0.10937500 0.06250000 -0.00757249
v 0.10937500 0.06250000 0.08488732
v 0.10937500 0.07010403 0.00000000
v 0.10937500 0.07812500 0.00778108
v 0.10937500 0.06928401 0.07812500
v 0.10937500 0.07812500 0.07033458
v 0.10937500 0.08593735 0.01562500
v 0.10937500 0.08601693 0.03125000
v 0.10173650 0.09375000 0.04687500
v 0.10937500 0.08627868 0.04687500
v 0.10185973 0.09375000 0.06250000
v 0.10937500 0.08634552 0.06250000
v 0.12500000 -0.16405850 0.00000000
v 0.12500000 -0.15625000 -0.00783422
v 0.12500000 -0.16384314 0.01562500
v 0.11721192 -0.15625000 0.03125000
v 0.12500000 -0.16403808 0.03125000
v 0.12500000 -0.15625000 0.03903808
v 0.12500000 -0.14846210 -0.01562500
v 0.12500000 -0.14062500 -0.03065739
v 0.12500000 -0.14865686 0.01562500
v 0.12500000 -0.14062500 0.00714099
v 0.12500000 -0.14395411 0.03125000
v 0.12500000 -0.14001375 -0.03125000
v 0.12500000 -0.12500000 -0.03893553
v 0.12197036 -0.12500000 -0.01562500
v 0.12500000 -0.13348401 0.00000000
v 0.12500000 -0.12500000 -0.01259536
v 0.11551205 -0.10937500 -0.03125000
v 0.12500000 -0.11169781 -0.03125000
v 0.12500000 -0.12197036 -0.01562500
v 0.11960984 0.00000000 0.06250000
v 0.11570174 0.01562500 0.01562500
v 0.12500000 0.00825797 0.03125000
v 0.12500000 0.01562500 0.02357369
v 0.12500000 0.00781346 0.04687500
v 0.12500000 0.00455750 0.06250000
v 0.12500000 0.01562500 0.07031249
v 0.12500000 0.03100079 0.00000000
v 0.12500000 0.03125000 -0.00024910
v 0.12500000 0.02315933 0.01562500
v 0.12500000 0.02385091 0.07812500
v 0.12500000 0.03125000 0.08552409
v 0.12500000 0.04687500 -0.00691731
v 0.12500000 0.04687500 0.08593732
v 0.12500000 0.06250000 -0.00241645
v 0.12500000 0.06250000 0.08564738
v 0.12500000 0.06492115 0.00000000
v 0.12500000 0.07812500 0.00819616
v 0.12500000 0.07002638 0.07812500
v 0.12500000 0.07812500 0.07031650
v 0.12500000 0.08554488 0.01562500
v 0.12500000 0.08593750 0.03125000
v 0.12500000 0.08594921 0.04687500
v 0.12500000 0.08597343 0.06250000
v 0.13326157 -0.17187500 0.01562500
v 0.14062500 -0.17923843 0.01562500
v 0.14062500 -0.17187500 0.00150263
v 0.14062500 -0.17187500 0.02298843
v 0.13280922 -0.15625000 -0.01562500
v 0.14062500 -0.16404004 -0.01562500
v 0.14062500 -0.15625000 -0.02341504
v 0.14062500 -0.17051424 0.00000000
v 0.14062500 -0.16404553 0.03125000
v 0.14062500 -0.15625000 0.03904553
v 0.12699742 -0.14062500 -0.03125000
v 0.14062500 -0.14393600 -0.03125000
v 0.14062500 -0.14062500 -0.03456100
v 0.14062500 -0.14852336 0.01562500
v 0.14062500 -0.14062500 0.00719703
v 0.13314864 -0.14062500 0.03125000
v 0.14062500 -0.14062500 0.02815643
v 0.14062500 -0.14062500 0.03434357
v 0.14062500 -0.12500000 -0.03895603
v 0.14062500 -0.13342797 0.00000000
v 0.14062500 -0.12500000 -0.01130143
v 0.14062500 -0.13753143 0.03125000
v 0.13345478 -0.10937500 -0.03125000
v 0.14062500 -0.10937500 -0.03320904
v 0.14062500 -0.12067643 -0.01562500
v 0.14062500 -0.10937500 -0.02929096
v 0.14062500 -0.10741481 -0.03125000
v 0.14062500 0.00869693 0.03125000
v 0.14062500 0.01562500 0.02431860
v 0.14062500 0.00782829 0.04687500
v 0.14062500 0.00778981 0.06250000
v 0.14062500 0.01562500 0.07031243
v 0.12524937 0.03125000 0.00000000
v 0.14062500 0.02539397 0.01562500
v 0.14062500 0.03125000 0.00976805
v 0.14062500 0.02343810 0.07812500
v 0.14062500 0.03125000 0.08593683
v 0.13192229 0.04687500 0.00000000
v 0.14062500 0.04687500 0.00780752
v 0.14062500 0.04687500 0.08593750
v 0.12741760 0.06250000 0.00000000
v 0.14062500 0.06250000 0.00781031
v 0.14062500 0.06250000 0.08590737
v 0.13463265 0.07812500 0.01562500
v 0.14062500 0.07249965 0.01562500
v 0.14062500 0.07812500 0.02125275
v 0.14062500 0.07028245 0.07812500
v 0.14062500 0.07812500 0.07031242
v 0.14062500 0.08593489 0.03125000
v 0.14062500 0.08596199 0.04687500
v 0.14062500 0.08595494 0.06250000
v 0.14197928 -0.17187500 0.00000000
v 0.15625000 -0.17968481 0.00000000
v 0.15625000 -0.17187500 -0.00781096
v 0.15625000 -0.17968720 0.01562500
v 0.15625000 -0.17187500 0.02377920
v 0.15625000 -0.16398264 -0.01562500
v 0.15625000 -0.15625000 -0.02335654
v 0.15625000 -0.16432628 0.03125000
v 0.15625000 -0.15625000 0.03898416
v 0.14397771 -0.14062500 -0.03125000
v 0.15625000 -0.14062500 -0.02347743
v 0.15625000 -0.14846705 0.01562500
v 0.15625000 -0.14062500 0.00740401
v 0.15625000 -0.14062500 0.02633233
v 0.15625000 -0.14062500 0.03616767
v 0.15357672 -0.12500000 -0.03125000
v 0.15625000 -0.12500000 -0.02679527
v 0.15625000 -0.13322099 0.00000000
v 0.15625000 -0.12500000 -0.01039145
v 0.15625000 -0.13570733 0.03125000
v 0.14679041 -0.10937500 -0.03125000
v 0.15625000 -0.11976645 -0.01562500
v 0.15312379 0.01562500 0.03125000
v 0.15625000 0.01483472 0.04687500
v 0.15625000 0.01562500 0.04357873
v 0.15625000 0.00783770 0.06250000
v 0.15625000 0.01562500 0.07028624
v 0.14852527 0.03125000 0.01562500
v 0.15625000 0.01822175 0.03125000
v 0.15625000 0.03125000 0.02139710
v 0.15625000 0.02343697 0.07812500
v 0.15625000 0.03125000 0.08593751
v 0.15625000 0.03702245 0.01562500
v 0.15625000 0.04687500 0.00781422
v 0.15625000 0.04687500 0.08593751
v 0.15625000 0.06250000 0.00781441
v 0.15625000 0.06250000 0.08593746
v 0.15625000 0.07038143 0.01562500
v 0.15625000 0.07812500 0.02356736
v 0.15625000 0.07031378 0.07812500
v 0.15625000 0.07812500 0.07031358
v 0.15625000 0.08573683 0.03125000
v 0.15625000 0.08633068 0.04687500
v 0.15625000 0.08595069 0.06250000
v 0.17035439 -0.17187500 -0.01562500
v 0.17187500 -0.17339520 -0.01562500
v 0.17187500 -0.17187500 -0.01714520
v 0.17187500 -0.17973629 0.00000000
v 0.17187500 -0.18041396 0.01562500
v 0.16385899 -0.17187500 0.03125000
v 0.17187500 -0.17954885 0.03125000
v 0.17187500 -0.17187500 0.03892385
v 0.17187500 -0.15625000 -0.02238419
v 0.17187500 -0.15625000 0.03891342
v 0.17187500 -0.14062500 -0.02260352
v 0.16933673 -0.14062500 0.01562500
v 0.16534964 -0.14062500 0.03125000
v 0.17187500 -0.14460836 0.03125000
v 0.17187500 -0.14062500 0.02141621
v 0.17187500 -0.12500000 -0.02159988
v 0.17187500 -0.13467934 0.00000000
v 0.17187500 -0.12500000 -0.00966304
v 0.17187500 -0.13808673 0.01562500
v 0.17187500 -0.11882927 -0.01562500
v 0.15704746 0.01562500 0.04687500
v 0.17187500 0.00808564 0.06250000
v 0.17187500 0.01562500 0.05492355
v 0.17187500 0.01562500 0.07004490
v 0.17187500 0.02340843 0.03125000
v 0.17187500 0.03125000 0.02339461
v 0.17187500 0.02340029 0.04687500
v 0.17187500 0.02343188 0.07812500
v 0.17187500 0.03125000 0.08593783
v 0.17187500 0.03920498 0.01562500
v 0.17187500 0.04687500 0.00800803
v 0.17187500 0.04687500 0.08593760
v 0.17187500 0.06250000 0.01010893
v 0.17187500 0.06250000 0.08593754
v 0.17187500 0.06801608 0.01562500
v 0.16393263 0.07812500 0.03125000
v 0.17187500 0.07038329 0.03125000
v 0.17187500 0.07812500 0.03899171
v 0.16491864 0.07812500 0.07812500
v 0.17187500 0.07812500 0.08508006
v 0.17187500 0.08661375 0.04687500
v 0.17187500 0.08595560 0.06250000
v 0.17187500 0.08508006 0.07812500
v 0.17968263 -0.18750000 0.00000000
v 0.18750000 -0.19526795 0.00000000
v 0.18750000 -0.18750000 -0.00776795
v 0.17896125 -0.18750000 0.01562500
v 0.18750000 -0.19531221 0.01562500
v 0.18750000 -0.18750000 0.02343721
v 0.17378559 -0.17187500 -0.01562500
v 0.18750000 -0.17187500 -0.00880881
v 0.18750000 -0.17928983 0.03125000
v 0.18750000 -0.17187500 0.03866483
v 0.18750000 -0.15977942 -0.01562500
v 0.18750000 -0.15625000 -0.01850267
v 0.18750000 -0.15625000 0.03757380
v 0.18223402 -0.14062500 -0.01562500
v 0.18750000 -0.15070410 -0.01562500
v 0.18750000 -0.14062500 -0.00832665
v 0.18750000 -0.14856735 0.03125000
v 0.18750000 -0.14062500 0.02169789
v 0.17794878 -0.12500000 -0.01562500
v 0.18750000 -0.13564319 0.00000000
v 0.18750000 -0.13579924 0.01562500
v 0.18750000 0.00809900 0.06250000
v 0.18750000 0.01562500 0.05497364
v 0.18750000 0.01562500 0.07009251
v 0.18750000 0.02352455 0.03125000
v 0.18750000 0.03125000 0.02352467
v 0.18750000 0.02343821 0.04687500
v 0.18750000 0.02337089 0.07812500
v 0.18750000 0.03125000 0.08593787
v 0.17949340 0.04687500 0.01562500
v 0.18750000 0.04687500 0.02343608
v 0.18750000 0.04687500 0.08593835
v 0.17739108 0.06250000 0.01562500
v 0.18750000 0.06250000 0.02343811
v 0.18750000 0.06250000 0.08594737
v 0.18750000 0.07031322 0.03125000
v 0.18750000 0.07812500 0.03906115
v 0.18750000 0.07812500 0.08599801
v 0.18750000 0.08625166 0.04687500
v 0.18031325 0.09375000 0.06250000
v 0.18750000 0.09375000 0.05501817
v 0.18750000 0.08593752 0.07812500
v 0.18750000 0.09375000 0.06966882
v 0.18750000 0.10091877 0.06250000
v 0.20312500 -0.19531151 0.00000000
v 0.20312500 -0.18750000 -0.00781481
v 0.20312500 -0.19536210 0.01562500
v 0.20312500 -0.18750000 0.02395086
v 0.20312500 -0.17187500 -0.00796410
v 0.20312500 -0.17904268 0.03125000
v 0.20312500 -0.17187500 0.03791057
v 0.19178260 -0.15625000 -0.01562500
v 0.20312500 -0.15625000 -0.00972619
v 0.19702731 -0.15625000 0.03125000
v 0.20312500 -0.16202106 0.03125000
v 0.20312500 -0.15625000 0.02650930
v 0.19859607 -0.14062500 0.00000000
v 0.20312500 -0.14316149 0.00000000
v 0.19790122 -0.14062500 0.01562500
v 0.20312500 -0.14349112 0.01562500
v 0.20312500 0.00807589 0.06250000
v 0.20312500 0.01562500 0.05495086
v 0.20312500 0.01562500 0.07019067
v 0.20312500 0.02856806 0.03125000
v 0.20312500 0.03125000 0.02856806
v 0.20312500 0.02343752 0.04687500
v 0.20312500 0.02329583 0.07812500
v 0.20312500 0.03125000 0.08593805
v 0.20312500 0.04687500 0.02343765
v 0.20312500 0.04687500 0.08594244
v 0.20312500 0.06250000 0.02343773
v 0.20312500 0.06250000 0.08608578
v 0.20312500 0.07031589 0.03125000
v 0.20312500 0.07812500 0.03905888
v 0.20312500 0.07812500 0.08621064
v 0.20312500 0.08594599 0.04687500
v 0.20312500 0.09375000 0.05499602
v 0.20312500 0.08595212 0.07812500
v 0.20312500 0.09375000 0.07001011
v 0.20312500 0.10124551 0.06250000
v 0.21089367 -0.20312500 0.01562500
v 0.21875000 -0.21093173 0.01562500
v 0.21875000 -0.20312500 0.00692625
v 0.21875000 -0.20312500 0.02343173
v 0.21875000 -0.19620338 0.00000000
v 0.21875000 -0.18750000 -0.00783454
v 0.21689601 -0.18750000 0.03125000
v 0.21875000 -0.18914950 0.03125000
v 0.21875000 -0.18750000 0.03289950
v 0.21875000 -0.17187500 -0.00791262
v 0.21875000 -0.17187500 0.03385919
v 0.21875000 -0.15625000 -0.00790966
v 0.21875000 -0.16903298 0.03125000
v 0.21875000 -0.15625000 0.02382078
v 0.21875000 -0.14849819 0.00000000
v 0.21875000 -0.14842281 0.01562500
v 0.21875000 0.01164725 0.06250000
v 0.21875000 0.01562500 0.05852160
v 0.21875000 0.01562500 0.06649292
v 0.20591693 0.03125000 0.03125000
v 0.21875000 0.02343665 0.04687500
v 0.21875000 0.03125000 0.03887219
v 0.21875000 0.02341755 0.07812500
v 0.21875000 0.03125000 0.08593807
v 0.21875000 0.03890785 0.03125000
v 0.21875000 0.04687500 0.02347318
v 0.21875000 0.04687500 0.08595343
v 0.21875000 0.06250000 0.02344634
v 0.21875000 0.06250000 0.08641346
v 0.21875000 0.07030474 0.03125000
v 0.21875000 0.07812500 0.03906142
v 0.21875000 0.07812500 0.08620467
v 0.21875000 0.08593750 0.04687500
v 0.21259288 0.09375000 0.06250000
v 0.21875000 0.08789306 0.06250000
v 0.21875000 0.08595168 0.07812500
v 0.22567125 -0.20312500 0.00000000
v 0.23437500 -0.21093679 0.00000000
v 0.23437500 -0.20312500 -0.00781952
v 0.23437500 -0.21093750 0.01562500
v 0.23437500 -0.20312500 0.02343750
v 0.23437500 -0.18750000 -0.00795135
v 0.22041592 -0.18750000 0.03125000
v 0.23437500 -0.18750000 0.02348077
v 0.23437500 -0.17187500 -0.00842006
v 0.22140250 -0.17187500 0.03125000
v 0.23437500 -0.17187500 0.02351375
v 0.23437500 -0.15625000 -0.00505485
v 0.23437500 -0.15625000 0.02174806
v 0.23437500 -0.15126008 0.00000000
v 0.23437500 -0.15012669 0.01562500
v 0.22278895 0.01562500 0.06250000
v 0.23437500 0.02343641 0.04687500
v 0.23437500 0.03125000 0.03904246
v 0.23437500 0.02335730 0.06250000
v 0.23437500 0.02343708 0.07812500
v 0.23437500 0.03125000 0.08594211
v 0.23437500 0.03935800 0.03125000
v 0.23437500 0.04687500 0.02375302
v 0.23437500 0.04687500 0.08598674
v 0.23437500 0.06250000 0.02350838
v 0.23437500 0.06250000 0.08646589
v 0.23437500 0.07024511 0.03125000
v 0.23437500 0.07812500 0.03905906
v 0.23437500 0.07812500 0.08598494
v 0.23437500 0.08593744 0.04687500
v 0.23437500 0.08594056 0.06250000
v 0.23437500 0.08595921 0.07812500
v 0.25000000 -0.21104299 0.00000000
v 0.25000000 -0.20312500 -0.00788860
v 0.25000000 -0.21093750 0.01562500
v 0.25000000 -0.20312500 0.02343750
v 0.25000000 -0.18750000 -0.00864956
v 0.25000000 -0.18750000 0.02343750
v 0.25000000 -0.17187500 -0.01143930
v 0.25000000 -0.17187500 0.02343493
v 0.23947263 -0.15625000 0.00000000
v 0.25000000 -0.16395113 0.00000000
v 0.24064452 -0.15625000 0.01562500
v 0.25000000 -0.16391208 0.01562500
v 0.25000000 0.02343575 0.04687500
v 0.25000000 0.03125000 0.03905958
v 0.25000000 0.02343901 0.06250000
v 0.25000000 0.02345241 0.07812500
v 0.25000000 0.03125000 0.08594718
v 0.25000000 0.04078597 0.03125000
v 0.25000000 0.04687500 0.02516376
v 0.25000000 0.04687500 0.08614857
v 0.25000000 0.06250000 0.02374069
v 0.25000000 0.06250000 0.09000922
v 0.25000000 0.07550927 0.03125000
v 0.25000000 0.07812500 0.03370284
v 0.25000000 0.07812500 0.08593601
v 0.25000000 0.08593392 0.04687500
v 0.25000000 0.08593751 0.06250000
v 0.25000000 0.08593535 0.07812500
v 0.25771508 -0.21875000 0.00000000
v 0.26562500 -0.22655436 0.00000000
v 0.26562500 -0.21875000 -0.01108606
v 0.26562500 -0.21875000 0.00793246
v 0.26562500 -0.20312500 -0.01186110
v 0.26562500 -0.21106504 0.01562500
v 0.26562500 -0.20312500 0.02343694
v 0.26562500 -0.18750000 -0.01177136
v 0.26562500 -0.18750000 0.02343745
v 0.26562500 -0.17187500 -0.00653670
v 0.26562500 -0.17187500 0.02319254
v 0.26562500 -0.16581105 0.00000000
v 0.26562500 -0.16430686 0.01562500
v 0.26562500 0.02346238 0.04687500
v 0.26562500 0.03125000 0.03908146
v 0.26562500 0.02397855 0.06250000
v 0.26562500 0.02587187 0.07812500
v 0.26562500 0.03125000 0.08352534
v 0.26562500 0.04055078 0.03125000
v 0.26562500 0.04687500 0.02493152
v 0.26444323 0.04687500 0.09375000
v 0.26562500 0.04574435 0.09375000
v 0.26562500 0.04687500 0.09487407
v 0.26562500 0.06250000 0.02347766
v 0.25400537 0.06250000 0.09375000
v 0.26562500 0.06250000 0.10120783
v 0.25245253 0.07812500 0.03125000
v 0.26562500 0.07812500 0.02344050
v 0.26562500 0.06995813 0.09375000
v 0.26562500 0.07812500 0.08593283
v 0.26562500 0.08593450 0.03125000
v 0.26562500 0.08593483 0.04687500
v 0.26562500 0.08593703 0.06250000
v 0.26562500 0.08593253 0.07812500
v 0.27044884 -0.21875000 -0.01562500
v 0.28125000 -0.22621524 -0.01562500
v 0.28125000 -0.21875000 -0.02309008
v 0.28125000 -0.22656405 0.00000000
v 0.27644439 -0.21875000 0.01562500
v 0.28125000 -0.22344717 0.01562500
v 0.28125000 -0.21875000 0.02032217
v 0.26973894 -0.20312500 -0.01562500
v 0.28125000 -0.20312500 -0.02297366
v 0.28125000 -0.20312500 0.02336169
v 0.27398206 -0.18750000 -0.01562500
v 0.28125000 -0.18750000 -0.01908754
v 0.28125000 -0.18750000 0.02333730
v 0.28125000 -0.18402383 -0.01562500
v 0.27238459 -0.17187500 0.00000000
v 0.28125000 -0.17897004 0.00000000
v 0.27369977 -0.17187500 0.01562500
v 0.28125000 -0.17928066 0.01562500
v 0.27522307 0.03125000 0.04687500
v 0.27399081 0.03125000 0.06250000
v 0.27650737 0.03125000 0.07812500
v 0.28125000 0.03848708 0.03125000
v 0.28125000 0.04687500 0.02356553
v 0.28125000 0.03725334 0.04687500
v 0.28125000 0.03797348 0.06250000
v 0.28125000 0.03415869 0.07812500
v 0.28125000 0.03839096 0.09375000
v 0.28125000 0.04687500 0.10152691
v 0.28125000 0.06250000 0.02343899
v 0.28125000 0.06250000 0.10136884
v 0.28125000 0.07812500 0.02346209
v 0.28125000 0.07011893 0.09375000
v 0.28125000 0.07812500 0.08582196
v 0.28125000 0.08591291 0.03125000
v 0.28125000 0.08593594 0.04687500
v 0.28125000 0.08583981 0.06250000
v 0.28125000 0.08582187 0.07812500
v 0.29323784 -0.23437500 -0.01562500
v 0.29687500 -0.23801204 -0.01562500
v 0.29687500 -0.23437500 -0.01926204
v 0.29383740 -0.23437500 0.00000000
v 0.29687500 -0.23741163 0.00000000
v 0.29687500 -0.23437500 0.00303663
v 0.29687500 -0.21875000 -0.02337702
v 0.28595925 -0.21875000 0.01562500
v 0.29687500 -0.21875000 0.00782685
v 0.29687500 -0.20312500 -0.02327280
v 0.29477967 -0.20312500 0.01562500
v 0.29687500 -0.20312500 0.01356462
v 0.28615879 -0.18750000 -0.01562500
v 0.29687500 -0.19364535 -0.01562500
v 0.29687500 -0.18750000 -0.00962360
v 0.28905021 -0.18750000 0.01562500
v 0.29687500 -0.18750000 0.00788714
v 0.29687500 -0.17967327 0.00000000
v 0.29443602 0.03125000 0.03125000
v 0.29687500 0.02915967 0.03125000
v 0.29687500 0.03125000 0.02915967
v 0.29687500 0.03125000 0.03361029
v 0.28705900 0.03125000 0.07812500
v 0.29687500 0.02689424 0.07812500
v 0.29687500 0.03125000 0.07372449
v 0.29687500 0.03125000 0.09001155
v 0.29687500 0.04687500 0.02344699
v 0.29687500 0.03851026 0.04687500
v 0.29687500 0.03900704 0.06250000
v 0.29687500 0.03294420 0.09375000
v 0.29687500 0.04687500 0.10156085
v 0.29687500 0.06250000 0.02347273
v 0.29687500 0.06250000 0.10113252
v 0.29214886 0.07812500 0.03125000
v 0.29687500 0.07338988 0.03125000
v 0.29687500 0.07812500 0.03595758
v 0.29241718 0.07812500 0.06250000
v 0.29687500 0.07374643 0.06250000
v 0.29687500 0.07812500 0.05811935
v 0.29000706 0.07812500 0.07812500
v 0.29687500 0.07137080 0.07812500
v 0.29687500 0.06988253 0.09375000
v 0.29687500 0.08593492 0.04687500
v 0.30053022 -0.23437500 -0.01562500
v 0.31250000 -0.24195955 0.00000000
v 0.31250000 -0.23437500 -0.00760994
v 0.31250000 -0.23437500 0.00758455
v 0.31250000 -0.22504334 -0.01562500
v 0.31250000 -0.21875000 -0.02189391
v 0.31250000 -0.21875000 0.00781152
v 0.31250000 -0.20312500 -0.02315676
v 0.31250000 -0.20312500 0.00781488
v 0.31250000 -0.19536155 -0.01562500
v 0.31250000 -0.18750000 -0.00681884
v 0.31250000 -0.18750000 0.00659171
v 0.31250000 -0.18090803 0.00000000
v 0.31243096 0.03125000 0.03125000
v 0.31250000 0.02474616 0.07812500
v 0.31250000 0.03125000 0.07161427
v 0.30050779 0.03125000 0.09375000
v 0.31250000 0.02677541 0.09375000
v 0.31250000 0.03125000 0.09822459
v 0.31250000 0.03126138 0.03125000
v 0.31250000 0.04687500 0.02367793
v 0.31250000 0.03872891 0.04687500
v 0.31250000 0.03905561 0.06250000
v 0.31250000 0.04687500 0.10155925
v 0.30611517 0.06250000 0.03125000
v 0.31250000 0.05591583 0.03125000
v 0.31250000 0.06250000 0.03760081
v 0.31250000 0.06250000 0.10065192
v 0.31250000 0.07812500 0.03906275
v 0.31250000 0.07178005 0.06250000
v 0.31250000 0.07812500 0.05615200
v 0.31250000 0.07031355 0.07812500
v 0.31250000 0.06940192 0.09375000
v 0.31250000 0.08593433 0.04687500
v 0.32010584 -0.23437500 0.00000000
v 0.31883615 -0.21875000 -0.01562500
v 0.32812500 -0.22564716 0.00000000
v 0.32812500 -0.21875000 -0.00694507
v 0.32812500 -0.21875000 0.00687616
v 0.32121340 -0.20312500 -0.01562500
v 0.32812500 -0.20312500 -0.00802086
v 0.32812500 -0.20312500 0.00684018
v 0.31944808 -0.18750000 0.00000000
v 0.32812500 -0.19592571 0.00000000
v 0.32812500 0.02403140 0.07812500
v 0.32812500 0.03125000 0.07089752
v 0.31741115 0.03125000 0.09375000
v 0.32812500 0.03125000 0.08586211
v 0.32042048 0.04687500 0.03125000
v 0.32812500 0.03885711 0.04687500
v 0.32812500 0.04687500 0.03872522
v 0.32812500 0.03905375 0.06250000
v 0.32812500 0.03868461 0.09375000
v 0.32812500 0.04687500 0.10142105
v 0.32812500 0.06250000 0.03906173
v 0.32812500 0.06250000 0.09846227
v 0.32812500 0.07812500 0.03912919
v 0.32812500 0.07078075 0.06250000
v 0.32812500 0.07812500 0.05508926
v 0.32812500 0.07031141 0.07812500
v 0.32812500 0.06721227 0.09375000
v 0.32812500 0.08587081 0.04687500
v 0.33500259 -0.21875000 0.00000000
v 0.33497186 -0.20312500 0.00000000
v 0.34375000 0.02458877 0.07812500
v 0.34375000 0.03125000 0.07135922
v 0.34375000 0.03125000 0.08478624
v 0.33751244 0.04687500 0.04687500
v 0.34375000 0.03895662 0.06250000
v 0.34375000 0.04687500 0.05310275
v 0.33585545 0.04687500 0.09375000
v 0.34375000 0.04687500 0.08599691
v 0.34375000 0.05350078 0.04687500
v 0.34375000 0.06250000 0.03947396
v 0.33283758 0.06250000 0.09375000
v 0.34375000 0.06250000 0.08591601
v 0.34375000 0.07812500 0.04528130
v 0.34375000 0.07168899 0.06250000
v 0.34375000 0.07812500 0.04905528
v 0.34375000 0.07029063 0.07812500
v 0.34375000 0.07971870 0.04687500
v 0.35043218 0.03125000 0.07812500
v 0.35937500 0.03894638 0.06250000
v 0.35937500 0.04687500 0.05470190
v 0.35937500 0.03904243 0.07812500
v 0.35937500 0.04687500 0.08593617
v 0.35164133 0.06250000 0.04687500
v 0.35937500 0.06250000 0.05419877
v 0.35937500 0.06250000 0.08591626
v 0.34540502 0.07812500 0.04687500
v 0.35937500 0.07234964 0.06250000
v 0.35937500 0.07029126 0.07812500
v 0.36717491 0.04687500 0.06250000
v 0.36835665 0.04687500 0.07812500
v 0.36738455 0.06250000 0.06250000
v 0.37498790 0.06250000 0.07812500
v -0.06295309 -0.07812500 0.03125000
v -0.06250000 -0.07857809 0.03125000
v -0.06250000 -0.07812500 0.03079691
v -0.06250000 -0.07812500 0.03170309
v -0.06250000 -0.07763236 0.03125000
v -0.04687500 -0.08321413 0.03125000
v -0.04687500 -0.07812500 0.02616087
v -0.04687500 -0.07812500 0.03634238
v -0.04687500 -0.07280969 0.03125000
v -0.03125000 -0.08565337 0.03125000
v -0.03125000 -0.07812500 0.02372163
v -0.03125000 -0.07812500 0.03960101
v -0.03125000 -0.06278065 0.03125000
v -0.02865114 -0.09375000 0.01562500
v -0.01562500 -0.10143613 0.01562500
v -0.01562500 -0.09375000 0.00793887
v -0.01562500 -0.09375000 0.02811115
v -0.02233323 -0.07812500 0.01562500
v -0.01562500 -0.07812500 0.00891677
v -0.01562500 -0.09068727 0.03125000
v -0.01562500 -0.07812500 0.04452636
v -0.01562500 -0.07141677 0.01562500
v -0.03098358 -0.06250000 0.03125000
v -0.01562500 -0.06250000 0.02351482
v -0.01996440 -0.06250000 0.04687500
v -0.01562500 -0.07307533 0.04687500
v -0.01562500 -0.06250000 0.05109359
v -0.01562500 -0.05420942 0.03125000
v -0.01562500 -0.05745238 0.04687500
v -0.02059298 -0.03125000 0.04687500
v -0.01562500 -0.03662436 0.04687500
v -0.01562500 -0.03125000 0.04236043
v -0.01562500 -0.03125000 0.05138981
v -0.01562500 -0.02487840 0.04687500
v -0.00046371 -0.10937500 0.00000000
v 0.00000000 -0.10983871 0.00000000
v 0.00000000 -0.10937500 -0.00046371
v 0.00000000 -0.10937500 0.00046371
v 0.00000000 -0.10891129 0.00000000
v 0.00000000 -0.10155900 0.01562500
v 0.00000000 -0.09375000 0.00781600
v -0.01150037 -0.09375000 0.03125000
v 0.00000000 -0.10006668 0.03125000
v 0.00000000 -0.09375000 0.03756668
v 0.00000000 -0.07812500 0.00781729
v 0.00000000 -0.07812500 0.03916244
v -0.00718911 -0.06250000 0.01562500
v 0.00000000 -0.06250000 0.00843589
v 0.00000000 -0.07034723 0.04687500
v 0.00000000 -0.06250000 0.05462195
v 0.00000000 -0.05531089 0.01562500
v -0.00813738 -0.04687500 0.03125000
v 0.00000000 -0.04687500 0.02366836
v -0.00875854 -0.04687500 0.04687500
v 0.00000000 -0.04687500 0.05464269
v 0.00000000 -0.03929336 0.03125000
v 0.00000000 -0.03125000 0.03907688
v 0.00000000 -0.03125000 0.05467344
v -0.00917800 -0.01562500 0.04687500
v 0.00000000 -0.01562500 0.03974141
v 0.00000000 -0.01562500 0.05400885
v 0.00000000 -0.00849141 0.04687500
v 0.01562500 -0.11716325 0.00000000
v 0.01562500 -0.10937500 -0.00778825
v 0.00851414 -0.10937500 0.01562500
v 0.01562500 -0.11648586 0.01562500
v 0.01562500 -0.10937500 0.02273586
v 0.00812503 -0.09375000 0.00000000
v 0.01562500 -0.09375000 -0.00749997
v 0.01562500 -0.10144545 0.03125000
v 0.01562500 -0.09375000 0.03894545
v 0.01562500 -0.08625003 0.00000000
v 0.01562500 -0.07812500 0.00781252
v 0.01562500 -0.07812500 0.03906857
v 0.01562500 -0.06250000 0.00781607
v 0.01562500 -0.07019646 0.04687500
v 0.01562500 -0.06250000 0.05456536
v 0.01562500 -0.05469107 0.01562500
v 0.01562500 -0.04687500 0.02343766
v 0.01562500 -0.04687500 0.05469016
v 0.00791551 -0.03125000 0.03125000
v 0.01562500 -0.03125000 0.02354051
v 0.01562500 -0.03125000 0.05484226
v 0.01562500 -0.02354051 0.03125000
v 0.01562500 -0.01562500 0.03906568
v 0.01562500 -0.01562500 0.05471258
v 0.01562500 -0.00781568 0.04687500
v 0.01043334 0.01562500 0.06250000
v 0.01562500 0.01077645 0.06250000
v 0.01562500 0.01562500 0.05770382
v 0.01562500 0.01562500 0.06729618
v 0.01562500 0.02386153 0.06250000
v 0.02693638 -0.12500000 -0.01562500
v 0.03125000 -0.12834540 -0.01562500
v 0.03125000 -0.12500000 -0.01897269
v 0.02384255 -0.12500000 0.00000000
v 0.03125000 -0.13240745 0.00000000
v 0.03125000 -0.12500000 0.00740745
v 0.02446115 -0.10937500 -0.01562500
v 0.03125000 -0.10937500 -0.02241385
v 0.03125000 -0.11714731 0.01562500
v 0.03125000 -0.10937500 0.02341285
v 0.03125000 -0.10258615 -0.01562500
v 0.03125000 -0.09375000 -0.00781214
v 0.03125000 -0.10156799 0.03125000
v 0.03125000 -0.09375000 0.03905244
v 0.02346940 -0.07812500 0.00000000
v 0.03125000 -0.07812500 -0.00778060
v 0.03125000 -0.07812500 0.03906373
v 0.03125000 -0.07034440 0.00000000
v 0.03125000 -0.06250000 0.00781253
v 0.03125000 -0.07025341 0.04687500
v 0.03125000 -0.06250000 0.05462717
v 0.02344262 -0.04687500 0.01562500
v 0.03125000 -0.04687500 0.00781762
v 0.03125000 -0.04687500 0.05477623
v 0.03125000 -0.03906762 0.01562500
v 0.03125000 -0.03125000 0.02343752
v 0.02737941 -0.03125000 0.06250000
v 0.03125000 -0.03507154 0.06250000
v 0.03125000 -0.03125000 0.06625635
v 0.02437530 -0.01562500 0.03125000
v 0.03125000 -0.01562500 0.02437530
v 0.03125000 -0.01694531 0.06250000
v 0.03125000 -0.01562500 0.06205652
v 0.03125000 -0.00875030 0.03125000
v 0.02344068 0.00000000 0.04687500
v 0.03125000 0.00000000 0.03906568
v 0.03125000 0.00000000 0.05744154
v 0.03125000 0.00780932 0.04687500
v 0.03125000 0.01462003 0.06250000
v 0.03125000 0.01562500 0.06200260
v 0.03125000 0.01562500 0.06299740
v 0.03125000 0.01612240 0.06250000
v 0.04687500 -0.13066360 -0.01562500
v 0.04687500 -0.12500000 -0.02128651
v 0.04687500 -0.13311528 0.00000000
v 0.04020468 -0.12500000 0.01562500
v 0.04687500 -0.13167032 0.01562500
v 0.04687500 -0.12500000 0.02230010
v 0.04687500 -0.10937500 -0.02339051
v 0.04687500 -0.10937500 0.02386933
v 0.03916187 -0.09375000 -0.01562500
v 0.04687500 -0.09375000 -0.02333813
v 0.04687500 -0.10193721 0.03125000
v 0.04687500 -0.09375000 0.03899244
v 0.04687500 -0.08603687 -0.01562500
v 0.04687500 -0.07812500 -0.00781214
v 0.04687500 -0.07812500 0.03906250
v 0.03910290 -0.06250000 0.00000000
v 0.04687500 -0.06250000 -0.00777210
v 0.04687500 -0.07030879 0.04687500
v 0.04687500 -0.06250000 0.05468378
v 0.03913592 -0.04687500 0.00000000
v 0.04687500 -0.04687500 -0.00773908
v 0.04578605 -0.04687500 0.06250000
v 0.04687500 -0.04794116 0.06250000
v 0.04687500 -0.04687500 0.06356616
v 0.04687500 -0.03913592 0.00000000
v 0.03906283 -0.03125000 0.01562500
v 0.04687500 -0.03125000 0.00781283
v 0.04687500 -0.03125000 0.07017130
v 0.04397978 -0.01562500 0.01562500
v 0.04687500 -0.01562500 0.01272978
v 0.03179272 -0.01562500 0.06250000
v 0.04687500 -0.01562500 0.06950102
v 0.04687500 -0.01272978 0.01562500
v 0.03914664 0.00000000 0.03125000
v 0.04687500 0.00000000 0.02352164
v 0.03678077 0.00000000 0.06250000
v 0.04687500 0.00000000 0.06978281
v 0.04687500 0.00772836 0.03125000
v 0.03986443 0.01562500 0.04687500
v 0.04687500 0.01562500 0.03986443
v 0.03174740 0.01562500 0.06250000
v 0.04687500 0.00728281 0.06250000
v 0.04687500 0.01562500 0.05388557
v 0.04687500 0.02263557 0.04687500
v 0.06250000 -0.13205292 -0.01562500
v 0.06250000 -0.12500000 -0.02267674
v 0.06250000 -0.13490805 0.00000000
v 0.06250000 -0.13671397 0.01562500
v 0.06250000 -0.12500000 0.02339495
v 0.06250000 -0.10937500 -0.02341463
v 0.06250000 -0.10937500 0.02921919
v 0.06250000 -0.09375000 -0.02338526
v 0.06250000 -0.10696653 0.03125000
v 0.06250000 -0.09375000 0.03828818
v 0.05478078 -0.07812500 -0.01562500
v 0.06250000 -0.07812500 -0.02334422
v 0.06250000 -0.07812500 0.03906182
v 0.05516090 -0.06250000 -0.01562500
v 0.06250000 -0.06250000 -0.02296410
v 0.06250000 -0.07028132 0.04687500
v 0.06250000 -0.06250000 0.05465632
v 0.05596227 -0.04687500 -0.01562500
v 0.06250000 -0.04687500 -0.02216273
v 0.06250000 -0.05422615 0.06250000
v 0.06250000 -0.04687500 0.06985115
v 0.05551196 -0.03125000 -0.01562500
v 0.06250000 -0.03125000 -0.02261304
v 0.05468875 -0.03125000 0.00000000
v 0.06250000 -0.03125000 0.07027153
v 0.06250000 -0.02426196 -0.01562500
v 0.06250000 -0.01695619 0.00000000
v 0.06250000 -0.01562500 0.00133116
v 0.06250000 -0.01562500 0.06976283
v 0.05485479 0.00000000 0.01562500
v 0.06250000 0.00000000 0.00797979
v 0.06250000 0.00000000 0.06980001
v 0.06250000 0.00764521 0.01562500
v 0.06250000 0.01054715 0.03125000
v 0.05941500 0.01562500 0.04687500
v 0.06250000 0.01301710 0.04687500
v 0.06250000 0.00730001 0.06250000
v 0.06658316 -0.14062500 0.01562500
v 0.07812500 -0.14818893 0.01562500
v 0.07812500 -0.14062500 0.00508107
v 0.07812500 -0.14062500 0.02320109
v 0.07812500 -0.13207894 -0.01562500
v 0.07812500 -0.12500000 -0.02270185
v 0.07812500 -0.13576978 0.00000000
v 0.07812500 -0.12500000 0.02566803
v 0.07812500 -0.10937500 -0.02341170
v 0.06480927 -0.10937500 0.03125000
v 0.07812500 -0.11887448 0.03125000
v 0.07812500 -0.10937500 0.03848022
v 0.07812500 -0.09375000 -0.02329676
v 0.07812500 -0.09375000 0.03835832
v 0.07812500 -0.07812500 -0.02334922
v 0.07812500 -0.07812500 0.03903898
v 0.07812500 -0.06250000 -0.02161287
v 0.07812500 -0.07026031 0.04687500
v 0.07812500 -0.06250000 0.05463531
v 0.07812500 -0.04687500 -0.02410812
v 0.07421816 -0.04687500 0.06250000
v 0.07812500 -0.04687500 0.05892928
v 0.07068089 -0.03125000 -0.03125000
v 0.07812500 -0.03936785 -0.03125000
v 0.07812500 -0.03125000 -0.03869411
v 0.07812500 -0.04330179 0.06250000
v 0.07812500 -0.03125000 0.07030896
v 0.07812500 -0.02353734 -0.03125000
v 0.07199691 -0.01562500 -0.01562500
v 0.07812500 -0.01562500 -0.02201122
v 0.06383132 -0.01562500 0.00000000
v 0.07812500 -0.01562500 0.06861384
v 0.07812500 -0.00949691 -0.01562500
v 0.07043380 0.00000000 0.00000000
v 0.07812500 0.00000000 -0.00769120
v 0.07812500 0.00000000 0.06792582
v 0.07812500 0.00769120 0.00000000
v 0.07812500 0.00780139 0.01562500
v 0.07812500 0.00781019 0.03125000
v 0.07812500 0.00780187 0.04687500
v 0.07812500 0.00542582 0.06250000
v 0.09375000 -0.14851060 0.01562500
v 0.09375000 -0.14062500 0.00786132
v 0.09375000 -0.14062500 0.02338868
v 0.09375000 -0.13138616 -0.01562500
v 0.09375000 -0.12500000 -0.02201116
v 0.09375000 -0.13279929 0.00000000
v 0.08466910 -0.12500000 0.03125000
v 0.09375000 -0.13180063 0.03125000
v 0.09375000 -0.12500000 0.03805063
v 0.09375000 -0.10937500 -0.02338460
v 0.09375000 -0.10937500 0.03870329
v 0.09375000 -0.09375000 -0.02095059
v 0.09375000 -0.09375000 0.03676860
v 0.09375000 -0.07812500 -0.02286491
v 0.09375000 -0.07812500 0.03899271
v 0.09375000 -0.06250000 -0.01874873
v 0.09375000 -0.07030213 0.04687500
v 0.09375000 -0.06250000 0.05467710
v 0.09375000 -0.04687500 -0.02446575
v 0.09375000 -0.04687500 0.05496927
v 0.09375000 -0.03902186 -0.03125000
v 0.09375000 -0.03125000 -0.03799334
v 0.09375000 -0.03929115 0.06250000
v 0.09375000 -0.03125000 0.07025933
v 0.09375000 -0.02436321 -0.03125000
v 0.09375000 -0.01562500 -0.02358325
v 0.09375000 -0.01562500 0.06820037
v 0.08595054 0.00000000 -0.01562500
v 0.09375000 0.00000000 -0.02342446
v 0.08355082 0.00000000 0.06250000
v 0.09375000 -0.00992463 0.06250000
v 0.09375000 0.00000000 0.05463924
v 0.09375000 0.00779946 -0.01562500
v 0.09375000 0.00780747 0.00000000
v 0.09375000 0.00780631 0.01562500
v 0.09375000 0.00780760 0.03125000
v 0.09375000 0.00776424 0.04687500
v 0.10937500 -0.14841037 0.01562500
v 0.10937500 -0.14062500 0.00783963
v 0.10937500 -0.14062500 0.02960145
v 0.10937500 -0.13024861 -0.01562500
v 0.10937500 -0.12500000 -0.02087361
v 0.10937500 -0.13277734 0.00000000
v 0.10937500 -0.13888204 0.03125000
v 0.10937500 -0.12500000 0.03879149
v 0.10937500 -0.10937500 -0.02332725
v 0.10937500 -0.10937500 0.03811444
v 0.10328906 -0.09375000 -0.01562500
v 0.10937500 -0.09770882 -0.01562500
v 0.10937500 -0.09375000 -0.01174611
v 0.10937500 -0.09375000 0.03400757
v 0.10213371 -0.07812500 -0.01562500
v 0.10549297 -0.07812500 0.00000000
v 0.10937500 -0.08194299 0.00000000
v 0.10937500 -0.07812500 0.00612184
v 0.10937500 -0.07812500 0.03903167
v 0.10937500 -0.06437014 -0.01562500
v 0.10937500 -0.06250000 -0.01706346
v 0.10937500 -0.07427824 0.00000000
v 0.10937500 -0.07031619 0.04687500
v 0.10937500 -0.06250000 0.05468615
v 0.10937500 -0.04687500 -0.02343133
v 0.10937500 -0.04687500 0.05552511
v 0.10210291 -0.03125000 -0.03125000
v 0.10937500 -0.03125000 -0.02503197
v 0.10937500 -0.03785050 0.06250000
v 0.10937500 -0.03125000 0.06829643
v 0.10937500 -0.01562500 -0.02350085
v 0.10937500 -0.01562500 0.06439358
v 0.10937500 0.00000000 -0.02244301
v 0.10937500 -0.01373142 0.06250000
v 0.10937500 0.00000000 0.05416937
v 0.10937500 0.00681801 -0.01562500
v 0.10937500 0.00773827 0.00000000
v 0.10937500 0.00778335 0.01562500
v 0.10937500 0.00777315 0.03125000
v 0.10937500 0.00729437 0.04687500
v 0.12500000 -0.14841590 0.01562500
v 0.12500000 -0.14062500 0.00783410
v 0.12500000 -0.14062500 0.02341590
v 0.11462361 -0.12500000 -0.01562500
v 0.12500000 -0.13271689 0.00000000
v 0.12500000 -0.12500000 -0.00771689
v 0.12500000 -0.13214016 0.03125000
v 0.12500000 -0.12500000 0.03839016
v 0.12500000 -0.11695219 -0.01562500
v 0.12500000 -0.10937500 -0.02320219
v 0.12500000 -0.10937500 0.03698024
v 0.12500000 -0.10009101 -0.01562500
v 0.12500000 -0.09375000 -0.00947356
v 0.11500593 -0.09375000 0.03125000
v 0.12500000 -0.09994414 0.03125000
v 0.12500000 -0.09375000 0.02692935
v 0.12500000 -0.08587241 0.00000000
v 0.12500000 -0.07812500 0.01221868
v 0.12500000 -0.08944122 0.03125000
v 0.12500000 -0.07812500 0.03909759
v 0.12236009 -0.06250000 -0.01562500
v 0.12500000 -0.07029729 0.00000000
v 0.12500000 -0.06250000 -0.01529992
v 0.12500000 -0.07035165 0.04687500
v 0.12500000 -0.06250000 0.05468746
v 0.12500000 -0.06218429 -0.01562500
v 0.12500000 -0.04687500 -0.02343606
v 0.12500000 -0.04687500 0.05611487
v 0.12500000 -0.03125000 -0.02343798
v 0.11747975 -0.03125000 0.06250000
v 0.12500000 -0.03125000 0.05697375
v 0.12500000 -0.01562500 -0.02341968
v 0.11139838 -0.01562500 0.06250000
v 0.12500000 -0.01562500 0.05498149
v 0.11619366 0.00000000 -0.01562500
v 0.12500000 -0.00782985 -0.01562500
v 0.11931756 0.00000000 0.00000000
v 0.12500000 -0.00561394 0.00000000
v 0.12423868 0.00000000 0.01562500
v 0.12500000 -0.00075594 0.01562500
v 0.12500000 0.00000000 0.01640786
v 0.12500000 0.00000000 0.05331743
v 0.12500000 0.00766872 0.03125000
v 0.12500000 0.00644243 0.04687500
v 0.14062500 -0.14839735 0.01562500
v 0.14062500 -0.14062500 0.00785265
v 0.14062500 -0.14062500 0.02339735
v 0.14062500 -0.13255319 0.00000000
v 0.14062500 -0.12500000 -0.00755319
v 0.13428063 -0.12500000 0.03125000
v 0.14062500 -0.12500000 0.02554295
v 0.14062500 -0.11625213 -0.01562500
v 0.14062500 -0.10937500 -0.02250213
v 0.13343139 -0.10937500 0.03125000
v 0.14062500 -0.10937500 0.02607974
v 0.14062500 -0.10231830 -0.01562500
v 0.14062500 -0.09375000 -0.00145450
v 0.14062500 -0.09375000 0.02380801
v 0.14062500 -0.09234946 0.00000000
v 0.14062500 -0.07812500 0.00974146
v 0.14062500 -0.08752368 0.03125000
v 0.14062500 -0.07812500 0.03927096
v 0.14062500 -0.07005911 0.00000000
v 0.14062500 -0.06250000 -0.01274367
v 0.14062500 -0.07052138 0.04687500
v 0.14062500 -0.06250000 0.05468744
v 0.14062500 -0.05977607 -0.01562500
v 0.14062500 -0.04687500 -0.02343220
v 0.14062500 -0.04687500 0.05512766
v 0.14062500 -0.03125000 -0.02343708
v 0.14062500 -0.03125000 0.05486440
v 0.14062500 -0.01562500 -0.02047314
v 0.14062500 -0.01562500 0.05466507
v 0.14062500 -0.01077686 -0.01562500
v 0.14062500 -0.00781207 0.00000000
v 0.14062500 -0.00754327 0.01562500
v 0.13524206 0.00000000 0.03125000
v 0.14062500 -0.00525385 0.03125000
v 0.13148941 0.00000000 0.04687500
v 0.14062500 -0.00778717 0.04687500
v 0.15625000 -0.14810357 0.01562500
v 0.15625000 -0.14062500 0.00814643
v 0.15625000 -0.14062500 0.02310357
v 0.15625000 -0.13213398 0.00000000
v 0.15625000 -0.12500000 -0.00713398
v 0.15625000 -0.12500000 0.02348213
v 0.15144535 -0.10937500 -0.01562500
v 0.15625000 -0.10937500 -0.01145536
v 0.15625000 -0.10937500 0.02335565
v 0.14203245 -0.09375000 0.00000000
v 0.15625000 -0.10168554 0.00000000
v 0.14936242 -0.09375000 0.01562500
v 0.15625000 -0.09953824 0.01562500
v 0.15625000 -0.08783089 0.01562500
v 0.15625000 -0.07812500 0.00803795
v 0.15625000 -0.08740798 0.03125000
v 0.15625000 -0.07812500 0.04503324
v 0.15625000 -0.06897170 0.00000000
v 0.15625000 -0.06250000 -0.00856189
v 0.15625000 -0.07628327 0.04687500
v 0.15625000 -0.06250000 0.05468742
v 0.15625000 -0.05664175 -0.01562500
v 0.15625000 -0.04687500 -0.02331805
v 0.15625000 -0.04687500 0.05479689
v 0.15625000 -0.03125000 -0.02342456
v 0.15625000 -0.03125000 0.05480489
v 0.14549810 -0.01562500 -0.01562500
v 0.15625000 -0.02342132 -0.01562500
v 0.15625000 -0.01562500 -0.00784152
v 0.15625000 -0.01562500 0.05399710
v 0.15625000 -0.00781259 0.00000000
v 0.15625000 -0.00779666 0.01562500
v 0.15625000 -0.00779767 0.03125000
v 0.15625000 -0.00850271 0.04687500
v 0.16372857 -0.14062500 0.01562500
v 0.17187500 -0.13123397 0.00000000
v 0.17187500 -0.12500000 -0.00623397
v 0.17187500 -0.13206048 0.01562500
v 0.17187500 -0.12500000 0.02268548
v 0.16528230 -0.10937500 0.00000000
v 0.17187500 -0.11739476 0.00000000
v 0.16480620 -0.10937500 0.01562500
v 0.17187500 -0.11709987 0.01562500
v 0.16900127 -0.09375000 0.01562500
v 0.17187500 -0.09591118 0.01562500
v 0.17187500 -0.09375000 0.01383473
v 0.17187500 -0.09375000 0.02204001
v 0.17187500 -0.07812500 0.00783733
v 0.17187500 -0.09130203 0.03125000
v 0.15817764 -0.07812500 0.04687500
v 0.17187500 -0.08573498 0.04687500
v 0.17187500 -0.07812500 0.05448493
v 0.17187500 -0.06736670 0.00000000
v 0.17187500 -0.06250000 -0.00573295
v 0.17187500 -0.06250000 0.05468920
v 0.17187500 -0.05461139 -0.01562500
v 0.17187500 -0.04687500 -0.02239068
v 0.17187500 -0.04687500 0.05477743
v 0.17187500 -0.03125000 -0.02337933
v 0.17187500 -0.03125000 0.05473459
v 0.17187500 -0.02349559 -0.01562500
v 0.17187500 -0.01562500 -0.00779311
v 0.16435515 -0.01562500 0.04687500
v 0.17187500 -0.02245781 0.04687500
v 0.17187500 -0.01562500 0.03994019
v 0.17187500 -0.00783197 0.00000000
v 0.17187500 -0.00781525 0.01562500
v 0.17187500 -0.00791567 0.03125000
v 0.18134938 -0.12500000 0.00000000
v 0.17916870 -0.12500000 0.01562500
v 0.18750000 -0.09482050 0.01562500
v 0.18750000 -0.09375000 0.01455488
v 0.17667891 -0.09375000 0.03125000
v 0.18750000 -0.09835953 0.03125000
v 0.18750000 -0.09375000 0.03587266
v 0.18750000 -0.07812500 0.00760279
v 0.18750000 -0.08593806 0.04687500
v 0.18750000 -0.07812500 0.05467226
v 0.18750000 -0.07002271 0.00000000
v 0.18750000 -0.06250000 -0.01257198
v 0.18750000 -0.06250000 0.05515459
v 0.18750000 -0.05922564 -0.01562500
v 0.18750000 -0.04687500 -0.02257426
v 0.18750000 -0.04687500 0.05510693
v 0.18750000 -0.03125000 -0.02338899
v 0.18750000 -0.03125000 0.05468236
v 0.18750000 -0.02348601 -0.01562500
v 0.18750000 -0.01562500 -0.00137480
v 0.18750000 -0.02344942 0.04687500
v 0.18750000 -0.01562500 0.03348761
v 0.18750000 -0.01425020 0.00000000
v 0.18750000 -0.00804581 0.01562500
v 0.18750000 -0.01338847 0.03125000
v 0.20312500 -0.09860297 0.01562500
v 0.20312500 -0.09375000 0.01068199
v 0.20312500 -0.10131431 0.03125000
v 0.20312500 -0.09375000 0.03997386
v 0.19562885 -0.07812500 0.00000000
v 0.20312500 -0.08549205 0.00000000
v 0.20312500 -0.07812500 -0.00775426
v 0.20312500 -0.08709290 0.04687500
v 0.20312500 -0.07812500 0.05469030
v 0.19066157 -0.06250000 -0.01562500
v 0.20312500 -0.07011055 -0.01562500
v 0.20312500 -0.06250000 -0.02274498
v 0.19741939 -0.06250000 0.06250000
v 0.20312500 -0.06778227 0.06250000
v 0.20312500 -0.06250000 0.06777936
v 0.20312500 -0.04687500 -0.02262132
v 0.20312500 -0.05461353 0.06250000
v 0.20312500 -0.04687500 0.05728663
v 0.20312500 -0.03125000 -0.02338007
v 0.20312500 -0.03125000 0.05362863
v 0.20312500 -0.02349493 -0.01562500
v 0.18888598 -0.01562500 0.00000000
v 0.20312500 -0.02340281 0.00000000
v 0.20312500 -0.01562500 0.00908420
v 0.18974504 -0.01562500 0.03125000
v 0.20312500 -0.02342081 0.03125000
v 0.20312500 -0.01562500 0.02214891
v 0.20312500 -0.02449678 0.04687500
v 0.20312500 -0.00911773 0.01562500
v 0.21875000 -0.10098728 0.01562500
v 0.21875000 -0.09375000 0.00775510
v 0.21875000 -0.10155403 0.03125000
v 0.21187634 -0.09375000 0.04687500
v 0.21875000 -0.09950552 0.04687500
v 0.21875000 -0.09375000 0.05262942
v 0.21875000 -0.08655907 0.00000000
v 0.21875000 -0.07812500 -0.00782196
v 0.21875000 -0.07812500 0.05490127
v 0.21045301 -0.06250000 -0.01562500
v 0.21875000 -0.06250000 -0.00802150
v 0.21875000 -0.06643912 0.06250000
v 0.21875000 -0.06250000 0.06628004
v 0.21022755 -0.04687500 -0.01562500
v 0.21875000 -0.04687500 -0.00791972
v 0.21875000 -0.05857572 0.06250000
v 0.21875000 -0.04687500 0.05488160
v 0.21149814 -0.03125000 -0.01562500
v 0.21875000 -0.03125000 -0.00843025
v 0.21875000 -0.03125000 0.05092854
v 0.21875000 -0.02343750 0.00000000
v 0.21350452 -0.01562500 0.01562500
v 0.21875000 -0.01976660 0.01562500
v 0.21875000 -0.02372940 0.03125000
v 0.21875000 -0.02719646 0.04687500
v 0.23437500 -0.10145059 0.01562500
v 0.23437500 -0.09375000 0.00523524
v 0.23437500 -0.10160972 0.03125000
v 0.23437500 -0.10151096 0.04687500
v 0.23437500 -0.09375000 0.05460606
v 0.23437500 -0.08860772 0.00000000
v 0.23437500 -0.07812500 -0.00780395
v 0.23437500 -0.07812500 0.05581274
v 0.23437500 -0.06250000 -0.00781266
v 0.22696668 -0.06250000 0.06250000
v 0.23437500 -0.06250000 0.05900875
v 0.23437500 -0.04687500 -0.00781255
v 0.23437500 -0.04687500 0.05469446
v 0.23437500 -0.03125000 -0.00780110
v 0.23437500 -0.03125000 0.05146200
v 0.23437500 -0.02344890 0.00000000
v 0.23437500 -0.02340675 0.01562500
v 0.23437500 -0.02857788 0.03125000
v 0.23437500 -0.02666300 0.04687500
v 0.25000000 -0.10153805 0.01562500
v 0.25000000 -0.09375000 0.00356210
v 0.25000000 -0.10195757 0.03125000
v 0.25000000 -0.10237792 0.04687500
v 0.25000000 -0.09375000 0.05468510
v 0.25000000 -0.09020575 0.00000000
v 0.25000000 -0.07812500 -0.00780669
v 0.25000000 -0.07812500 0.06039437
v 0.25000000 -0.06250000 -0.00781063
v 0.25000000 -0.06250000 0.05641238
v 0.25000000 -0.04687500 -0.00781229
v 0.25000000 -0.04687500 0.05468771
v 0.24257247 -0.03125000 0.00000000
v 0.25000000 -0.03866638 0.00000000
v 0.25000000 -0.03125000 0.00745545
v 0.23944971 -0.03125000 0.04687500
v 0.25000000 -0.03849229 0.04687500
v 0.25000000 -0.03125000 0.03413837
v 0.25000000 -0.02347678 0.01562500
v 0.25000000 -0.02869020 0.03125000
v 0.26160799 -0.10937500 0.04687500
v 0.26562500 -0.11279756 0.04687500
v 0.26562500 -0.10937500 0.04156046
v 0.26562500 -0.10937500 0.05029746
v 0.26562500 -0.10157715 0.01562500
v 0.26562500 -0.09375000 0.00157986
v 0.26562500 -0.10386892 0.03125000
v 0.26562500 -0.09375000 0.05468751
v 0.26562500 -0.09216001 0.00000000
v 0.26562500 -0.07812500 -0.00777580
v 0.26562500 -0.07812500 0.05662578
v 0.26562500 -0.06250000 -0.00768384
v 0.26562500 -0.06250000 0.05496944
v 0.26562500 -0.04687500 -0.00779526
v 0.26562500 -0.04687500 0.05468749
v 0.26562500 -0.03907974 0.00000000
v 0.26562500 -0.03125000 0.00864983
v 0.26562500 -0.03906056 0.04687500
v 0.26562500 -0.03125000 0.03834031
v 0.26562500 -0.02427483 0.01562500
v 0.26562500 -0.02416162 0.03125000
v 0.27393269 -0.10937500 0.03125000
v 0.28125000 -0.11443744 0.03125000
v 0.28125000 -0.10937500 0.02614987
v 0.28125000 -0.11205405 0.04687500
v 0.28125000 -0.10937500 0.04955388
v 0.27075348 -0.09375000 0.00000000
v 0.28125000 -0.09666870 0.00000000
v 0.28125000 -0.09375000 -0.00291862
v 0.28125000 -0.10159898 0.01562500
v 0.28125000 -0.09375000 0.05468773
v 0.28125000 -0.07812500 -0.00729858
v 0.28125000 -0.07812500 0.05510395
v 0.28125000 -0.06250000 -0.00609537
v 0.28125000 -0.06250000 0.05470041
v 0.27605659 -0.04687500 0.00000000
v 0.28125000 -0.05369683 0.00000000
v 0.28125000 -0.04687500 0.00517813
v 0.28125000 -0.04687500 0.05468606
v 0.27260834 -0.03125000 0.01562500
v 0.28125000 -0.03905424 0.01562500
v 0.27482579 -0.03125000 0.03125000
v 0.28125000 -0.03698432 0.03125000
v 0.28125000 -0.03906393 0.04687500
v 0.29687500 -0.11669935 0.03125000
v 0.29687500 -0.10937500 0.02386979
v 0.28463546 -0.10937500 0.04687500
v 0.29687500 -0.10937500 0.03970506
v 0.29687500 -0.10079918 0.00000000
v 0.29687500 -0.09375000 -0.00704894
v 0.29687500 -0.10161438 0.01562500
v 0.29687500 -0.10268723 0.04687500
v 0.29687500 -0.09375000 0.05468886
v 0.29687500 -0.07812500 -0.00713990
v 0.29687500 -0.07812500 0.05479105
v 0.29687500 -0.06250000 -0.00521048
v 0.29687500 -0.06250000 0.05468755
v 0.29687500 -0.05728870 0.00000000
v 0.29687500 -0.04687500 0.00781196
v 0.29687500 -0.04687500 0.05205585
v 0.29687500 -0.03906286 0.01562500
v 0.29687500 -0.03906263 0.03125000
v 0.29687500 -0.04169415 0.04687500
v 0.31250000 -0.11695139 0.03125000
v 0.31250000 -0.10937500 0.02353444
v 0.31250000 -0.10937500 0.03893697
v 0.31250000 -0.10036249 0.00000000
v 0.31250000 -0.09375000 -0.00661105
v 0.31250000 -0.10170197 0.01562500
v 0.31250000 -0.10166627 0.04687500
v 0.31250000 -0.09375000 0.05468398
v 0.31250000 -0.07812500 -0.00713150
v 0.31250000 -0.07812500 0.05468981
v 0.31250000 -0.06250000 -0.00345558
v 0.31250000 -0.06250000 0.05468747
v 0.31250000 -0.05904441 0.00000000
v 0.31250000 -0.04687500 0.00799629
v 0.30207519 -0.04687500 0.04687500
v 0.31250000 -0.05466573 0.04687500
v 0.31250000 -0.04687500 0.03760133
v 0.31250000 -0.03924629 0.01562500
v 0.31250000 -0.04054470 0.03125000
v 0.32812500 -0.11640933 0.03125000
v 0.32812500 -0.10937500 0.02357084
v 0.32812500 -0.10937500 0.03828940
v 0.32812500 -0.09978891 0.00000000
v 0.32812500 -0.09375000 -0.00590856
v 0.32812500 -0.10221254 0.01562500
v 0.32812500 -0.10145923 0.04687500
v 0.32812500 -0.09375000 0.05457511
v 0.32812500 -0.07812500 -0.00711787
v 0.32812500 -0.07812500 0.05468740
v 0.32041157 -0.06250000 0.00000000
v 0.32812500 -0.06638464 0.00000000
v 0.32812500 -0.06250000 0.00338780
v 0.32812500 -0.06250000 0.05467775
v 0.32013527 -0.04687500 0.01562500
v 0.32812500 -0.05468093 0.01562500
v 0.31883186 -0.04687500 0.03125000
v 0.32812500 -0.05468589 0.03125000
v 0.32812500 -0.05469722 0.04687500
v 0.33642919 -0.10937500 0.01562500
v 0.34375000 -0.11605171 0.01562500
v 0.34375000 -0.10937500 0.00733884
v 0.33696594 -0.10937500 0.03125000
v 0.34375000 -0.10937500 0.02411127
v 0.34375000 -0.10010172 0.00000000
v 0.34375000 -0.09375000 -0.00486871
v 0.34375000 -0.10334958 0.03125000
v 0.34375000 -0.09942581 0.04687500
v 0.34375000 -0.09375000 0.05255029
v 0.34375000 -0.07812500 -0.00709914
v 0.34375000 -0.07812500 0.05468322
v 0.34375000 -0.06914217 0.00000000
v 0.34375000 -0.06250000 0.00595543
v 0.33836875 -0.06250000 0.04687500
v 0.34375000 -0.06787630 0.04687500
v 0.34375000 -0.06250000 0.04148341
v 0.34375000 -0.05468877 0.01562500
v 0.34375000 -0.05470870 0.03125000
v 0.35750525 -0.10937500 0.00000000
v 0.35937500 -0.11066324 0.00000000
v 0.35937500 -0.10937500 -0.00128786
v 0.35937500 -0.11717908 0.01562500
v 0.35937500 -0.10937500 0.02372847
v 0.35937500 -0.09375000 -0.00640134
v 0.35937500 -0.10186284 0.03125000
v 0.35780838 -0.09375000 0.04687500
v 0.35937500 -0.09375000 0.04594116
v 0.35937500 -0.07812500 -0.00779590
v 0.35937500 -0.09277952 0.04687500
v 0.35937500 -0.07812500 0.05452737
v 0.35937500 -0.07032192 0.00000000
v 0.35937500 -0.06250000 0.01184380
v 0.35415322 -0.06250000 0.03125000
v 0.35937500 -0.06770344 0.03125000
v 0.35937500 -0.06250000 0.02171249
v 0.35937500 -0.07047103 0.04687500
v 0.35937500 -0.05872435 0.01562500
v 0.37500000 -0.11562496 0.00000000
v 0.37500000 -0.10937500 -0.00618477
v 0.37500000 -0.11715607 0.01562500
v 0.37500000 -0.10937500 0.02374967
v 0.37500000 -0.09375000 -0.00756886
v 0.37500000 -0.10191635 0.03125000
v 0.37500000 -0.09375000 0.03910937
v 0.37500000 -0.07812500 -0.00871432
v 0.36711343 -0.07812500 0.04687500
v 0.37500000 -0.07812500 0.03885428
v 0.37500000 -0.07038261 0.00000000
v 0.36315639 -0.06250000 0.01562500
v 0.37500000 -0.07030905 0.01562500
v 0.37500000 -0.07060606 0.03125000
v 0.38327341 -0.10937500 0.00000000
v 0.38315455 -0.10937500 0.01562500
v 0.39062500 -0.09623426 0.00000000
v 0.39062500 -0.09375000 -0.00158178
v 0.39062500 -0.09908048 0.01562500
v 0.38287049 -0.09375000 0.03125000
v 0.39062500 -0.09375000 0.02066637
v 0.38276619 -0.07812500 0.00000000
v 0.39062500 -0.09219234 0.00000000
v 0.38287453 -0.07812500 0.01562500
v 0.39062500 -0.08870559 0.01562500
v 0.38251840 -0.07812500 0.03125000
v 0.39217436 -0.09375000 0.00000000
v 0.39561151 -0.09375000 0.01562500
f 3 2 1
f 2 4 1
f 6 3 1
f 5 6 1
f 4 7 5
f 1 4 5
f 6 5 8
f 5 7 8
f 11 10 9
f 10 13 12
f 9 10 12
f 13 15 14
f 12 13 14
f 15 16 14
f 11 9 17
f 19 17 9
f 19 9 18
f 18 9 12
f 12 14 18
f 14 20 18
f 16 21 20
f 14 16 20
f 19 18 22
f 24 22 18
f 24 18 23
f 23 18 20
f 21 26 25
f 21 25 20
f 20 25 23
f 26 27 25
f 24 23 28
f 30 28 23
f 30 23 29
f 29 23 25
f 27 31 29
f 25 27 29
f 30 29 32
f 35 32 29
f 35 29 33
f 31 34 29
f 34 33 29
f 34 36 33
f 35 33 37
f 33 36 37
f 3 39 38
f 2 3 38
f 40 4 2
f 40 2 41
f 41 2 38
f 41 42 40
f 39 3 43
f 43 3 6
f 44 4 40
f 7 4 44
f 42 45 44
f 40 42 44
f 8 46 47
f 8 47 6
f 6 47 43
f 7 46 8
f 7 44 46
f 44 48 46
f 45 49 48
f 44 45 48
f 47 46 50
f 46 48 51
f 50 46 51
f 48 49 51
f 11 53 52
f 10 11 52
f 52 54 10
f 10 54 13
f 54 55 13
f 13 55 15
f 15 55 56
f 16 15 56
f 17 57 58
f 17 58 11
f 11 58 53
f 17 19 57
f 59 56 60
f 59 21 56
f 21 16 56
f 60 61 59
f 58 57 62
f 57 19 22
f 57 22 62
f 62 22 63
f 22 64 63
f 24 64 22
f 59 26 21
f 26 59 61
f 26 61 27
f 27 61 65
f 64 24 28
f 66 64 28
f 28 67 66
f 30 67 28
f 68 65 69
f 68 31 65
f 31 27 65
f 69 70 68
f 67 30 32
f 71 67 32
f 32 72 71
f 32 35 72
f 34 31 68
f 34 68 70
f 34 70 36
f 36 70 73
f 72 35 37
f 74 72 37
f 74 37 36
f 73 74 36
f 39 76 75
f 38 39 75
f 75 77 38
f 38 77 41
f 41 77 78
f 42 41 78
f 76 39 79
f 79 39 43
f 78 80 42
f 80 45 42
f 79 43 81
f 81 43 47
f 80 82 45
f 82 49 45
f 50 83 84
f 50 84 47
f 47 84 81
f 51 83 50
f 85 83 51
f 85 51 49
f 85 49 86
f 86 49 82
f 84 83 87
f 83 85 88
f 87 83 88
f 85 86 88
f 91 90 89
f 90 93 92
f 89 90 92
f 93 95 94
f 92 93 94
f 95 97 96
f 94 95 96
f 97 98 96
f 101 100 99
f 89 52 53
f 91 89 53
f 91 53 99
f 91 99 100
f 92 52 89
f 54 52 92
f 94 54 92
f 55 54 94
f 55 102 56
f 55 94 102
f 94 96 102
f 98 103 102
f 96 98 102
f 101 99 104
f 99 105 104
f 99 53 105
f 53 58 105
f 102 60 56
f 60 102 103
f 60 103 61
f 61 103 106
f 105 58 62
f 107 105 62
f 107 62 108
f 62 63 108
f 63 109 108
f 64 109 63
f 110 106 111
f 110 65 106
f 65 61 106
f 111 112 110
f 109 64 66
f 113 109 66
f 66 114 113
f 67 114 66
f 110 69 65
f 69 110 112
f 69 112 70
f 70 112 115
f 114 67 71
f 116 114 71
f 117 71 72
f 117 118 71
f 118 116 71
f 118 117 73
f 118 73 115
f 115 73 70
f 117 72 74
f 117 74 73
f 76 120 119
f 75 76 119
f 122 121 77
f 122 77 119
f 119 77 75
f 77 121 78
f 125 124 123
f 124 79 123
f 124 120 79
f 120 76 79
f 122 126 121
f 121 126 127
f 121 127 78
f 78 127 80
f 130 129 128
f 129 131 128
f 133 125 123
f 132 133 123
f 123 81 132
f 79 81 123
f 134 127 135
f 134 82 127
f 82 80 127
f 135 136 134
f 130 128 137
f 140 137 128
f 140 128 138
f 131 139 128
f 139 138 128
f 139 133 132
f 139 132 138
f 138 132 141
f 132 84 141
f 81 84 132
f 142 82 134
f 86 82 142
f 136 143 142
f 134 136 142
f 140 138 144
f 146 144 138
f 146 138 145
f 145 138 141
f 87 141 84
f 87 147 141
f 147 145 141
f 147 148 149
f 147 87 148
f 87 88 148
f 86 142 150
f 86 150 88
f 88 150 148
f 142 143 150
f 146 145 151
f 145 147 152
f 151 145 152
f 147 149 152
f 91 154 153
f 90 91 153
f 153 155 90
f 90 155 93
f 155 156 93
f 93 156 95
f 156 157 95
f 95 157 97
f 97 157 158
f 98 97 158
f 101 160 159
f 100 101 159
f 159 91 100
f 154 91 159
f 158 161 98
f 161 103 98
f 104 162 163
f 104 163 101
f 101 163 160
f 104 105 162
f 164 161 165
f 164 106 161
f 106 103 161
f 165 166 164
f 163 162 167
f 162 105 107
f 162 107 167
f 167 107 168
f 170 108 169
f 170 168 108
f 168 107 108
f 108 109 169
f 164 111 106
f 111 164 166
f 111 166 112
f 112 166 171
f 170 169 172
f 169 109 113
f 169 113 172
f 172 113 173
f 113 174 173
f 114 174 113
f 171 175 112
f 175 115 112
f 174 114 116
f 176 174 116
f 176 116 177
f 116 118 177
f 177 118 115
f 175 177 115
f 120 179 178
f 119 120 178
f 119 178 180
f 122 119 180
f 125 182 181
f 124 125 181
f 181 120 124
f 179 120 181
f 180 126 122
f 183 126 180
f 126 183 184
f 127 126 184
f 130 186 185
f 129 130 185
f 187 131 129
f 187 129 188
f 188 129 185
f 188 133 187
f 188 182 133
f 182 125 133
f 184 135 127
f 189 135 184
f 135 189 190
f 136 135 190
f 186 130 137
f 191 186 137
f 137 192 191
f 137 140 192
f 139 131 187
f 187 133 139
f 190 193 136
f 193 143 136
f 192 140 144
f 194 192 144
f 144 195 194
f 146 195 144
f 148 196 149
f 150 196 148
f 197 196 150
f 197 150 143
f 197 143 198
f 198 143 193
f 195 146 151
f 199 195 151
f 199 151 200
f 151 152 200
f 149 196 201
f 149 201 152
f 152 201 200
f 196 197 202
f 201 196 202
f 197 198 202
f 205 204 203
f 204 207 206
f 203 204 206
f 207 209 208
f 206 207 208
f 209 210 208
f 213 212 211
f 203 153 154
f 205 203 154
f 205 154 211
f 205 211 212
f 206 153 203
f 155 153 206
f 208 155 206
f 156 155 208
f 210 156 208
f 210 214 156
f 214 157 156
f 157 214 215
f 158 157 215
f 211 159 160
f 211 160 213
f 213 160 216
f 211 154 159
f 215 217 158
f 217 161 158
f 218 219 216
f 218 216 163
f 163 216 160
f 219 218 220
f 165 222 221
f 165 161 222
f 161 217 222
f 165 221 166
f 218 163 167
f 220 218 167
f 220 167 223
f 223 167 168
f 168 224 223
f 170 224 168
f 222 225 221
f 221 225 226
f 221 226 166
f 166 226 171
f 224 170 172
f 227 224 172
f 227 172 228
f 172 173 228
f 173 229 228
f 174 229 173
f 226 230 171
f 230 175 171
f 229 174 176
f 231 229 176
f 231 176 232
f 176 177 232
f 232 177 175
f 230 232 175
f 178 179 233
f 178 233 180
f 181 182 234
f 234 236 235
f 181 234 235
f 181 235 233
f 181 233 179
f 233 183 180
f 233 235 183
f 235 237 183
f 183 237 238
f 184 183 238
f 185 186 239
f 239 241 240
f 239 240 185
f 185 240 188
f 182 242 234
f 182 188 242
f 188 240 242
f 234 242 236
f 238 189 184
f 243 189 238
f 189 243 244
f 190 189 244
f 239 186 191
f 191 241 239
f 191 192 241
f 192 245 241
f 246 244 247
f 246 193 244
f 193 190 244
f 247 248 246
f 245 192 194
f 249 245 194
f 194 250 249
f 195 250 194
f 251 193 246
f 198 193 251
f 248 252 251
f 246 248 251
f 250 195 199
f 253 250 199
f 255 200 254
f 255 253 200
f 253 199 200
f 201 254 200
f 256 254 201
f 202 256 201
f 257 256 202
f 198 257 202
f 198 251 257
f 251 258 257
f 252 259 258
f 251 252 258
f 255 254 260
f 254 256 261
f 260 254 261
f 256 257 262
f 261 256 262
f 257 258 263
f 262 257 263
f 258 259 263
f 266 265 264
f 265 268 267
f 264 265 267
f 268 270 269
f 267 268 269
f 270 271 269
f 264 204 205
f 264 205 266
f 266 205 272
f 267 204 264
f 207 204 267
f 269 207 267
f 209 207 269
f 209 269 271
f 209 271 210
f 210 271 273
f 213 275 274
f 212 213 274
f 274 205 212
f 272 205 274
f 273 214 210
f 276 214 273
f 214 276 277
f 215 214 277
f 278 279 275
f 278 275 216
f 216 275 213
f 279 278 280
f 277 281 215
f 281 217 215
f 278 216 219
f 219 280 278
f 219 220 280
f 220 282 280
f 281 283 217
f 283 222 217
f 282 220 223
f 284 282 223
f 285 223 224
f 285 286 223
f 286 284 223
f 286 285 287
f 225 289 288
f 225 222 289
f 222 283 289
f 225 288 226
f 285 224 227
f 287 285 227
f 287 227 290
f 290 227 228
f 291 228 229
f 291 292 228
f 292 290 228
f 292 291 294
f 289 293 288
f 288 293 295
f 288 295 226
f 226 295 230
f 291 229 231
f 294 291 231
f 294 231 296
f 296 231 232
f 296 232 230
f 295 296 230
f 235 236 297
f 297 299 298
f 297 298 235
f 235 298 237
f 237 298 300
f 238 237 300
f 240 241 301
f 242 240 301
f 302 242 301
f 302 304 303
f 242 302 303
f 242 303 297
f 242 297 236
f 297 303 299
f 300 243 238
f 305 243 300
f 243 305 306
f 244 243 306
f 307 301 241
f 245 307 241
f 308 307 309
f 308 302 307
f 302 301 307
f 302 308 304
f 306 247 244
f 310 247 306
f 247 310 311
f 248 247 311
f 307 245 249
f 249 309 307
f 249 250 309
f 250 312 309
f 311 313 248
f 313 252 248
f 312 250 253
f 314 312 253
f 253 315 314
f 255 315 253
f 316 313 317
f 316 259 313
f 259 252 313
f 317 318 316
f 260 319 320
f 260 320 255
f 255 320 315
f 261 319 260
f 321 319 261
f 262 321 261
f 322 321 262
f 263 322 262
f 323 322 263
f 323 324 325
f 263 324 323
f 263 316 324
f 263 259 316
f 316 318 324
f 320 319 326
f 328 326 319
f 328 319 327
f 327 319 321
f 329 330 327
f 329 327 322
f 322 327 321
f 322 323 331
f 329 322 331
f 323 325 331
f 328 327 332
f 327 330 332
f 335 334 333
f 334 336 333
f 339 338 337
f 338 335 333
f 338 333 337
f 337 333 340
f 336 342 341
f 336 341 333
f 333 341 340
f 342 343 341
f 337 265 266
f 337 266 339
f 339 266 344
f 340 265 337
f 268 265 340
f 341 268 340
f 270 268 341
f 270 341 343
f 270 343 271
f 271 343 345
f 348 347 346
f 347 272 346
f 347 344 272
f 344 266 272
f 349 345 350
f 349 273 345
f 273 271 345
f 350 351 349
f 346 274 275
f 346 275 348
f 348 275 352
f 346 272 274
f 349 276 273
f 276 349 351
f 276 351 277
f 277 351 353
f 352 275 279
f 354 352 279
f 279 355 354
f 280 355 279
f 353 356 277
f 356 281 277
f 357 358 355
f 357 355 282
f 282 355 280
f 358 357 359
f 356 360 281
f 360 283 281
f 357 282 284
f 359 357 284
f 359 284 361
f 361 284 286
f 362 286 287
f 362 363 286
f 363 361 286
f 363 362 364
f 360 365 283
f 365 289 283
f 362 287 290
f 364 362 290
f 364 290 366
f 366 290 292
f 289 365 367
f 289 367 293
f 365 366 367
f 294 367 292
f 366 292 367
f 293 367 295
f 367 294 296
f 367 296 295
f 298 299 368
f 298 368 300
f 304 370 369
f 303 304 369
f 299 371 368
f 299 303 371
f 303 369 371
f 368 305 300
f 368 371 305
f 371 372 305
f 305 372 373
f 306 305 373
f 308 309 374
f 374 304 308
f 374 375 304
f 375 370 304
f 373 310 306
f 376 310 373
f 310 376 377
f 311 310 377
f 378 374 309
f 378 309 379
f 379 309 312
f 374 378 375
f 380 377 381
f 380 313 377
f 313 311 377
f 381 382 380
f 379 312 314
f 383 379 314
f 314 384 383
f 315 384 314
f 380 317 313
f 317 380 382
f 317 382 318
f 318 382 385
f 384 315 386
f 386 315 320
f 324 387 325
f 387 324 318
f 387 318 388
f 388 318 385
f 326 389 390
f 326 390 320
f 320 390 386
f 326 328 389
f 329 391 330
f 391 392 393
f 391 329 392
f 329 331 392
f 325 387 394
f 325 394 331
f 331 394 392
f 387 388 394
f 390 389 395
f 397 332 396
f 395 332 397
f 395 328 332
f 395 389 328
f 396 398 399
f 332 398 396
f 332 391 398
f 332 330 391
f 391 393 398
f 397 396 400
f 396 399 400
f 403 402 401
f 335 401 402
f 335 402 334
f 334 402 404
f 405 336 334
f 405 334 406
f 406 334 404
f 406 407 405
f 401 338 339
f 401 339 403
f 403 339 408
f 401 335 338
f 405 342 336
f 342 405 407
f 342 407 343
f 343 407 409
f 412 411 410
f 411 344 410
f 411 408 344
f 408 339 344
f 413 409 414
f 413 345 409
f 345 343 409
f 414 415 413
f 410 347 348
f 410 348 412
f 412 348 416
f 410 344 347
f 418 419 417
f 413 350 345
f 350 413 415
f 350 415 351
f 418 417 415
f 417 351 415
f 420 421 416
f 420 416 352
f 352 416 348
f 421 420 422
f 424 417 419
f 423 417 424
f 417 423 353
f 351 417 353
f 420 352 354
f 354 355 425
f 420 354 425
f 420 425 426
f 420 426 422
f 426 427 428
f 425 427 426
f 428 427 429
f 431 423 424
f 430 423 431
f 423 430 356
f 353 423 356
f 425 355 358
f 358 359 432
f 358 432 425
f 425 432 427
f 429 433 434
f 429 427 433
f 427 432 433
f 434 430 431
f 434 433 430
f 433 435 430
f 430 435 360
f 356 430 360
f 432 359 361
f 433 432 361
f 363 433 361
f 363 364 436
f 363 436 433
f 433 436 435
f 435 436 365
f 360 435 365
f 436 364 366
f 436 366 365
f 369 370 437
f 437 439 438
f 437 438 369
f 369 438 371
f 441 440 372
f 441 372 438
f 438 372 371
f 372 440 373
f 442 437 370
f 442 370 443
f 443 370 375
f 437 442 439
f 441 444 440
f 446 445 376
f 444 446 376
f 444 376 373
f 444 373 440
f 376 445 377
f 378 379 447
f 447 375 378
f 447 448 375
f 448 443 375
f 446 449 445
f 451 450 381
f 449 451 381
f 449 381 377
f 449 377 445
f 381 450 382
f 383 452 454
f 383 454 379
f 453 447 454
f 447 379 454
f 453 448 447
f 452 383 384
f 451 455 450
f 450 455 456
f 450 456 382
f 382 456 385
f 454 452 457
f 452 458 457
f 452 384 458
f 384 386 458
f 461 459 460
f 460 459 388
f 460 388 456
f 456 388 385
f 458 386 462
f 462 386 390
f 392 463 393
f 463 461 464
f 463 394 461
f 463 392 394
f 394 459 461
f 459 394 388
f 395 465 466
f 395 466 390
f 390 466 462
f 395 397 465
f 398 467 399
f 467 468 469
f 398 468 467
f 398 463 468
f 398 393 463
f 463 464 468
f 466 465 470
f 465 397 400
f 465 400 470
f 470 400 471
f 399 467 472
f 399 472 400
f 400 472 471
f 467 469 472
f 475 474 473
f 474 477 476
f 473 474 476
f 477 479 478
f 476 477 478
f 479 480 478
f 473 402 403
f 473 403 475
f 475 403 481
f 476 402 473
f 404 402 476
f 478 404 476
f 406 404 478
f 406 478 480
f 406 480 407
f 407 480 482
f 485 484 483
f 484 408 483
f 484 481 408
f 481 403 408
f 482 486 407
f 486 409 407
f 487 488 485
f 487 485 412
f 483 411 485
f 411 412 485
f 483 408 411
f 488 487 489
f 414 491 490
f 414 409 491
f 409 486 491
f 414 490 415
f 492 487 412
f 416 492 412
f 489 492 493
f 487 492 489
f 490 419 418
f 490 491 419
f 491 494 419
f 490 418 415
f 492 416 421
f 421 422 495
f 492 421 495
f 492 495 496
f 492 496 493
f 496 495 497
f 494 498 419
f 498 424 419
f 495 422 426
f 497 495 426
f 497 426 499
f 499 426 428
f 500 428 429
f 500 501 428
f 501 499 428
f 501 500 431
f 501 431 498
f 498 431 424
f 500 429 434
f 500 434 431
f 438 439 502
f 438 502 441
f 442 443 503
f 503 505 504
f 442 503 504
f 442 504 502
f 442 502 439
f 507 506 444
f 504 507 444
f 504 444 441
f 504 441 502
f 444 506 446
f 508 503 443
f 508 443 509
f 509 443 448
f 503 508 505
f 507 510 506
f 512 511 449
f 510 512 449
f 510 449 446
f 510 446 506
f 449 511 451
f 453 454 513
f 513 448 453
f 513 514 448
f 514 509 448
f 512 515 511
f 517 516 455
f 515 517 455
f 515 455 451
f 515 451 511
f 455 516 456
f 513 454 457
f 457 514 513
f 457 458 514
f 458 518 514
f 516 461 460
f 516 517 461
f 517 519 461
f 516 460 456
f 518 458 520
f 520 458 462
f 519 521 461
f 521 464 461
f 520 462 522
f 522 462 466
f 469 523 524
f 468 523 469
f 523 468 464
f 521 523 464
f 522 466 470
f 525 522 470
f 527 471 526
f 527 525 471
f 525 470 471
f 472 526 471
f 528 526 472
f 528 472 469
f 528 469 529
f 529 469 524
f 527 526 530
f 526 528 531
f 530 526 531
f 528 529 531
f 534 533 532
f 533 536 535
f 532 533 535
f 536 537 535
f 540 539 538
f 532 474 475
f 534 532 475
f 534 475 538
f 534 538 539
f 535 474 532
f 477 474 535
f 537 477 535
f 537 541 477
f 541 479 477
f 479 541 542
f 480 479 542
f 544 540 538
f 543 544 538
f 538 481 543
f 475 481 538
f 542 545 480
f 545 482 480
f 546 547 544
f 546 544 485
f 543 484 544
f 484 485 544
f 543 481 484
f 547 546 548
f 545 549 482
f 549 486 482
f 546 485 488
f 488 548 546
f 488 489 548
f 489 550 548
f 549 551 486
f 551 491 486
f 552 553 550
f 552 550 493
f 493 550 489
f 553 552 554
f 557 555 556
f 556 555 494
f 556 494 551
f 551 494 491
f 552 493 496
f 496 497 558
f 552 496 558
f 552 558 559
f 552 559 554
f 559 555 557
f 559 558 555
f 558 560 555
f 555 560 498
f 494 555 498
f 558 497 499
f 560 558 499
f 501 560 499
f 560 501 498
f 504 505 561
f 504 561 507
f 508 509 562
f 505 508 562
f 505 562 561
f 561 562 563
f 510 507 561
f 510 561 564
f 564 561 563
f 510 564 512
f 565 562 509
f 514 565 509
f 566 565 567
f 566 563 565
f 563 562 565
f 569 563 566
f 569 568 563
f 568 564 563
f 515 512 564
f 515 564 570
f 570 564 568
f 515 570 517
f 571 565 514
f 518 571 514
f 567 571 572
f 565 571 567
f 574 568 569
f 573 568 574
f 568 573 570
f 570 573 575
f 570 575 519
f 517 570 519
f 576 571 518
f 520 576 518
f 572 576 577
f 571 576 572
f 574 578 573
f 580 573 578
f 580 579 573
f 579 575 573
f 575 579 521
f 519 575 521
f 581 576 520
f 522 581 520
f 577 581 582
f 576 581 577
f 579 524 523
f 579 580 524
f 580 583 524
f 579 523 521
f 581 522 525
f 525 527 584
f 581 525 584
f 581 584 585
f 581 585 582
f 585 584 586
f 583 587 524
f 587 529 524
f 584 527 530
f 586 584 530
f 586 530 588
f 588 530 531
f 588 531 529
f 587 588 529
f 591 590 589
f 590 593 592
f 589 590 592
f 593 594 592
f 597 596 595
f 589 533 534
f 591 589 534
f 591 534 595
f 591 595 596
f 592 533 589
f 536 533 592
f 536 598 537
f 592 598 536
f 592 599 598
f 592 594 599
f 599 600 598
f 595 539 540
f 595 540 597
f 597 540 601
f 595 534 539
f 598 541 537
f 541 598 600
f 541 600 542
f 542 600 602
f 603 604 601
f 603 601 544
f 544 601 540
f 604 603 605
f 602 606 542
f 606 545 542
f 603 544 547
f 547 605 603
f 547 548 605
f 548 607 605
f 610 608 609
f 609 608 549
f 609 549 606
f 606 549 545
f 611 612 607
f 611 607 550
f 550 607 548
f 612 613 614
f 611 613 612
f 614 608 610
f 614 613 608
f 613 615 608
f 608 615 551
f 549 608 551
f 611 550 553
f 553 554 616
f 553 616 611
f 611 616 613
f 557 556 615
f 557 615 616
f 616 615 613
f 615 556 551
f 616 554 559
f 616 559 557
f 566 567 617
f 566 617 569
f 618 617 567
f 572 618 567
f 617 618 574
f 569 617 574
f 619 618 572
f 577 619 572
f 578 574 618
f 578 618 620
f 620 618 619
f 578 620 580
f 621 619 577
f 582 621 577
f 619 621 620
f 620 621 622
f 620 622 583
f 580 620 583
f 621 582 585
f 585 586 623
f 585 623 621
f 621 623 622
f 622 623 587
f 583 622 587
f 623 586 588
f 623 588 587
f 626 625 624
f 625 628 627
f 624 625 627
f 628 630 629
f 627 628 629
f 630 631 629
f 633 626 624
f 632 633 624
f 591 627 590
f 591 632 627
f 632 624 627
f 629 590 627
f 593 590 629
f 593 629 631
f 593 631 594
f 594 631 634
f 632 596 597
f 632 597 633
f 633 597 635
f 632 591 596
f 599 637 636
f 599 594 637
f 594 634 637
f 599 636 600
f 638 639 635
f 638 635 601
f 601 635 597
f 639 638 640
f 642 636 637
f 641 636 642
f 636 641 602
f 600 636 602
f 638 601 604
f 604 640 638
f 604 605 640
f 605 643 640
f 645 641 642
f 644 641 645
f 641 644 606
f 602 641 606
f 646 647 643
f 646 643 607
f 607 643 605
f 647 648 649
f 646 648 647
f 644 610 609
f 645 610 644
f 645 648 610
f 645 649 648
f 644 609 606
f 646 607 612
f 648 646 612
f 614 648 612
f 648 614 610
f 652 651 650
f 651 654 653
f 650 651 653
f 654 656 655
f 653 654 655
f 656 657 655
f 660 659 658
f 650 625 626
f 652 650 626
f 652 626 658
f 652 658 659
f 653 625 650
f 628 625 653
f 655 628 653
f 630 628 655
f 630 655 657
f 630 657 631
f 631 657 661
f 660 658 662
f 658 663 662
f 658 626 663
f 626 633 663
f 661 664 631
f 664 634 631
f 665 666 663
f 665 663 635
f 635 663 633
f 666 665 667
f 664 668 634
f 668 637 634
f 665 635 639
f 639 667 665
f 639 640 667
f 640 669 667
f 668 670 637
f 670 642 637
f 671 672 669
f 671 669 643
f 643 669 640
f 672 673 674
f 671 673 672
f 674 673 645
f 674 645 670
f 670 645 642
f 671 643 647
f 673 671 647
f 649 673 647
f 673 649 645
f 677 676 675
f 676 679 678
f 675 676 678
f 679 680 678
f 683 682 681
f 675 651 652
f 677 675 652
f 677 652 681
f 677 681 682
f 678 651 675
f 654 651 678
f 678 656 654
f 678 685 656
f 678 680 685
f 684 656 685
f 656 684 657
f 686 687 683
f 686 683 660
f 681 659 683
f 659 660 683
f 681 652 659
f 687 686 688
f 685 689 684
f 684 689 690
f 684 690 657
f 657 690 661
f 686 660 662
f 662 663 691
f 686 662 691
f 686 691 692
f 686 692 688
f 692 691 693
f 696 694 695
f 695 694 664
f 695 664 690
f 690 664 661
f 691 663 666
f 666 693 691
f 666 667 693
f 667 697 693
f 699 694 696
f 698 694 699
f 694 698 668
f 664 694 668
f 700 701 697
f 700 697 669
f 669 697 667
f 701 698 699
f 701 700 698
f 700 702 698
f 698 702 670
f 668 698 670
f 700 669 672
f 702 700 672
f 674 702 672
f 702 674 670
f 677 704 703
f 676 677 703
f 703 705 676
f 676 705 679
f 679 705 706
f 680 679 706
f 682 683 707
f 707 677 682
f 707 708 677
f 708 704 677
f 706 709 680
f 709 685 680
f 707 683 687
f 687 688 710
f 707 687 710
f 707 710 711
f 707 711 708
f 711 710 712
f 689 714 713
f 689 685 714
f 685 709 714
f 689 713 690
f 710 688 692
f 692 693 715
f 710 692 715
f 710 715 716
f 710 716 712
f 713 696 695
f 714 696 713
f 714 715 696
f 714 716 715
f 713 695 690
f 717 715 693
f 697 717 693
f 715 717 699
f 696 715 699
f 717 697 701
f 717 701 699
f 703 704 718
f 705 703 718
f 719 705 718
f 705 719 706
f 720 718 704
f 708 720 704
f 718 720 719
f 719 720 721
f 719 721 709
f 706 719 709
f 720 708 711
f 711 712 722
f 711 722 720
f 720 722 721
f 721 722 714
f 709 721 714
f 722 712 716
f 722 716 714
f 724 725 723
f 724 723 726
f 723 725 727
f 729 726 723
f 729 723 728
f 727 730 723
f 730 728 723
f 729 728 731
f 732 728 730
f 732 730 733
f 733 730 734
f 728 736 731
f 728 732 736
f 732 735 736
f 736 735 737
f 738 736 737
f 733 734 740
f 739 733 740
f 740 741 739
f 742 741 740
f 737 743 738
f 743 744 738
f 741 742 746
f 745 741 746
f 745 746 744
f 743 745 744
f 749 748 747
f 748 751 750
f 747 748 750
f 751 753 752
f 750 751 752
f 753 755 754
f 752 753 754
f 755 756 754
f 759 758 757
f 758 761 760
f 757 758 760
f 761 749 747
f 761 747 760
f 760 747 762
f 747 750 762
f 750 763 762
f 764 765 763
f 764 763 752
f 752 763 750
f 752 754 766
f 764 752 766
f 769 766 754
f 769 754 767
f 756 768 754
f 768 767 754
f 768 770 767
f 772 759 757
f 771 772 757
f 773 774 771
f 773 771 760
f 760 771 757
f 760 762 775
f 773 760 775
f 762 763 776
f 775 762 776
f 763 765 776
f 769 767 777
f 778 732 767
f 778 767 770
f 732 733 767
f 777 767 779
f 733 779 767
f 781 780 735
f 781 735 778
f 778 735 732
f 735 780 737
f 772 771 782
f 771 774 782
f 779 733 739
f 783 779 739
f 785 739 741
f 785 783 739
f 781 784 780
f 780 784 786
f 780 786 737
f 737 786 743
f 745 787 788
f 745 788 741
f 741 788 785
f 787 745 743
f 787 743 789
f 789 743 786
f 788 787 790
f 787 789 790
f 793 792 791
f 749 791 792
f 749 792 748
f 748 792 794
f 794 795 748
f 748 795 751
f 795 796 751
f 751 796 753
f 796 797 753
f 753 797 755
f 755 797 798
f 756 755 798
f 759 800 799
f 758 759 799
f 791 799 793
f 791 761 799
f 761 758 799
f 791 749 761
f 764 801 765
f 766 801 764
f 802 801 766
f 768 798 803
f 768 756 798
f 766 769 802
f 768 803 804
f 770 768 804
f 807 806 805
f 806 772 805
f 806 800 772
f 800 759 772
f 773 808 774
f 775 808 773
f 809 808 775
f 776 809 775
f 810 809 776
f 765 810 776
f 765 801 810
f 801 811 810
f 801 802 811
f 802 812 811
f 769 812 802
f 769 813 812
f 769 777 813
f 814 812 813
f 804 815 770
f 770 815 778
f 816 813 777
f 816 777 779
f 778 815 817
f 781 778 817
f 807 805 818
f 820 782 819
f 818 782 820
f 818 772 782
f 818 805 772
f 774 819 782
f 774 808 819
f 808 821 819
f 808 809 821
f 809 822 821
f 809 810 822
f 810 823 822
f 824 825 823
f 824 823 811
f 811 823 810
f 811 812 826
f 824 811 826
f 812 814 826
f 816 779 783
f 827 816 783
f 817 828 781
f 781 828 784
f 829 827 783
f 829 783 785
f 784 828 830
f 786 784 830
f 820 819 831
f 819 821 832
f 831 819 832
f 821 822 833
f 832 821 833
f 822 823 834
f 833 822 834
f 823 825 834
f 829 785 835
f 835 785 788
f 830 836 786
f 836 789 786
f 835 788 790
f 837 835 790
f 837 790 789
f 836 837 789
f 840 839 838
f 839 841 838
f 793 843 842
f 792 793 842
f 842 844 792
f 792 844 794
f 844 845 794
f 794 845 795
f 838 845 840
f 838 796 845
f 796 795 845
f 841 796 838
f 841 846 796
f 846 797 796
f 797 846 847
f 798 797 847
f 800 849 848
f 799 800 848
f 848 793 799
f 843 793 848
f 847 803 798
f 850 803 847
f 803 850 851
f 804 803 851
f 807 853 852
f 806 807 852
f 852 800 806
f 849 800 852
f 813 854 814
f 815 851 855
f 815 804 851
f 813 816 854
f 815 855 856
f 817 815 856
f 818 857 858
f 818 858 807
f 807 858 853
f 818 820 857
f 824 859 825
f 826 859 824
f 860 859 826
f 814 860 826
f 814 854 860
f 854 861 860
f 827 854 816
f 827 862 854
f 862 861 854
f 828 856 863
f 828 817 856
f 827 829 862
f 828 863 864
f 830 828 864
f 858 857 865
f 867 831 866
f 865 831 867
f 865 820 831
f 865 857 820
f 832 866 831
f 868 866 832
f 833 868 832
f 869 868 833
f 834 869 833
f 870 869 834
f 825 870 834
f 825 859 870
f 859 871 870
f 859 860 871
f 860 872 871
f 860 861 872
f 861 873 872
f 874 875 873
f 874 873 862
f 862 873 861
f 862 876 874
f 862 829 876
f 829 835 876
f 864 877 830
f 877 836 830
f 867 866 878
f 866 868 879
f 878 866 879
f 868 869 880
f 879 868 880
f 869 870 881
f 880 869 881
f 870 871 882
f 881 870 882
f 871 872 883
f 882 871 883
f 872 873 884
f 883 872 884
f 873 875 884
f 876 835 837
f 885 876 837
f 885 837 836
f 877 885 836
f 840 887 886
f 839 840 886
f 839 886 888
f 841 839 888
f 891 890 889
f 843 889 890
f 843 890 842
f 842 890 892
f 892 893 842
f 842 893 844
f 893 894 844
f 844 894 845
f 894 840 845
f 887 840 894
f 888 846 841
f 895 846 888
f 846 895 896
f 847 846 896
f 889 848 849
f 889 849 891
f 891 849 897
f 889 843 848
f 896 850 847
f 898 850 896
f 850 898 899
f 851 850 899
f 853 901 900
f 852 853 900
f 900 849 852
f 897 849 900
f 899 855 851
f 902 855 899
f 855 902 903
f 856 855 903
f 901 853 904
f 904 853 858
f 903 863 856
f 905 863 903
f 863 905 906
f 864 863 906
f 904 858 865
f 907 904 865
f 865 908 907
f 867 908 865
f 874 909 875
f 874 876 909
f 906 910 864
f 910 877 864
f 878 911 912
f 878 912 867
f 867 912 908
f 879 911 878
f 913 911 879
f 880 913 879
f 914 913 880
f 881 914 880
f 915 914 881
f 882 915 881
f 916 915 882
f 883 916 882
f 917 916 883
f 884 917 883
f 918 917 884
f 875 918 884
f 875 909 918
f 909 919 918
f 885 909 876
f 885 920 909
f 920 919 909
f 920 885 877
f 920 877 921
f 921 877 910
f 912 911 922
f 924 922 911
f 924 911 923
f 923 911 913
f 913 914 923
f 914 925 923
f 914 915 925
f 915 926 925
f 915 916 926
f 916 927 926
f 916 917 927
f 917 928 927
f 917 918 928
f 918 929 928
f 930 931 929
f 930 929 919
f 919 929 918
f 933 930 919
f 933 919 932
f 932 919 920
f 921 934 932
f 920 921 932
f 924 923 935
f 923 925 936
f 935 923 936
f 925 926 937
f 936 925 937
f 926 927 938
f 937 926 938
f 927 928 939
f 938 927 939
f 928 929 940
f 939 928 940
f 929 931 940
f 933 932 941
f 932 934 941
f 887 943 942
f 886 887 942
f 886 942 944
f 888 886 944
f 890 891 945
f 945 947 946
f 945 946 890
f 890 946 892
f 946 948 892
f 892 948 893
f 948 949 893
f 893 949 894
f 949 887 894
f 943 887 949
f 944 895 888
f 950 895 944
f 895 950 951
f 896 895 951
f 952 945 891
f 952 891 953
f 953 891 897
f 945 952 947
f 951 898 896
f 954 898 951
f 898 954 955
f 899 898 955
f 901 957 956
f 900 901 956
f 956 897 900
f 953 897 956
f 955 902 899
f 958 902 955
f 902 958 959
f 903 902 959
f 957 901 960
f 960 901 904
f 959 905 903
f 961 905 959
f 905 961 962
f 906 905 962
f 960 904 907
f 963 960 907
f 907 964 963
f 908 964 907
f 962 965 906
f 965 910 906
f 964 908 966
f 966 908 912
f 965 967 910
f 967 921 910
f 970 969 968
f 969 971 968
f 969 912 971
f 969 966 912
f 912 922 971
f 922 924 971
f 930 972 931
f 930 933 972
f 967 973 921
f 973 934 921
f 975 970 968
f 974 975 968
f 968 971 974
f 971 976 974
f 935 971 924
f 935 977 971
f 977 976 971
f 936 977 935
f 978 977 936
f 937 978 936
f 979 978 937
f 938 979 937
f 980 979 938
f 939 980 938
f 981 980 939
f 940 981 939
f 982 981 940
f 931 982 940
f 931 972 982
f 972 983 982
f 941 972 933
f 941 984 972
f 984 983 972
f 984 941 934
f 984 934 985
f 985 934 973
f 987 975 974
f 986 987 974
f 974 976 986
f 976 988 986
f 976 977 988
f 977 989 988
f 977 978 989
f 978 990 989
f 978 979 990
f 979 991 990
f 979 980 991
f 980 992 991
f 980 981 992
f 981 993 992
f 981 982 993
f 982 994 993
f 995 996 994
f 995 994 983
f 983 994 982
f 998 995 983
f 998 983 997
f 997 983 984
f 985 999 997
f 984 985 997
f 987 986 1000
f 986 988 1001
f 1000 986 1001
f 988 989 1002
f 1001 988 1002
f 989 990 1003
f 1002 989 1003
f 990 991 1004
f 1003 990 1004
f 1006 1004 991
f 1006 991 1005
f 1005 991 992
f 992 993 1005
f 993 1007 1005
f 1008 1009 1007
f 1008 1007 994
f 994 1007 993
f 994 996 1008
f 998 997 1010
f 997 999 1010
f 1006 1005 1011
f 1005 1007 1012
f 1011 1005 1012
f 1007 1009 1012
f 943 1014 1013
f 942 943 1013
f 942 1013 1015
f 944 942 1015
f 947 1017 1016
f 946 947 1016
f 1016 1018 946
f 946 1018 948
f 1018 1019 948
f 948 1019 949
f 1019 943 949
f 1014 943 1019
f 1015 950 944
f 1020 950 1015
f 950 1020 1021
f 951 950 1021
f 953 1023 1022
f 952 953 1022
f 1022 947 952
f 1017 947 1022
f 1021 954 951
f 1024 954 1021
f 954 1024 1025
f 955 954 1025
f 957 1027 1026
f 956 957 1026
f 1026 953 956
f 1023 953 1026
f 1025 958 955
f 1028 958 1025
f 958 1028 1029
f 959 958 1029
f 1027 957 1030
f 1030 957 960
f 1029 961 959
f 1031 961 1029
f 961 1031 1032
f 962 961 1032
f 963 1033 1034
f 963 1034 960
f 960 1034 1030
f 963 964 1033
f 1032 1035 962
f 1035 965 962
f 1037 1034 1033
f 1036 1037 1033
f 1033 966 1036
f 964 966 1033
f 1035 1038 965
f 1038 967 965
f 1036 969 970
f 1036 970 1037
f 1037 970 1039
f 1036 966 969
f 1038 1040 967
f 1040 973 967
f 1039 970 1041
f 1041 970 975
f 1040 1042 973
f 1042 985 973
f 1043 1044 1041
f 1043 1041 987
f 987 1041 975
f 1044 1043 1045
f 995 1046 996
f 995 998 1046
f 1042 1047 985
f 1047 999 985
f 1043 987 1000
f 1043 1000 1001
f 1043 1001 1049
f 1043 1049 1045
f 1048 1049 1001
f 1002 1048 1001
f 1050 1048 1002
f 1003 1050 1002
f 1051 1050 1003
f 1004 1051 1003
f 1052 1051 1004
f 1004 1006 1052
f 1008 1053 1009
f 1053 1054 1055
f 1008 1054 1053
f 1008 1046 1054
f 1008 996 1046
f 1046 998 1010
f 1046 1010 1054
f 1054 1010 1056
f 1056 1010 999
f 1047 1056 999
f 1049 1048 1057
f 1048 1050 1058
f 1057 1048 1058
f 1060 1058 1050
f 1060 1050 1059
f 1059 1050 1051
f 1051 1052 1059
f 1052 1061 1059
f 1011 1052 1006
f 1011 1062 1052
f 1062 1061 1052
f 1012 1062 1011
f 1063 1062 1012
f 1063 1064 1065
f 1012 1064 1063
f 1012 1053 1064
f 1012 1009 1053
f 1053 1055 1064
f 1060 1059 1066
f 1059 1061 1067
f 1066 1059 1067
f 1061 1062 1068
f 1067 1061 1068
f 1062 1063 1069
f 1068 1062 1069
f 1063 1065 1069
f 1013 1014 1070
f 1013 1070 1015
f 1017 1072 1071
f 1016 1017 1071
f 1071 1073 1016
f 1016 1073 1018
f 1073 1074 1018
f 1018 1074 1019
f 1014 1075 1070
f 1014 1019 1075
f 1019 1074 1075
f 1070 1020 1015
f 1070 1075 1020
f 1075 1076 1020
f 1020 1076 1077
f 1021 1020 1077
f 1023 1079 1078
f 1022 1023 1078
f 1078 1017 1022
f 1072 1017 1078
f 1077 1024 1021
f 1080 1024 1077
f 1024 1080 1081
f 1025 1024 1081
f 1027 1083 1082
f 1026 1027 1082
f 1082 1023 1026
f 1079 1023 1082
f 1081 1028 1025
f 1084 1028 1081
f 1028 1084 1085
f 1029 1028 1085
f 1083 1027 1086
f 1086 1027 1030
f 1085 1031 1029
f 1087 1031 1085
f 1031 1087 1088
f 1032 1031 1088
f 1086 1030 1089
f 1089 1030 1034
f 1088 1090 1032
f 1090 1035 1032
f 1089 1034 1091
f 1091 1034 1037
f 1090 1092 1035
f 1092 1038 1035
f 1091 1037 1093
f 1093 1037 1039
f 1094 1092 1095
f 1094 1040 1092
f 1040 1038 1092
f 1095 1096 1094
f 1093 1039 1097
f 1097 1039 1041
f 1098 1040 1094
f 1098 1099 1040
f 1099 1042 1040
f 1094 1096 1098
f 1097 1041 1044
f 1100 1097 1044
f 1044 1101 1100
f 1045 1101 1044
f 1099 1102 1042
f 1102 1047 1042
f 1101 1045 1103
f 1103 1045 1049
f 1054 1104 1055
f 1104 1105 1106
f 1104 1054 1105
f 1054 1056 1105
f 1105 1056 1047
f 1102 1105 1047
f 1103 1049 1057
f 1107 1103 1057
f 1109 1058 1108
f 1109 1107 1058
f 1107 1057 1058
f 1058 1060 1108
f 1064 1110 1065
f 1110 1111 1112
f 1064 1111 1110
f 1064 1104 1111
f 1064 1055 1104
f 1104 1106 1111
f 1109 1108 1113
f 1115 1066 1114
f 1113 1066 1115
f 1113 1060 1066
f 1113 1108 1060
f 1067 1114 1066
f 1116 1114 1067
f 1068 1116 1067
f 1117 1116 1068
f 1069 1117 1068
f 1118 1117 1069
f 1118 1119 1120
f 1069 1119 1118
f 1069 1110 1119
f 1069 1065 1110
f 1110 1112 1119
f 1115 1114 1121
f 1123 1121 1114
f 1123 1114 1122
f 1122 1114 1116
f 1124 1125 1122
f 1124 1122 1117
f 1117 1122 1116
f 1117 1118 1126
f 1124 1117 1126
f 1118 1120 1126
f 1123 1122 1127
f 1122 1125 1127
f 1071 1072 1128
f 1128 1130 1129
f 1128 1129 1071
f 1071 1129 1073
f 1129 1131 1073
f 1073 1131 1074
f 1131 1132 1074
f 1074 1132 1075
f 1132 1133 1075
f 1075 1133 1076
f 1076 1133 1134
f 1077 1076 1134
f 1079 1136 1135
f 1078 1079 1135
f 1072 1137 1128
f 1072 1078 1137
f 1078 1135 1137
f 1128 1137 1130
f 1134 1080 1077
f 1138 1080 1134
f 1080 1138 1139
f 1081 1080 1139
f 1082 1083 1140
f 1140 1079 1082
f 1140 1141 1079
f 1141 1136 1079
f 1139 1084 1081
f 1142 1084 1139
f 1084 1142 1143
f 1085 1084 1143
f 1144 1140 1083
f 1144 1083 1145
f 1145 1083 1086
f 1140 1144 1141
f 1143 1087 1085
f 1146 1087 1143
f 1087 1146 1147
f 1088 1087 1147
f 1145 1086 1148
f 1148 1086 1089
f 1147 1149 1088
f 1149 1090 1088
f 1150 1151 1148
f 1150 1148 1091
f 1091 1148 1089
f 1151 1150 1152
f 1149 1153 1090
f 1153 1092 1090
f 1154 1150 1091
f 1093 1154 1091
f 1152 1154 1155
f 1150 1154 1152
f 1153 1095 1092
f 1156 1095 1153
f 1095 1156 1157
f 1096 1095 1157
f 1158 1154 1093
f 1097 1158 1093
f 1155 1158 1159
f 1154 1158 1155
f 1099 1160 1161
f 1098 1160 1099
f 1160 1098 1096
f 1157 1160 1096
f 1158 1097 1100
f 1100 1159 1158
f 1100 1101 1159
f 1101 1162 1159
f 1161 1163 1099
f 1163 1102 1099
f 1162 1101 1164
f 1164 1101 1103
f 1106 1165 1166
f 1105 1165 1106
f 1165 1105 1102
f 1163 1165 1102
f 1164 1103 1107
f 1167 1164 1107
f 1107 1168 1167
f 1109 1168 1107
f 1111 1169 1112
f 1169 1111 1106
f 1169 1106 1170
f 1170 1106 1166
f 1168 1109 1113
f 1171 1168 1113
f 1113 1172 1171
f 1115 1172 1113
f 1119 1173 1120
f 1173 1174 1175
f 1119 1174 1173
f 1119 1169 1174
f 1119 1112 1169
f 1169 1170 1174
f 1172 1115 1121
f 1176 1172 1121
f 1121 1177 1176
f 1123 1177 1121
f 1125 1178 1179
f 1124 1178 1125
f 1178 1124 1180
f 1124 1126 1180
f 1120 1173 1181
f 1120 1181 1126
f 1126 1181 1180
f 1173 1175 1181
f 1177 1123 1127
f 1182 1177 1127
f 1182 1127 1125
f 1179 1182 1125
f 1130 1184 1183
f 1129 1130 1183
f 1183 1185 1129
f 1129 1185 1131
f 1185 1186 1131
f 1131 1186 1132
f 1186 1187 1132
f 1132 1187 1133
f 1133 1187 1188
f 1134 1133 1188
f 1136 1190 1189
f 1135 1136 1189
f 1189 1191 1135
f 1135 1191 1137
f 1191 1130 1137
f 1184 1130 1191
f 1188 1138 1134
f 1192 1138 1188
f 1138 1192 1193
f 1139 1138 1193
f 1190 1136 1194
f 1194 1136 1141
f 1193 1142 1139
f 1195 1142 1193
f 1142 1195 1196
f 1143 1142 1196
f 1145 1198 1197
f 1144 1145 1197
f 1197 1141 1144
f 1194 1141 1197
f 1196 1146 1143
f 1199 1146 1196
f 1146 1199 1200
f 1147 1146 1200
f 1198 1145 1201
f 1201 1145 1148
f 1200 1202 1147
f 1202 1149 1147
f 1201 1148 1151
f 1203 1201 1151
f 1151 1204 1203
f 1152 1204 1151
f 1202 1205 1149
f 1205 1153 1149
f 1204 1152 1206
f 1206 1152 1155
f 1205 1156 1153
f 1207 1156 1205
f 1156 1207 1208
f 1157 1156 1208
f 1206 1155 1209
f 1209 1155 1159
f 1161 1210 1211
f 1160 1210 1161
f 1210 1160 1157
f 1208 1210 1157
f 1209 1159 1212
f 1212 1159 1162
f 1211 1213 1161
f 1213 1163 1161
f 1212 1162 1214
f 1214 1162 1164
f 1166 1215 1216
f 1165 1215 1166
f 1215 1165 1163
f 1213 1215 1163
f 1214 1164 1167
f 1217 1214 1167
f 1167 1218 1217
f 1168 1218 1167
f 1216 1219 1166
f 1219 1170 1166
f 1218 1168 1171
f 1220 1218 1171
f 1171 1221 1220
f 1172 1221 1171
f 1175 1222 1223
f 1174 1222 1175
f 1222 1174 1170
f 1219 1222 1170
f 1176 1224 1225
f 1176 1225 1172
f 1172 1225 1221
f 1176 1177 1224
f 1179 1226 1227
f 1178 1226 1179
f 1226 1178 1228
f 1178 1180 1228
f 1228 1180 1229
f 1180 1181 1229
f 1229 1181 1175
f 1223 1229 1175
f 1225 1224 1230
f 1224 1177 1182
f 1224 1182 1230
f 1230 1182 1231
f 1231 1182 1179
f 1227 1231 1179
f 1184 1233 1232
f 1183 1184 1232
f 1232 1234 1183
f 1183 1234 1185
f 1234 1235 1185
f 1185 1235 1186
f 1235 1236 1186
f 1186 1236 1187
f 1187 1236 1237
f 1188 1187 1237
f 1190 1239 1238
f 1189 1190 1238
f 1238 1240 1189
f 1189 1240 1191
f 1240 1184 1191
f 1233 1184 1240
f 1237 1192 1188
f 1241 1192 1237
f 1192 1241 1242
f 1193 1192 1242
f 1245 1244 1243
f 1244 1194 1243
f 1244 1239 1194
f 1239 1190 1194
f 1242 1195 1193
f 1246 1195 1242
f 1195 1246 1247
f 1196 1195 1247
f 1243 1197 1198
f 1243 1198 1245
f 1245 1198 1248
f 1243 1194 1197
f 1199 1250 1249
f 1199 1196 1250
f 1196 1247 1250
f 1199 1249 1200
f 1248 1198 1251
f 1251 1198 1201
f 1250 1252 1249
f 1249 1252 1253
f 1249 1253 1200
f 1200 1253 1202
f 1203 1254 1255
f 1203 1255 1201
f 1201 1255 1251
f 1203 1204 1254
f 1253 1256 1202
f 1256 1205 1202
f 1255 1254 1257
f 1254 1258 1257
f 1254 1204 1258
f 1204 1206 1258
f 1207 1260 1259
f 1207 1205 1260
f 1205 1256 1260
f 1207 1259 1208
f 1258 1206 1261
f 1261 1206 1209
f 1259 1211 1210
f 1259 1260 1211
f 1260 1262 1211
f 1259 1210 1208
f 1261 1209 1263
f 1263 1209 1212
f 1262 1264 1211
f 1264 1213 1211
f 1263 1212 1265
f 1265 1212 1214
f 1216 1266 1267
f 1215 1266 1216
f 1266 1215 1213
f 1264 1266 1213
f 1265 1214 1217
f 1268 1265 1217
f 1217 1269 1268
f 1218 1269 1217
f 1267 1270 1216
f 1270 1219 1216
f 1220 1271 1272
f 1220 1272 1218
f 1218 1272 1269
f 1220 1221 1271
f 1223 1273 1274
f 1222 1273 1223
f 1273 1222 1219
f 1270 1273 1219
f 1272 1271 1275
f 1271 1221 1225
f 1271 1225 1277
f 1271 1277 1275
f 1277 1225 1276
f 1277 1278 1279
f 1276 1278 1277
f 1227 1279 1278
f 1227 1226 1279
f 1226 1280 1279
f 1282 1228 1281
f 1282 1280 1228
f 1280 1226 1228
f 1229 1281 1228
f 1283 1281 1229
f 1283 1229 1223
f 1283 1223 1284
f 1284 1223 1274
f 1276 1225 1230
f 1278 1276 1230
f 1231 1278 1230
f 1278 1231 1227
f 1282 1281 1285
f 1281 1283 1286
f 1285 1281 1286
f 1283 1284 1286
f 1233 1288 1287
f 1232 1233 1287
f 1287 1289 1232
f 1232 1289 1234
f 1289 1290 1234
f 1234 1290 1235
f 1290 1291 1235
f 1235 1291 1236
f 1236 1291 1292
f 1237 1236 1292
f 1239 1294 1293
f 1238 1239 1293
f 1293 1295 1238
f 1238 1295 1240
f 1295 1233 1240
f 1288 1233 1295
f 1292 1241 1237
f 1296 1241 1292
f 1241 1296 1297
f 1242 1241 1297
f 1245 1299 1298
f 1244 1245 1298
f 1298 1239 1244
f 1294 1239 1298
f 1297 1246 1242
f 1300 1246 1297
f 1246 1300 1301
f 1247 1246 1301
f 1299 1245 1302
f 1302 1245 1248
f 1301 1303 1247
f 1303 1250 1247
f 1302 1248 1304
f 1304 1248 1251
f 1303 1252 1250
f 1305 1252 1303
f 1252 1305 1306
f 1253 1252 1306
f 1304 1251 1307
f 1307 1251 1255
f 1306 1308 1253
f 1308 1256 1253
f 1257 1309 1310
f 1257 1310 1255
f 1255 1310 1307
f 1257 1258 1309
f 1308 1311 1256
f 1311 1260 1256
f 1310 1309 1312
f 1309 1313 1312
f 1309 1258 1313
f 1258 1261 1313
f 1311 1314 1260
f 1314 1262 1260
f 1313 1261 1315
f 1315 1261 1263
f 1318 1316 1317
f 1317 1316 1264
f 1317 1264 1314
f 1314 1264 1262
f 1319 1320 1315
f 1319 1315 1265
f 1265 1315 1263
f 1320 1319 1321
f 1316 1267 1266
f 1316 1318 1267
f 1318 1322 1267
f 1316 1266 1264
f 1319 1265 1268
f 1268 1321 1319
f 1268 1269 1321
f 1269 1323 1321
f 1322 1324 1267
f 1324 1270 1267
f 1323 1269 1325
f 1325 1269 1272
f 1273 1326 1274
f 1326 1273 1270
f 1326 1270 1327
f 1327 1270 1324
f 1325 1272 1275
f 1328 1325 1275
f 1328 1275 1329
f 1275 1277 1329
f 1329 1277 1330
f 1277 1279 1330
f 1332 1280 1331
f 1332 1330 1280
f 1330 1279 1280
f 1280 1282 1331
f 1333 1274 1326
f 1333 1334 1274
f 1334 1284 1274
f 1326 1327 1333
f 1332 1331 1335
f 1331 1282 1285
f 1331 1285 1335
f 1335 1285 1336
f 1336 1285 1337
f 1285 1286 1337
f 1337 1286 1284
f 1334 1337 1284
f 1288 1339 1338
f 1287 1288 1338
f 1338 1340 1287
f 1287 1340 1289
f 1340 1341 1289
f 1289 1341 1290
f 1341 1342 1290
f 1290 1342 1291
f 1343 1292 1291
f 1343 1291 1344
f 1344 1291 1342
f 1344 1345 1343
f 1294 1347 1346
f 1293 1294 1346
f 1346 1348 1293
f 1293 1348 1295
f 1348 1288 1295
f 1339 1288 1348
f 1343 1296 1292
f 1296 1343 1345
f 1296 1345 1297
f 1297 1345 1349
f 1299 1351 1350
f 1298 1299 1350
f 1350 1294 1298
f 1347 1294 1350
f 1349 1300 1297
f 1352 1300 1349
f 1300 1352 1353
f 1301 1300 1353
f 1356 1355 1354
f 1355 1302 1354
f 1355 1351 1302
f 1351 1299 1302
f 1353 1357 1301
f 1357 1303 1301
f 1356 1354 1358
f 1354 1359 1358
f 1354 1302 1359
f 1302 1304 1359
f 1357 1305 1303
f 1360 1305 1357
f 1305 1360 1361
f 1306 1305 1361
f 1359 1304 1362
f 1362 1304 1307
f 1361 1363 1306
f 1363 1308 1306
f 1362 1307 1364
f 1364 1307 1310
f 1363 1365 1308
f 1365 1311 1308
f 1312 1366 1367
f 1312 1367 1310
f 1310 1367 1364
f 1312 1313 1366
f 1365 1368 1311
f 1368 1314 1311
f 1367 1366 1369
f 1366 1370 1369
f 1366 1313 1370
f 1313 1315 1370
f 1318 1371 1372
f 1317 1371 1318
f 1371 1317 1314
f 1368 1371 1314
f 1370 1315 1320
f 1373 1370 1320
f 1320 1374 1373
f 1321 1374 1320
f 1372 1375 1318
f 1375 1322 1318
f 1374 1321 1376
f 1376 1321 1323
f 1375 1377 1322
f 1377 1324 1322
f 1378 1379 1376
f 1378 1376 1325
f 1325 1376 1323
f 1379 1378 1380
f 1377 1381 1324
f 1381 1327 1324
f 1378 1325 1328
f 1380 1378 1328
f 1380 1328 1382
f 1382 1328 1329
f 1382 1329 1383
f 1329 1330 1383
f 1330 1384 1383
f 1332 1384 1330
f 1387 1385 1386
f 1334 1386 1385
f 1334 1333 1386
f 1333 1388 1386
f 1388 1333 1327
f 1381 1388 1327
f 1384 1332 1335
f 1389 1384 1335
f 1389 1335 1390
f 1335 1336 1390
f 1385 1387 1390
f 1385 1390 1337
f 1337 1390 1336
f 1385 1337 1334
f 1339 1392 1391
f 1338 1339 1391
f 1391 1393 1338
f 1338 1393 1340
f 1393 1394 1340
f 1340 1394 1341
f 1394 1395 1341
f 1341 1395 1342
f 1395 1396 1342
f 1342 1396 1344
f 1344 1396 1397
f 1345 1344 1397
f 1347 1399 1398
f 1346 1347 1398
f 1398 1400 1346
f 1346 1400 1348
f 1400 1339 1348
f 1392 1339 1400
f 1397 1401 1345
f 1401 1349 1345
f 1404 1403 1402
f 1351 1402 1403
f 1351 1403 1350
f 1350 1403 1405
f 1405 1347 1350
f 1399 1347 1405
f 1401 1352 1349
f 1406 1352 1401
f 1352 1406 1407
f 1353 1352 1407
f 1402 1355 1356
f 1402 1356 1404
f 1404 1356 1408
f 1402 1351 1355
f 1407 1409 1353
f 1409 1357 1353
f 1408 1356 1358
f 1410 1408 1358
f 1358 1411 1410
f 1359 1411 1358
f 1409 1360 1357
f 1412 1360 1409
f 1360 1412 1413
f 1361 1360 1413
f 1411 1359 1414
f 1414 1359 1362
f 1413 1415 1361
f 1415 1363 1361
f 1414 1362 1416
f 1416 1362 1364
f 1415 1417 1363
f 1417 1365 1363
f 1416 1364 1418
f 1418 1364 1367
f 1417 1419 1365
f 1419 1368 1365
f 1418 1367 1369
f 1420 1418 1369
f 1369 1421 1420
f 1370 1421 1369
f 1371 1422 1372
f 1422 1371 1368
f 1422 1368 1423
f 1423 1368 1419
f 1373 1424 1425
f 1373 1425 1370
f 1370 1425 1421
f 1373 1374 1424
f 1426 1372 1422
f 1426 1427 1372
f 1427 1375 1372
f 1422 1423 1426
f 1425 1424 1428
f 1424 1429 1428
f 1424 1374 1429
f 1374 1376 1429
f 1427 1430 1375
f 1430 1377 1375
f 1429 1376 1379
f 1431 1429 1379
f 1379 1432 1431
f 1380 1432 1379
f 1430 1433 1377
f 1433 1381 1377
f 1432 1380 1382
f 1434 1432 1382
f 1436 1383 1435
f 1436 1434 1383
f 1434 1382 1383
f 1383 1384 1435
f 1387 1437 1438
f 1386 1437 1387
f 1437 1386 1439
f 1386 1388 1439
f 1439 1388 1381
f 1433 1439 1381
f 1436 1435 1440
f 1435 1384 1389
f 1435 1389 1440
f 1440 1389 1441
f 1441 1389 1442
f 1389 1390 1442
f 1442 1390 1387
f 1438 1442 1387
f 1392 1444 1443
f 1391 1392 1443
f 1443 1445 1391
f 1391 1445 1393
f 1445 1446 1393
f 1393 1446 1394
f 1446 1447 1394
f 1394 1447 1395
f 1447 1448 1395
f 1395 1448 1396
f 1396 1448 1449
f 1397 1396 1449
f 1452 1451 1450
f 1399 1450 1451
f 1399 1451 1398
f 1398 1451 1453
f 1453 1454 1398
f 1398 1454 1400
f 1454 1392 1400
f 1444 1392 1454
f 1455 1449 1456
f 1455 1401 1449
f 1401 1397 1449
f 1456 1457 1455
f 1403 1404 1458
f 1458 1459 1452
f 1458 1452 1405
f 1458 1405 1403
f 1405 1452 1450
f 1450 1399 1405
f 1455 1406 1401
f 1406 1455 1457
f 1406 1457 1407
f 1407 1457 1460
f 1461 1458 1404
f 1408 1461 1404
f 1459 1461 1462
f 1458 1461 1459
f 1463 1460 1464
f 1463 1409 1460
f 1409 1407 1460
f 1464 1465 1463
f 1461 1408 1410
f 1410 1462 1461
f 1410 1411 1462
f 1411 1466 1462
f 1463 1412 1409
f 1412 1463 1465
f 1412 1465 1413
f 1413 1465 1467
f 1466 1411 1468
f 1468 1411 1414
f 1467 1469 1413
f 1469 1415 1413
f 1468 1414 1470
f 1470 1414 1416
f 1469 1471 1415
f 1471 1417 1415
f 1470 1416 1472
f 1472 1416 1418
f 1471 1473 1417
f 1473 1419 1417
f 1472 1418 1420
f 1474 1472 1420
f 1420 1475 1474
f 1421 1475 1420
f 1473 1476 1419
f 1476 1423 1419
f 1475 1421 1477
f 1477 1421 1425
f 1426 1478 1427
f 1478 1426 1423
f 1478 1423 1479
f 1479 1423 1476
f 1477 1425 1428
f 1480 1477 1428
f 1428 1481 1480
f 1429 1481 1428
f 1482 1427 1478
f 1430 1427 1482
f 1479 1483 1482
f 1478 1479 1482
f 1481 1429 1431
f 1484 1481 1431
f 1431 1485 1484
f 1432 1485 1431
f 1486 1430 1482
f 1486 1487 1430
f 1487 1433 1430
f 1482 1483 1486
f 1485 1432 1434
f 1488 1485 1434
f 1434 1489 1488
f 1436 1489 1434
f 1438 1490 1491
f 1437 1490 1438
f 1490 1437 1492
f 1437 1439 1492
f 1492 1439 1433
f 1487 1492 1433
f 1489 1436 1440
f 1493 1489 1440
f 1493 1440 1494
f 1440 1441 1494
f 1494 1441 1495
f 1441 1442 1495
f 1495 1442 1438
f 1491 1495 1438
f 1498 1497 1496
f 1444 1496 1497
f 1444 1497 1443
f 1443 1497 1499
f 1499 1500 1443
f 1443 1500 1445
f 1500 1501 1445
f 1445 1501 1446
f 1501 1502 1446
f 1446 1502 1447
f 1502 1503 1447
f 1447 1503 1448
f 1448 1503 1504
f 1449 1448 1504
f 1452 1506 1505
f 1451 1452 1505
f 1505 1507 1451
f 1451 1507 1453
f 1496 1507 1498
f 1496 1454 1507
f 1454 1453 1507
f 1496 1444 1454
f 1504 1456 1449
f 1508 1456 1504
f 1456 1508 1509
f 1457 1456 1509
f 1506 1452 1510
f 1510 1452 1459
f 1511 1509 1512
f 1511 1460 1509
f 1460 1457 1509
f 1512 1513 1511
f 1510 1459 1514
f 1514 1459 1462
f 1511 1464 1460
f 1464 1511 1513
f 1464 1513 1465
f 1465 1513 1515
f 1514 1462 1516
f 1516 1462 1466
f 1515 1517 1465
f 1517 1467 1465
f 1516 1466 1518
f 1518 1466 1468
f 1517 1519 1467
f 1519 1469 1467
f 1518 1468 1520
f 1520 1468 1470
f 1521 1519 1522
f 1521 1471 1519
f 1471 1469 1519
f 1522 1523 1521
f 1520 1470 1524
f 1524 1470 1472
f 1525 1471 1521
f 1473 1471 1525
f 1523 1526 1525
f 1521 1523 1525
f 1524 1472 1474
f 1527 1524 1474
f 1474 1528 1527
f 1475 1528 1474
f 1529 1473 1525
f 1476 1473 1529
f 1526 1530 1529
f 1525 1526 1529
f 1528 1475 1531
f 1531 1475 1477
f 1532 1476 1529
f 1532 1533 1476
f 1533 1479 1476
f 1529 1530 1532
f 1531 1477 1480
f 1534 1531 1480
f 1480 1535 1534
f 1481 1535 1480
f 1533 1536 1479
f 1536 1483 1479
f 1535 1481 1484
f 1537 1535 1484
f 1484 1538 1537
f 1485 1538 1484
f 1486 1539 1487
f 1539 1486 1483
f 1539 1483 1540
f 1540 1483 1536
f 1538 1485 1488
f 1541 1538 1488
f 1488 1542 1541
f 1489 1542 1488
f 1491 1543 1544
f 1490 1543 1491
f 1543 1490 1545
f 1490 1492 1545
f 1487 1539 1546
f 1487 1546 1492
f 1492 1546 1545
f 1539 1540 1546
f 1542 1489 1493
f 1547 1542 1493
f 1547 1493 1548
f 1493 1494 1548
f 1548 1494 1549
f 1494 1495 1549
f 1549 1495 1491
f 1544 1549 1491
f 1552 1551 1550
f 1551 1554 1553
f 1550 1551 1553
f 1554 1556 1555
f 1553 1554 1555
f 1556 1557 1555
f 1498 1559 1558
f 1497 1498 1558
f 1558 1560 1497
f 1497 1560 1499
f 1560 1561 1499
f 1499 1561 1500
f 1550 1561 1552
f 1550 1501 1561
f 1501 1500 1561
f 1553 1501 1550
f 1502 1501 1553
f 1555 1502 1553
f 1503 1502 1555
f 1503 1562 1504
f 1555 1562 1503
f 1555 1563 1562
f 1555 1557 1563
f 1563 1565 1564
f 1562 1563 1564
f 1565 1566 1564
f 1505 1506 1567
f 1567 1569 1568
f 1567 1568 1505
f 1505 1568 1507
f 1568 1498 1507
f 1559 1498 1568
f 1562 1508 1504
f 1508 1570 1509
f 1508 1562 1570
f 1562 1564 1570
f 1566 1571 1570
f 1564 1566 1570
f 1572 1567 1506
f 1572 1506 1573
f 1573 1506 1510
f 1567 1572 1569
f 1570 1512 1509
f 1512 1570 1571
f 1512 1571 1513
f 1513 1571 1574
f 1573 1510 1575
f 1575 1510 1514
f 1576 1574 1577
f 1576 1515 1574
f 1515 1513 1574
f 1577 1578 1576
f 1575 1514 1579
f 1579 1514 1516
f 1580 1515 1576
f 1517 1515 1580
f 1578 1581 1580
f 1576 1578 1580
f 1579 1516 1582
f 1582 1516 1518
f 1583 1517 1580
f 1519 1517 1583
f 1581 1584 1583
f 1580 1581 1583
f 1582 1518 1585
f 1585 1518 1520
f 1583 1522 1519
f 1522 1583 1584
f 1522 1584 1523
f 1523 1584 1586
f 1585 1520 1587
f 1587 1520 1524
f 1586 1588 1523
f 1588 1526 1523
f 1587 1524 1527
f 1589 1587 1527
f 1527 1590 1589
f 1528 1590 1527
f 1588 1591 1526
f 1591 1530 1526
f 1590 1528 1592
f 1592 1528 1531
f 1532 1593 1533
f 1593 1532 1530
f 1593 1530 1594
f 1594 1530 1591
f 1592 1531 1534
f 1595 1592 1534
f 1534 1596 1595
f 1535 1596 1534
f 1597 1533 1593
f 1536 1533 1597
f 1594 1598 1597
f 1593 1594 1597
f 1596 1535 1537
f 1599 1596 1537
f 1537 1600 1599
f 1538 1600 1537
f 1601 1536 1597
f 1601 1602 1536
f 1602 1540 1536
f 1597 1598 1601
f 1600 1538 1541
f 1603 1600 1541
f 1541 1604 1603
f 1542 1604 1541
f 1544 1605 1606
f 1543 1605 1544
f 1605 1543 1607
f 1543 1545 1607
f 1607 1545 1608
f 1545 1546 1608
f 1608 1546 1540
f 1602 1608 1540
f 1604 1542 1547
f 1609 1604 1547
f 1609 1547 1610
f 1547 1548 1610
f 1610 1548 1611
f 1548 1549 1611
f 1611 1549 1544
f 1606 1611 1544
f 1614 1613 1612
f 1613 1616 1615
f 1612 1613 1615
f 1616 1618 1617
f 1615 1616 1617
f 1618 1619 1617
f 1622 1621 1620
f 1612 1551 1552
f 1614 1612 1552
f 1614 1552 1620
f 1614 1620 1621
f 1615 1551 1612
f 1554 1551 1615
f 1617 1554 1615
f 1556 1554 1617
f 1556 1623 1557
f 1617 1623 1556
f 1617 1624 1623
f 1617 1619 1624
f 1624 1625 1623
f 1559 1627 1626
f 1558 1559 1626
f 1626 1628 1558
f 1558 1628 1560
f 1620 1628 1622
f 1620 1561 1628
f 1561 1560 1628
f 1620 1552 1561
f 1623 1563 1557
f 1625 1563 1623
f 1625 1629 1563
f 1629 1565 1563
f 1565 1629 1630
f 1566 1565 1630
f 1569 1632 1631
f 1568 1569 1631
f 1631 1559 1568
f 1627 1559 1631
f 1633 1630 1634
f 1633 1571 1630
f 1571 1566 1630
f 1634 1635 1633
f 1572 1573 1636
f 1636 1569 1572
f 1636 1637 1569
f 1637 1632 1569
f 1638 1571 1633
f 1574 1571 1638
f 1635 1639 1638
f 1633 1635 1638
f 1640 1636 1573
f 1640 1573 1641
f 1641 1573 1575
f 1636 1640 1637
f 1638 1577 1574
f 1577 1638 1639
f 1577 1639 1578
f 1578 1639 1642
f 1641 1575 1643
f 1643 1575 1579
f 1642 1644 1578
f 1644 1581 1578
f 1643 1579 1645
f 1645 1579 1582
f 1644 1646 1581
f 1646 1584 1581
f 1645 1582 1647
f 1647 1582 1585
f 1646 1648 1584
f 1648 1586 1584
f 1649 1650 1647
f 1649 1647 1587
f 1587 1647 1585
f 1650 1649 1651
f 1652 1648 1653
f 1652 1588 1648
f 1588 1586 1648
f 1653 1654 1652
f 1649 1587 1589
f 1589 1651 1649
f 1589 1590 1651
f 1590 1655 1651
f 1656 1588 1652
f 1591 1588 1656
f 1654 1657 1656
f 1652 1654 1656
f 1658 1659 1655
f 1658 1655 1592
f 1592 1655 1590
f 1659 1658 1660
f 1661 1591 1656
f 1594 1591 1661
f 1657 1662 1661
f 1656 1657 1661
f 1658 1592 1595
f 1595 1596 1663
f 1658 1595 1663
f 1658 1663 1664
f 1658 1664 1660
f 1664 1663 1665
f 1666 1594 1661
f 1598 1594 1666
f 1662 1667 1666
f 1661 1662 1666
f 1663 1596 1599
f 1599 1665 1663
f 1599 1600 1665
f 1600 1668 1665
f 1601 1669 1602
f 1669 1670 1671
f 1601 1670 1669
f 1601 1666 1670
f 1601 1598 1666
f 1666 1667 1670
f 1668 1600 1603
f 1672 1668 1603
f 1673 1603 1604
f 1673 1674 1603
f 1674 1672 1603
f 1674 1673 1675
f 1678 1676 1677
f 1606 1677 1676
f 1606 1605 1677
f 1605 1679 1677
f 1681 1607 1680
f 1681 1679 1607
f 1679 1605 1607
f 1680 1682 1683
f 1680 1607 1682
f 1607 1608 1682
f 1602 1669 1684
f 1602 1684 1608
f 1608 1684 1682
f 1669 1671 1684
f 1673 1604 1609
f 1675 1673 1609
f 1675 1609 1685
f 1685 1609 1610
f 1676 1678 1685
f 1676 1685 1611
f 1611 1685 1610
f 1676 1611 1606
f 1681 1680 1686
f 1680 1683 1686
f 1614 1688 1687
f 1613 1614 1687
f 1687 1689 1613
f 1613 1689 1616
f 1689 1690 1616
f 1616 1690 1618
f 1691 1619 1618
f 1691 1618 1692
f 1692 1618 1690
f 1692 1693 1691
f 1696 1695 1694
f 1622 1694 1695
f 1622 1695 1621
f 1621 1695 1697
f 1697 1614 1621
f 1688 1614 1697
f 1691 1624 1619
f 1624 1698 1625
f 1691 1698 1624
f 1691 1699 1698
f 1691 1693 1699
f 1699 1700 1698
f 1627 1702 1701
f 1626 1627 1701
f 1694 1701 1696
f 1694 1628 1701
f 1628 1626 1701
f 1694 1622 1628
f 1698 1629 1625
f 1629 1703 1630
f 1698 1703 1629
f 1698 1704 1703
f 1698 1700 1704
f 1704 1705 1703
f 1632 1707 1706
f 1631 1632 1706
f 1706 1627 1631
f 1702 1627 1706
f 1703 1634 1630
f 1634 1703 1705
f 1634 1705 1635
f 1635 1705 1708
f 1707 1632 1709
f 1709 1632 1637
f 1710 1708 1711
f 1710 1639 1708
f 1639 1635 1708
f 1711 1712 1710
f 1640 1641 1713
f 1713 1637 1640
f 1713 1714 1637
f 1714 1709 1637
f 1715 1639 1710
f 1642 1639 1715
f 1712 1716 1715
f 1710 1712 1715
f 1717 1713 1641
f 1643 1717 1641
f 1714 1717 1718
f 1713 1717 1714
f 1719 1642 1715
f 1644 1642 1719
f 1716 1720 1719
f 1715 1716 1719
f 1721 1717 1643
f 1645 1721 1643
f 1718 1721 1722
f 1717 1721 1718
f 1723 1644 1719
f 1646 1644 1723
f 1720 1724 1723
f 1719 1720 1723
f 1725 1721 1645
f 1647 1725 1645
f 1722 1725 1726
f 1721 1725 1722
f 1727 1646 1723
f 1648 1646 1727
f 1724 1728 1727
f 1723 1724 1727
f 1725 1647 1650
f 1650 1726 1725
f 1650 1651 1726
f 1651 1729 1726
f 1727 1653 1648
f 1653 1730 1654
f 1727 1730 1653
f 1727 1731 1730
f 1727 1728 1731
f 1731 1732 1730
f 1729 1651 1733
f 1733 1651 1655
f 1734 1654 1730
f 1657 1654 1734
f 1732 1735 1734
f 1730 1732 1734
f 1733 1655 1659
f 1736 1733 1659
f 1659 1737 1736
f 1660 1737 1659
f 1738 1657 1734
f 1662 1657 1738
f 1735 1739 1738
f 1734 1735 1738
f 1737 1660 1664
f 1740 1737 1664
f 1664 1741 1740
f 1665 1741 1664
f 1742 1662 1738
f 1667 1662 1742
f 1739 1743 1742
f 1738 1739 1742
f 1744 1745 1741
f 1744 1741 1668
f 1668 1741 1665
f 1745 1744 1746
f 1670 1747 1671
f 1747 1748 1749
f 1670 1748 1747
f 1670 1742 1748
f 1670 1667 1742
f 1742 1743 1748
f 1744 1668 1672
f 1746 1744 1672
f 1746 1672 1750
f 1750 1672 1674
f 1674 1751 1750
f 1675 1751 1674
f 1678 1752 1753
f 1677 1752 1678
f 1752 1677 1754
f 1677 1679 1754
f 1679 1755 1754
f 1681 1755 1679
f 1683 1756 1757
f 1682 1756 1683
f 1756 1682 1758
f 1682 1684 1758
f 1671 1747 1759
f 1671 1759 1684
f 1684 1759 1758
f 1747 1749 1759
f 1751 1675 1685
f 1760 1751 1685
f 1760 1685 1678
f 1753 1760 1678
f 1755 1681 1686
f 1761 1755 1686
f 1761 1686 1683
f 1757 1761 1683
f 1764 1763 1762
f 1763 1766 1765
f 1762 1763 1765
f 1766 1768 1767
f 1765 1766 1767
f 1768 1770 1769
f 1767 1768 1769
f 1770 1771 1769
f 1774 1773 1772
f 1688 1772 1773
f 1688 1773 1687
f 1687 1773 1775
f 1762 1775 1764
f 1762 1689 1775
f 1689 1687 1775
f 1765 1689 1762
f 1690 1689 1765
f 1767 1690 1765
f 1692 1690 1767
f 1692 1776 1693
f 1692 1767 1776
f 1767 1769 1776
f 1771 1777 1776
f 1769 1771 1776
f 1696 1779 1778
f 1695 1696 1778
f 1772 1778 1774
f 1772 1697 1778
f 1697 1695 1778
f 1772 1688 1697
f 1776 1699 1693
f 1699 1776 1777
f 1699 1777 1700
f 1700 1777 1780
f 1702 1782 1781
f 1701 1702 1781
f 1781 1696 1701
f 1779 1696 1781
f 1780 1704 1700
f 1783 1704 1780
f 1704 1783 1784
f 1705 1704 1784
f 1706 1707 1785
f 1785 1702 1706
f 1785 1786 1702
f 1786 1782 1702
f 1787 1784 1788
f 1787 1708 1784
f 1708 1705 1784
f 1788 1789 1787
f 1790 1785 1707
f 1790 1707 1791
f 1791 1707 1709
f 1785 1790 1786
f 1787 1711 1708
f 1711 1787 1789
f 1711 1789 1712
f 1712 1789 1792
f 1791 1709 1793
f 1793 1709 1714
f 1792 1794 1712
f 1794 1716 1712
f 1793 1714 1795
f 1795 1714 1718
f 1794 1796 1716
f 1796 1720 1716
f 1795 1718 1797
f 1797 1718 1722
f 1798 1796 1799
f 1798 1724 1796
f 1724 1720 1796
f 1799 1800 1798
f 1797 1722 1801
f 1801 1722 1726
f 1802 1724 1798
f 1728 1724 1802
f 1800 1803 1802
f 1798 1800 1802
f 1801 1726 1804
f 1804 1726 1729
f 1802 1731 1728
f 1731 1805 1732
f 1802 1805 1731
f 1802 1806 1805
f 1802 1803 1806
f 1806 1807 1805
f 1808 1809 1804
f 1808 1804 1733
f 1733 1804 1729
f 1809 1808 1810
f 1811 1732 1805
f 1735 1732 1811
f 1807 1812 1811
f 1805 1807 1811
f 1808 1733 1736
f 1736 1737 1813
f 1808 1736 1813
f 1808 1813 1814
f 1808 1814 1810
f 1814 1813 1815
f 1816 1735 1811
f 1739 1735 1816
f 1812 1817 1816
f 1811 1812 1816
f 1813 1737 1740
f 1740 1741 1818
f 1813 1740 1818
f 1813 1818 1819
f 1813 1819 1815
f 1819 1818 1820
f 1821 1739 1816
f 1743 1739 1821
f 1817 1823 1822
f 1817 1822 1816
f 1816 1822 1821
f 1823 1824 1822
f 1818 1741 1745
f 1745 1820 1818
f 1745 1746 1820
f 1746 1825 1820
f 1748 1826 1749
f 1826 1827 1828
f 1748 1827 1826
f 1748 1821 1827
f 1748 1743 1821
f 1821 1822 1829
f 1827 1821 1829
f 1822 1824 1829
f 1825 1746 1750
f 1830 1825 1750
f 1831 1750 1751
f 1831 1832 1750
f 1832 1830 1750
f 1753 1832 1831
f 1753 1752 1832
f 1752 1833 1832
f 1835 1754 1834
f 1835 1833 1754
f 1833 1752 1754
f 1754 1755 1834
f 1756 1836 1757
f 1758 1836 1756
f 1837 1836 1758
f 1759 1837 1758
f 1838 1837 1759
f 1838 1839 1840
f 1759 1839 1838
f 1759 1826 1839
f 1759 1749 1826
f 1826 1828 1839
f 1831 1751 1760
f 1831 1760 1753
f 1835 1834 1841
f 1834 1755 1761
f 1834 1761 1841
f 1841 1761 1842
f 1757 1836 1843
f 1757 1843 1761
f 1761 1843 1842
f 1836 1837 1844
f 1843 1836 1844
f 1837 1838 1845
f 1844 1837 1845
f 1838 1840 1845
f 1848 1847 1846
f 1847 1849 1846
f 1852 1851 1850
f 1764 1850 1851
f 1764 1851 1763
f 1763 1851 1853
f 1853 1854 1763
f 1763 1854 1766
f 1846 1854 1848
f 1846 1768 1854
f 1768 1766 1854
f 1849 1768 1846
f 1849 1855 1768
f 1855 1770 1768
f 1770 1855 1856
f 1771 1770 1856
f 1774 1858 1857
f 1773 1774 1857
f 1850 1857 1852
f 1850 1775 1857
f 1775 1773 1857
f 1850 1764 1775
f 1859 1856 1860
f 1859 1777 1856
f 1777 1771 1856
f 1860 1861 1859
f 1779 1863 1862
f 1778 1779 1862
f 1862 1774 1778
f 1858 1774 1862
f 1864 1777 1859
f 1780 1777 1864
f 1861 1865 1864
f 1859 1861 1864
f 1781 1782 1866
f 1866 1779 1781
f 1866 1867 1779
f 1867 1863 1779
f 1864 1783 1780
f 1783 1864 1865
f 1783 1865 1784
f 1784 1865 1868
f 1869 1866 1782
f 1869 1782 1870
f 1870 1782 1786
f 1866 1869 1867
f 1868 1788 1784
f 1871 1788 1868
f 1788 1871 1872
f 1789 1788 1872
f 1790 1791 1873
f 1873 1786 1790
f 1873 1874 1786
f 1874 1870 1786
f 1872 1875 1789
f 1875 1792 1789
f 1876 1873 1791
f 1876 1791 1877
f 1877 1791 1793
f 1873 1876 1874
f 1875 1878 1792
f 1878 1794 1792
f 1877 1793 1879
f 1879 1793 1795
f 1878 1880 1794
f 1880 1796 1794
f 1881 1882 1879
f 1881 1879 1797
f 1797 1879 1795
f 1882 1881 1883
f 1880 1799 1796
f 1884 1799 1880
f 1799 1884 1885
f 1800 1799 1885
f 1886 1881 1797
f 1801 1886 1797
f 1883 1886 1887
f 1881 1886 1883
f 1888 1885 1889
f 1888 1803 1885
f 1803 1800 1885
f 1889 1890 1888
f 1891 1886 1801
f 1804 1891 1801
f 1887 1891 1892
f 1886 1891 1887
f 1888 1806 1803
f 1806 1888 1890
f 1806 1890 1807
f 1807 1890 1893
f 1891 1804 1809
f 1809 1810 1894
f 1891 1809 1894
f 1891 1894 1895
f 1891 1895 1892
f 1895 1894 1896
f 1897 1893 1898
f 1897 1812 1893
f 1812 1807 1893
f 1898 1899 1897
f 1894 1810 1814
f 1814 1815 1900
f 1894 1814 1900
f 1894 1900 1901
f 1894 1901 1896
f 1901 1900 1902
f 1903 1812 1897
f 1817 1812 1903
f 1899 1904 1903
f 1897 1899 1903
f 1900 1815 1819
f 1819 1902 1900
f 1819 1820 1902
f 1820 1905 1902
f 1903 1823 1817
f 1823 1903 1904
f 1823 1904 1824
f 1824 1904 1906
f 1907 1908 1905
f 1907 1905 1825
f 1825 1905 1820
f 1908 1909 1910
f 1907 1909 1908
f 1910 1909 1911
f 1827 1912 1828
f 1829 1912 1827
f 1913 1912 1829
f 1913 1829 1824
f 1913 1824 1914
f 1914 1824 1906
f 1907 1825 1830
f 1909 1907 1830
f 1832 1909 1830
f 1911 1909 1832
f 1911 1832 1915
f 1915 1832 1833
f 1833 1916 1915
f 1835 1916 1833
f 1839 1917 1840
f 1828 1917 1839
f 1828 1912 1917
f 1912 1918 1917
f 1919 1920 1918
f 1919 1918 1913
f 1913 1918 1912
f 1913 1914 1919
f 1916 1835 1841
f 1921 1916 1841
f 1921 1841 1922
f 1841 1842 1922
f 1922 1842 1923
f 1842 1843 1923
f 1923 1843 1924
f 1843 1844 1924
f 1926 1845 1925
f 1926 1924 1845
f 1924 1844 1845
f 1925 1927 1928
f 1845 1927 1925
f 1845 1917 1927
f 1845 1840 1917
f 1917 1918 1929
f 1927 1917 1929
f 1918 1920 1929
f 1926 1925 1930
f 1925 1928 1930
f 1933 1932 1931
f 1932 1935 1934
f 1931 1932 1934
f 1848 1934 1935
f 1848 1935 1847
f 1847 1935 1936
f 1937 1849 1847
f 1937 1847 1938
f 1938 1847 1936
f 1938 1939 1937
f 1852 1941 1940
f 1851 1852 1940
f 1931 1940 1933
f 1931 1853 1940
f 1853 1851 1940
f 1934 1853 1931
f 1854 1853 1934
f 1934 1848 1854
f 1937 1855 1849
f 1855 1942 1856
f 1937 1942 1855
f 1937 1943 1942
f 1937 1939 1943
f 1943 1944 1942
f 1858 1946 1945
f 1857 1858 1945
f 1945 1852 1857
f 1941 1852 1945
f 1942 1860 1856
f 1860 1942 1944
f 1860 1944 1861
f 1861 1944 1947
f 1863 1949 1948
f 1862 1863 1948
f 1948 1858 1862
f 1946 1858 1948
f 1947 1950 1861
f 1950 1865 1861
f 1949 1863 1951
f 1951 1863 1867
f 1950 1952 1865
f 1952 1868 1865
f 1870 1954 1953
f 1869 1870 1953
f 1953 1867 1869
f 1951 1867 1953
f 1871 1956 1955
f 1871 1868 1956
f 1868 1952 1956
f 1871 1955 1872
f 1954 1870 1957
f 1957 1870 1874
f 1959 1955 1956
f 1958 1955 1959
f 1955 1958 1875
f 1872 1955 1875
f 1876 1877 1960
f 1960 1874 1876
f 1960 1961 1874
f 1961 1957 1874
f 1959 1962 1958
f 1958 1962 1963
f 1958 1963 1875
f 1875 1963 1878
f 1964 1960 1877
f 1879 1964 1877
f 1961 1964 1965
f 1960 1964 1961
f 1963 1966 1878
f 1966 1880 1878
f 1964 1879 1882
f 1882 1965 1964
f 1882 1883 1965
f 1883 1967 1965
f 1966 1884 1880
f 1968 1884 1966
f 1884 1968 1969
f 1885 1884 1969
f 1967 1883 1970
f 1970 1883 1887
f 1969 1889 1885
f 1971 1889 1969
f 1889 1971 1972
f 1890 1889 1972
f 1970 1887 1973
f 1973 1887 1892
f 1974 1972 1975
f 1974 1893 1972
f 1893 1890 1972
f 1975 1976 1974
f 1973 1892 1895
f 1977 1973 1895
f 1895 1978 1977
f 1896 1978 1895
f 1974 1898 1893
f 1898 1974 1976
f 1898 1976 1899
f 1899 1976 1979
f 1978 1896 1901
f 1980 1978 1901
f 1901 1981 1980
f 1902 1981 1901
f 1979 1982 1899
f 1982 1904 1899
f 1981 1902 1983
f 1983 1902 1905
f 1984 1982 1985
f 1984 1906 1982
f 1906 1904 1982
f 1985 1986 1984
f 1983 1905 1908
f 1987 1983 1908
f 1987 1908 1988
f 1908 1910 1988
f 1989 1910 1911
f 1989 1990 1910
f 1990 1988 1910
f 1990 1989 1991
f 1992 1906 1984
f 1914 1906 1992
f 1986 1993 1992
f 1984 1986 1992
f 1989 1911 1915
f 1915 1991 1989
f 1915 1916 1991
f 1916 1994 1991
f 1919 1995 1920
f 1995 1996 1997
f 1919 1996 1995
f 1919 1992 1996
f 1919 1914 1992
f 1992 1993 1996
f 1994 1916 1921
f 1998 1994 1921
f 2000 1922 1999
f 2000 1998 1922
f 1998 1921 1922
f 1923 1999 1922
f 2001 1999 1923
f 1924 2001 1923
f 2002 2001 1924
f 1924 1926 2002
f 1927 2003 1928
f 1929 2003 1927
f 2004 2003 1929
f 2004 2005 2006
f 1929 2005 2004
f 1929 1995 2005
f 1929 1920 1995
f 1995 1997 2005
f 2000 1999 2007
f 1999 2001 2008
f 2007 1999 2008
f 2001 2002 2009
f 2008 2001 2009
f 2002 1926 1930
f 2002 1930 2009
f 2009 1930 2010
f 1928 2010 1930
f 1928 2011 2010
f 1928 2003 2011
f 2011 2012 2010
f 2013 2014 2011
f 2013 2011 2004
f 2004 2011 2003
f 2004 2006 2013
f 2012 2011 2015
f 2011 2014 2015
f 2018 2017 2016
f 2017 2020 2019
f 2016 2017 2019
f 2020 2021 2019
f 1933 2023 2022
f 1932 1933 2022
f 2016 2022 2018
f 2016 1935 2022
f 1935 1932 2022
f 2019 1935 2016
f 1936 1935 2019
f 2021 1936 2019
f 2021 2024 1936
f 2024 1938 1936
f 2025 1939 1938
f 2025 1938 2026
f 2026 1938 2024
f 2026 2027 2025
f 1941 2029 2028
f 1940 1941 2028
f 2028 1933 1940
f 2023 1933 2028
f 2025 1943 1939
f 1943 2025 2027
f 1943 2027 1944
f 1944 2027 2030
f 1946 2032 2031
f 1945 1946 2031
f 2031 1941 1945
f 2029 1941 2031
f 2030 2033 1944
f 2033 1947 1944
f 1949 2035 2034
f 1948 1949 2034
f 2034 1946 1948
f 2032 1946 2034
f 2033 2036 1947
f 2036 1950 1947
f 2035 1949 2037
f 2037 1949 1951
f 2036 2038 1950
f 2038 1952 1950
f 1953 1954 2039
f 2039 1951 1953
f 2039 2040 1951
f 2040 2037 1951
f 2038 2041 1952
f 2041 1956 1952
f 2042 2039 1954
f 2042 1954 2043
f 2043 1954 1957
f 2039 2042 2040
f 2041 2044 1956
f 2044 1959 1956
f 2043 1957 2045
f 2045 1957 1961
f 2044 1962 1959
f 2046 1962 2044
f 1962 2046 2047
f 1963 1962 2047
f 2045 1961 2048
f 2048 1961 1965
f 2047 2049 1963
f 2049 1966 1963
f 2048 1965 2050
f 2050 1965 1967
f 2049 1968 1966
f 2051 1968 2049
f 1968 2051 2052
f 1969 1968 2052
f 2050 1967 2053
f 2053 1967 1970
f 2052 1971 1969
f 2054 1971 2052
f 1971 2054 2055
f 1972 1971 2055
f 2053 1970 2056
f 2056 1970 1973
f 2055 1975 1972
f 2057 1975 2055
f 1975 2057 2058
f 1976 1975 2058
f 2056 1973 1977
f 2059 2056 1977
f 1977 2060 2059
f 1978 2060 1977
f 2058 2061 1976
f 2061 1979 1976
f 2060 1978 1980
f 2062 2060 1980
f 1980 2063 2062
f 1981 2063 1980
f 2061 2064 1979
f 2064 1982 1979
f 2065 2066 2063
f 2065 2063 1983
f 1983 2063 1981
f 2066 2065 2067
f 2064 1985 1982
f 2068 1985 2064
f 1985 2068 2069
f 1986 1985 2069
f 2065 1983 1987
f 2067 2065 1987
f 2067 1987 2070
f 2070 1987 1988
f 2070 1988 2071
f 1988 1990 2071
f 1990 2072 2071
f 1991 2072 1990
f 2069 2073 1986
f 2073 1993 1986
f 2074 2075 2072
f 2074 2072 1994
f 1994 2072 1991
f 2075 2074 2076
f 1996 2077 1997
f 2077 1996 1993
f 2077 1993 2078
f 2078 1993 2073
f 2074 1994 1998
f 1998 2076 2074
f 1998 2000 2076
f 2000 2079 2076
f 2005 2080 2006
f 1997 2080 2005
f 1997 2077 2080
f 2077 2081 2080
f 2078 2082 2081
f 2077 2078 2081
f 2079 2000 2007
f 2083 2079 2007
f 2085 2008 2084
f 2085 2083 2008
f 2083 2007 2008
f 2009 2084 2008
f 2086 2084 2009
f 2010 2086 2009
f 2087 2086 2010
f 2010 2012 2087
f 2013 2088 2014
f 2006 2088 2013
f 2006 2080 2088
f 2080 2089 2088
f 2090 2091 2089
f 2090 2089 2081
f 2081 2089 2080
f 2081 2082 2090
f 2085 2084 2092
f 2084 2086 2093
f 2092 2084 2093
f 2086 2087 2094
f 2093 2086 2094
f 2087 2012 2015
f 2087 2015 2094
f 2094 2015 2095
f 2014 2088 2096
f 2014 2096 2015
f 2015 2096 2095
f 2088 2089 2097
f 2096 2088 2097
f 2089 2091 2097
f 2018 2099 2098
f 2017 2018 2098
f 2098 2100 2017
f 2017 2100 2020
f 2101 2021 2020
f 2101 2020 2102
f 2102 2020 2100
f 2102 2104 2103
f 2101 2102 2103
f 2104 2105 2103
f 2108 2107 2106
f 2023 2106 2107
f 2023 2107 2022
f 2022 2107 2109
f 2109 2018 2022
f 2099 2018 2109
f 2101 2024 2021
f 2103 2024 2101
f 2026 2024 2103
f 2026 2110 2027
f 2103 2110 2026
f 2103 2111 2110
f 2103 2105 2111
f 2111 2112 2110
f 2115 2114 2113
f 2106 2028 2029
f 2108 2106 2029
f 2108 2029 2113
f 2108 2113 2114
f 2106 2023 2028
f 2116 2027 2110
f 2030 2027 2116
f 2112 2117 2116
f 2110 2112 2116
f 2113 2031 2032
f 2113 2032 2115
f 2115 2032 2118
f 2113 2029 2031
f 2119 2030 2116
f 2033 2030 2119
f 2117 2120 2119
f 2116 2117 2119
f 2034 2035 2121
f 2121 2032 2034
f 2121 2122 2032
f 2122 2118 2032
f 2123 2033 2119
f 2036 2033 2123
f 2120 2124 2123
f 2119 2120 2123
f 2125 2121 2035
f 2125 2035 2126
f 2126 2035 2037
f 2121 2125 2122
f 2127 2036 2123
f 2038 2036 2127
f 2124 2128 2127
f 2123 2124 2127
f 2126 2037 2129
f 2129 2037 2040
f 2130 2038 2127
f 2041 2038 2130
f 2128 2131 2130
f 2127 2128 2130
f 2042 2043 2132
f 2132 2040 2042
f 2132 2133 2040
f 2133 2129 2040
f 2134 2041 2130
f 2044 2041 2134
f 2131 2135 2134
f 2130 2131 2134
f 2136 2132 2043
f 2045 2136 2043
f 2133 2136 2137
f 2132 2136 2133
f 2134 2046 2044
f 2046 2134 2135
f 2046 2135 2047
f 2047 2135 2138
f 2139 2136 2045
f 2139 2045 2140
f 2140 2045 2048
f 2136 2139 2137
f 2138 2141 2047
f 2141 2049 2047
f 2140 2048 2142
f 2142 2048 2050
f 2141 2051 2049
f 2143 2051 2141
f 2051 2143 2144
f 2052 2051 2144
f 2142 2050 2145
f 2145 2050 2053
f 2144 2054 2052
f 2146 2054 2144
f 2054 2146 2147
f 2055 2054 2147
f 2148 2149 2145
f 2148 2145 2056
f 2056 2145 2053
f 2149 2148 2150
f 2147 2057 2055
f 2151 2057 2147
f 2057 2151 2152
f 2058 2057 2152
f 2148 2056 2059
f 2059 2060 2153
f 2148 2059 2153
f 2148 2153 2154
f 2148 2154 2150
f 2154 2153 2155
f 2152 2156 2058
f 2156 2061 2058
f 2153 2060 2062
f 2062 2063 2157
f 2153 2062 2157
f 2153 2157 2158
f 2153 2158 2155
f 2158 2157 2159
f 2156 2160 2061
f 2160 2064 2061
f 2157 2063 2066
f 2066 2067 2161
f 2157 2066 2161
f 2157 2161 2162
f 2157 2162 2159
f 2162 2163 2164
f 2161 2163 2162
f 2164 2163 2165
f 2160 2068 2064
f 2166 2068 2160
f 2068 2166 2167
f 2069 2068 2167
f 2161 2067 2070
f 2163 2161 2070
f 2071 2163 2070
f 2071 2072 2168
f 2163 2071 2168
f 2163 2168 2169
f 2163 2169 2165
f 2169 2168 2170
f 2167 2171 2069
f 2171 2073 2069
f 2168 2072 2075
f 2075 2170 2168
f 2075 2076 2170
f 2076 2172 2170
f 2171 2173 2073
f 2173 2078 2073
f 2172 2076 2174
f 2174 2076 2079
f 2173 2175 2078
f 2175 2082 2078
f 2174 2079 2083
f 2176 2174 2083
f 2083 2177 2176
f 2085 2177 2083
f 2090 2178 2091
f 2178 2090 2082
f 2178 2082 2179
f 2179 2082 2175
f 2177 2085 2092
f 2180 2177 2092
f 2180 2092 2181
f 2092 2093 2181
f 2183 2094 2182
f 2183 2181 2094
f 2181 2093 2094
f 2095 2182 2094
f 2184 2182 2095
f 2096 2184 2095
f 2185 2184 2096
f 2097 2185 2096
f 2186 2185 2097
f 2091 2186 2097
f 2091 2178 2186
f 2178 2187 2186
f 2179 2188 2187
f 2178 2179 2187
f 2183 2182 2189
f 2182 2184 2190
f 2189 2182 2190
f 2184 2185 2191
f 2190 2184 2191
f 2185 2186 2192
f 2191 2185 2192
f 2186 2187 2193
f 2192 2186 2193
f 2187 2188 2193
f 2099 2195 2194
f 2098 2099 2194
f 2194 2196 2098
f 2098 2196 2100
f 2196 2197 2100
f 2100 2197 2102
f 2197 2198 2102
f 2102 2198 2104
f 2104 2198 2199
f 2105 2104 2199
f 2107 2108 2200
f 2200 2202 2201
f 2200 2201 2107
f 2107 2201 2109
f 2201 2099 2109
f 2195 2099 2201
f 2199 2111 2105
f 2203 2111 2199
f 2111 2203 2204
f 2112 2111 2204
f 2114 2115 2205
f 2205 2207 2206
f 2114 2205 2206
f 2114 2206 2200
f 2114 2200 2108
f 2200 2206 2202
f 2204 2208 2112
f 2208 2117 2112
f 2209 2205 2115
f 2209 2115 2210
f 2210 2115 2118
f 2205 2209 2207
f 2208 2211 2117
f 2211 2120 2117
f 2210 2118 2212
f 2212 2118 2122
f 2211 2213 2120
f 2213 2124 2120
f 2126 2215 2214
f 2125 2126 2214
f 2214 2122 2125
f 2212 2122 2214
f 2213 2216 2124
f 2216 2128 2124
f 2215 2126 2217
f 2217 2126 2129
f 2216 2218 2128
f 2218 2131 2128
f 2217 2129 2219
f 2219 2129 2133
f 2218 2220 2131
f 2220 2135 2131
f 2219 2133 2221
f 2221 2133 2137
f 2220 2222 2135
f 2222 2138 2135
f 2139 2140 2223
f 2223 2137 2139
f 2223 2224 2137
f 2224 2221 2137
f 2222 2225 2138
f 2225 2141 2138
f 2226 2223 2140
f 2142 2226 2140
f 2224 2226 2227
f 2223 2226 2224
f 2225 2143 2141
f 2228 2143 2225
f 2143 2228 2229
f 2144 2143 2229
f 2230 2226 2142
f 2145 2230 2142
f 2227 2230 2231
f 2226 2230 2227
f 2229 2146 2144
f 2232 2146 2229
f 2146 2232 2233
f 2147 2146 2233
f 2230 2145 2149
f 2149 2150 2234
f 2230 2149 2234
f 2230 2234 2235
f 2230 2235 2231
f 2235 2234 2236
f 2233 2151 2147
f 2237 2151 2233
f 2151 2237 2238
f 2152 2151 2238
f 2234 2150 2154
f 2154 2155 2239
f 2234 2154 2239
f 2234 2239 2240
f 2234 2240 2236
f 2240 2239 2241
f 2238 2242 2152
f 2242 2156 2152
f 2239 2155 2158
f 2158 2241 2239
f 2158 2159 2241
f 2159 2243 2241
f 2242 2244 2156
f 2244 2160 2156
f 2243 2159 2162
f 2245 2243 2162
f 2245 2162 2246
f 2162 2164 2246
f 2164 2247 2246
f 2165 2247 2164
f 2244 2166 2160
f 2248 2166 2244
f 2166 2248 2249
f 2167 2166 2249
f 2247 2165 2169
f 2250 2247 2169
f 2169 2251 2250
f 2170 2251 2169
f 2249 2252 2167
f 2252 2171 2167
f 2251 2170 2253
f 2253 2170 2172
f 2252 2254 2171
f 2254 2173 2171
f 2255 2256 2253
f 2255 2253 2174
f 2174 2253 2172
f 2256 2255 2257
f 2254 2258 2173
f 2258 2175 2173
f 2255 2174 2176
f 2176 2257 2255
f 2176 2177 2257
f 2177 2259 2257
f 2260 2258 2261
f 2260 2179 2258
f 2179 2175 2258
f 2261 2262 2260
f 2259 2177 2180
f 2263 2259 2180
f 2265 2181 2264
f 2265 2263 2181
f 2263 2180 2181
f 2181 2183 2264
f 2266 2179 2260
f 2266 2267 2179
f 2267 2188 2179
f 2260 2262 2266
f 2265 2264 2268
f 2270 2189 2269
f 2268 2189 2270
f 2268 2183 2189
f 2268 2264 2183
f 2190 2269 2189
f 2271 2269 2190
f 2191 2271 2190
f 2272 2271 2191
f 2192 2272 2191
f 2273 2272 2192
f 2193 2273 2192
f 2274 2273 2193
f 2274 2193 2188
f 2274 2188 2275
f 2275 2188 2267
f 2270 2269 2276
f 2269 2271 2277
f 2276 2269 2277
f 2271 2272 2278
f 2277 2271 2278
f 2272 2273 2279
f 2278 2272 2279
f 2273 2274 2280
f 2279 2273 2280
f 2274 2275 2280
f 2283 2282 2281
f 2282 2284 2281
f 2195 2286 2285
f 2194 2195 2285
f 2281 2285 2283
f 2281 2196 2285
f 2196 2194 2285
f 2284 2196 2281
f 2284 2287 2196
f 2287 2197 2196
f 2287 2288 2197
f 2197 2288 2198
f 2289 2199 2198
f 2289 2198 2290
f 2290 2198 2288
f 2290 2291 2289
f 2202 2293 2292
f 2201 2202 2292
f 2292 2195 2201
f 2286 2195 2292
f 2289 2203 2199
f 2203 2289 2291
f 2203 2291 2204
f 2204 2291 2294
f 2207 2296 2295
f 2206 2207 2295
f 2295 2202 2206
f 2293 2202 2295
f 2294 2297 2204
f 2297 2208 2204
f 2209 2210 2298
f 2298 2207 2209
f 2298 2299 2207
f 2299 2296 2207
f 2297 2300 2208
f 2300 2211 2208
f 2301 2298 2210
f 2301 2210 2302
f 2302 2210 2212
f 2298 2301 2299
f 2300 2303 2211
f 2303 2213 2211
f 2214 2215 2304
f 2304 2212 2214
f 2304 2305 2212
f 2305 2302 2212
f 2303 2306 2213
f 2306 2216 2213
f 2307 2304 2215
f 2217 2307 2215
f 2305 2307 2308
f 2304 2307 2305
f 2306 2309 2216
f 2309 2218 2216
f 2310 2307 2217
f 2219 2310 2217
f 2308 2310 2311
f 2307 2310 2308
f 2309 2312 2218
f 2312 2220 2218
f 2313 2310 2219
f 2221 2313 2219
f 2311 2313 2314
f 2310 2313 2311
f 2312 2315 2220
f 2315 2222 2220
f 2316 2313 2221
f 2316 2221 2317
f 2317 2221 2224
f 2313 2316 2314
f 2318 2315 2319
f 2318 2225 2315
f 2225 2222 2315
f 2319 2320 2318
f 2317 2224 2321
f 2321 2224 2227
f 2318 2228 2225
f 2228 2318 2320
f 2228 2320 2229
f 2229 2320 2322
f 2321 2227 2323
f 2323 2227 2231
f 2322 2232 2229
f 2324 2232 2322
f 2232 2324 2325
f 2233 2232 2325
f 2323 2231 2235
f 2326 2323 2235
f 2235 2327 2326
f 2236 2327 2235
f 2325 2237 2233
f 2328 2237 2325
f 2237 2328 2329
f 2238 2237 2329
f 2327 2236 2240
f 2330 2327 2240
f 2240 2331 2330
f 2241 2331 2240
f 2329 2332 2238
f 2332 2242 2238
f 2333 2334 2331
f 2333 2331 2243
f 2243 2331 2241
f 2334 2333 2335
f 2332 2336 2242
f 2336 2244 2242
f 2333 2243 2245
f 2335 2333 2245
f 2335 2245 2337
f 2337 2245 2246
f 2246 2338 2337
f 2247 2338 2246
f 2336 2248 2244
f 2339 2248 2336
f 2248 2339 2340
f 2249 2248 2340
f 2338 2247 2250
f 2341 2338 2250
f 2250 2342 2341
f 2251 2342 2250
f 2340 2343 2249
f 2343 2252 2249
f 2344 2345 2342
f 2344 2342 2253
f 2253 2342 2251
f 2345 2344 2346
f 2343 2347 2252
f 2347 2254 2252
f 2344 2253 2256
f 2256 2346 2344
f 2256 2257 2346
f 2257 2348 2346
f 2347 2349 2254
f 2349 2258 2254
f 2350 2351 2348
f 2350 2348 2259
f 2259 2348 2257
f 2351 2350 2352
f 2261 2354 2353
f 2261 2258 2354
f 2258 2349 2354
f 2261 2353 2262
f 2350 2259 2263
f 2263 2352 2350
f 2263 2265 2352
f 2265 2355 2352
f 2353 2267 2266
f 2353 2354 2267
f 2354 2356 2267
f 2353 2266 2262
f 2355 2265 2268
f 2357 2355 2268
f 2268 2358 2357
f 2270 2358 2268
f 2356 2359 2267
f 2359 2275 2267
f 2358 2270 2276
f 2360 2358 2276
f 2360 2276 2361
f 2276 2277 2361
f 2361 2277 2362
f 2277 2278 2362
f 2362 2278 2363
f 2278 2279 2363
f 2363 2279 2364
f 2279 2280 2364
f 2364 2280 2275
f 2359 2364 2275
f 2283 2366 2365
f 2282 2283 2365
f 2282 2365 2367
f 2284 2282 2367
f 2286 2369 2368
f 2285 2286 2368
f 2368 2283 2285
f 2366 2283 2368
f 2367 2287 2284
f 2370 2287 2367
f 2370 2371 2287
f 2287 2371 2288
f 2371 2372 2288
f 2288 2372 2290
f 2290 2372 2373
f 2291 2290 2373
f 2293 2375 2374
f 2292 2293 2374
f 2374 2286 2292
f 2369 2286 2374
f 2373 2376 2291
f 2376 2294 2291
f 2296 2378 2377
f 2295 2296 2377
f 2377 2293 2295
f 2375 2293 2377
f 2376 2379 2294
f 2379 2297 2294
f 2378 2296 2380
f 2380 2296 2299
f 2379 2381 2297
f 2381 2300 2297
f 2301 2302 2382
f 2382 2299 2301
f 2382 2383 2299
f 2383 2380 2299
f 2381 2384 2300
f 2384 2303 2300
f 2385 2382 2302
f 2385 2302 2386
f 2386 2302 2305
f 2382 2385 2383
f 2384 2387 2303
f 2387 2306 2303
f 2386 2305 2388
f 2388 2305 2308
f 2387 2389 2306
f 2389 2309 2306
f 2388 2308 2390
f 2390 2308 2311
f 2389 2391 2309
f 2391 2312 2309
f 2390 2311 2392
f 2392 2311 2314
f 2393 2391 2394
f 2393 2315 2391
f 2315 2312 2391
f 2394 2395 2393
f 2316 2317 2396
f 2396 2314 2316
f 2396 2397 2314
f 2397 2392 2314
f 2393 2319 2315
f 2319 2393 2395
f 2319 2395 2320
f 2320 2395 2398
f 2399 2396 2317
f 2321 2399 2317
f 2397 2399 2400
f 2396 2399 2397
f 2398 2401 2320
f 2401 2322 2320
f 2402 2399 2321
f 2323 2402 2321
f 2400 2403 2404
f 2400 2399 2403
f 2399 2402 2403
f 2404 2403 2405
f 2401 2324 2322
f 2406 2324 2401
f 2324 2406 2407
f 2325 2324 2407
f 2402 2323 2326
f 2326 2327 2408
f 2326 2408 2402
f 2402 2408 2403
f 2405 2408 2409
f 2403 2408 2405
f 2407 2328 2325
f 2410 2328 2407
f 2328 2410 2411
f 2329 2328 2411
f 2408 2327 2330
f 2330 2409 2408
f 2330 2331 2409
f 2331 2412 2409
f 2411 2413 2329
f 2413 2332 2329
f 2412 2331 2334
f 2414 2412 2334
f 2334 2415 2414
f 2335 2415 2334
f 2413 2416 2332
f 2416 2336 2332
f 2415 2335 2337
f 2417 2415 2337
f 2418 2337 2338
f 2418 2419 2337
f 2419 2417 2337
f 2419 2418 2420
f 2416 2339 2336
f 2421 2339 2416
f 2339 2421 2422
f 2340 2339 2422
f 2418 2338 2341
f 2341 2420 2418
f 2341 2342 2420
f 2342 2423 2420
f 2422 2424 2340
f 2424 2343 2340
f 2423 2342 2345
f 2425 2423 2345
f 2345 2426 2425
f 2346 2426 2345
f 2424 2427 2343
f 2427 2347 2343
f 2428 2429 2426
f 2428 2426 2348
f 2348 2426 2346
f 2429 2428 2430
f 2427 2431 2347
f 2431 2349 2347
f 2428 2348 2351
f 2351 2430 2428
f 2351 2352 2430
f 2352 2432 2430
f 2431 2433 2349
f 2433 2354 2349
f 2432 2352 2434
f 2434 2352 2355
f 2433 2435 2354
f 2435 2356 2354
f 2434 2355 2357
f 2436 2434 2357
f 2357 2437 2436
f 2358 2437 2357
f 2435 2438 2356
f 2438 2359 2356
f 2437 2358 2360
f 2439 2437 2360
f 2441 2361 2440
f 2441 2439 2361
f 2439 2360 2361
f 2362 2440 2361
f 2442 2440 2362
f 2363 2442 2362
f 2443 2442 2363
f 2443 2444 2445
f 2443 2363 2444
f 2363 2364 2444
f 2444 2364 2359
f 2438 2444 2359
f 2441 2440 2446
f 2440 2442 2447
f 2446 2440 2447
f 2442 2443 2448
f 2447 2442 2448
f 2443 2445 2448
f 2365 2366 2449
f 2365 2449 2367
f 2369 2451 2450
f 2368 2369 2450
f 2366 2452 2449
f 2366 2368 2452
f 2368 2450 2452
f 2449 2370 2367
f 2449 2452 2370
f 2452 2453 2370
f 2455 2454 2371
f 2455 2371 2453
f 2453 2371 2370
f 2372 2371 2454
f 2456 2372 2454
f 2372 2456 2373
f 2375 2458 2457
f 2374 2375 2457
f 2457 2369 2374
f 2451 2369 2457
f 2455 2459 2454
f 2461 2454 2459
f 2461 2460 2454
f 2460 2456 2454
f 2456 2460 2376
f 2373 2456 2376
f 2377 2378 2462
f 2462 2375 2377
f 2462 2463 2375
f 2463 2458 2375
f 2461 2464 2460
f 2460 2464 2465
f 2460 2465 2376
f 2376 2465 2379
f 2466 2462 2378
f 2466 2378 2467
f 2467 2378 2380
f 2462 2466 2463
f 2465 2468 2379
f 2468 2381 2379
f 2467 2380 2469
f 2469 2380 2383
f 2468 2470 2381
f 2470 2384 2381
f 2385 2386 2471
f 2471 2383 2385
f 2471 2472 2383
f 2472 2469 2383
f 2470 2473 2384
f 2473 2387 2384
f 2474 2471 2386
f 2474 2386 2475
f 2475 2386 2388
f 2471 2474 2472
f 2473 2476 2387
f 2476 2389 2387
f 2475 2388 2477
f 2477 2388 2390
f 2478 2476 2479
f 2478 2391 2476
f 2391 2389 2476
f 2479 2480 2478
f 2477 2390 2481
f 2481 2390 2392
f 2478 2394 2391
f 2394 2478 2480
f 2394 2480 2395
f 2395 2480 2482
f 2481 2392 2483
f 2483 2392 2397
f 2482 2484 2395
f 2484 2398 2395
f 2485 2486 2483
f 2485 2483 2400
f 2400 2483 2397
f 2486 2485 2487
f 2488 2484 2489
f 2488 2401 2484
f 2401 2398 2484
f 2489 2490 2488
f 2485 2400 2404
f 2404 2487 2485
f 2404 2405 2487
f 2405 2491 2487
f 2488 2406 2401
f 2406 2488 2490
f 2406 2490 2407
f 2407 2490 2492
f 2493 2494 2491
f 2493 2491 2409
f 2409 2491 2405
f 2494 2493 2495
f 2492 2410 2407
f 2496 2410 2492
f 2410 2496 2497
f 2411 2410 2497
f 2498 2493 2409
f 2412 2498 2409
f 2495 2498 2499
f 2493 2498 2495
f 2497 2500 2411
f 2500 2413 2411
f 2498 2412 2414
f 2414 2415 2501
f 2498 2414 2501
f 2498 2501 2502
f 2498 2502 2499
f 2502 2501 2503
f 2500 2504 2413
f 2504 2416 2413
f 2501 2415 2417
f 2503 2501 2417
f 2503 2417 2505
f 2505 2417 2419
f 2419 2506 2505
f 2420 2506 2419
f 2504 2421 2416
f 2507 2421 2504
f 2421 2507 2508
f 2422 2421 2508
f 2506 2420 2509
f 2509 2420 2423
f 2508 2510 2422
f 2510 2424 2422
f 2509 2423 2425
f 2511 2509 2425
f 2425 2512 2511
f 2426 2512 2425
f 2510 2513 2424
f 2513 2427 2424
f 2512 2426 2429
f 2514 2512 2429
f 2429 2515 2514
f 2430 2515 2429
f 2513 2516 2427
f 2516 2431 2427
f 2517 2518 2515
f 2517 2515 2432
f 2432 2515 2430
f 2518 2517 2519
f 2516 2520 2431
f 2520 2433 2431
f 2521 2517 2432
f 2434 2521 2432
f 2519 2521 2522
f 2517 2521 2519
f 2520 2523 2433
f 2523 2435 2433
f 2521 2434 2436
f 2436 2522 2521
f 2436 2437 2522
f 2437 2524 2522
f 2523 2525 2435
f 2525 2438 2435
f 2524 2437 2439
f 2526 2524 2439
f 2439 2527 2526
f 2441 2527 2439
f 2445 2528 2529
f 2444 2528 2445
f 2528 2444 2438
f 2525 2528 2438
f 2527 2441 2446
f 2530 2527 2446
f 2530 2446 2531
f 2446 2447 2531
f 2531 2447 2532
f 2447 2448 2532
f 2532 2448 2445
f 2529 2532 2445
f 2451 2534 2533
f 2450 2451 2533
f 2533 2535 2450
f 2450 2535 2452
f 2535 2536 2452
f 2452 2536 2453
f 2453 2536 2537
f 2455 2453 2537
f 2457 2458 2538
f 2538 2451 2457
f 2538 2539 2451
f 2539 2534 2451
f 2537 2459 2455
f 2540 2459 2537
f 2459 2540 2541
f 2461 2459 2541
f 2542 2538 2458
f 2542 2458 2543
f 2543 2458 2463
f 2538 2542 2539
f 2541 2464 2461
f 2544 2464 2541
f 2464 2544 2545
f 2465 2464 2545
f 2467 2547 2546
f 2466 2467 2546
f 2546 2463 2466
f 2543 2463 2546
f 2545 2548 2465
f 2548 2468 2465
f 2547 2467 2549
f 2549 2467 2469
f 2548 2550 2468
f 2550 2470 2468
f 2549 2469 2551
f 2551 2469 2472
f 2550 2552 2470
f 2552 2473 2470
f 2474 2475 2553
f 2553 2472 2474
f 2553 2554 2472
f 2554 2551 2472
f 2555 2552 2556
f 2555 2476 2552
f 2476 2473 2552
f 2556 2557 2555
f 2558 2553 2475
f 2477 2558 2475
f 2554 2558 2559
f 2553 2558 2554
f 2555 2479 2476
f 2479 2555 2557
f 2479 2557 2480
f 2480 2557 2560
f 2561 2558 2477
f 2481 2561 2477
f 2559 2561 2562
f 2558 2561 2559
f 2560 2563 2480
f 2563 2482 2480
f 2564 2561 2481
f 2483 2564 2481
f 2562 2564 2565
f 2561 2564 2562
f 2566 2563 2567
f 2566 2484 2563
f 2484 2482 2563
f 2567 2568 2566
f 2564 2483 2486
f 2486 2565 2564
f 2486 2487 2565
f 2487 2569 2565
f 2566 2489 2484
f 2489 2566 2568
f 2489 2568 2490
f 2490 2568 2570
f 2571 2572 2569
f 2571 2569 2491
f 2491 2569 2487
f 2572 2571 2573
f 2570 2574 2490
f 2574 2492 2490
f 2571 2491 2494
f 2494 2573 2571
f 2494 2495 2573
f 2495 2575 2573
f 2496 2577 2576
f 2496 2492 2577
f 2492 2574 2577
f 2496 2576 2497
f 2575 2495 2578
f 2578 2495 2499
f 2577 2579 2576
f 2576 2579 2580
f 2576 2580 2497
f 2497 2580 2500
f 2578 2499 2502
f 2581 2578 2502
f 2502 2582 2581
f 2503 2582 2502
f 2580 2583 2500
f 2583 2504 2500
f 2582 2503 2505
f 2584 2582 2505
f 2505 2585 2584
f 2506 2585 2505
f 2507 2587 2586
f 2507 2504 2587
f 2504 2583 2587
f 2507 2586 2508
f 2588 2589 2585
f 2588 2585 2509
f 2509 2585 2506
f 2589 2588 2590
f 2587 2591 2586
f 2586 2591 2592
f 2586 2592 2508
f 2508 2592 2510
f 2588 2509 2511
f 2511 2512 2593
f 2588 2511 2593
f 2588 2593 2594
f 2588 2594 2590
f 2594 2593 2595
f 2592 2596 2510
f 2596 2513 2510
f 2593 2512 2514
f 2514 2515 2597
f 2593 2514 2597
f 2593 2597 2598
f 2593 2598 2595
f 2598 2597 2599
f 2596 2600 2513
f 2600 2516 2513
f 2597 2515 2518
f 2518 2599 2597
f 2518 2519 2599
f 2519 2601 2599
f 2600 2602 2516
f 2602 2520 2516
f 2603 2604 2601
f 2603 2601 2522
f 2522 2601 2519
f 2604 2603 2605
f 2602 2606 2520
f 2606 2523 2520
f 2607 2603 2522
f 2524 2607 2522
f 2605 2607 2608
f 2603 2607 2605
f 2606 2609 2523
f 2609 2525 2523
f 2607 2524 2526
f 2526 2527 2610
f 2607 2526 2610
f 2607 2610 2611
f 2607 2611 2608
f 2611 2610 2612
f 2529 2613 2614
f 2528 2613 2529
f 2613 2528 2525
f 2609 2613 2525
f 2610 2527 2530
f 2612 2610 2530
f 2612 2530 2615
f 2615 2530 2531
f 2617 2532 2616
f 2617 2615 2532
f 2615 2531 2532
f 2616 2532 2529
f 2616 2529 2618
f 2618 2529 2614
f 2617 2616 2619
f 2616 2618 2619
f 2533 2534 2620
f 2620 2622 2621
f 2620 2621 2533
f 2533 2621 2535
f 2621 2623 2535
f 2535 2623 2536
f 2536 2623 2624
f 2537 2536 2624
f 2625 2620 2534
f 2625 2534 2626
f 2626 2534 2539
f 2620 2625 2622
f 2624 2540 2537
f 2627 2540 2624
f 2540 2627 2628
f 2541 2540 2628
f 2543 2630 2629
f 2542 2543 2629
f 2629 2539 2542
f 2626 2539 2629
f 2544 2632 2631
f 2544 2541 2632
f 2541 2628 2632
f 2544 2631 2545
f 2546 2547 2633
f 2633 2543 2546
f 2633 2634 2543
f 2634 2630 2543
f 2632 2635 2631
f 2631 2635 2636
f 2631 2636 2545
f 2545 2636 2548
f 2637 2633 2547
f 2549 2637 2547
f 2634 2637 2638
f 2633 2637 2634
f 2636 2639 2548
f 2639 2550 2548
f 2640 2637 2549
f 2640 2549 2641
f 2641 2549 2551
f 2637 2640 2638
f 2639 2642 2550
f 2642 2552 2550
f 2641 2551 2643
f 2643 2551 2554
f 2642 2556 2552
f 2644 2556 2642
f 2556 2644 2645
f 2557 2556 2645
f 2643 2554 2646
f 2646 2554 2559
f 2645 2647 2557
f 2647 2560 2557
f 2646 2559 2648
f 2648 2559 2562
f 2647 2649 2560
f 2649 2563 2560
f 2648 2562 2650
f 2650 2562 2565
f 2649 2567 2563
f 2651 2567 2649
f 2567 2651 2652
f 2568 2567 2652
f 2653 2654 2650
f 2653 2650 2569
f 2569 2650 2565
f 2654 2653 2655
f 2652 2656 2568
f 2656 2570 2568
f 2653 2569 2572
f 2572 2655 2653
f 2572 2573 2655
f 2573 2657 2655
f 2656 2658 2570
f 2658 2574 2570
f 2657 2573 2659
f 2659 2573 2575
f 2658 2660 2574
f 2660 2577 2574
f 2661 2662 2659
f 2661 2659 2578
f 2578 2659 2575
f 2662 2661 2663
f 2660 2579 2577
f 2664 2579 2660
f 2579 2664 2665
f 2580 2579 2665
f 2661 2578 2581
f 2581 2582 2666
f 2661 2581 2666
f 2661 2666 2667
f 2661 2667 2663
f 2667 2666 2668
f 2665 2669 2580
f 2669 2583 2580
f 2666 2582 2584
f 2584 2585 2670
f 2666 2584 2670
f 2666 2670 2671
f 2666 2671 2668
f 2671 2670 2672
f 2669 2673 2583
f 2673 2587 2583
f 2670 2585 2589
f 2589 2590 2674
f 2670 2589 2674
f 2670 2674 2675
f 2670 2675 2672
f 2675 2674 2676
f 2591 2678 2677
f 2591 2587 2678
f 2587 2673 2678
f 2591 2677 2592
f 2674 2590 2594
f 2594 2595 2679
f 2674 2594 2679
f 2674 2679 2680
f 2674 2680 2676
f 2680 2679 2681
f 2683 2677 2678
f 2682 2677 2683
f 2677 2682 2596
f 2592 2677 2596
f 2679 2595 2598
f 2598 2599 2684
f 2679 2598 2684
f 2679 2684 2685
f 2679 2685 2681
f 2685 2684 2686
f 2683 2687 2682
f 2682 2687 2688
f 2682 2688 2596
f 2596 2688 2600
f 2689 2684 2599
f 2601 2689 2599
f 2686 2690 2691
f 2686 2684 2690
f 2684 2689 2690
f 2691 2690 2692
f 2688 2693 2600
f 2693 2602 2600
f 2689 2601 2604
f 2604 2605 2694
f 2604 2694 2689
f 2689 2694 2690
f 2692 2694 2695
f 2690 2694 2692
f 2698 2696 2697
f 2697 2696 2606
f 2697 2606 2693
f 2693 2606 2602
f 2699 2694 2605
f 2608 2699 2605
f 2695 2700 2701
f 2695 2694 2700
f 2694 2699 2700
f 2701 2700 2702
f 2704 2696 2698
f 2703 2696 2704
f 2696 2703 2609
f 2606 2696 2609
f 2699 2608 2611
f 2611 2612 2705
f 2611 2705 2699
f 2699 2705 2700
f 2702 2706 2707
f 2702 2700 2706
f 2700 2705 2706
f 2703 2614 2613
f 2704 2614 2703
f 2704 2706 2614
f 2704 2707 2706
f 2703 2613 2609
f 2705 2612 2615
f 2615 2617 2708
f 2615 2708 2705
f 2705 2708 2706
f 2706 2708 2618
f 2614 2706 2618
f 2708 2617 2619
f 2708 2619 2618
f 2622 2710 2709
f 2621 2622 2709
f 2712 2711 2623
f 2712 2623 2709
f 2709 2623 2621
f 2623 2711 2624
f 2626 2714 2713
f 2625 2626 2713
f 2713 2622 2625
f 2710 2622 2713
f 2712 2715 2711
f 2711 2627 2624
f 2711 2715 2627
f 2715 2716 2627
f 2627 2716 2717
f 2628 2627 2717
f 2630 2719 2718
f 2629 2630 2718
f 2718 2626 2629
f 2714 2626 2718
f 2717 2720 2628
f 2720 2632 2628
f 2719 2630 2721
f 2721 2630 2634
f 2635 2723 2722
f 2635 2632 2723
f 2632 2720 2723
f 2635 2722 2636
f 2721 2634 2724
f 2724 2634 2638
f 2723 2725 2722
f 2722 2725 2726
f 2722 2726 2636
f 2636 2726 2639
f 2640 2641 2727
f 2727 2638 2640
f 2727 2728 2638
f 2728 2724 2638
f 2726 2729 2639
f 2729 2642 2639
f 2730 2727 2641
f 2643 2730 2641
f 2728 2730 2731
f 2727 2730 2728
f 2729 2644 2642
f 2732 2644 2729
f 2644 2732 2733
f 2645 2644 2733
f 2734 2730 2643
f 2646 2734 2643
f 2731 2734 2735
f 2730 2734 2731
f 2733 2736 2645
f 2736 2647 2645
f 2737 2734 2646
f 2737 2646 2738
f 2738 2646 2648
f 2734 2737 2735
f 2739 2736 2740
f 2739 2649 2736
f 2649 2647 2736
f 2740 2741 2739
f 2738 2648 2742
f 2742 2648 2650
f 2739 2651 2649
f 2651 2739 2741
f 2651 2741 2652
f 2652 2741 2743
f 2742 2650 2654
f 2744 2742 2654
f 2654 2745 2744
f 2655 2745 2654
f 2743 2746 2652
f 2746 2656 2652
f 2745 2655 2747
f 2747 2655 2657
f 2746 2748 2656
f 2748 2658 2656
f 2749 2750 2747
f 2749 2747 2659
f 2659 2747 2657
f 2750 2749 2751
f 2752 2748 2753
f 2752 2660 2748
f 2660 2658 2748
f 2753 2754 2752
f 2749 2659 2662
f 2662 2751 2749
f 2662 2663 2751
f 2663 2755 2751
f 2752 2664 2660
f 2664 2752 2754
f 2664 2754 2665
f 2665 2754 2756
f 2755 2663 2667
f 2757 2755 2667
f 2667 2758 2757
f 2668 2758 2667
f 2761 2759 2760
f 2760 2759 2669
f 2760 2669 2756
f 2756 2669 2665
f 2758 2668 2671
f 2762 2758 2671
f 2671 2763 2762
f 2672 2763 2671
f 2765 2759 2761
f 2764 2759 2765
f 2759 2764 2673
f 2669 2759 2673
f 2763 2672 2675
f 2766 2763 2675
f 2767 2675 2676
f 2767 2768 2675
f 2768 2766 2675
f 2768 2767 2769
f 2771 2764 2765
f 2770 2764 2771
f 2764 2770 2678
f 2673 2764 2678
f 2767 2676 2680
f 2680 2681 2772
f 2767 2680 2772
f 2767 2772 2773
f 2767 2773 2769
f 2773 2774 2775
f 2772 2774 2773
f 2775 2776 2777
f 2774 2776 2775
f 2777 2770 2771
f 2777 2776 2770
f 2776 2778 2770
f 2770 2778 2683
f 2678 2770 2683
f 2772 2681 2685
f 2685 2686 2779
f 2685 2779 2772
f 2772 2779 2774
f 2774 2779 2776
f 2776 2779 2780
f 2781 2780 2782
f 2781 2778 2780
f 2778 2776 2780
f 2784 2783 2687
f 2781 2784 2687
f 2781 2687 2683
f 2781 2683 2778
f 2687 2783 2688
f 2779 2686 2691
f 2691 2692 2785
f 2691 2785 2779
f 2779 2785 2780
f 2782 2786 2787
f 2782 2780 2786
f 2780 2785 2786
f 2787 2783 2784
f 2787 2786 2783
f 2786 2788 2783
f 2783 2788 2693
f 2688 2783 2693
f 2789 2785 2692
f 2695 2789 2692
f 2785 2789 2786
f 2786 2789 2790
f 2698 2697 2788
f 2698 2788 2790
f 2790 2788 2786
f 2788 2697 2693
f 2789 2695 2701
f 2701 2702 2791
f 2701 2791 2789
f 2789 2791 2790
f 2790 2791 2704
f 2698 2790 2704
f 2791 2702 2707
f 2791 2707 2704
f 2710 2793 2792
f 2709 2710 2792
f 2709 2792 2794
f 2712 2709 2794
f 2714 2796 2795
f 2713 2714 2795
f 2795 2710 2713
f 2793 2710 2795
f 2794 2715 2712
f 2797 2715 2794
f 2799 2798 2716
f 2799 2716 2797
f 2797 2716 2715
f 2716 2798 2717
f 2718 2719 2800
f 2800 2714 2718
f 2800 2801 2714
f 2801 2796 2714
f 2799 2802 2798
f 2798 2802 2803
f 2798 2803 2717
f 2717 2803 2720
f 2804 2800 2719
f 2721 2804 2719
f 2801 2804 2805
f 2800 2804 2801
f 2803 2806 2720
f 2806 2723 2720
f 2807 2804 2721
f 2807 2721 2808
f 2808 2721 2724
f 2804 2807 2805
f 2725 2810 2809
f 2725 2723 2810
f 2723 2806 2810
f 2725 2809 2726
f 2808 2724 2811
f 2811 2724 2728
f 2810 2812 2809
f 2809 2812 2813
f 2809 2813 2726
f 2726 2813 2729
f 2811 2728 2814
f 2814 2728 2731
f 2813 2732 2729
f 2815 2732 2813
f 2732 2815 2816
f 2733 2732 2816
f 2814 2731 2817
f 2817 2731 2735
f 2816 2818 2733
f 2818 2736 2733
f 2737 2738 2819
f 2819 2735 2737
f 2819 2820 2735
f 2820 2817 2735
f 2818 2740 2736
f 2821 2740 2818
f 2740 2821 2822
f 2741 2740 2822
f 2823 2819 2738
f 2742 2823 2738
f 2820 2823 2824
f 2819 2823 2820
f 2822 2825 2741
f 2825 2743 2741
f 2823 2742 2744
f 2744 2824 2823
f 2744 2745 2824
f 2745 2826 2824
f 2825 2827 2743
f 2827 2746 2743
f 2828 2829 2826
f 2828 2826 2747
f 2747 2826 2745
f 2829 2828 2830
f 2827 2831 2746
f 2831 2748 2746
f 2828 2747 2750
f 2750 2830 2828
f 2750 2751 2830
f 2751 2832 2830
f 2831 2753 2748
f 2833 2753 2831
f 2753 2833 2834
f 2754 2753 2834
f 2835 2836 2832
f 2835 2832 2755
f 2755 2832 2751
f 2836 2835 2837
f 2834 2838 2754
f 2838 2756 2754
f 2835 2755 2757
f 2757 2837 2835
f 2757 2758 2837
f 2758 2839 2837
f 2761 2840 2841
f 2760 2840 2761
f 2840 2760 2756
f 2838 2840 2756
f 2839 2758 2762
f 2842 2839 2762
f 2843 2762 2763
f 2843 2844 2762
f 2844 2842 2762
f 2844 2843 2845
f 2841 2846 2761
f 2846 2765 2761
f 2843 2763 2766
f 2845 2843 2766
f 2845 2766 2847
f 2847 2766 2768
f 2848 2768 2769
f 2848 2849 2768
f 2849 2847 2768
f 2849 2850 2851
f 2848 2850 2849
f 2851 2852 2853
f 2850 2852 2851
f 2853 2852 2771
f 2853 2771 2846
f 2846 2771 2765
f 2848 2769 2773
f 2850 2848 2773
f 2775 2850 2773
f 2852 2850 2775
f 2777 2852 2775
f 2852 2777 2771
f 2781 2782 2854
f 2781 2854 2784
f 2854 2782 2787
f 2854 2787 2784
f 2792 2793 2855
f 2792 2855 2794
f 2795 2796 2856
f 2856 2858 2857
f 2795 2856 2857
f 2795 2857 2855
f 2795 2855 2793
f 2855 2797 2794
f 2855 2857 2797
f 2857 2859 2797
f 2797 2859 2860
f 2799 2797 2860
f 2861 2856 2796
f 2861 2796 2862
f 2862 2796 2801
f 2856 2861 2858
f 2802 2864 2863
f 2802 2799 2864
f 2799 2860 2864
f 2802 2863 2803
f 2862 2801 2865
f 2865 2801 2805
f 2864 2866 2863
f 2863 2866 2867
f 2863 2867 2803
f 2803 2867 2806
f 2807 2808 2868
f 2868 2805 2807
f 2868 2869 2805
f 2869 2865 2805
f 2867 2870 2806
f 2870 2810 2806
f 2871 2868 2808
f 2811 2871 2808
f 2869 2871 2872
f 2868 2871 2869
f 2870 2812 2810
f 2873 2812 2870
f 2812 2873 2874
f 2813 2812 2874
f 2875 2871 2811
f 2814 2875 2811
f 2872 2875 2876
f 2871 2875 2872
f 2815 2878 2877
f 2815 2813 2878
f 2813 2874 2878
f 2815 2877 2816
f 2879 2875 2814
f 2879 2814 2880
f 2880 2814 2817
f 2875 2879 2876
f 2878 2881 2877
f 2877 2881 2882
f 2877 2882 2816
f 2816 2882 2818
f 2880 2817 2883
f 2883 2817 2820
f 2882 2821 2818
f 2884 2821 2882
f 2821 2884 2885
f 2822 2821 2885
f 2883 2820 2886
f 2886 2820 2824
f 2885 2887 2822
f 2887 2825 2822
f 2888 2889 2886
f 2888 2886 2826
f 2826 2886 2824
f 2889 2888 2890
f 2887 2891 2825
f 2891 2827 2825
f 2888 2826 2829
f 2829 2890 2888
f 2829 2830 2890
f 2830 2892 2890
f 2891 2893 2827
f 2893 2831 2827
f 2894 2895 2892
f 2894 2892 2832
f 2832 2892 2830
f 2895 2894 2896
f 2833 2898 2897
f 2833 2831 2898
f 2831 2893 2898
f 2833 2897 2834
f 2894 2832 2836
f 2836 2896 2894
f 2836 2837 2896
f 2837 2899 2896
f 2901 2897 2898
f 2900 2897 2901
f 2897 2900 2838
f 2834 2897 2838
f 2902 2903 2899
f 2902 2899 2839
f 2839 2899 2837
f 2903 2902 2904
f 2900 2841 2840
f 2900 2901 2841
f 2901 2905 2841
f 2900 2840 2838
f 2902 2839 2842
f 2904 2902 2842
f 2904 2842 2906
f 2906 2842 2844
f 2907 2844 2845
f 2907 2908 2844
f 2908 2906 2844
f 2908 2907 2909
f 2912 2910 2911
f 2911 2910 2846
f 2911 2846 2905
f 2905 2846 2841
f 2907 2845 2847
f 2909 2907 2847
f 2909 2847 2913
f 2913 2847 2849
f 2913 2849 2914
f 2849 2851 2914
f 2910 2912 2914
f 2910 2914 2853
f 2853 2914 2851
f 2910 2853 2846
f 2858 2916 2915
f 2857 2858 2915
f 2918 2917 2859
f 2918 2859 2915
f 2915 2859 2857
f 2859 2917 2860
f 2861 2862 2919
f 2919 2858 2861
f 2919 2920 2858
f 2920 2916 2858
f 2918 2921 2917
f 2917 2921 2922
f 2917 2922 2860
f 2860 2922 2864
f 2923 2919 2862
f 2923 2862 2924
f 2924 2862 2865
f 2919 2923 2920
f 2866 2926 2925
f 2866 2864 2926
f 2864 2922 2926
f 2866 2925 2867
f 2924 2865 2927
f 2927 2865 2869
f 2926 2928 2925
f 2925 2928 2929
f 2925 2929 2867
f 2867 2929 2870
f 2927 2869 2930
f 2930 2869 2872
f 2873 2932 2931
f 2873 2870 2932
f 2870 2929 2932
f 2873 2931 2874
f 2930 2872 2933
f 2933 2872 2876
f 2932 2934 2931
f 2931 2934 2935
f 2931 2935 2874
f 2874 2935 2878
f 2879 2880 2936
f 2936 2876 2879
f 2936 2937 2876
f 2937 2933 2876
f 2881 2939 2938
f 2881 2878 2939
f 2878 2935 2939
f 2881 2938 2882
f 2940 2936 2880
f 2883 2940 2880
f 2937 2940 2941
f 2936 2940 2937
f 2939 2942 2938
f 2944 2943 2884
f 2942 2944 2884
f 2942 2884 2882
f 2942 2882 2938
f 2884 2943 2885
f 2945 2940 2883
f 2886 2945 2883
f 2941 2945 2946
f 2940 2945 2941
f 2944 2947 2943
f 2943 2947 2948
f 2943 2948 2885
f 2885 2948 2887
f 2945 2886 2889
f 2889 2946 2945
f 2889 2890 2946
f 2890 2949 2946
f 2948 2950 2887
f 2950 2891 2887
f 2951 2952 2949
f 2951 2949 2892
f 2892 2949 2890
f 2952 2951 2953
f 2950 2954 2891
f 2954 2893 2891
f 2951 2892 2895
f 2895 2953 2951
f 2895 2896 2953
f 2896 2955 2953
f 2954 2956 2893
f 2956 2898 2893
f 2955 2896 2957
f 2957 2896 2899
f 2956 2958 2898
f 2958 2901 2898
f 2957 2899 2903
f 2959 2957 2903
f 2960 2903 2904
f 2960 2961 2903
f 2961 2959 2903
f 2961 2960 2962
f 2958 2963 2901
f 2963 2905 2901
f 2960 2904 2906
f 2962 2960 2906
f 2962 2906 2964
f 2964 2906 2908
f 2965 2908 2909
f 2965 2966 2908
f 2966 2964 2908
f 2966 2967 2968
f 2965 2967 2966
f 2912 2968 2967
f 2912 2911 2968
f 2911 2969 2968
f 2969 2911 2905
f 2963 2969 2905
f 2965 2909 2913
f 2967 2965 2913
f 2914 2967 2913
f 2967 2914 2912
f 2915 2916 2970
f 2915 2970 2918
f 2971 2970 2916
f 2971 2916 2972
f 2972 2916 2920
f 2974 2973 2921
f 2971 2974 2921
f 2971 2921 2918
f 2971 2918 2970
f 2921 2973 2922
f 2923 2924 2975
f 2975 2920 2923
f 2975 2976 2920
f 2976 2972 2920
f 2974 2977 2973
f 2973 2977 2978
f 2973 2978 2922
f 2922 2978 2926
f 2979 2975 2924
f 2927 2979 2924
f 2976 2979 2980
f 2975 2979 2976
f 2928 2982 2981
f 2928 2926 2982
f 2926 2978 2982
f 2928 2981 2929
f 2983 2979 2927
f 2930 2983 2927
f 2980 2983 2984
f 2979 2983 2980
f 2986 2981 2982
f 2985 2981 2986
f 2981 2985 2932
f 2929 2981 2932
f 2987 2983 2930
f 2933 2987 2930
f 2984 2987 2988
f 2983 2987 2984
f 2986 2989 2985
f 2991 2990 2934
f 2989 2991 2934
f 2989 2934 2932
f 2989 2932 2985
f 2934 2990 2935
f 2992 2987 2933
f 2937 2992 2933
f 2988 2992 2993
f 2987 2992 2988
f 2995 2990 2991
f 2994 2990 2995
f 2990 2994 2939
f 2935 2990 2939
f 2996 2992 2937
f 2996 2937 2997
f 2997 2937 2941
f 2992 2996 2993
f 2995 2998 2994
f 3000 2999 2942
f 2998 3000 2942
f 2998 2942 2939
f 2998 2939 2994
f 2942 2999 2944
f 3001 3002 2997
f 3001 2997 2946
f 2946 2997 2941
f 3002 3001 3003
f 3000 3004 2999
f 3006 3005 2947
f 3004 3006 2947
f 3004 2947 2944
f 3004 2944 2999
f 2947 3005 2948
f 3007 3001 2946
f 2949 3007 2946
f 3003 3007 3008
f 3001 3007 3003
f 3010 3005 3006
f 3009 3005 3010
f 3005 3009 2950
f 2948 3005 2950
f 3007 2949 2952
f 2952 3008 3007
f 2952 2953 3008
f 2953 3011 3008
f 3010 3012 3009
f 3009 3012 3013
f 3009 3013 2950
f 2950 3013 2954
f 3011 2953 3014
f 3014 2953 2955
f 3017 3015 3016
f 3016 3015 2956
f 3016 2956 3013
f 3013 2956 2954
f 3018 3019 3014
f 3018 3014 2957
f 2957 3014 2955
f 3019 3018 3020
f 3022 3015 3017
f 3021 3015 3022
f 3015 3021 2958
f 2956 3015 2958
f 3018 2957 2959
f 3020 3018 2959
f 3020 2959 3023
f 3023 2959 2961
f 3024 2961 2962
f 3024 3025 2961
f 3025 3023 2961
f 3025 3024 3026
f 3029 3027 3028
f 3028 3021 3022
f 3028 3027 3021
f 3027 3030 3021
f 3021 3030 2963
f 2958 3021 2963
f 3024 2962 2964
f 3026 3024 2964
f 3026 2964 3031
f 3031 2964 2966
f 3027 3029 3031
f 3027 3031 2968
f 2968 3031 2966
f 3030 3027 2968
f 2969 3030 2968
f 3030 2969 2963
f 2971 2972 3032
f 2971 3032 2974
f 3033 3032 2972
f 2976 3033 2972
f 2977 2974 3032
f 2977 3032 3034
f 3034 3032 3033
f 2977 3034 2978
f 3035 3033 2976
f 2980 3035 2976
f 3033 3035 3034
f 3034 3035 3036
f 3034 3036 2982
f 2978 3034 2982
f 3037 3035 2980
f 3037 2980 3038
f 3038 2980 2984
f 3040 3035 3037
f 3040 3039 3035
f 3039 3036 3035
f 3036 3039 2986
f 2982 3036 2986
f 3038 2984 3041
f 3041 2984 2988
f 3043 3039 3040
f 3042 3039 3043
f 2989 2986 3039
f 2989 3039 3044
f 3044 3039 3042
f 2989 3044 2991
f 3041 2988 3045
f 3045 2988 2993
f 3043 3046 3042
f 3048 3042 3046
f 3048 3047 3042
f 3047 3044 3042
f 3044 3047 2995
f 2991 3044 2995
f 2996 2997 3049
f 3049 2993 2996
f 3049 3050 2993
f 3050 3045 2993
f 3048 3051 3047
f 3053 3052 2998
f 3051 3053 2998
f 3051 2998 2995
f 3051 2995 3047
f 2998 3052 3000
f 3049 2997 3002
f 3002 3050 3049
f 3002 3003 3050
f 3003 3054 3050
f 3053 3055 3052
f 3057 3056 3004
f 3055 3057 3004
f 3055 3004 3000
f 3055 3000 3052
f 3004 3056 3006
f 3054 3003 3058
f 3058 3003 3008
f 3060 3056 3057
f 3059 3056 3060
f 3056 3059 3010
f 3006 3056 3010
f 3061 3062 3058
f 3061 3058 3011
f 3011 3058 3008
f 3062 3061 3063
f 3066 3064 3065
f 3065 3059 3060
f 3065 3064 3059
f 3064 3067 3059
f 3012 3010 3059
f 3012 3059 3068
f 3068 3059 3067
f 3012 3068 3013
f 3069 3061 3011
f 3014 3069 3011
f 3063 3069 3070
f 3061 3069 3063
f 3072 3064 3066
f 3071 3064 3072
f 3064 3071 3067
f 3067 3071 3073
f 3017 3016 3068
f 3017 3068 3073
f 3073 3068 3067
f 3068 3016 3013
f 3069 3014 3019
f 3019 3020 3074
f 3069 3019 3074
f 3069 3074 3075
f 3069 3075 3070
f 3075 3076 3077
f 3074 3076 3075
f 3077 3071 3072
f 3077 3076 3071
f 3076 3078 3071
f 3071 3078 3073
f 3073 3078 3079
f 3073 3079 3022
f 3017 3073 3022
f 3074 3020 3023
f 3076 3074 3023
f 3025 3076 3023
f 3025 3026 3080
f 3025 3080 3076
f 3076 3080 3078
f 3029 3028 3079
f 3029 3079 3080
f 3080 3079 3078
f 3079 3028 3022
f 3080 3026 3031
f 3080 3031 3029
f 3037 3038 3081
f 3037 3081 3040
f 3082 3081 3038
f 3041 3082 3038
f 3081 3082 3043
f 3040 3081 3043
f 3083 3082 3041
f 3045 3083 3041
f 3046 3043 3082
f 3046 3082 3084
f 3084 3082 3083
f 3046 3084 3048
f 3085 3083 3045
f 3050 3085 3045
f 3083 3085 3084
f 3084 3085 3086
f 3051 3048 3084
f 3051 3084 3087
f 3087 3084 3086
f 3051 3087 3053
f 3088 3085 3050
f 3054 3088 3050
f 3089 3088 3090
f 3089 3086 3088
f 3086 3085 3088
f 3092 3086 3089
f 3092 3091 3086
f 3091 3087 3086
f 3055 3053 3087
f 3055 3087 3093
f 3093 3087 3091
f 3055 3093 3057
f 3094 3088 3054
f 3058 3094 3054
f 3090 3095 3096
f 3090 3088 3095
f 3088 3094 3095
f 3096 3091 3092
f 3096 3095 3091
f 3095 3097 3091
f 3091 3097 3093
f 3093 3097 3098
f 3093 3098 3060
f 3057 3093 3060
f 3094 3058 3062
f 3062 3063 3099
f 3062 3099 3094
f 3094 3099 3095
f 3095 3099 3097
f 3097 3099 3100
f 3066 3065 3098
f 3066 3098 3100
f 3100 3098 3097
f 3098 3065 3060
f 3101 3099 3063
f 3070 3101 3063
f 3099 3101 3100
f 3100 3101 3102
f 3100 3102 3072
f 3066 3100 3072
f 3101 3070 3075
f 3102 3101 3075
f 3077 3102 3075
f 3102 3077 3072
f 3089 3090 3103
f 3089 3103 3092
f 3103 3090 3096
f 3103 3096 3092
f 3106 3105 3104
f 3105 3107 3104
f 3106 3104 3108
f 3104 3107 3108
f 3105 3106 3109
f 3105 3109 3107
f 3109 3106 3108
f 3109 3108 3107
f 3112 3111 3110
f 3111 3113 3110
f 3115 3112 3110
f 3114 3115 3110
f 3113 3116 3114
f 3110 3113 3114
f 3118 3115 3114
f 3117 3118 3114
f 3116 3120 3119
f 3116 3119 3114
f 3114 3119 3117
f 3120 3121 3119
f 3118 3117 3122
f 3117 3119 3123
f 3122 3117 3123
f 3119 3121 3123
f 3126 3125 3124
f 3125 3127 3124
f 3124 3111 3112
f 3124 3112 3126
f 3126 3112 3128
f 3111 3124 3127
f 3111 3127 3113
f 3113 3127 3129
f 3128 3112 3130
f 3130 3112 3115
f 3131 3129 3132
f 3131 3116 3129
f 3116 3113 3129
f 3132 3133 3131
f 3136 3135 3134
f 3135 3118 3134
f 3135 3130 3118
f 3130 3115 3118
f 3131 3120 3116
f 3120 3131 3133
f 3120 3133 3121
f 3121 3133 3137
f 3139 3136 3134
f 3138 3139 3134
f 3122 3134 3118
f 3122 3140 3134
f 3140 3138 3134
f 3140 3141 3142
f 3140 3122 3141
f 3122 3123 3141
f 3141 3123 3121
f 3137 3141 3121
f 3139 3138 3143
f 3138 3140 3144
f 3143 3138 3144
f 3140 3142 3144
f 3126 3146 3145
f 3125 3126 3145
f 3125 3145 3147
f 3127 3125 3147
f 3150 3149 3148
f 3149 3152 3151
f 3148 3149 3151
f 3152 3128 3151
f 3152 3146 3128
f 3146 3126 3128
f 3147 3153 3127
f 3153 3129 3127
f 3156 3155 3154
f 3155 3150 3148
f 3155 3148 3154
f 3154 3148 3157
f 3148 3151 3157
f 3151 3158 3157
f 3151 3130 3158
f 3128 3130 3151
f 3153 3132 3129
f 3159 3132 3153
f 3132 3159 3160
f 3133 3132 3160
f 3162 3156 3154
f 3161 3162 3154
f 3154 3157 3161
f 3157 3163 3161
f 3136 3158 3135
f 3136 3163 3158
f 3163 3157 3158
f 3158 3130 3135
f 3160 3164 3133
f 3164 3137 3133
f 3166 3162 3161
f 3165 3166 3161
f 3161 3163 3165
f 3163 3167 3165
f 3163 3139 3167
f 3136 3139 3163
f 3142 3168 3169
f 3141 3168 3142
f 3168 3141 3137
f 3164 3168 3137
f 3166 3165 3170
f 3172 3170 3165
f 3172 3165 3171
f 3171 3165 3167
f 3143 3167 3139
f 3143 3173 3167
f 3173 3171 3167
f 3144 3173 3143
f 3174 3173 3144
f 3174 3144 3142
f 3174 3142 3175
f 3175 3142 3169
f 3172 3171 3176
f 3171 3173 3177
f 3176 3171 3177
f 3173 3174 3178
f 3177 3173 3178
f 3174 3175 3178
f 3181 3180 3179
f 3180 3182 3179
f 3181 3179 3183
f 3179 3182 3183
f 3186 3185 3184
f 3185 3188 3187
f 3184 3185 3187
f 3188 3190 3189
f 3187 3188 3189
f 3146 3189 3190
f 3146 3190 3145
f 3145 3190 3191
f 3145 3191 3192
f 3147 3145 3192
f 3195 3194 3193
f 3194 3186 3184
f 3194 3184 3193
f 3193 3184 3196
f 3150 3187 3149
f 3150 3196 3187
f 3196 3184 3187
f 3189 3149 3187
f 3152 3149 3189
f 3189 3146 3152
f 3192 3197 3147
f 3197 3153 3147
f 3199 3195 3193
f 3198 3199 3193
f 3156 3196 3155
f 3156 3198 3196
f 3198 3193 3196
f 3196 3150 3155
f 3197 3159 3153
f 3200 3159 3197
f 3159 3200 3201
f 3160 3159 3201
f 3203 3199 3198
f 3202 3203 3198
f 3198 3162 3202
f 3156 3162 3198
f 3201 3204 3160
f 3204 3164 3160
f 3203 3202 3205
f 3202 3206 3205
f 3202 3162 3206
f 3162 3166 3206
f 3169 3207 3208
f 3168 3207 3169
f 3207 3168 3164
f 3204 3207 3164
f 3206 3166 3170
f 3209 3206 3170
f 3210 3170 3172
f 3210 3211 3170
f 3211 3209 3170
f 3211 3210 3212
f 3208 3213 3169
f 3213 3175 3169
f 3210 3172 3176
f 3212 3210 3176
f 3212 3176 3214
f 3214 3176 3177
f 3214 3177 3215
f 3177 3178 3215
f 3215 3178 3175
f 3213 3215 3175
f 3218 3217 3216
f 3217 3219 3216
f 3218 3216 3220
f 3216 3219 3220
f 3181 3222 3221
f 3180 3181 3221
f 3180 3221 3223
f 3182 3180 3223
f 3222 3181 3183
f 3224 3222 3183
f 3224 3183 3182
f 3223 3224 3182
f 3227 3226 3225
f 3226 3228 3225
f 3231 3230 3229
f 3186 3229 3230
f 3186 3230 3185
f 3185 3230 3232
f 3232 3233 3185
f 3185 3233 3188
f 3233 3234 3188
f 3188 3234 3190
f 3225 3234 3227
f 3225 3191 3234
f 3191 3190 3234
f 3191 3225 3228
f 3191 3228 3192
f 3192 3228 3235
f 3229 3194 3195
f 3229 3195 3231
f 3231 3195 3236
f 3229 3186 3194
f 3235 3237 3192
f 3237 3197 3192
f 3236 3195 3238
f 3238 3195 3199
f 3237 3200 3197
f 3239 3200 3237
f 3200 3239 3240
f 3201 3200 3240
f 3238 3199 3241
f 3241 3199 3203
f 3240 3242 3201
f 3242 3204 3201
f 3241 3203 3205
f 3243 3241 3205
f 3205 3244 3243
f 3206 3244 3205
f 3208 3245 3246
f 3207 3245 3208
f 3245 3207 3204
f 3242 3245 3204
f 3244 3206 3209
f 3247 3244 3209
f 3247 3209 3248
f 3209 3211 3248
f 3211 3249 3248
f 3212 3249 3211
f 3246 3250 3208
f 3250 3213 3208
f 3249 3212 3214
f 3251 3249 3214
f 3251 3214 3252
f 3214 3215 3252
f 3252 3215 3213
f 3250 3252 3213
f 3255 3254 3253
f 3254 3257 3256
f 3253 3254 3256
f 3257 3258 3256
f 3261 3260 3259
f 3253 3217 3218
f 3255 3253 3218
f 3255 3218 3259
f 3255 3259 3260
f 3262 3253 3256
f 3262 3219 3253
f 3262 3263 3219
f 3219 3217 3253
f 3256 3258 3262
f 3266 3265 3264
f 3267 3268 3264
f 3267 3264 3259
f 3265 3261 3264
f 3261 3259 3264
f 3259 3218 3220
f 3259 3220 3267
f 3267 3220 3269
f 3269 3220 3219
f 3263 3269 3219
f 3264 3221 3222
f 3264 3222 3266
f 3266 3222 3270
f 3221 3264 3268
f 3221 3268 3223
f 3223 3268 3271
f 3270 3222 3224
f 3272 3270 3224
f 3272 3224 3223
f 3271 3272 3223
f 3227 3274 3273
f 3226 3227 3273
f 3226 3273 3275
f 3228 3226 3275
f 3230 3231 3276
f 3276 3278 3277
f 3276 3277 3230
f 3230 3277 3232
f 3277 3279 3232
f 3232 3279 3233
f 3279 3280 3233
f 3233 3280 3234
f 3280 3227 3234
f 3274 3227 3280
f 3275 3281 3228
f 3281 3235 3228
f 3282 3276 3231
f 3282 3231 3283
f 3283 3231 3236
f 3276 3282 3278
f 3284 3281 3285
f 3284 3237 3281
f 3237 3235 3281
f 3285 3286 3284
f 3283 3236 3287
f 3287 3236 3238
f 3284 3239 3237
f 3239 3284 3286
f 3239 3286 3240
f 3240 3286 3288
f 3287 3238 3289
f 3289 3238 3241
f 3288 3290 3240
f 3290 3242 3240
f 3289 3241 3243
f 3291 3289 3243
f 3243 3292 3291
f 3244 3292 3243
f 3246 3293 3294
f 3245 3293 3246
f 3293 3245 3242
f 3290 3293 3242
f 3292 3244 3247
f 3295 3292 3247
f 3295 3247 3296
f 3247 3248 3296
f 3297 3248 3249
f 3297 3298 3248
f 3298 3296 3248
f 3298 3299 3300
f 3297 3299 3298
f 3300 3299 3250
f 3300 3250 3294
f 3294 3250 3246
f 3297 3249 3251
f 3299 3297 3251
f 3252 3299 3251
f 3299 3252 3250
f 3255 3302 3301
f 3254 3255 3301
f 3301 3303 3254
f 3254 3303 3257
f 3304 3258 3257
f 3304 3257 3305
f 3305 3257 3303
f 3305 3306 3304
f 3261 3308 3307
f 3260 3261 3307
f 3307 3255 3260
f 3302 3255 3307
f 3263 3309 3310
f 3262 3309 3263
f 3258 3304 3311
f 3258 3311 3262
f 3262 3311 3309
f 3304 3306 3311
f 3266 3313 3312
f 3265 3266 3312
f 3261 3312 3308
f 3261 3265 3312
f 3268 3267 3314
f 3314 3315 3316
f 3314 3267 3315
f 3267 3269 3315
f 3315 3269 3263
f 3310 3315 3263
f 3317 3318 3313
f 3317 3313 3270
f 3270 3313 3266
f 3317 3319 3318
f 3317 3268 3319
f 3317 3271 3268
f 3314 3319 3268
f 3314 3316 3319
f 3317 3270 3272
f 3317 3272 3271
f 3273 3274 3320
f 3273 3320 3275
f 3277 3278 3321
f 3321 3323 3322
f 3321 3322 3277
f 3277 3322 3279
f 3322 3324 3279
f 3279 3324 3280
f 3274 3325 3320
f 3274 3280 3325
f 3280 3324 3325
f 3320 3325 3326
f 3320 3326 3275
f 3275 3326 3281
f 3283 3328 3327
f 3282 3283 3327
f 3278 3329 3321
f 3278 3282 3329
f 3282 3327 3329
f 3321 3329 3323
f 3326 3285 3281
f 3330 3285 3326
f 3285 3330 3331
f 3286 3285 3331
f 3328 3283 3332
f 3332 3283 3287
f 3331 3333 3286
f 3333 3288 3286
f 3332 3287 3334
f 3334 3287 3289
f 3333 3335 3288
f 3335 3290 3288
f 3334 3289 3291
f 3336 3334 3291
f 3291 3337 3336
f 3292 3337 3291
f 3294 3338 3339
f 3293 3338 3294
f 3338 3293 3290
f 3335 3338 3290
f 3337 3292 3295
f 3340 3337 3295
f 3340 3295 3341
f 3295 3296 3341
f 3341 3296 3342
f 3296 3298 3342
f 3342 3298 3343
f 3298 3300 3343
f 3343 3300 3294
f 3339 3343 3294
f 3346 3345 3344
f 3345 3347 3344
f 3350 3349 3348
f 3302 3348 3349
f 3302 3349 3301
f 3301 3349 3351
f 3344 3351 3346
f 3344 3303 3351
f 3303 3301 3351
f 3347 3303 3344
f 3347 3352 3303
f 3352 3305 3303
f 3305 3352 3353
f 3306 3305 3353
f 3356 3355 3354
f 3348 3307 3308
f 3350 3348 3308
f 3350 3308 3354
f 3350 3354 3355
f 3348 3302 3307
f 3310 3357 3358
f 3309 3357 3310
f 3360 3311 3359
f 3360 3357 3311
f 3357 3309 3311
f 3359 3311 3306
f 3359 3306 3361
f 3361 3306 3353
f 3354 3312 3313
f 3354 3313 3356
f 3356 3313 3362
f 3354 3308 3312
f 3316 3363 3364
f 3315 3363 3316
f 3363 3315 3310
f 3358 3363 3310
f 3360 3359 3365
f 3359 3361 3365
f 3318 3366 3367
f 3318 3367 3313
f 3313 3367 3362
f 3366 3368 3369
f 3366 3318 3368
f 3318 3319 3368
f 3368 3319 3316
f 3364 3368 3316
f 3367 3366 3370
f 3366 3369 3370
f 3323 3372 3371
f 3322 3323 3371
f 3371 3373 3322
f 3322 3373 3324
f 3373 3374 3324
f 3324 3374 3325
f 3325 3374 3375
f 3326 3325 3375
f 3327 3328 3376
f 3376 3378 3377
f 3376 3377 3327
f 3327 3377 3329
f 3377 3323 3329
f 3372 3323 3377
f 3375 3330 3326
f 3379 3330 3375
f 3330 3379 3380
f 3331 3330 3380
f 3381 3376 3328
f 3332 3381 3328
f 3378 3381 3382
f 3376 3381 3378
f 3380 3383 3331
f 3383 3333 3331
f 3384 3381 3332
f 3334 3384 3332
f 3382 3384 3385
f 3381 3384 3382
f 3383 3386 3333
f 3386 3335 3333
f 3384 3334 3336
f 3336 3337 3387
f 3384 3336 3387
f 3384 3387 3388
f 3384 3388 3385
f 3388 3387 3389
f 3339 3390 3391
f 3338 3390 3339
f 3390 3338 3335
f 3386 3390 3335
f 3387 3337 3340
f 3389 3387 3340
f 3389 3340 3392
f 3392 3340 3341
f 3392 3341 3393
f 3341 3342 3393
f 3393 3342 3394
f 3342 3343 3394
f 3394 3343 3339
f 3391 3394 3339
f 3397 3396 3395
f 3346 3395 3396
f 3346 3396 3345
f 3345 3396 3398
f 3345 3398 3399
f 3347 3345 3399
f 3350 3401 3400
f 3349 3350 3400
f 3395 3400 3397
f 3395 3351 3400
f 3351 3349 3400
f 3395 3346 3351
f 3399 3352 3347
f 3402 3352 3399
f 3352 3402 3403
f 3353 3352 3403
f 3355 3356 3404
f 3404 3350 3355
f 3404 3405 3350
f 3405 3401 3350
f 3358 3406 3407
f 3357 3406 3358
f 3357 3408 3406
f 3360 3408 3357
f 3403 3409 3353
f 3409 3361 3353
f 3410 3404 3356
f 3362 3410 3356
f 3405 3410 3411
f 3404 3410 3405
f 3364 3412 3413
f 3363 3412 3364
f 3412 3363 3358
f 3407 3412 3358
f 3408 3360 3365
f 3414 3408 3365
f 3414 3365 3361
f 3409 3414 3361
f 3415 3410 3362
f 3367 3415 3362
f 3411 3368 3416
f 3411 3415 3368
f 3411 3410 3415
f 3415 3369 3368
f 3416 3368 3364
f 3413 3416 3364
f 3415 3367 3370
f 3415 3370 3369
f 3371 3372 3417
f 3417 3419 3418
f 3417 3418 3371
f 3371 3418 3373
f 3418 3420 3373
f 3373 3420 3374
f 3374 3420 3421
f 3375 3374 3421
f 3377 3378 3422
f 3422 3424 3423
f 3377 3422 3423
f 3377 3423 3417
f 3377 3417 3372
f 3417 3423 3419
f 3421 3379 3375
f 3425 3379 3421
f 3379 3425 3426
f 3380 3379 3426
f 3427 3422 3378
f 3427 3378 3428
f 3428 3378 3382
f 3422 3427 3424
f 3426 3429 3380
f 3429 3383 3380
f 3428 3382 3430
f 3430 3382 3385
f 3429 3431 3383
f 3431 3386 3383
f 3430 3385 3388
f 3432 3430 3388
f 3388 3433 3432
f 3389 3433 3388
f 3391 3434 3435
f 3390 3434 3391
f 3434 3390 3386
f 3431 3434 3386
f 3433 3389 3392
f 3436 3433 3392
f 3436 3392 3437
f 3392 3393 3437
f 3437 3393 3438
f 3393 3394 3438
f 3438 3394 3391
f 3435 3438 3391
f 3441 3440 3439
f 3397 3439 3440
f 3397 3440 3396
f 3396 3440 3442
f 3442 3443 3396
f 3396 3443 3398
f 3444 3399 3398
f 3444 3398 3445
f 3445 3398 3443
f 3445 3446 3444
f 3439 3400 3401
f 3439 3401 3441
f 3441 3401 3447
f 3439 3397 3400
f 3444 3402 3399
f 3402 3444 3446
f 3402 3446 3403
f 3403 3446 3448
f 3447 3401 3449
f 3449 3401 3405
f 3406 3450 3407
f 3450 3406 3408
f 3453 3451 3452
f 3452 3451 3409
f 3452 3409 3448
f 3448 3409 3403
f 3449 3405 3454
f 3454 3405 3411
f 3413 3455 3456
f 3412 3455 3413
f 3407 3450 3457
f 3407 3457 3412
f 3412 3457 3455
f 3451 3453 3457
f 3451 3457 3414
f 3450 3408 3457
f 3408 3414 3457
f 3451 3414 3409
f 3454 3411 3416
f 3458 3454 3416
f 3458 3416 3413
f 3456 3458 3413
f 3418 3419 3459
f 3459 3461 3460
f 3459 3460 3418
f 3418 3460 3420
f 3420 3460 3462
f 3421 3420 3462
f 3424 3464 3463
f 3423 3424 3463
f 3419 3465 3459
f 3419 3423 3465
f 3423 3463 3465
f 3459 3465 3461
f 3462 3425 3421
f 3466 3425 3462
f 3425 3466 3467
f 3426 3425 3467
f 3428 3469 3468
f 3427 3428 3468
f 3468 3424 3427
f 3464 3424 3468
f 3467 3470 3426
f 3470 3429 3426
f 3469 3428 3471
f 3471 3428 3430
f 3470 3472 3429
f 3472 3431 3429
f 3471 3430 3432
f 3473 3471 3432
f 3474 3432 3433
f 3474 3475 3432
f 3475 3473 3432
f 3475 3474 3476
f 3434 3477 3435
f 3477 3434 3431
f 3477 3431 3478
f 3478 3431 3472
f 3474 3433 3436
f 3476 3474 3436
f 3476 3436 3479
f 3479 3436 3437
f 3479 3437 3480
f 3437 3438 3480
f 3435 3477 3481
f 3435 3481 3438
f 3438 3481 3480
f 3477 3478 3481
f 3484 3483 3482
f 3483 3486 3485
f 3482 3483 3485
f 3486 3487 3485
f 3440 3441 3488
f 3488 3489 3484
f 3488 3484 3442
f 3488 3442 3440
f 3442 3484 3482
f 3485 3442 3482
f 3443 3442 3485
f 3487 3443 3485
f 3487 3490 3443
f 3490 3445 3443
f 3445 3490 3491
f 3446 3445 3491
f 3492 3488 3441
f 3492 3441 3493
f 3493 3441 3447
f 3488 3492 3489
f 3491 3494 3446
f 3494 3448 3446
f 3495 3496 3493
f 3495 3493 3449
f 3449 3493 3447
f 3496 3495 3497
f 3453 3498 3499
f 3452 3498 3453
f 3498 3452 3448
f 3494 3498 3448
f 3500 3495 3449
f 3454 3500 3449
f 3497 3455 3501
f 3497 3500 3455
f 3497 3495 3500
f 3500 3456 3455
f 3501 3455 3502
f 3455 3457 3502
f 3502 3457 3453
f 3499 3502 3453
f 3500 3454 3458
f 3500 3458 3456
f 3461 3504 3503
f 3460 3461 3503
f 3460 3503 3505
f 3462 3460 3505
f 3464 3507 3506
f 3463 3464 3506
f 3506 3508 3463
f 3463 3508 3465
f 3508 3461 3465
f 3504 3461 3508
f 3505 3466 3462
f 3509 3466 3505
f 3466 3509 3510
f 3467 3466 3510
f 3468 3469 3511
f 3511 3464 3468
f 3511 3512 3464
f 3512 3507 3464
f 3510 3513 3467
f 3513 3470 3467
f 3514 3511 3469
f 3471 3514 3469
f 3512 3514 3515
f 3511 3514 3512
f 3513 3516 3470
f 3516 3472 3470
f 3514 3471 3473
f 3515 3514 3473
f 3515 3473 3517
f 3517 3473 3475
f 3475 3518 3517
f 3476 3518 3475
f 3516 3519 3472
f 3519 3478 3472
f 3518 3476 3479
f 3520 3518 3479
f 3522 3480 3521
f 3522 3520 3480
f 3520 3479 3480
f 3521 3523 3524
f 3521 3480 3523
f 3480 3481 3523
f 3523 3481 3478
f 3519 3523 3478
f 3522 3521 3525
f 3521 3524 3525
f 3484 3527 3526
f 3483 3484 3526
f 3526 3528 3483
f 3483 3528 3486
f 3486 3528 3529
f 3487 3486 3529
f 3527 3484 3530
f 3530 3484 3489
f 3529 3490 3487
f 3531 3490 3529
f 3490 3531 3532
f 3491 3490 3532
f 3492 3493 3533
f 3533 3489 3492
f 3533 3534 3489
f 3534 3530 3489
f 3537 3535 3536
f 3536 3535 3494
f 3536 3494 3532
f 3532 3494 3491
f 3533 3493 3496
f 3496 3497 3538
f 3533 3496 3538
f 3533 3538 3539
f 3533 3539 3534
f 3539 3540 3541
f 3538 3540 3539
f 3535 3499 3498
f 3537 3499 3535
f 3537 3540 3499
f 3537 3541 3540
f 3535 3498 3494
f 3538 3497 3501
f 3540 3538 3501
f 3502 3540 3501
f 3540 3502 3499
f 3504 3543 3542
f 3503 3504 3542
f 3503 3542 3544
f 3505 3503 3544
f 3507 3546 3545
f 3506 3507 3545
f 3545 3547 3506
f 3506 3547 3508
f 3547 3504 3508
f 3543 3504 3547
f 3544 3509 3505
f 3548 3509 3544
f 3509 3548 3549
f 3510 3509 3549
f 3546 3507 3550
f 3550 3507 3512
f 3549 3551 3510
f 3551 3513 3510
f 3550 3512 3552
f 3552 3512 3515
f 3551 3553 3513
f 3553 3516 3513
f 3552 3515 3517
f 3554 3552 3517
f 3517 3555 3554
f 3518 3555 3517
f 3553 3556 3516
f 3556 3519 3516
f 3555 3518 3520
f 3557 3555 3520
f 3520 3558 3557
f 3522 3558 3520
f 3524 3559 3560
f 3523 3559 3524
f 3559 3523 3519
f 3556 3559 3519
f 3558 3522 3525
f 3561 3558 3525
f 3561 3525 3524
f 3560 3561 3524
f 3564 3563 3562
f 3563 3565 3562
f 3527 3567 3566
f 3526 3527 3566
f 3562 3566 3564
f 3562 3528 3566
f 3528 3526 3566
f 3528 3568 3529
f 3562 3568 3528
f 3562 3569 3568
f 3562 3565 3569
f 3569 3570 3568
f 3567 3527 3571
f 3571 3527 3530
f 3568 3531 3529
f 3531 3568 3570
f 3531 3570 3532
f 3532 3570 3572
f 3571 3530 3573
f 3573 3530 3534
f 3537 3574 3575
f 3536 3574 3537
f 3574 3536 3532
f 3572 3574 3532
f 3573 3534 3539
f 3576 3573 3539
f 3576 3539 3577
f 3539 3541 3577
f 3577 3541 3537
f 3575 3577 3537
f 3543 3579 3578
f 3542 3543 3578
f 3542 3578 3580
f 3544 3542 3580
f 3545 3546 3581
f 3581 3583 3582
f 3581 3582 3545
f 3545 3582 3547
f 3582 3543 3547
f 3579 3543 3582
f 3580 3548 3544
f 3584 3548 3580
f 3548 3584 3585
f 3549 3548 3585
f 3586 3581 3546
f 3586 3546 3587
f 3587 3546 3550
f 3581 3586 3583
f 3585 3588 3549
f 3588 3551 3549
f 3587 3550 3589
f 3589 3550 3552
f 3588 3590 3551
f 3590 3553 3551
f 3589 3552 3554
f 3591 3589 3554
f 3554 3592 3591
f 3555 3592 3554
f 3590 3593 3553
f 3593 3556 3553
f 3592 3555 3557
f 3594 3592 3557
f 3595 3557 3558
f 3595 3596 3557
f 3596 3594 3557
f 3560 3596 3595
f 3560 3559 3596
f 3559 3597 3596
f 3597 3559 3556
f 3593 3597 3556
f 3595 3558 3561
f 3595 3561 3560
f 3600 3599 3598
f 3564 3598 3599
f 3564 3599 3563
f 3563 3599 3601
f 3563 3601 3602
f 3565 3563 3602
f 3598 3566 3567
f 3598 3567 3600
f 3600 3567 3603
f 3598 3564 3566
f 3569 3605 3604
f 3569 3565 3605
f 3565 3602 3605
f 3569 3604 3570
f 3603 3567 3606
f 3606 3567 3571
f 3608 3604 3605
f 3607 3604 3608
f 3604 3607 3572
f 3570 3604 3572
f 3606 3571 3609
f 3609 3571 3573
f 3607 3575 3574
f 3607 3608 3575
f 3608 3610 3575
f 3607 3574 3572
f 3609 3573 3576
f 3611 3609 3576
f 3611 3576 3612
f 3576 3577 3612
f 3612 3577 3575
f 3610 3612 3575
f 3578 3579 3613
f 3578 3613 3580
f 3583 3615 3614
f 3582 3583 3614
f 3579 3616 3613
f 3579 3582 3616
f 3582 3614 3616
f 3613 3584 3580
f 3613 3616 3584
f 3616 3617 3584
f 3584 3617 3618
f 3585 3584 3618
f 3587 3620 3619
f 3586 3587 3619
f 3619 3583 3586
f 3615 3583 3619
f 3618 3621 3585
f 3621 3588 3585
f 3620 3587 3622
f 3622 3587 3589
f 3621 3623 3588
f 3623 3590 3588
f 3622 3589 3591
f 3624 3622 3591
f 3591 3625 3624
f 3592 3625 3591
f 3623 3626 3590
f 3626 3593 3590
f 3625 3592 3594
f 3627 3625 3594
f 3627 3594 3628
f 3594 3596 3628
f 3628 3596 3629
f 3596 3597 3629
f 3629 3597 3593
f 3626 3629 3593
f 3600 3631 3630
f 3599 3600 3630
f 3630 3632 3599
f 3599 3632 3601
f 3601 3632 3633
f 3602 3601 3633
f 3631 3600 3634
f 3634 3600 3603
f 3633 3635 3602
f 3635 3605 3602
f 3634 3603 3636
f 3636 3603 3606
f 3635 3637 3605
f 3637 3608 3605
f 3638 3639 3636
f 3638 3636 3609
f 3609 3636 3606
f 3639 3640 3641
f 3638 3640 3639
f 3641 3640 3610
f 3641 3610 3637
f 3637 3610 3608
f 3638 3609 3611
f 3640 3638 3611
f 3612 3640 3611
f 3640 3612 3610
f 3615 3643 3642
f 3614 3615 3642
f 3642 3644 3614
f 3614 3644 3616
f 3644 3645 3616
f 3616 3645 3617
f 3617 3645 3646
f 3618 3617 3646
f 3620 3648 3647
f 3619 3620 3647
f 3647 3615 3619
f 3643 3615 3647
f 3646 3649 3618
f 3649 3621 3618
f 3648 3620 3650
f 3650 3620 3622
f 3649 3651 3621
f 3651 3623 3621
f 3650 3622 3624
f 3652 3650 3624
f 3624 3653 3652
f 3625 3653 3624
f 3651 3654 3623
f 3654 3626 3623
f 3653 3625 3627
f 3655 3653 3627
f 3655 3627 3656
f 3627 3628 3656
f 3656 3628 3657
f 3628 3629 3657
f 3657 3629 3626
f 3654 3657 3626
f 3660 3659 3658
f 3659 3661 3658
f 3658 3630 3631
f 3658 3631 3660
f 3660 3631 3662
f 3661 3630 3658
f 3661 3663 3630
f 3663 3632 3630
f 3632 3663 3664
f 3633 3632 3664
f 3662 3631 3665
f 3665 3631 3634
f 3664 3666 3633
f 3666 3635 3633
f 3665 3634 3667
f 3667 3634 3636
f 3666 3668 3635
f 3668 3637 3635
f 3667 3636 3639
f 3669 3667 3639
f 3669 3639 3670
f 3639 3641 3670
f 3670 3641 3637
f 3668 3670 3637
f 3643 3672 3671
f 3642 3643 3671
f 3671 3673 3642
f 3642 3673 3644
f 3673 3674 3644
f 3644 3674 3645
f 3645 3674 3675
f 3646 3645 3675
f 3648 3677 3676
f 3647 3648 3676
f 3676 3643 3647
f 3672 3643 3676
f 3678 3675 3679
f 3678 3649 3675
f 3649 3646 3675
f 3679 3680 3678
f 3677 3648 3681
f 3681 3648 3650
f 3682 3649 3678
f 3651 3649 3682
f 3680 3683 3682
f 3678 3680 3682
f 3652 3684 3685
f 3652 3685 3650
f 3650 3685 3681
f 3652 3653 3684
f 3686 3651 3682
f 3686 3687 3651
f 3687 3654 3651
f 3682 3683 3686
f 3685 3684 3688
f 3684 3653 3655
f 3684 3655 3688
f 3688 3655 3689
f 3689 3655 3690
f 3655 3656 3690
f 3690 3656 3691
f 3656 3657 3691
f 3691 3657 3654
f 3687 3691 3654
f 3694 3693 3692
f 3660 3692 3693
f 3660 3693 3659
f 3659 3693 3695
f 3696 3661 3659
f 3696 3659 3697
f 3697 3659 3695
f 3697 3698 3696
f 3700 3694 3692
f 3699 3700 3692
f 3692 3662 3699
f 3660 3662 3692
f 3696 3663 3661
f 3663 3696 3698
f 3663 3698 3664
f 3664 3698 3701
f 3703 3700 3699
f 3702 3703 3699
f 3699 3665 3702
f 3662 3665 3699
f 3701 3704 3664
f 3704 3666 3664
f 3703 3702 3705
f 3702 3665 3667
f 3702 3667 3707
f 3702 3707 3705
f 3707 3667 3706
f 3707 3708 3709
f 3706 3708 3707
f 3709 3708 3668
f 3709 3668 3704
f 3704 3668 3666
f 3706 3667 3669
f 3708 3706 3669
f 3670 3708 3669
f 3708 3670 3668
f 3671 3672 3710
f 3673 3671 3710
f 3711 3673 3710
f 3674 3673 3711
f 3712 3674 3711
f 3674 3712 3675
f 3677 3714 3713
f 3676 3677 3713
f 3672 3715 3710
f 3672 3676 3715
f 3676 3713 3715
f 3710 3716 3711
f 3715 3716 3710
f 3711 3717 3712
f 3716 3717 3711
f 3712 3679 3675
f 3712 3717 3679
f 3717 3718 3679
f 3679 3718 3719
f 3680 3679 3719
f 3714 3677 3720
f 3720 3677 3681
f 3719 3721 3680
f 3721 3683 3680
f 3720 3681 3722
f 3722 3681 3685
f 3687 3723 3724
f 3686 3723 3687
f 3723 3686 3683
f 3721 3723 3683
f 3722 3685 3688
f 3725 3722 3688
f 3725 3688 3726
f 3688 3689 3726
f 3726 3689 3727
f 3689 3690 3727
f 3727 3690 3728
f 3690 3691 3728
f 3728 3691 3687
f 3724 3728 3687
f 3731 3730 3729
f 3730 3733 3732
f 3729 3730 3732
f 3733 3734 3732
f 3729 3693 3694
f 3729 3694 3731
f 3731 3694 3735
f 3732 3693 3729
f 3695 3693 3732
f 3732 3697 3695
f 3732 3737 3697
f 3732 3734 3737
f 3736 3697 3737
f 3697 3736 3698
f 3735 3694 3738
f 3738 3694 3700
f 3740 3736 3737
f 3739 3736 3740
f 3736 3739 3701
f 3698 3736 3701
f 3741 3742 3738
f 3741 3738 3703
f 3703 3738 3700
f 3742 3741 3743
f 3745 3739 3740
f 3744 3739 3745
f 3739 3744 3704
f 3701 3739 3704
f 3741 3703 3705
f 3743 3741 3705
f 3743 3705 3746
f 3746 3705 3707
f 3744 3745 3746
f 3744 3746 3709
f 3709 3746 3707
f 3744 3709 3704
f 3749 3748 3747
f 3748 3750 3747
f 3753 3752 3751
f 3752 3754 3751
f 3747 3713 3714
f 3747 3714 3749
f 3749 3714 3755
f 3750 3713 3747
f 3750 3756 3713
f 3756 3715 3713
f 3756 3757 3715
f 3715 3757 3716
f 3751 3757 3753
f 3751 3717 3757
f 3717 3716 3757
f 3754 3717 3751
f 3754 3758 3717
f 3758 3718 3717
f 3718 3758 3759
f 3719 3718 3759
f 3755 3714 3760
f 3760 3714 3720
f 3759 3761 3719
f 3761 3721 3719
f 3762 3763 3760
f 3762 3760 3722
f 3722 3760 3720
f 3763 3762 3764
f 3767 3765 3766
f 3766 3768 3769
f 3765 3768 3766
f 3724 3769 3768
f 3724 3723 3769
f 3723 3770 3769
f 3770 3723 3721
f 3761 3770 3721
f 3762 3722 3725
f 3764 3762 3725
f 3764 3725 3771
f 3771 3725 3726
f 3765 3767 3771
f 3765 3771 3727
f 3727 3771 3726
f 3768 3765 3727
f 3728 3768 3727
f 3768 3728 3724
f 3730 3731 3772
f 3772 3774 3773
f 3772 3773 3730
f 3730 3773 3733
f 3733 3773 3775
f 3734 3733 3775
f 3776 3772 3731
f 3776 3731 3777
f 3777 3731 3735
f 3772 3776 3774
f 3775 3778 3734
f 3778 3737 3734
f 3777 3735 3779
f 3779 3735 3738
f 3778 3780 3737
f 3780 3740 3737
f 3779 3738 3742
f 3781 3779 3742
f 3742 3782 3781
f 3743 3782 3742
f 3780 3783 3740
f 3783 3745 3740
f 3782 3743 3746
f 3784 3782 3746
f 3784 3746 3745
f 3783 3784 3745
f 3748 3749 3785
f 3748 3785 3750
f 3753 3787 3786
f 3752 3753 3786
f 3788 3754 3752
f 3788 3752 3789
f 3789 3752 3786
f 3789 3790 3788
f 3791 3785 3749
f 3791 3749 3792
f 3792 3749 3755
f 3785 3756 3750
f 3785 3791 3756
f 3791 3793 3756
f 3793 3794 3756
f 3756 3794 3757
f 3794 3753 3757
f 3787 3753 3794
f 3788 3758 3754
f 3758 3788 3790
f 3758 3790 3759
f 3759 3790 3795
f 3796 3797 3792
f 3796 3792 3760
f 3760 3792 3755
f 3797 3796 3798
f 3795 3799 3759
f 3799 3761 3759
f 3796 3760 3763
f 3763 3798 3796
f 3763 3764 3798
f 3764 3800 3798
f 3767 3801 3802
f 3766 3801 3767
f 3801 3766 3803
f 3766 3769 3803
f 3803 3769 3804
f 3769 3770 3804
f 3804 3770 3761
f 3799 3804 3761
f 3800 3764 3771
f 3805 3800 3771
f 3805 3771 3767
f 3802 3805 3767
f 3773 3774 3806
f 3773 3806 3775
f 3776 3777 3807
f 3807 3809 3808
f 3776 3807 3808
f 3776 3808 3806
f 3776 3806 3774
f 3806 3808 3810
f 3806 3810 3775
f 3775 3810 3778
f 3811 3807 3777
f 3779 3811 3777
f 3809 3811 3812
f 3807 3811 3809
f 3810 3813 3778
f 3813 3780 3778
f 3811 3779 3781
f 3781 3782 3814
f 3811 3781 3814
f 3811 3814 3815
f 3811 3815 3812
f 3815 3814 3783
f 3815 3783 3813
f 3813 3783 3780
f 3814 3782 3784
f 3814 3784 3783
f 3787 3817 3816
f 3786 3787 3816
f 3819 3818 3789
f 3819 3789 3816
f 3816 3789 3786
f 3789 3818 3790
f 3791 3792 3820
f 3820 3822 3821
f 3820 3821 3791
f 3791 3821 3793
f 3821 3823 3793
f 3793 3823 3794
f 3823 3787 3794
f 3817 3787 3823
f 3819 3824 3818
f 3818 3824 3825
f 3818 3825 3790
f 3790 3825 3795
f 3820 3792 3797
f 3797 3822 3820
f 3797 3798 3822
f 3798 3826 3822
f 3825 3827 3795
f 3827 3799 3795
f 3826 3798 3828
f 3828 3798 3800
f 3802 3829 3830
f 3801 3829 3802
f 3829 3801 3831
f 3801 3803 3831
f 3831 3803 3832
f 3803 3804 3832
f 3832 3804 3799
f 3827 3832 3799
f 3828 3800 3805
f 3833 3828 3805
f 3833 3805 3802
f 3830 3833 3802
f 3808 3809 3834
f 3808 3834 3810
f 3835 3834 3809
f 3812 3835 3809
f 3834 3835 3813
f 3810 3834 3813
f 3835 3812 3815
f 3835 3815 3813
f 3817 3837 3836
f 3816 3817 3836
f 3816 3836 3838
f 3819 3816 3838
f 3821 3822 3839
f 3839 3841 3840
f 3839 3840 3821
f 3821 3840 3823
f 3840 3817 3823
f 3837 3817 3840
f 3824 3843 3842
f 3824 3819 3843
f 3819 3838 3843
f 3824 3842 3825
f 3844 3839 3822
f 3844 3822 3845
f 3845 3822 3826
f 3839 3844 3841
f 3847 3842 3843
f 3846 3842 3847
f 3842 3846 3827
f 3825 3842 3827
f 3845 3826 3848
f 3848 3826 3828
f 3830 3849 3850
f 3829 3849 3830
f 3849 3829 3851
f 3829 3831 3851
f 3846 3847 3851
f 3846 3851 3832
f 3832 3851 3831
f 3846 3832 3827
f 3848 3828 3833
f 3852 3848 3833
f 3852 3833 3830
f 3850 3852 3830
f 3836 3837 3853
f 3836 3853 3838
f 3841 3855 3854
f 3840 3841 3854
f 3837 3856 3853
f 3837 3840 3856
f 3840 3854 3856
f 3853 3856 3857
f 3853 3857 3838
f 3838 3857 3843
f 3844 3845 3858
f 3858 3841 3844
f 3858 3859 3841
f 3859 3855 3841
f 3857 3860 3843
f 3860 3847 3843
f 3861 3858 3845
f 3848 3861 3845
f 3859 3849 3862
f 3859 3861 3849
f 3859 3858 3861
f 3861 3850 3849
f 3862 3849 3863
f 3849 3851 3863
f 3863 3851 3847
f 3860 3863 3847
f 3861 3848 3852
f 3861 3852 3850
f 3854 3855 3864
f 3856 3854 3864
f 3865 3856 3864
f 3856 3865 3857
f 3866 3864 3855
f 3859 3866 3855
f 3864 3866 3865
f 3865 3866 3867
f 3865 3867 3860
f 3857 3865 3860
f 3866 3859 3862
f 3867 3866 3862
f 3863 3867 3862
f 3867 3863 3860
f 3870 3869 3868
f 3869 3871 3868
f 3870 3868 3872
f 3868 3871 3872
f 3870 3874 3873
f 3869 3870 3873
f 3869 3873 3875
f 3871 3869 3875
f 3874 3870 3872
f 3876 3874 3872
f 3876 3872 3871
f 3875 3876 3871
f 3874 3878 3877
f 3873 3874 3877
f 3873 3877 3879
f 3875 3873 3879
f 3878 3874 3876
f 3880 3878 3876
f 3880 3876 3875
f 3879 3880 3875
f 3883 3882 3881
f 3882 3884 3881
f 3886 3883 3881
f 3885 3886 3881
f 3884 3887 3877
f 3884 3877 3885
f 3884 3885 3881
f 3885 3877 3878
f 3877 3887 3888
f 3879 3877 3888
f 3886 3885 3889
f 3891 3880 3890
f 3889 3880 3891
f 3889 3878 3880
f 3889 3885 3878
f 3893 3879 3888
f 3893 3890 3879
f 3893 3892 3890
f 3880 3879 3890
f 3893 3894 3892
f 3891 3890 3895
f 3890 3892 3896
f 3895 3890 3896
f 3892 3894 3896
f 3899 3898 3897
f 3898 3900 3897
f 3899 3897 3901
f 3897 3900 3901
f 3904 3903 3902
f 3903 3905 3902
f 3904 3902 3906
f 3907 3882 3902
f 3907 3902 3905
f 3882 3883 3902
f 3906 3902 3908
f 3883 3908 3902
f 3909 3884 3882
f 3909 3882 3910
f 3910 3882 3907
f 3910 3911 3909
f 3908 3883 3912
f 3912 3883 3886
f 3909 3887 3884
f 3887 3909 3911
f 3887 3911 3888
f 3888 3911 3913
f 3889 3914 3915
f 3889 3915 3886
f 3886 3915 3912
f 3889 3891 3914
f 3913 3893 3888
f 3916 3893 3913
f 3893 3916 3917
f 3894 3893 3917
f 3915 3914 3918
f 3920 3895 3919
f 3918 3895 3920
f 3918 3891 3895
f 3918 3914 3891
f 3896 3919 3895
f 3921 3919 3896
f 3921 3896 3894
f 3921 3894 3922
f 3922 3894 3917
f 3920 3919 3923
f 3923 3899 3924
f 3923 3921 3899
f 3923 3919 3921
f 3898 3899 3921
f 3898 3921 3922
f 3898 3922 3900
f 3900 3922 3925
f 3901 3926 3927
f 3901 3927 3899
f 3899 3927 3924
f 3926 3901 3900
f 3926 3900 3928
f 3928 3900 3925
f 3927 3926 3929
f 3926 3928 3929
f 3904 3931 3930
f 3903 3904 3930
f 3932 3905 3903
f 3932 3903 3933
f 3933 3903 3930
f 3933 3934 3932
f 3906 3935 3936
f 3906 3936 3904
f 3904 3936 3931
f 3905 3932 3907
f 3906 3908 3935
f 3934 3907 3932
f 3934 3937 3907
f 3937 3910 3907
f 3910 3937 3938
f 3911 3910 3938
f 3936 3935 3939
f 3935 3940 3939
f 3935 3908 3940
f 3908 3912 3940
f 3938 3941 3911
f 3941 3913 3911
f 3940 3912 3942
f 3942 3912 3915
f 3941 3916 3913
f 3943 3916 3941
f 3916 3943 3944
f 3917 3916 3944
f 3942 3915 3918
f 3945 3942 3918
f 3918 3946 3945
f 3920 3946 3918
f 3944 3947 3917
f 3947 3922 3917
f 3923 3948 3949
f 3923 3949 3920
f 3920 3949 3946
f 3923 3924 3948
f 3947 3950 3922
f 3950 3925 3922
f 3949 3948 3951
f 3948 3952 3951
f 3948 3924 3952
f 3924 3927 3952
f 3950 3953 3925
f 3953 3928 3925
f 3952 3927 3929
f 3954 3952 3929
f 3954 3929 3928
f 3953 3954 3928
f 3957 3956 3955
f 3956 3958 3955
f 3957 3955 3959
f 3955 3958 3959
f 3962 3961 3960
f 3961 3964 3963
f 3960 3961 3963
f 3964 3965 3963
f 3967 3962 3960
f 3966 3967 3960
f 3931 3963 3930
f 3931 3966 3963
f 3966 3960 3963
f 3965 3930 3963
f 3965 3968 3930
f 3968 3933 3930
f 3933 3968 3969
f 3934 3933 3969
f 3967 3966 3970
f 3966 3971 3970
f 3966 3931 3971
f 3931 3936 3971
f 3969 3937 3934
f 3972 3937 3969
f 3937 3972 3973
f 3938 3937 3973
f 3939 3974 3975
f 3939 3975 3936
f 3936 3975 3971
f 3939 3940 3974
f 3973 3976 3938
f 3976 3941 3938
f 3975 3974 3977
f 3974 3978 3977
f 3974 3940 3978
f 3940 3942 3978
f 3976 3943 3941
f 3979 3943 3976
f 3943 3979 3980
f 3944 3943 3980
f 3945 3981 3982
f 3945 3982 3942
f 3942 3982 3978
f 3945 3946 3981
f 3980 3983 3944
f 3983 3947 3944
f 3982 3981 3984
f 3981 3985 3984
f 3981 3946 3985
f 3946 3949 3985
f 3986 3983 3987
f 3986 3950 3983
f 3950 3947 3983
f 3987 3988 3986
f 3951 3989 3990
f 3951 3990 3949
f 3949 3990 3985
f 3951 3952 3989
f 3991 3950 3986
f 3991 3992 3950
f 3992 3953 3950
f 3986 3988 3991
f 3990 3989 3993
f 3995 3954 3994
f 3993 3954 3995
f 3993 3952 3954
f 3993 3989 3952
f 3994 3954 3953
f 3994 3953 3996
f 3996 3953 3992
f 3995 3994 3997
f 3998 3956 3994
f 3998 3994 3996
f 3956 3957 3994
f 3997 3994 3999
f 3957 3999 3994
f 3956 3998 4000
f 3958 3956 4000
f 3999 3957 3959
f 4001 3999 3959
f 4001 3959 3958
f 4000 4001 3958
f 3962 4003 4002
f 3961 3962 4002
f 4002 4004 3961
f 3961 4004 3964
f 4005 3965 3964
f 4005 3964 4006
f 4006 3964 4004
f 4006 4007 4005
f 4003 3962 4008
f 4008 3962 3967
f 4005 3968 3965
f 3968 4005 4007
f 3968 4007 3969
f 3969 4007 4009
f 3970 4010 4011
f 3970 4011 3967
f 3967 4011 4008
f 3970 3971 4010
f 4009 3972 3969
f 4012 3972 4009
f 3972 4012 4013
f 3973 3972 4013
f 4011 4010 4014
f 4010 4015 4014
f 4010 3971 4015
f 3971 3975 4015
f 4013 4016 3973
f 4016 3976 3973
f 3977 4017 4018
f 3977 4018 3975
f 3975 4018 4015
f 3977 3978 4017
f 4016 3979 3976
f 4019 3979 4016
f 3979 4019 4020
f 3980 3979 4020
f 4022 4018 4017
f 4021 4022 4017
f 4017 3982 4021
f 3978 3982 4017
f 4023 4020 4024
f 4023 3983 4020
f 3983 3980 4020
f 4024 4025 4023
f 4022 4021 4026
f 4028 3984 4027
f 4026 3984 4028
f 4026 3982 3984
f 4026 4021 3982
f 3984 3985 4027
f 4023 3987 3983
f 3987 4023 4025
f 3987 4025 3988
f 3988 4025 4029
f 4031 4028 4027
f 4030 4031 4027
f 4027 3990 4030
f 3985 3990 4027
f 3991 4032 3992
f 4032 3991 3988
f 4032 3988 4033
f 4033 3988 4029
f 4031 4030 4034
f 4036 3993 4035
f 4034 3993 4036
f 4034 3990 3993
f 4034 4030 3990
f 3993 3995 4035
f 4037 3992 4032
f 3996 3992 4037
f 4033 4038 4037
f 4032 4033 4037
f 4036 4035 4039
f 4041 3997 4040
f 4039 3997 4041
f 4039 3995 3997
f 4039 4035 3995
f 3997 3999 4040
f 3998 3996 4037
f 4044 4042 4043
f 3998 4037 4038
f 3998 4038 4000
f 4043 4042 4038
f 4042 4000 4038
f 4041 4040 4045
f 4042 4044 4045
f 4042 4045 4001
f 4040 3999 4045
f 3999 4001 4045
f 4042 4001 4000
f 4003 4047 4046
f 4002 4003 4046
f 4046 4048 4002
f 4002 4048 4004
f 4048 4049 4004
f 4004 4049 4006
f 4006 4049 4050
f 4007 4006 4050
f 4047 4003 4051
f 4051 4003 4008
f 4050 4052 4007
f 4052 4009 4007
f 4051 4008 4053
f 4053 4008 4011
f 4052 4012 4009
f 4054 4012 4052
f 4012 4054 4055
f 4013 4012 4055
f 4014 4056 4057
f 4014 4057 4011
f 4011 4057 4053
f 4014 4015 4056
f 4055 4058 4013
f 4058 4016 4013
f 4060 4057 4056
f 4059 4060 4056
f 4056 4018 4059
f 4015 4018 4056
f 4058 4019 4016
f 4061 4019 4058
f 4019 4061 4062
f 4020 4019 4062
f 4064 4060 4059
f 4063 4064 4059
f 4059 4022 4063
f 4018 4022 4059
f 4062 4024 4020
f 4065 4024 4062
f 4024 4065 4066
f 4025 4024 4066
f 4068 4064 4063
f 4067 4068 4063
f 4026 4063 4022
f 4026 4069 4063
f 4069 4067 4063
f 4026 4028 4069
f 4066 4070 4025
f 4070 4029 4025
f 4068 4067 4071
f 4067 4069 4072
f 4071 4067 4072
f 4069 4073 4072
f 4069 4028 4073
f 4028 4031 4073
f 4070 4074 4029
f 4074 4033 4029
f 4034 4075 4076
f 4034 4076 4031
f 4031 4076 4073
f 4034 4036 4075
f 4074 4077 4033
f 4077 4038 4033
f 4076 4075 4078
f 4075 4036 4039
f 4075 4039 4078
f 4078 4039 4079
f 4080 4039 4041
f 4080 4081 4039
f 4081 4079 4039
f 4044 4081 4080
f 4044 4043 4081
f 4043 4082 4081
f 4082 4043 4038
f 4077 4082 4038
f 4080 4041 4045
f 4080 4045 4044
f 4085 4084 4083
f 4084 4086 4083
f 4047 4088 4087
f 4046 4047 4087
f 4087 4089 4046
f 4046 4089 4048
f 4083 4089 4085
f 4083 4049 4089
f 4049 4048 4089
f 4049 4083 4086
f 4049 4086 4050
f 4050 4086 4090
f 4088 4047 4091
f 4091 4047 4051
f 4092 4090 4093
f 4092 4052 4090
f 4052 4050 4090
f 4093 4094 4092
f 4091 4051 4095
f 4095 4051 4053
f 4092 4054 4052
f 4054 4092 4094
f 4054 4094 4055
f 4055 4094 4096
f 4095 4053 4097
f 4097 4053 4057
f 4096 4098 4055
f 4098 4058 4055
f 4097 4057 4099
f 4099 4057 4060
f 4098 4061 4058
f 4100 4061 4098
f 4061 4100 4101
f 4062 4061 4101
f 4099 4060 4102
f 4102 4060 4064
f 4065 4104 4103
f 4065 4062 4104
f 4062 4101 4104
f 4065 4103 4066
f 4107 4106 4105
f 4106 4068 4105
f 4106 4102 4068
f 4102 4064 4068
f 4104 4108 4103
f 4103 4108 4109
f 4103 4109 4066
f 4066 4109 4070
f 4107 4105 4110
f 4112 4071 4111
f 4110 4071 4112
f 4110 4068 4071
f 4110 4105 4068
f 4072 4111 4071
f 4113 4111 4072
f 4072 4073 4113
f 4109 4114 4070
f 4114 4074 4070
f 4112 4111 4115
f 4117 4115 4111
f 4117 4111 4116
f 4116 4111 4113
f 4113 4076 4116
f 4073 4076 4113
f 4114 4118 4074
f 4118 4077 4074
f 4117 4116 4119
f 4116 4076 4078
f 4116 4078 4119
f 4119 4078 4120
f 4120 4078 4121
f 4078 4079 4121
f 4121 4079 4122
f 4079 4081 4122
f 4122 4081 4123
f 4081 4082 4123
f 4123 4082 4077
f 4118 4123 4077
f 4085 4125 4124
f 4084 4085 4124
f 4084 4124 4126
f 4086 4084 4126
f 4088 4128 4127
f 4087 4088 4127
f 4127 4129 4087
f 4087 4129 4089
f 4129 4085 4089
f 4125 4085 4129
f 4130 4126 4131
f 4130 4090 4126
f 4090 4086 4126
f 4131 4132 4130
f 4128 4088 4133
f 4133 4088 4091
f 4130 4093 4090
f 4093 4130 4132
f 4093 4132 4094
f 4094 4132 4134
f 4133 4091 4135
f 4135 4091 4095
f 4134 4136 4094
f 4136 4096 4094
f 4135 4095 4137
f 4137 4095 4097
f 4136 4138 4096
f 4138 4098 4096
f 4137 4097 4139
f 4139 4097 4099
f 4138 4100 4098
f 4140 4100 4138
f 4100 4140 4141
f 4101 4100 4141
f 4139 4099 4142
f 4142 4099 4102
f 4141 4143 4101
f 4143 4104 4101
f 4107 4145 4144
f 4106 4107 4144
f 4144 4102 4106
f 4142 4102 4144
f 4143 4108 4104
f 4146 4108 4143
f 4108 4146 4147
f 4109 4108 4147
f 4145 4107 4110
f 4148 4145 4110
f 4110 4149 4148
f 4112 4149 4110
f 4147 4150 4109
f 4150 4114 4109
f 4115 4151 4152
f 4115 4152 4112
f 4112 4152 4149
f 4115 4117 4151
f 4155 4153 4154
f 4154 4153 4118
f 4154 4118 4150
f 4150 4118 4114
f 4152 4151 4156
f 4151 4117 4119
f 4151 4119 4156
f 4156 4119 4157
f 4157 4119 4158
f 4119 4120 4158
f 4158 4120 4159
f 4120 4121 4159
f 4159 4121 4160
f 4121 4122 4160
f 4153 4155 4160
f 4153 4160 4123
f 4123 4160 4122
f 4153 4123 4118
f 4125 4162 4161
f 4124 4125 4161
f 4124 4161 4163
f 4126 4124 4163
f 4128 4165 4164
f 4127 4128 4164
f 4164 4166 4127
f 4127 4166 4129
f 4166 4125 4129
f 4162 4125 4166
f 4163 4131 4126
f 4167 4131 4163
f 4131 4167 4168
f 4132 4131 4168
f 4165 4128 4169
f 4169 4128 4133
f 4168 4170 4132
f 4170 4134 4132
f 4171 4172 4169
f 4171 4169 4135
f 4135 4169 4133
f 4172 4171 4173
f 4170 4174 4134
f 4174 4136 4134
f 4175 4171 4135
f 4137 4175 4135
f 4173 4176 4177
f 4173 4171 4176
f 4171 4175 4176
f 4177 4176 4178
f 4174 4179 4136
f 4179 4138 4136
f 4180 4175 4137
f 4180 4137 4181
f 4181 4137 4139
f 4175 4182 4176
f 4180 4182 4175
f 4176 4182 4178
f 4179 4140 4138
f 4183 4140 4179
f 4140 4183 4184
f 4141 4140 4184
f 4181 4139 4185
f 4185 4139 4142
f 4184 4186 4141
f 4186 4143 4141
f 4144 4145 4187
f 4187 4142 4144
f 4187 4188 4142
f 4188 4185 4142
f 4186 4146 4143
f 4189 4146 4186
f 4146 4189 4190
f 4147 4146 4190
f 4187 4145 4148
f 4148 4188 4187
f 4148 4149 4188
f 4149 4191 4188
f 4190 4192 4147
f 4192 4150 4147
f 4191 4149 4193
f 4193 4149 4152
f 4155 4194 4195
f 4154 4194 4155
f 4194 4154 4150
f 4192 4194 4150
f 4193 4152 4156
f 4196 4193 4156
f 4196 4156 4197
f 4156 4157 4197
f 4197 4157 4198
f 4157 4158 4198
f 4198 4158 4199
f 4158 4159 4199
f 4199 4159 4200
f 4159 4160 4200
f 4200 4160 4155
f 4195 4200 4155
f 4162 4202 4201
f 4161 4162 4201
f 4161 4201 4203
f 4163 4161 4203
f 4164 4165 4204
f 4204 4206 4205
f 4204 4205 4164
f 4164 4205 4166
f 4205 4162 4166
f 4202 4162 4205
f 4203 4167 4163
f 4207 4167 4203
f 4167 4207 4208
f 4168 4167 4208
f 4209 4204 4165
f 4209 4165 4210
f 4210 4165 4169
f 4204 4209 4206
f 4208 4211 4168
f 4211 4170 4168
f 4210 4169 4172
f 4212 4210 4172
f 4172 4213 4212
f 4173 4213 4172
f 4216 4214 4215
f 4215 4214 4174
f 4215 4174 4211
f 4211 4174 4170
f 4213 4173 4177
f 4217 4213 4177
f 4177 4218 4217
f 4178 4218 4177
f 4216 4219 4214
f 4214 4219 4220
f 4214 4220 4174
f 4174 4220 4179
f 4180 4181 4221
f 4221 4223 4222
f 4221 4222 4180
f 4180 4222 4182
f 4222 4178 4182
f 4218 4178 4222
f 4220 4183 4179
f 4224 4183 4220
f 4183 4224 4225
f 4184 4183 4225
f 4226 4221 4181
f 4226 4181 4227
f 4227 4181 4185
f 4221 4226 4223
f 4225 4228 4184
f 4228 4186 4184
f 4227 4185 4229
f 4229 4185 4188
f 4189 4231 4230
f 4189 4186 4231
f 4186 4228 4231
f 4189 4230 4190
f 4229 4188 4232
f 4232 4188 4191
f 4234 4230 4231
f 4233 4230 4234
f 4230 4233 4192
f 4190 4230 4192
f 4235 4236 4232
f 4235 4232 4193
f 4193 4232 4191
f 4236 4237 4238
f 4235 4237 4236
f 4238 4239 4240
f 4237 4239 4238
f 4240 4239 4241
f 4233 4195 4194
f 4233 4234 4195
f 4234 4242 4195
f 4233 4194 4192
f 4235 4193 4196
f 4237 4235 4196
f 4197 4237 4196
f 4239 4237 4197
f 4198 4239 4197
f 4241 4239 4198
f 4241 4198 4243
f 4243 4198 4199
f 4243 4199 4244
f 4199 4200 4244
f 4244 4200 4195
f 4242 4244 4195
f 4202 4246 4245
f 4201 4202 4245
f 4201 4245 4247
f 4203 4201 4247
f 4206 4249 4248
f 4205 4206 4248
f 4248 4202 4205
f 4246 4202 4248
f 4207 4251 4250
f 4207 4203 4251
f 4203 4247 4251
f 4207 4250 4208
f 4210 4253 4252
f 4209 4210 4252
f 4252 4206 4209
f 4249 4206 4252
f 4255 4250 4251
f 4254 4250 4255
f 4250 4254 4211
f 4208 4250 4211
f 4253 4210 4212
f 4256 4253 4212
f 4212 4257 4256
f 4213 4257 4212
f 4254 4216 4215
f 4254 4255 4216
f 4255 4258 4216
f 4254 4215 4211
f 4257 4213 4217
f 4259 4257 4217
f 4217 4260 4259
f 4218 4260 4217
f 4258 4219 4216
f 4261 4219 4258
f 4219 4261 4262
f 4220 4219 4262
f 4223 4264 4263
f 4222 4223 4263
f 4263 4218 4222
f 4260 4218 4263
f 4262 4224 4220
f 4265 4224 4262
f 4224 4265 4266
f 4225 4224 4266
f 4227 4268 4267
f 4226 4227 4267
f 4267 4223 4226
f 4264 4223 4267
f 4266 4269 4225
f 4269 4228 4225
f 4268 4227 4270
f 4270 4227 4229
f 4269 4271 4228
f 4271 4231 4228
f 4270 4229 4272
f 4272 4229 4232
f 4271 4273 4231
f 4273 4234 4231
f 4272 4232 4236
f 4274 4272 4236
f 4274 4236 4275
f 4236 4238 4275
f 4275 4238 4276
f 4238 4240 4276
f 4277 4240 4241
f 4277 4278 4240
f 4278 4276 4240
f 4278 4279 4280
f 4277 4279 4278
f 4280 4279 4242
f 4280 4242 4273
f 4273 4242 4234
f 4277 4241 4243
f 4279 4277 4243
f 4244 4279 4243
f 4279 4244 4242
f 4246 4282 4281
f 4245 4246 4281
f 4245 4281 4283
f 4247 4245 4283
f 4249 4285 4284
f 4248 4249 4284
f 4284 4246 4248
f 4282 4246 4284
f 4283 4286 4247
f 4286 4251 4247
f 4252 4253 4287
f 4287 4249 4252
f 4287 4288 4249
f 4288 4285 4249
f 4286 4289 4251
f 4289 4255 4251
f 4287 4253 4256
f 4256 4257 4290
f 4287 4256 4290
f 4287 4290 4291
f 4287 4291 4288
f 4291 4292 4293
f 4290 4292 4291
f 4293 4292 4258
f 4293 4258 4289
f 4289 4258 4255
f 4290 4257 4259
f 4294 4292 4290
f 4294 4290 4260
f 4294 4260 4295
f 4260 4290 4259
f 4292 4261 4258
f 4292 4294 4261
f 4294 4296 4261
f 4261 4296 4297
f 4262 4261 4297
f 4264 4299 4298
f 4263 4264 4298
f 4298 4260 4263
f 4295 4260 4298
f 4297 4265 4262
f 4300 4265 4297
f 4265 4300 4301
f 4266 4265 4301
f 4268 4303 4302
f 4267 4268 4302
f 4302 4264 4267
f 4299 4264 4302
f 4301 4304 4266
f 4304 4269 4266
f 4303 4268 4305
f 4305 4268 4270
f 4304 4306 4269
f 4306 4271 4269
f 4307 4308 4305
f 4307 4305 4272
f 4272 4305 4270
f 4308 4307 4309
f 4306 4310 4271
f 4310 4273 4271
f 4307 4272 4274
f 4309 4307 4274
f 4309 4274 4311
f 4311 4274 4275
f 4311 4275 4312
f 4275 4276 4312
f 4312 4276 4313
f 4276 4278 4313
f 4313 4278 4314
f 4278 4280 4314
f 4314 4280 4273
f 4310 4314 4273
f 4281 4282 4315
f 4281 4315 4283
f 4285 4317 4316
f 4284 4285 4316
f 4282 4318 4315
f 4282 4284 4318
f 4284 4316 4318
f 4315 4318 4319
f 4315 4319 4283
f 4283 4319 4286
f 4320 4321 4317
f 4320 4317 4288
f 4288 4317 4285
f 4321 4322 4323
f 4320 4322 4321
f 4323 4322 4289
f 4323 4289 4319
f 4319 4289 4286
f 4320 4288 4291
f 4322 4320 4326
f 4322 4326 4325
f 4320 4291 4326
f 4324 4326 4293
f 4291 4293 4326
f 4324 4293 4289
f 4324 4289 4327
f 4322 4325 4289
f 4325 4327 4289
f 4324 4294 4295
f 4324 4295 4326
f 4326 4295 4328
f 4327 4294 4324
f 4327 4329 4294
f 4329 4296 4294
f 4330 4297 4296
f 4330 4296 4331
f 4331 4296 4329
f 4331 4332 4330
f 4299 4334 4333
f 4298 4299 4333
f 4333 4295 4298
f 4328 4295 4333
f 4330 4300 4297
f 4300 4330 4332
f 4300 4332 4301
f 4301 4332 4335
f 4303 4337 4336
f 4302 4303 4336
f 4336 4299 4302
f 4334 4299 4336
f 4335 4338 4301
f 4338 4304 4301
f 4337 4303 4339
f 4339 4303 4305
f 4338 4340 4304
f 4340 4306 4304
f 4339 4305 4308
f 4341 4339 4308
f 4308 4342 4341
f 4309 4342 4308
f 4345 4343 4344
f 4344 4343 4310
f 4344 4310 4340
f 4340 4310 4306
f 4342 4309 4311
f 4346 4342 4311
f 4346 4311 4347
f 4311 4312 4347
f 4347 4312 4348
f 4312 4313 4348
f 4343 4345 4348
f 4343 4348 4314
f 4314 4348 4313
f 4343 4314 4310
f 4316 4317 4349
f 4318 4316 4349
f 4350 4318 4349
f 4318 4350 4319
f 4349 4317 4321
f 4350 4349 4321
f 4323 4350 4321
f 4350 4323 4319
f 4326 4352 4351
f 4325 4326 4351
f 4353 4327 4325
f 4353 4325 4354
f 4354 4325 4351
f 4354 4355 4353
f 4352 4326 4356
f 4356 4326 4328
f 4353 4329 4327
f 4355 4329 4353
f 4355 4357 4329
f 4357 4331 4329
f 4331 4357 4358
f 4332 4331 4358
f 4334 4360 4359
f 4333 4334 4359
f 4359 4328 4333
f 4356 4328 4359
f 4358 4361 4332
f 4361 4335 4332
f 4337 4363 4362
f 4336 4337 4362
f 4362 4334 4336
f 4360 4334 4362
f 4361 4364 4335
f 4364 4338 4335
f 4363 4337 4365
f 4365 4337 4339
f 4364 4366 4338
f 4366 4340 4338
f 4365 4339 4341
f 4367 4365 4341
f 4341 4368 4367
f 4342 4368 4341
f 4345 4369 4370
f 4344 4369 4345
f 4369 4344 4340
f 4366 4369 4340
f 4368 4342 4346
f 4371 4368 4346
f 4371 4346 4372
f 4346 4347 4372
f 4372 4347 4373
f 4347 4348 4373
f 4373 4348 4345
f 4370 4373 4345
f 4352 4375 4374
f 4351 4352 4374
f 4374 4376 4351
f 4351 4376 4354
f 4354 4376 4377
f 4355 4354 4377
f 4380 4379 4378
f 4379 4356 4378
f 4379 4375 4356
f 4375 4352 4356
f 4377 4357 4355
f 4381 4357 4377
f 4357 4381 4382
f 4358 4357 4382
f 4385 4384 4383
f 4378 4359 4360
f 4380 4378 4360
f 4380 4360 4383
f 4380 4383 4384
f 4378 4356 4359
f 4386 4382 4387
f 4386 4361 4382
f 4361 4358 4382
f 4387 4388 4386
f 4383 4362 4363
f 4383 4363 4385
f 4385 4363 4389
f 4383 4360 4362
f 4390 4361 4386
f 4390 4391 4361
f 4391 4364 4361
f 4386 4388 4390
f 4389 4363 4392
f 4392 4363 4365
f 4391 4393 4364
f 4393 4366 4364
f 4392 4365 4367
f 4394 4392 4367
f 4395 4367 4368
f 4395 4396 4367
f 4396 4394 4367
f 4396 4395 4397
f 4400 4398 4399
f 4370 4399 4398
f 4370 4369 4399
f 4369 4401 4399
f 4401 4369 4366
f 4393 4401 4366
f 4395 4368 4371
f 4397 4395 4371
f 4397 4371 4402
f 4402 4371 4372
f 4398 4400 4402
f 4398 4402 4373
f 4373 4402 4372
f 4398 4373 4370
f 4375 4404 4403
f 4374 4375 4403
f 4403 4405 4374
f 4374 4405 4376
f 4406 4377 4376
f 4406 4376 4407
f 4407 4376 4405
f 4407 4408 4406
f 4380 4410 4409
f 4379 4380 4409
f 4409 4375 4379
f 4404 4375 4409
f 4406 4381 4377
f 4381 4406 4408
f 4381 4408 4382
f 4382 4408 4411
f 4384 4385 4412
f 4412 4380 4384
f 4412 4413 4380
f 4413 4410 4380
f 4411 4387 4382
f 4414 4387 4411
f 4387 4414 4415
f 4388 4387 4415
f 4416 4412 4385
f 4389 4416 4385
f 4413 4416 4417
f 4412 4416 4413
f 4391 4418 4419
f 4390 4418 4391
f 4418 4390 4388
f 4415 4418 4388
f 4420 4416 4389
f 4392 4420 4389
f 4417 4420 4421
f 4416 4420 4417
f 4419 4422 4391
f 4422 4393 4391
f 4420 4392 4394
f 4421 4420 4394
f 4421 4394 4423
f 4423 4394 4396
f 4424 4396 4397
f 4424 4425 4396
f 4425 4423 4396
f 4400 4425 4424
f 4400 4399 4425
f 4399 4426 4425
f 4426 4399 4427
f 4399 4401 4427
f 4427 4401 4393
f 4422 4427 4393
f 4424 4397 4402
f 4424 4402 4400
f 4404 4429 4428
f 4403 4404 4428
f 4428 4430 4403
f 4403 4430 4405
f 4430 4431 4405
f 4405 4431 4407
f 4407 4431 4432
f 4408 4407 4432
f 4410 4434 4433
f 4409 4410 4433
f 4433 4404 4409
f 4429 4404 4433
f 4432 4435 4408
f 4435 4411 4408
f 4434 4410 4436
f 4436 4410 4413
f 4414 4438 4437
f 4414 4411 4438
f 4411 4435 4438
f 4414 4437 4415
f 4436 4413 4439
f 4439 4413 4417
f 4437 4419 4418
f 4437 4438 4419
f 4438 4440 4419
f 4437 4418 4415
f 4439 4417 4441
f 4441 4417 4421
f 4440 4442 4419
f 4442 4422 4419
f 4441 4421 4423
f 4443 4441 4423
f 4443 4423 4444
f 4423 4425 4444
f 4444 4425 4445
f 4425 4426 4445
f 4445 4426 4446
f 4426 4427 4446
f 4446 4427 4422
f 4442 4446 4422
f 4429 4448 4447
f 4428 4429 4447
f 4447 4449 4428
f 4428 4449 4430
f 4449 4450 4430
f 4430 4450 4431
f 4431 4450 4451
f 4432 4431 4451
f 4434 4453 4452
f 4433 4434 4452
f 4452 4429 4433
f 4448 4429 4452
f 4451 4454 4432
f 4454 4435 4432
f 4453 4434 4455
f 4455 4434 4436
f 4454 4456 4435
f 4456 4438 4435
f 4455 4436 4457
f 4457 4436 4439
f 4456 4458 4438
f 4458 4440 4438
f 4459 4460 4457
f 4459 4457 4441
f 4441 4457 4439
f 4460 4459 4461
f 4464 4462 4463
f 4463 4462 4442
f 4463 4442 4458
f 4458 4442 4440
f 4459 4441 4443
f 4461 4459 4443
f 4461 4443 4465
f 4465 4443 4444
f 4465 4444 4466
f 4444 4445 4466
f 4462 4464 4466
f 4462 4466 4446
f 4446 4466 4445
f 4462 4446 4442
f 4469 4468 4467
f 4468 4470 4467
f 4448 4472 4471
f 4447 4448 4471
f 4471 4473 4447
f 4447 4473 4449
f 4467 4473 4469
f 4467 4450 4473
f 4450 4449 4473
f 4450 4467 4470
f 4450 4470 4451
f 4451 4470 4474
f 4453 4476 4475
f 4452 4453 4475
f 4475 4448 4452
f 4472 4448 4475
f 4474 4477 4451
f 4477 4454 4451
f 4476 4453 4478
f 4478 4453 4455
f 4477 4479 4454
f 4479 4456 4454
f 4478 4455 4480
f 4480 4455 4457
f 4479 4481 4456
f 4481 4458 4456
f 4480 4457 4460
f 4482 4480 4460
f 4460 4483 4482
f 4461 4483 4460
f 4464 4484 4485
f 4463 4484 4464
f 4484 4463 4458
f 4481 4484 4458
f 4483 4461 4465
f 4486 4483 4465
f 4486 4465 4487
f 4465 4466 4487
f 4487 4466 4464
f 4485 4487 4464
f 4490 4489 4488
f 4469 4488 4489
f 4469 4489 4468
f 4468 4489 4491
f 4468 4491 4492
f 4470 4468 4492
f 4495 4494 4493
f 4472 4493 4494
f 4472 4494 4471
f 4471 4494 4496
f 4488 4496 4490
f 4488 4473 4496
f 4473 4471 4496
f 4488 4469 4473
f 4492 4497 4470
f 4497 4474 4470
f 4493 4475 4476
f 4493 4476 4495
f 4495 4476 4498
f 4493 4472 4475
f 4497 4499 4474
f 4499 4477 4474
f 4498 4476 4500
f 4500 4476 4478
f 4499 4501 4477
f 4501 4479 4477
f 4502 4503 4500
f 4502 4500 4480
f 4480 4500 4478
f 4503 4502 4504
f 4501 4505 4479
f 4505 4481 4479
f 4502 4480 4482
f 4482 4483 4506
f 4502 4482 4506
f 4502 4506 4507
f 4502 4507 4504
f 4507 4508 4509
f 4506 4508 4507
f 4485 4509 4508
f 4485 4484 4509
f 4484 4510 4509
f 4510 4484 4481
f 4505 4510 4481
f 4506 4483 4486
f 4508 4506 4486
f 4487 4508 4486
f 4508 4487 4485
f 4490 4512 4511
f 4489 4490 4511
f 4514 4513 4491
f 4514 4491 4511
f 4511 4491 4489
f 4491 4513 4492
f 4495 4516 4515
f 4494 4495 4515
f 4515 4517 4494
f 4494 4517 4496
f 4517 4490 4496
f 4512 4490 4517
f 4514 4518 4513
f 4513 4518 4519
f 4513 4519 4492
f 4492 4519 4497
f 4516 4495 4520
f 4520 4495 4498
f 4519 4521 4497
f 4521 4499 4497
f 4520 4498 4522
f 4522 4498 4500
f 4521 4523 4499
f 4523 4501 4499
f 4522 4500 4503
f 4524 4522 4503
f 4503 4525 4524
f 4504 4525 4503
f 4523 4526 4501
f 4526 4505 4501
f 4525 4504 4507
f 4527 4525 4507
f 4527 4507 4528
f 4507 4509 4528
f 4528 4509 4529
f 4509 4510 4529
f 4529 4510 4505
f 4526 4529 4505
f 4512 4531 4530
f 4511 4512 4530
f 4511 4530 4532
f 4514 4511 4532
f 4516 4534 4533
f 4515 4516 4533
f 4533 4535 4515
f 4515 4535 4517
f 4535 4512 4517
f 4531 4512 4535
f 4532 4518 4514
f 4536 4518 4532
f 4518 4536 4537
f 4519 4518 4537
f 4534 4516 4538
f 4538 4516 4520
f 4537 4539 4519
f 4539 4521 4519
f 4538 4520 4540
f 4540 4520 4522
f 4539 4541 4521
f 4541 4523 4521
f 4540 4522 4524
f 4542 4540 4524
f 4524 4543 4542
f 4525 4543 4524
f 4546 4544 4545
f 4545 4544 4526
f 4545 4526 4541
f 4541 4526 4523
f 4543 4525 4527
f 4547 4543 4527
f 4547 4527 4548
f 4527 4528 4548
f 4544 4546 4548
f 4544 4548 4529
f 4529 4548 4528
f 4544 4529 4526
f 4531 4550 4549
f 4530 4531 4549
f 4530 4549 4551
f 4532 4530 4551
f 4534 4553 4552
f 4533 4534 4552
f 4552 4554 4533
f 4533 4554 4535
f 4554 4531 4535
f 4550 4531 4554
f 4551 4536 4532
f 4555 4536 4551
f 4536 4555 4556
f 4537 4536 4556
f 4553 4534 4557
f 4557 4534 4538
f 4556 4558 4537
f 4558 4539 4537
f 4559 4560 4557
f 4559 4557 4540
f 4540 4557 4538
f 4560 4559 4561
f 4558 4562 4539
f 4562 4541 4539
f 4559 4540 4542
f 4542 4543 4563
f 4559 4542 4563
f 4559 4563 4564
f 4559 4564 4561
f 4564 4565 4566
f 4563 4565 4564
f 4546 4566 4565
f 4546 4545 4566
f 4545 4567 4566
f 4567 4545 4541
f 4562 4567 4541
f 4563 4543 4547
f 4565 4563 4547
f 4548 4565 4547
f 4565 4548 4546
f 4570 4569 4568
f 4550 4568 4569
f 4550 4569 4549
f 4572 4571 4569
f 4571 4549 4569
f 4549 4571 4551
f 4553 4574 4573
f 4552 4553 4573
f 4568 4573 4570
f 4568 4554 4573
f 4554 4552 4573
f 4572 4575 4571
f 4568 4550 4554
f 4571 4555 4551
f 4571 4575 4555
f 4575 4576 4555
f 4555 4576 4577
f 4556 4555 4577
f 4574 4553 4578
f 4578 4553 4557
f 4577 4579 4556
f 4579 4558 4556
f 4578 4557 4560
f 4580 4578 4560
f 4560 4581 4580
f 4561 4581 4560
f 4584 4582 4583
f 4583 4582 4562
f 4583 4562 4579
f 4579 4562 4558
f 4581 4561 4564
f 4585 4581 4564
f 4585 4564 4586
f 4564 4566 4586
f 4582 4584 4586
f 4582 4586 4567
f 4567 4586 4566
f 4582 4567 4562
f 4589 4588 4587
f 4570 4587 4588
f 4570 4588 4569
f 4569 4588 4590
f 4569 4590 4591
f 4572 4569 4591
f 4587 4573 4574
f 4587 4574 4589
f 4589 4574 4592
f 4587 4570 4573
f 4591 4575 4572
f 4593 4575 4591
f 4595 4594 4576
f 4595 4576 4593
f 4593 4576 4575
f 4576 4594 4577
f 4592 4574 4596
f 4596 4574 4578
f 4595 4597 4594
f 4594 4597 4598
f 4594 4598 4577
f 4577 4598 4579
f 4596 4578 4580
f 4599 4596 4580
f 4580 4600 4599
f 4581 4600 4580
f 4603 4601 4602
f 4584 4602 4601
f 4584 4583 4602
f 4583 4604 4602
f 4604 4583 4579
f 4598 4604 4579
f 4600 4581 4585
f 4605 4600 4585
f 4601 4603 4605
f 4601 4605 4586
f 4586 4605 4585
f 4601 4586 4584
f 4589 4607 4606
f 4588 4589 4606
f 4606 4608 4588
f 4588 4608 4590
f 4590 4608 4609
f 4591 4590 4609
f 4607 4589 4610
f 4610 4589 4592
f 4609 4593 4591
f 4611 4593 4609
f 4593 4611 4612
f 4595 4593 4612
f 4610 4592 4613
f 4613 4592 4596
f 4597 4615 4614
f 4597 4595 4615
f 4595 4612 4615
f 4597 4614 4598
f 4613 4596 4599
f 4616 4613 4599
f 4617 4599 4600
f 4617 4618 4599
f 4618 4616 4599
f 4603 4618 4617
f 4603 4602 4618
f 4602 4619 4618
f 4614 4615 4619
f 4614 4619 4604
f 4604 4619 4602
f 4614 4604 4598
f 4617 4600 4605
f 4617 4605 4603
f 4606 4607 4620
f 4608 4606 4620
f 4621 4608 4620
f 4608 4621 4609
f 4622 4620 4607
f 4622 4607 4623
f 4623 4607 4610
f 4620 4624 4621
f 4622 4624 4620
f 4626 4625 4611
f 4624 4626 4611
f 4624 4611 4609
f 4624 4609 4621
f 4611 4625 4612
f 4627 4628 4623
f 4627 4623 4613
f 4613 4623 4610
f 4628 4629 4630
f 4627 4629 4628
f 4630 4625 4626
f 4630 4629 4625
f 4629 4631 4625
f 4625 4631 4615
f 4612 4625 4615
f 4627 4613 4616
f 4629 4627 4616
f 4618 4629 4616
f 4631 4629 4618
f 4619 4631 4618
f 4631 4619 4615
f 4622 4623 4632
f 4624 4622 4632
f 4633 4624 4632
f 4624 4633 4626
f 4632 4623 4628
f 4633 4632 4628
f 4630 4633 4628
f 4633 4630 4626

