# https://github.com/mikedh/trimesh
v -0.48437500 -0.07031229 -0.04687500
v -0.48437500 -0.06250000 -0.05468729
v -0.50000000 -0.07030095 -0.04687500
v -0.50000000 -0.06250000 -0.05467595
v -0.48437500 -0.07031250 -0.03125000
v -0.50000000 -0.07031250 -0.03125000
v -0.48437500 -0.07031250 -0.01562500
v -0.50000000 -0.07031250 -0.01562500
v -0.48437500 -0.07031250 0.00000000
v -0.50000000 -0.07031250 0.00000000
v -0.48437500 -0.07045460 0.01562500
v -0.50000000 -0.07031250 0.01562500
v -0.48437500 -0.07103205 0.03125000
v -0.50000000 -0.07031250 0.03125000
v -0.48437500 -0.07029991 0.04687500
v -0.50000000 -0.06899811 0.04687500
v -0.48437500 -0.06250000 0.05467491
v -0.50000000 -0.06250000 0.05337311
v -0.49016233 -0.04687500 -0.07812500
v -0.48437500 -0.05219199 -0.07812500
v -0.48437500 -0.04687500 -0.08344199
v -0.48437500 -0.05468750 -0.06250000
v -0.50000000 -0.05468750 -0.06250000
v -0.50000000 -0.04687500 -0.07082530
v -0.48437500 -0.05468695 0.06250000
v -0.50000000 -0.05431902 0.06250000
v -0.48437500 -0.04687500 0.07031195
v -0.50000000 -0.04687500 0.06994402
v -0.48437500 -0.03125000 -0.08581310
v -0.50000000 -0.03218809 -0.07812500
v -0.50000000 -0.03125000 -0.07895366
v -0.48437500 -0.03125000 0.07083139
v -0.50000000 -0.03125000 0.07031250
v -0.48437500 -0.02136359 -0.07812500
v -0.50000000 -0.03041343 -0.07812500
v -0.48437500 -0.01562500 -0.07250156
v -0.50000000 -0.01562500 -0.07035171
v -0.48437500 -0.01562500 0.07031250
v -0.50000000 -0.01562500 0.07031250
v -0.48437500 0.00000000 -0.07031250
v -0.50000000 0.00000000 -0.07031250
v -0.48437500 0.00000000 0.07031250
v -0.50000000 0.00000000 0.07031250
v -0.48437500 0.01562500 -0.07031250
v -0.50000000 0.01562500 -0.07031250
v -0.48437500 0.01562500 0.07031250
v -0.50000000 0.01562500 0.07031250
v -0.48437500 0.03125000 -0.07031250
v -0.50000000 0.03125000 -0.07031249
v -0.48437500 0.03125000 0.07031250
v -0.50000000 0.03125000 0.07031250
v -0.49280717 0.04687500 -0.06250000
v -0.48437500 0.04687500 -0.07030148
v -0.50000000 0.03969311 -0.06250000
v -0.50000000 0.04687500 -0.05531811
v -0.48437500 0.04687500 0.07030699
v -0.50000000 0.04687500 0.06862704
v -0.48437500 0.05467648 -0.06250000
v -0.49244104 0.06250000 -0.04687500
v -0.48437500 0.06250000 -0.05465712
v -0.50000000 0.05497137 -0.04687500
v -0.50000000 0.06250000 -0.03934613
v -0.48437500 0.05468199 0.06250000
v -0.48437500 0.06250000 0.05468715
v -0.50000000 0.05300204 0.06250000
v -0.50000000 0.06250000 0.05452975
v -0.48437500 0.07028212 -0.04687500
v -0.48437500 0.07031250 -0.03125000
v -0.50000000 0.07031225 -0.03125000
v -0.48437500 0.07031250 -0.01562500
v -0.50000000 0.07031250 -0.01562500
v -0.48437500 0.07031250 0.00000000
v -0.50000000 0.07031250 0.00000000
v -0.48437500 0.07031250 0.01562500
v -0.50000000 0.07031250 0.01562500
v -0.48437500 0.07031250 0.03125000
v -0.50000000 0.07031250 0.03125000
v -0.48437500 0.07031215 0.04687500
v -0.50000000 0.07015475 0.04687500
v -0.46875000 -0.07031250 -0.04687500
v -0.46875000 -0.06250000 -0.05502148
v -0.46875000 -0.07171847 -0.03125000
v -0.46875000 -0.07591166 -0.01562500
v -0.46875000 -0.07094041 0.00000000
v -0.46875000 -0.07097226 0.01562500
v -0.46875000 -0.07361114 0.03125000
v -0.46875000 -0.07030983 0.04687500
v -0.46875000 -0.06250000 0.05468483
v -0.46875000 -0.05358799 -0.07812500
v -0.46875000 -0.04687500 -0.08483799
v -0.46875000 -0.05502148 -0.06250000
v -0.46875000 -0.05468747 0.06250000
v -0.46875000 -0.04687500 0.07199553
v -0.46875000 -0.03125000 -0.08586388
v -0.47046613 -0.03125000 0.07812500
v -0.46875000 -0.03348980 0.07812500
v -0.46875000 -0.03125000 0.07964820
v -0.46875000 -0.02155106 -0.07812500
v -0.46875000 -0.01562500 -0.07226811
v -0.46875000 -0.02925963 0.07812500
v -0.46875000 -0.01562500 0.07148022
v -0.46875000 0.00000000 -0.07031250
v -0.46875000 0.00000000 0.07031250
v -0.46875000 0.01562500 -0.07031250
v -0.46875000 0.01562500 0.07031250
v -0.46875000 0.03125000 -0.07031250
v -0.46875000 0.03125000 0.07031250
v -0.46875000 0.04687500 -0.07031237
v -0.46875000 0.04687500 0.07031247
v -0.46875000 0.05468737 -0.06250000
v -0.46875000 0.06250000 -0.05468732
v -0.46875000 0.05468747 0.06250000
v -0.46875000 0.06250000 0.05468749
v -0.46875000 0.07031232 -0.04687500
v -0.46875000 0.07031250 -0.03125000
v -0.46875000 0.07031250 -0.01562500
v -0.46875000 0.07031250 0.00000000
v -0.46875000 0.07031250 0.01562500
v -0.46875000 0.07031250 0.03125000
v -0.46875000 0.07031249 0.04687500
v -0.46041487 -0.07812500 -0.03125000
v -0.45312500 -0.08403184 -0.03125000
v -0.45312500 -0.07812500 -0.03715684
v -0.46030711 -0.07812500 -0.01562500
v -0.45312500 -0.08004851 -0.01562500
v -0.45312500 -0.07812500 -0.00844918
v -0.46013092 -0.07812500 0.03125000
v -0.45312500 -0.08200376 0.03125000
v -0.45312500 -0.07812500 0.02429199
v -0.45312500 -0.07812500 0.03512876
v -0.45312500 -0.07031250 -0.04687500
v -0.45312500 -0.06250000 -0.05485025
v -0.45312500 -0.07590858 0.00000000
v -0.45312500 -0.07357121 0.01562500
v -0.45312500 -0.07031206 0.04687500
v -0.45312500 -0.06250000 0.05468706
v -0.45312500 -0.05113222 -0.07812500
v -0.45312500 -0.04687500 -0.08238222
v -0.45312500 -0.05485025 -0.06250000
v -0.45312500 -0.05468750 0.06250000
v -0.46034112 -0.04687500 0.07812500
v -0.45312500 -0.05244494 0.07812500
v -0.45312500 -0.04687500 0.08369494
v -0.45312500 -0.03125000 -0.08572554
v -0.45312500 -0.03125000 0.08511030
v -0.45312500 -0.02260991 -0.07812500
v -0.45312500 -0.01562500 -0.07134907
v -0.45312500 -0.01739748 0.07812500
v -0.45312500 -0.01562500 0.07666010
v -0.45312500 0.00000000 -0.07031250
v -0.45312500 0.00000000 0.07544060
v -0.45312500 0.01562500 -0.07068836
v -0.45312500 0.01562500 0.07080090
v -0.45312500 0.03125000 -0.07067551
v -0.45312500 0.03125000 0.07031250
v -0.45312500 0.04687500 -0.07031247
v -0.45312500 0.04687500 0.07031249
v -0.45312500 0.05468747 -0.06250000
v -0.45312500 0.06250000 -0.05468744
v -0.45312500 0.05468749 0.06250000
v -0.45312500 0.06250000 0.05468750
v -0.45312500 0.07031244 -0.04687500
v -0.45312500 0.07031250 -0.03125000
v -0.45312500 0.07132304 -0.01562500
v -0.45312500 0.07065985 0.00000000
v -0.45312500 0.07078412 0.01562500
v -0.45312500 0.07053922 0.03125000
v -0.45312500 0.07031250 0.04687500
v -0.43750000 -0.08467038 -0.03125000
v -0.43750000 -0.07812500 -0.03779538
v -0.43750000 -0.08160897 -0.01562500
v -0.45003935 -0.07812500 0.00000000
v -0.43750000 -0.08440342 0.00000000
v -0.44508533 -0.07812500 0.01562500
v -0.43750000 -0.08249339 0.01562500
v -0.43750000 -0.08509247 0.03125000
v -0.43750000 -0.07812500 0.03821747
v -0.43750000 -0.07031250 -0.04687500
v -0.43750000 -0.06250000 -0.05468750
v -0.43750000 -0.07031243 0.04687500
v -0.43750000 -0.06250000 0.05496382
v -0.44275677 -0.04687500 -0.07812500
v -0.43750000 -0.05468750 -0.06250000
v -0.43750000 -0.04687500 -0.07563165
v -0.43750000 -0.05496389 0.06250000
v -0.43750000 -0.05415408 0.07812500
v -0.43750000 -0.04687500 0.08540408
v -0.43750000 -0.04397311 -0.07812500
v -0.43750000 -0.03125000 -0.08522333
v -0.43750000 -0.03125000 0.08567173
v -0.43750000 -0.02415167 -0.07812500
v -0.43750000 -0.01562500 -0.07031250
v -0.44819439 -0.01562500 0.07812500
v -0.43750000 -0.01562500 0.08098851
v -0.43750000 0.00000000 -0.07031250
v -0.43750000 -0.01160073 0.07812500
v -0.43750000 0.00000000 0.07198789
v -0.43750000 0.01562500 -0.07056715
v -0.43750000 0.01562500 0.07171133
v -0.43750000 0.03125000 -0.07164083
v -0.43750000 0.03125000 0.07031250
v -0.43750000 0.04687500 -0.07031249
v -0.43750000 0.04687500 0.07031250
v -0.43750000 0.05468749 -0.06250000
v -0.43750000 0.06250000 -0.05468748
v -0.43750000 0.05468750 0.06250000
v -0.43750000 0.06250000 0.05468750
v -0.43750000 0.07031248 -0.04687500
v -0.43750000 0.07054402 -0.03125000
v -0.43750000 0.07364461 -0.01562500
v -0.44026878 0.07812500 0.00000000
v -0.43750000 0.07812500 -0.00513909
v -0.43750000 0.07574751 0.01562500
v -0.43750000 0.07812500 0.00817694
v -0.43750000 0.07186383 0.03125000
v -0.43750000 0.07031250 0.04687500
v -0.43750000 0.08069685 0.00000000
v -0.42187500 -0.08452633 -0.03125000
v -0.42187500 -0.07812500 -0.03765133
v -0.42187500 -0.08202372 -0.01562500
v -0.42187500 -0.08396395 0.00000000
v -0.42187500 -0.08530307 0.01562500
v -0.42187500 -0.08566961 0.03125000
v -0.42187500 -0.07812500 0.03879461
v -0.42187500 -0.07031250 -0.04687500
v -0.42187500 -0.06250000 -0.05468750
v -0.42187500 -0.07031247 0.04687500
v -0.42187500 -0.06250000 0.05493153
v -0.42187500 -0.05468750 -0.06250000
v -0.42187500 -0.04687500 -0.07077074
v -0.42187500 -0.05493155 0.06250000
v -0.42187500 -0.05220808 0.07812500
v -0.42187500 -0.04687500 0.08345808
v -0.42187500 -0.03177615 -0.07812500
v -0.42187500 -0.03125000 -0.07859460
v -0.42187500 -0.03125000 0.08528015
v -0.42187500 -0.03078040 -0.07812500
v -0.42187500 -0.01562500 -0.07031250
v -0.42187500 -0.01562500 0.07920776
v -0.42187500 0.00000000 -0.07031250
v -0.42187500 -0.01433724 0.07812500
v -0.42187500 0.00000000 0.07104312
v -0.42187500 0.01562500 -0.07055484
v -0.42187500 0.01562500 0.07085317
v -0.42187500 0.03125000 -0.07805972
v -0.42187500 0.03125000 0.07031250
v -0.42187500 0.04687500 -0.07031250
v -0.42187500 0.04687500 0.07031250
v -0.42187500 0.05468750 -0.06250000
v -0.42187500 0.06250000 -0.05468750
v -0.42187500 0.05468750 0.06250000
v -0.42187500 0.06250000 0.05468750
v -0.42187500 0.07031250 -0.04687500
v -0.42187500 0.07107640 -0.03125000
v -0.42187500 0.07428803 -0.01562500
v -0.42187500 0.07812500 -0.00962378
v -0.43443804 0.07812500 0.01562500
v -0.42445850 0.07812500 0.03125000
v -0.42187500 0.07106896 0.04687500
v -0.42187500 0.07812500 0.03341516
v -0.42187500 0.08348376 0.00000000
v -0.42187500 0.08475120 0.01562500
v -0.42187500 0.07995259 0.03125000
v -0.40625000 -0.08248812 -0.03125000
v -0.40625000 -0.07812500 -0.03561312
v -0.40838902 -0.07812500 -0.01562500
v -0.40625000 -0.07812500 -0.01749700
v -0.40625000 -0.08164046 0.00000000
v -0.40625000 -0.07812500 -0.01322302
v -0.40625000 -0.08555367 0.01562500
v -0.40625000 -0.08565418 0.03125000
v -0.40625000 -0.07812500 0.03877918
v -0.40625000 -0.07031250 -0.04687500
v -0.40625000 -0.06250000 -0.05468750
v -0.40625000 -0.07734230 -0.01562500
v -0.40625000 -0.07031248 0.04687500
v -0.40625000 -0.06250000 0.05468748
v -0.40625000 -0.05468750 -0.06250000
v -0.40625000 -0.04687500 -0.07031250
v -0.40625000 -0.05468750 0.06250000
v -0.41467456 -0.04687500 0.07812500
v -0.40625000 -0.04687500 0.07222747
v -0.42131984 -0.03125000 -0.07812500
v -0.40625000 -0.03125000 -0.07098674
v -0.40625000 -0.03276278 0.07812500
v -0.40625000 -0.03125000 0.07907851
v -0.40625000 -0.01562500 -0.07031250
v -0.41911738 -0.01562500 0.07812500
v -0.40625000 -0.02878772 0.07812500
v -0.40625000 -0.01562500 0.07409621
v -0.40625000 0.00000000 -0.07031250
v -0.40625000 0.00000000 0.07062883
v -0.40625000 0.01562500 -0.07113375
v -0.40625000 0.01562500 0.07055484
v -0.42174713 0.03125000 -0.07812500
v -0.40625000 0.02522334 -0.07812500
v -0.40625000 0.03125000 -0.08339159
v -0.40625000 0.03125000 0.07031250
v -0.40625000 0.03651659 -0.07812500
v -0.40625000 0.04687500 -0.07031250
v -0.40625000 0.04687500 0.07031250
v -0.40625000 0.05468750 -0.06250000
v -0.40625000 0.06250000 -0.05468750
v -0.40625000 0.05589646 0.06250000
v -0.40625000 0.06250000 0.05589646
v -0.40625000 0.07031250 -0.04687500
v -0.40630735 0.07812500 -0.03125000
v -0.40625000 0.07812500 -0.03129717
v -0.40625000 0.07744371 -0.01562500
v -0.40625000 0.07812500 -0.03027688
v -0.40625000 0.07812500 -0.01392942
v -0.40625000 0.07460899 0.04687500
v -0.40625000 0.07812500 0.04292461
v -0.40625000 0.07817217 -0.03125000
v -0.40625000 0.08238246 0.00000000
v -0.40625000 0.08370597 0.01562500
v -0.40625000 0.08534093 0.03125000
v -0.39954393 -0.07812500 -0.03125000
v -0.39923105 -0.07812500 0.00000000
v -0.39062500 -0.08551749 0.01562500
v -0.39062500 -0.07812500 0.00443547
v -0.39062500 -0.08482335 0.03125000
v -0.39062500 -0.07812500 0.03794835
v -0.39062500 -0.07031250 -0.04687500
v -0.39062500 -0.06250000 -0.05468750
v -0.39062500 -0.07281173 -0.03125000
v -0.39062500 -0.07171172 -0.01562500
v -0.39062500 -0.07402331 0.00000000
v -0.39062500 -0.07031246 0.04687500
v -0.39062500 -0.06250000 0.05468746
v -0.39062500 -0.05468750 -0.06250000
v -0.39062500 -0.04687500 -0.07031250
v -0.39062500 -0.05468750 0.06250000
v -0.39062500 -0.04687500 0.07031250
v -0.39062500 -0.03125000 -0.07031250
v -0.40506945 -0.03125000 0.07812500
v -0.39062500 -0.03125000 0.07120385
v -0.39062500 -0.01562500 -0.07031250
v -0.39062500 -0.01562500 0.07172918
v -0.39062500 0.00000000 -0.07031250
v -0.39062500 0.00000000 0.07115096
v -0.39062500 0.01562500 -0.07278624
v -0.39062500 0.01562500 0.07050456
v -0.39062500 0.02209952 -0.07812500
v -0.39062500 0.03125000 -0.08473662
v -0.39062500 0.03125000 0.07067593
v -0.39062500 0.03786162 -0.07812500
v -0.39062500 0.04687500 -0.07031250
v -0.39062500 0.04687500 0.07354716
v -0.39062500 0.05535466 -0.06250000
v -0.39062500 0.06250000 -0.05535466
v -0.39798547 0.06250000 0.06250000
v -0.39062500 0.06250000 0.06866626
v -0.39062500 0.07031250 -0.04687500
v -0.39062500 0.07812500 -0.03830900
v -0.40509841 0.07812500 -0.01562500
v -0.39132364 0.07812500 0.01562500
v -0.39062500 0.07772893 0.01562500
v -0.39062500 0.07812500 0.01464151
v -0.39062500 0.07812500 0.01659140
v -0.39062500 0.07310743 0.04687500
v -0.39062500 0.07812500 0.03835529
v -0.39062500 0.06866626 0.06250000
v -0.39062500 0.08518400 -0.03125000
v -0.39062500 0.08381668 -0.01562500
v -0.39062500 0.08248618 0.00000000
v -0.39062500 0.08254521 0.03125000
v -0.37500000 -0.08512433 0.01562500
v -0.37500000 -0.07812500 0.00764697
v -0.37500000 -0.08465021 0.03125000
v -0.37500000 -0.07812500 0.03777521
v -0.37500000 -0.07031250 -0.04687500
v -0.37500000 -0.06250000 -0.05468750
v -0.37500000 -0.07080733 -0.03125000
v -0.37500000 -0.07052414 -0.01562500
v -0.37500000 -0.07128904 0.00000000
v -0.37500000 -0.07031238 0.04687500
v -0.37500000 -0.06250000 0.05468738
v -0.37500000 -0.05468750 -0.06250000
v -0.37500000 -0.04687500 -0.07031250
v -0.37500000 -0.05468750 0.06250000
v -0.37500000 -0.04687500 0.07031250
v -0.37500000 -0.03125000 -0.07031250
v -0.37500000 -0.03125000 0.07091379
v -0.37500000 -0.01562500 -0.07031250
v -0.37500000 -0.01562500 0.07166019
v -0.37500000 0.00000000 -0.07057523
v -0.37500000 0.00000000 0.07241002
v -0.37500000 0.01562500 -0.07736388
v -0.37500000 0.01562500 0.07058493
v -0.37500000 0.01653436 -0.07812500
v -0.37500000 0.03125000 -0.08520542
v -0.37500000 0.03125000 0.07091253
v -0.37500000 0.03833042 -0.07812500
v -0.37500000 0.04687500 -0.07031250
v -0.38490616 0.04687500 0.07812500
v -0.37500000 0.03975460 0.07812500
v -0.37500000 0.04687500 0.08465410
v -0.37500000 0.05910518 -0.06250000
v -0.37500000 0.06250000 -0.05910518
v -0.37500000 0.05340410 0.07812500
v -0.37500000 0.06250000 0.06253950
v -0.37500000 0.07074686 -0.04687500
v -0.37500000 0.07812500 -0.03937848
v -0.37500000 0.07274737 0.01562500
v -0.37500000 0.07812500 0.00785887
v -0.37548902 0.07812500 0.03125000
v -0.37500000 0.07792836 0.03125000
v -0.37500000 0.07114375 0.04687500
v -0.37500000 0.06253950 0.06250000
v -0.37500000 0.08581885 -0.03125000
v -0.37500000 0.08527196 -0.01562500
v -0.37500000 0.08354458 0.00000000
v -0.35937500 -0.08462141 0.01562500
v -0.35937500 -0.07812500 0.00799414
v -0.35937500 -0.08491624 0.03125000
v -0.35937500 -0.07812500 0.03804124
v -0.35937500 -0.07031250 -0.04687500
v -0.35937500 -0.06250000 -0.05468750
v -0.35937500 -0.07050248 -0.03125000
v -0.35937500 -0.07031250 -0.01562500
v -0.35937500 -0.07145141 0.00000000
v -0.35937500 -0.07031209 0.04687500
v -0.35937500 -0.06250000 0.05468709
v -0.35937500 -0.05468750 -0.06250000
v -0.35937500 -0.04687500 -0.07031250
v -0.35937500 -0.05468749 0.06250000
v -0.35937500 -0.04687500 0.07031249
v -0.35937500 -0.03125000 -0.07031250
v -0.35937500 -0.03125000 0.07088611
v -0.35937500 -0.01562500 -0.07031250
v -0.35937500 -0.01562500 0.07143564
v -0.35937500 0.00000000 -0.07150503
v -0.35937500 0.00000000 0.07328464
v -0.37356225 0.01562500 -0.07812500
v -0.35937500 0.00926018 -0.07812500
v -0.35937500 0.01562500 -0.08336991
v -0.35937500 0.01562500 0.07083330
v -0.35937500 0.03125000 -0.08172117
v -0.35937500 0.03125000 0.07395128
v -0.35937500 0.03484617 -0.07812500
v -0.35937500 0.04687500 -0.07031250
v -0.35937500 0.03604015 0.07812500
v -0.35937500 0.04687500 0.08518558
v -0.35937500 0.05996841 -0.06250000
v -0.35937500 0.06250000 -0.05996841
v -0.37494026 0.06250000 0.06250000
v -0.35937500 0.05628534 0.06250000
v -0.35937500 0.06250000 0.05628534
v -0.35937500 0.05393558 0.07812500
v -0.35937500 0.07572687 -0.04687500
v -0.35937500 0.07812500 -0.04446789
v -0.35937500 0.07496591 0.01562500
v -0.35937500 0.07812500 0.00421058
v -0.35937500 0.07381464 0.03125000
v -0.35937500 0.07050477 0.04687500
v -0.35937500 0.08592026 -0.03125000
v -0.35937500 0.08562407 -0.01562500
v -0.35937500 0.07946078 0.00000000
v -0.34375000 -0.08246694 0.01562500
v -0.34375000 -0.07812500 0.01014474
v -0.34375000 -0.08524138 0.03125000
v -0.34375000 -0.07812500 0.03836638
v -0.34375000 -0.07031250 -0.04687500
v -0.34375000 -0.06250000 -0.05468750
v -0.34375000 -0.07060116 -0.03125000
v -0.34375000 -0.07031250 -0.01562500
v -0.34375000 -0.07162486 0.00000000
v -0.34375000 -0.07031127 0.04687500
v -0.34375000 -0.06250000 0.05468627
v -0.34375000 -0.05468750 -0.06250000
v -0.34375000 -0.04687500 -0.07031250
v -0.34375000 -0.05468748 0.06250000
v -0.34375000 -0.04687500 0.07031248
v -0.34375000 -0.03125000 -0.07031250
v -0.34375000 -0.03125000 0.07090246
v -0.34375000 -0.01562500 -0.07093348
v -0.34375000 -0.01562500 0.07124005
v -0.34375000 0.00000000 -0.07809686
v -0.34375000 0.00000000 0.07343884
v -0.34375000 0.00003142 -0.07812500
v -0.34375000 0.01562500 -0.08550638
v -0.34375000 0.01562500 0.07169789
v -0.34940846 0.03125000 -0.07812500
v -0.34375000 0.02876009 -0.07812500
v -0.34375000 0.03125000 -0.07585773
v -0.35273780 0.03125000 0.07812500
v -0.34375000 0.02478205 0.07812500
v -0.34375000 0.03125000 0.08328840
v -0.34375000 0.04687500 -0.07031250
v -0.34375000 0.04687500 0.08379678
v -0.34375000 0.05572829 -0.06250000
v -0.34375000 0.06250000 -0.05572829
v -0.34375000 0.05504598 0.06250000
v -0.34375000 0.06250000 0.05504598
v -0.34375000 0.05254678 0.07812500
v -0.35562215 0.07812500 -0.04687500
v -0.34375000 0.07812500 -0.05257034
v -0.34375000 0.07515719 0.01562500
v -0.34375000 0.07812500 0.01098983
v -0.34375000 0.07193511 0.03125000
v -0.34375000 0.07031250 0.04687500
v -0.34375000 0.08382034 -0.04687500
v -0.34375000 0.08593457 -0.03125000
v -0.34375000 0.08499855 -0.01562500
v -0.34375000 0.08370781 0.00000000
v -0.33432132 -0.07812500 0.01562500
v -0.32812500 -0.08537152 0.03125000
v -0.32812500 -0.07812500 0.01916008
v -0.32812500 -0.07812500 0.03849652
v -0.32812500 -0.07031250 -0.04687500
v -0.32812500 -0.06250000 -0.05468750
v -0.32812500 -0.07131343 -0.03125000
v -0.32812500 -0.07031250 -0.01562500
v -0.32812500 -0.07141920 0.00000000
v -0.32812500 -0.07497112 0.01562500
v -0.32812500 -0.07031129 0.04687500
v -0.32812500 -0.06250000 0.05468629
v -0.32812500 -0.05468750 -0.06250000
v -0.32812500 -0.04687500 -0.07031250
v -0.32812500 -0.05468747 0.06250000
v -0.32812500 -0.04687500 0.07031247
v -0.32812500 -0.03125000 -0.07031250
v -0.32812500 -0.03125000 0.07091127
v -0.32812500 -0.01562500 -0.07407129
v -0.32812500 -0.01562500 0.07109103
v -0.34371335 0.00000000 -0.07812500
v -0.32812500 -0.01072715 -0.07812500
v -0.32812500 0.00000000 -0.08490870
v -0.32812500 0.00000000 0.07340605
v -0.32812500 0.01562500 -0.08569483
v -0.33238390 0.01562500 0.07812500
v -0.32812500 0.00973453 0.07812500
v -0.32812500 0.01562500 0.08136715
v -0.32812500 0.02607211 -0.07812500
v -0.32812500 0.03125000 -0.07315995
v -0.32812500 0.03125000 0.08497499
v -0.32812500 0.04687500 -0.07031250
v -0.32963605 0.04687500 0.07812500
v -0.32812500 0.04574239 0.07812500
v -0.32812500 0.04687500 0.07722657
v -0.32812500 0.05496318 -0.06250000
v -0.32812500 0.06250000 -0.05496318
v -0.32812500 0.05468750 0.06250000
v -0.32812500 0.06250000 0.05468750
v -0.32812500 0.07812500 -0.05128534
v -0.32812500 0.07614716 0.01562500
v -0.32812500 0.07812500 0.01337376
v -0.32812500 0.07184118 0.03125000
v -0.32812500 0.07031250 0.04687500
v -0.32812500 0.08253534 -0.04687500
v -0.32812500 0.08593444 -0.03125000
v -0.32812500 0.08558386 -0.01562500
v -0.32812500 0.08535378 0.00000000
v -0.31250000 -0.08185664 0.03125000
v -0.31250000 -0.07812500 0.02631343
v -0.31250000 -0.07812500 0.03498164
v -0.31250000 -0.07031250 -0.04687500
v -0.31250000 -0.06250000 -0.05468750
v -0.31250000 -0.07385595 -0.03125000
v -0.31250000 -0.07081484 -0.01562500
v -0.31250000 -0.07084323 0.00000000
v -0.31250000 -0.07180428 0.01562500
v -0.31250000 -0.07031222 0.04687500
v -0.31250000 -0.06250000 0.05468722
v -0.31250000 -0.05468750 -0.06250000
v -0.31250000 -0.04687500 -0.07031250
v -0.31250000 -0.05468745 0.06250000
v -0.31250000 -0.04687500 0.07031245
v -0.31250000 -0.03125000 -0.07105984
v -0.31250000 -0.03125000 0.07090179
v -0.32098141 -0.01562500 -0.07812500
v -0.31250000 -0.02086052 -0.07812500
v -0.31250000 -0.01562500 -0.08271487
v -0.31250000 -0.01562500 0.07101881
v -0.31250000 0.00000000 -0.08579834
v -0.31250000 0.00000000 0.07404465
v -0.31250000 0.01562500 -0.08554554
v -0.31250000 0.00452734 0.07812500
v -0.31250000 0.01562500 0.08537814
v -0.31250000 0.02462972 -0.07812500
v -0.31250000 0.03125000 -0.07188465
v -0.31250000 0.03125000 0.08280939
v -0.31250000 0.04687500 -0.07031250
v -0.31250000 0.03745337 0.07812500
v -0.31250000 0.04687500 0.07196800
v -0.31250000 0.05468750 -0.06250000
v -0.31250000 0.06250000 -0.05468750
v -0.31250000 0.05468750 0.06250000
v -0.31250000 0.06250000 0.05468750
v -0.32242298 0.07812500 -0.04687500
v -0.31250000 0.07177640 -0.04687500
v -0.31250000 0.07812500 -0.04052509
v -0.31602226 0.07812500 0.01562500
v -0.31250000 0.07240002 0.03125000
v -0.31250000 0.07812500 0.01668717
v -0.31250000 0.07031250 0.04687500
v -0.31250000 0.08593615 -0.03125000
v -0.31250000 0.08583018 -0.01562500
v -0.31250000 0.08574366 0.00000000
v -0.31250000 0.07875736 0.01562500
v -0.30361784 -0.07812500 -0.03125000
v -0.29687500 -0.08159411 -0.03125000
v -0.29687500 -0.07812500 -0.03471911
v -0.29687500 -0.07812500 -0.02700996
v -0.30529737 -0.07812500 0.03125000
v -0.29687500 -0.07031250 -0.04687500
v -0.29687500 -0.06250000 -0.05468750
v -0.29687500 -0.07134622 -0.01562500
v -0.29687500 -0.07060733 0.00000000
v -0.29687500 -0.07067403 0.01562500
v -0.29687500 -0.07393104 0.03125000
v -0.29687500 -0.07031243 0.04687500
v -0.29687500 -0.06250000 0.05468743
v -0.29687500 -0.05468750 -0.06250000
v -0.29687500 -0.04687500 -0.07031250
v -0.29687500 -0.05468743 0.06250000
v -0.29687500 -0.04687500 0.07031243
v -0.29687500 -0.03125000 -0.07400882
v -0.29687500 -0.03125000 0.07088689
v -0.29687500 -0.02660392 -0.07812500
v -0.29687500 -0.01562500 -0.08528188
v -0.29687500 -0.01562500 0.07095344
v -0.29687500 0.00000000 -0.08589739
v -0.30621011 0.00000000 0.07812500
v -0.29687500 -0.00596992 0.07812500
v -0.29687500 0.00000000 0.08350112
v -0.29687500 0.01562500 -0.08521904
v -0.29687500 0.01562500 0.08582129
v -0.29687500 0.02364659 -0.07812500
v -0.29687500 0.03125000 -0.07123777
v -0.29687500 0.03125000 0.08110174
v -0.29687500 0.04687500 -0.07031250
v -0.29687500 0.03447955 0.07812500
v -0.29687500 0.04687500 0.07070944
v -0.29687500 0.05468750 -0.06250000
v -0.29687500 0.06250000 -0.05468750
v -0.29687500 0.05468750 0.06250000
v -0.29687500 0.06250000 0.05468750
v -0.29687500 0.07031250 -0.04687500
v -0.29687500 0.07812500 -0.03906193
v -0.29687500 0.07375273 0.03125000
v -0.29687500 0.07812500 0.02205690
v -0.29687500 0.07031250 0.04687500
v -0.29687500 0.08593693 -0.03125000
v -0.29687500 0.08591037 -0.01562500
v -0.29687500 0.08579334 0.00000000
v -0.29687500 0.08146473 0.01562500
v -0.28125000 -0.08485746 -0.03125000
v -0.28125000 -0.07812500 -0.03798246
v -0.28125000 -0.07812500 -0.02349307
v -0.28125000 -0.07031250 -0.04687500
v -0.28125000 -0.06250000 -0.05468750
v -0.28125000 -0.07133797 -0.01562500
v -0.28125000 -0.07031250 0.00000000
v -0.28125000 -0.07031250 0.01562500
v -0.28125000 -0.07427512 0.03125000
v -0.28125000 -0.07064858 0.04687500
v -0.28125000 -0.06250000 0.05468749
v -0.28125000 -0.05468750 -0.06250000
v -0.28125000 -0.04687500 -0.07031250
v -0.28125000 -0.05468739 0.06250000
v -0.28125000 -0.04687500 0.07031239
v -0.28956942 -0.03125000 -0.07812500
v -0.28125000 -0.03577208 -0.07812500
v -0.28125000 -0.03125000 -0.08264708
v -0.28125000 -0.03125000 0.07087151
v -0.28125000 -0.01562500 -0.08580577
v -0.28125000 -0.01562500 0.07093529
v -0.28125000 0.00000000 -0.08588745
v -0.28125000 -0.00798447 0.07812500
v -0.28125000 0.00000000 0.08548588
v -0.28125000 0.01562500 -0.08468662
v -0.28125000 0.01562500 0.08579876
v -0.28125000 0.02272525 -0.07812500
v -0.28125000 0.03125000 -0.07085911
v -0.28125000 0.03125000 0.07848611
v -0.28125000 0.04687500 -0.07031250
v -0.28125000 0.03161111 0.07812500
v -0.28125000 0.04687500 0.07031250
v -0.28125000 0.05468750 -0.06250000
v -0.28125000 0.06250000 -0.05468750
v -0.28125000 0.05468750 0.06250000
v -0.28125000 0.06250000 0.05468750
v -0.28125000 0.07031250 -0.04687500
v -0.28125000 0.07812500 -0.03906027
v -0.28125000 0.07678637 0.03125000
v -0.28125000 0.07812500 0.02894520
v -0.28125000 0.07031250 0.04687500
v -0.28125000 0.08593527 -0.03125000
v -0.28125000 0.08593064 -0.01562500
v -0.28125000 0.08584194 0.00000000
v -0.28125000 0.08361392 0.01562500
v -0.26562500 -0.08562686 -0.03125000
v -0.26562500 -0.07812500 -0.03875186
v -0.26562500 -0.07812500 -0.02319658
v -0.26562500 -0.07031250 -0.04687500
v -0.26562500 -0.06250000 -0.05468750
v -0.26562500 -0.07086339 -0.01562500
v -0.26562500 -0.07031250 0.00000000
v -0.26562500 -0.07031250 0.01562500
v -0.26562500 -0.07646594 0.03125000
v -0.26562500 -0.07197631 0.04687500
v -0.26562500 -0.06250000 0.05468749
v -0.26562500 -0.05468750 -0.06250000
v -0.26562500 -0.04687500 -0.07031250
v -0.26562500 -0.05468722 0.06250000
v -0.26562500 -0.04687500 0.07031222
v -0.26562500 -0.03842243 -0.07812500
v -0.26562500 -0.03125000 -0.08529743
v -0.26562500 -0.03125000 0.07061422
v -0.26562500 -0.01562500 -0.08589562
v -0.26562500 -0.01562500 0.07174812
v -0.26562500 0.00000000 -0.08584784
v -0.26562500 -0.00911600 0.07812500
v -0.26562500 0.00000000 0.08580120
v -0.26562500 0.01562500 -0.08318190
v -0.26562500 0.01562500 0.08553201
v -0.26562500 0.02097150 -0.07812500
v -0.26562500 0.03125000 -0.07063838
v -0.28024984 0.03125000 0.07812500
v -0.26562500 0.02691627 0.07812500
v -0.26562500 0.03125000 0.07410902
v -0.26562500 0.04687500 -0.07031250
v -0.26562500 0.04687500 0.07031250
v -0.26562500 0.05468750 -0.06250000
v -0.26562500 0.06250000 -0.05468750
v -0.26562500 0.05468750 0.06250000
v -0.26562500 0.06250000 0.05468750
v -0.26562500 0.07031250 -0.04687500
v -0.26562500 0.07812500 -0.03905268
v -0.27653636 0.07812500 0.03125000
v -0.26562500 0.07031250 0.04687500
v -0.26562500 0.07812500 0.03403501
v -0.26562500 0.08592768 -0.03125000
v -0.26562500 0.08593381 -0.01562500
v -0.26562500 0.08585823 0.00000000
v -0.26562500 0.08462321 0.01562500
v -0.26562500 0.08091001 0.03125000
v -0.25000000 -0.08535273 -0.03125000
v -0.25000000 -0.07812500 -0.03847773
v -0.25000000 -0.07812500 -0.02402227
v -0.25759630 -0.07812500 0.03125000
v -0.25000000 -0.07970373 0.03125000
v -0.25000000 -0.07812500 0.02953415
v -0.25000000 -0.07812500 0.03472359
v -0.25000000 -0.07031250 -0.04687500
v -0.25000000 -0.06250000 -0.05468750
v -0.25000000 -0.07031250 -0.01562500
v -0.25000000 -0.07031250 0.00000000
v -0.25000000 -0.07067590 0.01562500
v -0.25000000 -0.07371530 0.04687500
v -0.25000000 -0.06250000 0.05468749
v -0.25000000 -0.05468750 -0.06250000
v -0.25000000 -0.04687500 -0.07031250
v -0.25000000 -0.05468728 0.06250000
v -0.25000000 -0.04687500 0.07031228
v -0.25000000 -0.03895145 -0.07812500
v -0.25000000 -0.03125000 -0.08582645
v -0.25000000 -0.03125000 0.07031250
v -0.25000000 -0.01562500 -0.08591374
v -0.25000000 -0.01562500 0.07457826
v -0.25000000 0.00000000 -0.08571938
v -0.25000000 -0.01202613 0.07812500
v -0.25000000 0.00000000 0.08586361
v -0.25000000 0.01562500 -0.07944007
v -0.25000000 0.01562500 0.08465095
v -0.25000000 0.01700713 -0.07812500
v -0.25000000 0.03125000 -0.07052506
v -0.25000000 0.02400318 0.07812500
v -0.25000000 0.03125000 0.07214291
v -0.25000000 0.04687500 -0.07031250
v -0.25000000 0.04687500 0.07031250
v -0.25000000 0.05468750 -0.06250000
v -0.25000000 0.06250000 -0.05468750
v -0.25000000 0.05468750 0.06250000
v -0.25000000 0.06250000 0.05468750
v -0.25000000 0.07031250 -0.04687500
v -0.25000000 0.07812500 -0.03901947
v -0.25000000 0.07031250 0.04687500
v -0.25000000 0.07812500 0.03561078
v -0.25000000 0.08589447 -0.03125000
v -0.25000000 0.08593202 -0.01562500
v -0.25000000 0.08579966 0.00000000
v -0.25000000 0.08436573 0.01562500
v -0.25000000 0.08248578 0.03125000
v -0.23437500 -0.08210013 -0.03125000
v -0.23437500 -0.07812500 -0.03522513
v -0.23437500 -0.07812500 -0.02727487
v -0.23437500 -0.08234323 0.03125000
v -0.23437500 -0.07812500 0.02642286
v -0.23437500 -0.07812500 0.03669061
v -0.23437500 -0.07031250 -0.04687500
v -0.23437500 -0.06250000 -0.05468750
v -0.23437500 -0.07031250 -0.01562500
v -0.23437500 -0.07031250 0.00000000
v -0.23437500 -0.07105130 0.01562500
v -0.23437500 -0.07173332 0.04687500
v -0.23437500 -0.06250000 0.05468748
v -0.23437500 -0.05468750 -0.06250000
v -0.23437500 -0.04687500 -0.07031250
v -0.23437500 -0.05468740 0.06250000
v -0.23437500 -0.04687500 0.07031240
v -0.23437500 -0.03901896 -0.07812500
v -0.23437500 -0.03125000 -0.08589396
v -0.23437500 -0.03125000 0.07031250
v -0.23437500 -0.01562500 -0.08588876
v -0.24323884 -0.01562500 0.07812500
v -0.23437500 -0.01996815 0.07812500
v -0.23437500 -0.01562500 0.08246815
v -0.23437500 0.00000000 -0.08511277
v -0.23437500 0.00000000 0.08573757
v -0.24773403 0.01562500 -0.07812500
v -0.23437500 0.00935806 -0.07812500
v -0.23437500 0.01562500 -0.07263430
v -0.23437500 0.01562500 0.08283786
v -0.23437500 0.03125000 -0.07031250
v -0.23437500 0.02118190 0.07812500
v -0.23437500 0.03125000 0.07126573
v -0.23437500 0.04687500 -0.07031250
v -0.23437500 0.04687500 0.07031250
v -0.23437500 0.05468750 -0.06250000
v -0.23437500 0.06250000 -0.05468750
v -0.23437500 0.05468750 0.06250000
v -0.23437500 0.06250000 0.05468750
v -0.23437500 0.07031250 -0.04687500
v -0.23437500 0.07812500 -0.03887492
v -0.23437500 0.07031250 0.04687500
v -0.23437500 0.07812500 0.03298967
v -0.23437500 0.08574992 -0.03125000
v -0.23437500 0.08591289 -0.01562500
v -0.23437500 0.08569870 0.00000000
v -0.23437500 0.08337076 0.01562500
v -0.23437500 0.07986467 0.03125000
v -0.22093210 -0.07812500 -0.03125000
v -0.21875000 -0.08367111 0.03125000
v -0.21875000 -0.07812500 0.02424056
v -0.21875000 -0.07812500 0.03757475
v -0.21875000 -0.07031250 -0.04687500
v -0.21875000 -0.06250000 -0.05468750
v -0.21875000 -0.07730499 -0.03125000
v -0.21875000 -0.07083363 -0.01562500
v -0.21875000 -0.07031250 0.00000000
v -0.21875000 -0.07182081 0.01562500
v -0.21875000 -0.07113665 0.04687500
v -0.21875000 -0.06250000 0.05468747
v -0.21875000 -0.05468750 -0.06250000
v -0.21875000 -0.04687500 -0.07031250
v -0.21875000 -0.05468747 0.06250000
v -0.21875000 -0.04687500 0.07031247
v -0.21875000 -0.03859416 -0.07812500
v -0.21875000 -0.03125000 -0.08546916
v -0.21875000 -0.03125000 0.07103907
v -0.21875000 -0.01562500 -0.08330777
v -0.21875000 -0.02353821 0.07812500
v -0.21875000 -0.01562500 0.08531089
v -0.22622573 0.00000000 -0.07812500
v -0.21875000 -0.00936325 -0.07812500
v -0.21875000 0.00000000 -0.07146874
v -0.21875000 0.00000000 0.08539960
v -0.21875000 0.01562500 -0.07061596
v -0.21875000 0.01562500 0.07840455
v -0.21875000 0.03125000 -0.07031250
v -0.21875000 0.01594141 0.07812500
v -0.21875000 0.03125000 0.07080509
v -0.21875000 0.04687500 -0.07031250
v -0.21875000 0.04687500 0.07031250
v -0.21875000 0.05468750 -0.06250000
v -0.21875000 0.06250000 -0.05468750
v -0.21875000 0.05468750 0.06250000
v -0.21875000 0.06250000 0.05468750
v -0.21875000 0.07031250 -0.04687500
v -0.21875000 0.07812500 -0.03864064
v -0.23049272 0.07812500 0.03125000
v -0.21875000 0.07383102 0.03125000
v -0.21875000 0.07812500 0.02169031
v -0.21875000 0.07031250 0.04687500
v -0.21875000 0.08551564 -0.03125000
v -0.21875000 0.08573556 -0.01562500
v -0.21875000 0.08552541 0.00000000
v -0.21875000 0.08115363 0.01562500
v -0.21704031 -0.07812500 -0.03125000
v -0.20312500 -0.08298011 -0.03125000
v -0.20312500 -0.07812500 -0.03610511
v -0.20312500 -0.07812500 -0.02492005
v -0.20312500 -0.08423742 0.03125000
v -0.20312500 -0.07812500 0.02221889
v -0.20312500 -0.07812500 0.03791507
v -0.20312500 -0.07031250 -0.04687500
v -0.20312500 -0.06250000 -0.05468750
v -0.20312500 -0.07190149 -0.01562500
v -0.20312500 -0.07062311 0.00000000
v -0.20312500 -0.07313538 0.01562500
v -0.20312500 -0.07088336 0.04687500
v -0.20312500 -0.06250000 0.05468746
v -0.20312500 -0.05468750 -0.06250000
v -0.20312500 -0.04687500 -0.07031250
v -0.20312500 -0.05468749 0.06250000
v -0.20312500 -0.04687500 0.07031249
v -0.20312500 -0.03125608 -0.07812500
v -0.20312500 -0.03125000 -0.07813108
v -0.20312500 -0.03125000 0.07329508
v -0.21143206 -0.01562500 -0.07812500
v -0.20312500 -0.03123922 -0.07812500
v -0.20312500 -0.01562500 -0.07249416
v -0.20312500 -0.02608203 0.07812500
v -0.20312500 -0.01562500 0.08554929
v -0.20312500 0.00000000 -0.07133743
v -0.20312500 0.00000000 0.08449024
v -0.20312500 0.01562500 -0.07074466
v -0.21809540 0.01562500 0.07812500
v -0.20312500 0.00972873 0.07812500
v -0.20312500 0.01562500 0.07352981
v -0.20312500 0.03125000 -0.07031250
v -0.20312500 0.03125000 0.07059365
v -0.20312500 0.04687500 -0.07031250
v -0.20312500 0.04687500 0.07031250
v -0.20312500 0.05468750 -0.06250000
v -0.20312500 0.06250000 -0.05468750
v -0.20312500 0.05468750 0.06250000
v -0.20312500 0.06250000 0.05468750
v -0.20312500 0.07031250 -0.04687500
v -0.20312500 0.07812500 -0.03859195
v -0.21216119 0.07812500 0.01562500
v -0.20312500 0.07425037 0.01562500
v -0.20312500 0.07812500 0.00963870
v -0.20312500 0.07108022 0.03125000
v -0.20312500 0.07031250 0.04687500
v -0.20312500 0.08546695 -0.03125000
v -0.20312500 0.08523788 -0.01562500
v -0.20312500 0.08354380 0.00000000
v -0.18750000 -0.08494486 -0.03125000
v -0.18750000 -0.07812500 -0.03806986
v -0.18750000 -0.07812500 -0.01962284
v -0.18750000 -0.08466602 0.03125000
v -0.18750000 -0.07812500 0.01915669
v -0.18750000 -0.07812500 0.03818006
v -0.18750000 -0.07031250 -0.04687500
v -0.18750000 -0.06250000 -0.05468750
v -0.18750000 -0.07483898 -0.01562500
v -0.18750000 -0.07117544 0.00000000
v -0.18750000 -0.07541018 0.01562500
v -0.18750000 -0.07070878 0.04687500
v -0.18750000 -0.06250000 0.05468746
v -0.18750000 -0.05468750 -0.06250000
v -0.18750000 -0.04687500 -0.07031250
v -0.18750000 -0.05468749 0.06250000
v -0.18750000 -0.04687500 0.07031249
v -0.20309467 -0.03125000 -0.07812500
v -0.18750000 -0.03125000 -0.07552053
v -0.19282587 -0.03125000 0.07812500
v -0.18750000 -0.03418587 0.07812500
v -0.18750000 -0.03125000 0.08106087
v -0.18750000 -0.01562500 -0.07388140
v -0.18750000 -0.01562500 0.08497988
v -0.18750000 0.00000000 -0.07176441
v -0.18750000 0.00000000 0.08201889
v -0.18750000 0.01562500 -0.07087241
v -0.18750000 0.00492930 0.07812500
v -0.18750000 0.01562500 0.07158312
v -0.18750000 0.03125000 -0.07031250
v -0.18750000 0.03125000 0.07031250
v -0.18750000 0.04687500 -0.07031250
v -0.18750000 0.04687500 0.07031250
v -0.18750000 0.05468750 -0.06250000
v -0.18750000 0.06250000 -0.05468750
v -0.18750000 0.05468750 0.06250000
v -0.18750000 0.06250000 0.05468749
v -0.18750000 0.07031250 -0.04687500
v -0.18750000 0.07812500 -0.03875514
v -0.18750000 0.07218094 0.01562500
v -0.18750000 0.07812500 0.00674233
v -0.18750000 0.07031250 0.03125000
v -0.18750000 0.07031249 0.04687500
v -0.18750000 0.08563014 -0.03125000
v -0.18750000 0.08490473 -0.01562500
v -0.18750000 0.08309210 0.00000000
v -0.17187500 -0.08563834 -0.03125000
v -0.17187500 -0.07812500 -0.03876334
v -0.17947822 -0.07812500 -0.01562500
v -0.17187500 -0.08127412 -0.01562500
v -0.17187500 -0.07812500 -0.01067405
v -0.17300330 -0.07812500 0.01562500
v -0.17187500 -0.07837661 0.01562500
v -0.17187500 -0.07812500 0.01516880
v -0.17187500 -0.08498950 0.03125000
v -0.17187500 -0.07812500 0.03838735
v -0.17187500 -0.07031250 -0.04687500
v -0.17187500 -0.06250000 -0.05468750
v -0.17187500 -0.07261850 0.00000000
v -0.17187500 -0.07058820 0.04687500
v -0.17187500 -0.06250000 0.05468746
v -0.17187500 -0.05468750 -0.06250000
v -0.17187500 -0.04687500 -0.07031250
v -0.17187500 -0.05468749 0.06250000
v -0.17187500 -0.04687500 0.07031249
v -0.17187500 -0.03125000 -0.07170191
v -0.17187500 -0.03793957 0.07812500
v -0.17187500 -0.03125000 0.08481457
v -0.17187500 -0.01562500 -0.07637110
v -0.17187500 -0.01562500 0.08354575
v -0.17187500 0.00000000 -0.07264982
v -0.17670831 0.00000000 0.07812500
v -0.17187500 -0.00341652 0.07812500
v -0.17187500 0.00000000 0.07610278
v -0.17187500 0.01562500 -0.07093272
v -0.17187500 0.01562500 0.07081754
v -0.17187500 0.03125000 -0.07053243
v -0.17187500 0.03125000 0.07031250
v -0.17187500 0.04687500 -0.07031250
v -0.17187500 0.04687500 0.07031249
v -0.17187500 0.05468750 -0.06250000
v -0.17187500 0.06250000 -0.05468750
v -0.17187500 0.05468749 0.06250000
v -0.17187500 0.06250000 0.05468745
v -0.17187500 0.07031250 -0.04687500
v -0.17187500 0.07812500 -0.03888510
v -0.17187500 0.07447480 0.01562500
v -0.17187500 0.07812500 0.01019363
v -0.17187500 0.07049769 0.03125000
v -0.17187500 0.07031245 0.04687500
v -0.17187500 0.08576010 -0.03125000
v -0.17187500 0.08464220 -0.01562500
v -0.17187500 0.08381103 0.00000000
v -0.15625000 -0.08585079 -0.03125000
v -0.15625000 -0.07812500 -0.03897579
v -0.15625000 -0.08434151 -0.01562500
v -0.15625000 -0.07812500 -0.00238949
v -0.15625000 -0.07976661 0.01562500
v -0.15625000 -0.07812500 0.00787486
v -0.15625000 -0.08504952 0.03125000
v -0.15625000 -0.07812500 0.03817452
v -0.15625000 -0.07031250 -0.04687500
v -0.15625000 -0.06250000 -0.05468750
v -0.15625000 -0.07645979 0.00000000
v -0.15625000 -0.07031241 0.04687500
v -0.15625000 -0.06250000 0.05468741
v -0.15625000 -0.05468750 -0.06250000
v -0.15625000 -0.04687500 -0.07031250
v -0.15625000 -0.05468749 0.06250000
v -0.15625000 -0.04687500 0.07031249
v -0.15625000 -0.03125000 -0.07064523
v -0.15625000 -0.03659986 0.07812500
v -0.15625000 -0.03125000 0.08347486
v -0.15625000 -0.01562500 -0.07168967
v -0.15625000 -0.01562500 0.07998882
v -0.15625000 0.00000000 -0.07418347
v -0.15625000 -0.01260195 0.07812500
v -0.15625000 0.00000000 0.07248659
v -0.15625000 0.01562500 -0.07109793
v -0.15625000 0.01562500 0.07057083
v -0.15625000 0.03125000 -0.07078484
v -0.15625000 0.03125000 0.07031250
v -0.15625000 0.04687500 -0.07031250
v -0.15625000 0.04687500 0.07031247
v -0.15625000 0.05468750 -0.06250000
v -0.15625000 0.06250000 -0.05468750
v -0.15625000 0.05468747 0.06250000
v -0.15625000 0.06250000 0.05468744
v -0.15625000 0.07031250 -0.04687500
v -0.15625000 0.07812500 -0.03894038
v -0.15625000 0.07620049 0.01562500
v -0.15625000 0.07812500 0.01288515
v -0.15625000 0.07088504 0.03125000
v -0.15625000 0.07031244 0.04687500
v -0.15625000 0.08581538 -0.03125000
v -0.15625000 0.08438281 -0.01562500
v -0.15625000 0.08434082 0.00000000
v -0.14062500 -0.08592343 -0.03125000
v -0.14062500 -0.07812500 -0.03904843
v -0.14062500 -0.08554443 -0.01562500
v -0.15072000 -0.07812500 0.00000000
v -0.14062500 -0.08091903 0.00000000
v -0.15086782 -0.07812500 0.01562500
v -0.14062500 -0.07812500 0.00771225
v -0.14062500 -0.08400515 0.03125000
v -0.14062500 -0.07812500 0.01984704
v -0.14062500 -0.07812500 0.03713015
v -0.14062500 -0.07031250 -0.04687500
v -0.14062500 -0.06250000 -0.05468750
v -0.14062500 -0.07527159 0.01562500
v -0.14062500 -0.07031223 0.04687500
v -0.14062500 -0.06250000 0.05468723
v -0.14062500 -0.05468750 -0.06250000
v -0.14062500 -0.04687500 -0.07031250
v -0.14062500 -0.05468748 0.06250000
v -0.14062500 -0.04687500 0.07031248
v -0.14062500 -0.03125000 -0.07031250
v -0.14062500 -0.03235445 0.07812500
v -0.14062500 -0.03125000 0.07922945
v -0.14062500 -0.01562500 -0.07058647
v -0.15149625 -0.01562500 0.07812500
v -0.14062500 -0.02816947 0.07812500
v -0.14062500 -0.01562500 0.07442990
v -0.14062500 0.00000000 -0.07115468
v -0.14062500 0.00000000 0.07113490
v -0.14062500 0.01562500 -0.07238738
v -0.14062500 0.01562500 0.07031250
v -0.14062500 0.03125000 -0.07130042
v -0.14062500 0.03125000 0.07031250
v -0.14062500 0.04687500 -0.07031250
v -0.14062500 0.04687500 0.07031243
v -0.14062500 0.05468750 -0.06250000
v -0.14062500 0.06250000 -0.05468750
v -0.14062500 0.05468743 0.06250000
v -0.14062500 0.06250000 0.05468748
v -0.14062500 0.07031250 -0.04687500
v -0.14062500 0.07812500 -0.03897849
v -0.14062500 0.07647639 0.01562500
v -0.14062500 0.07812500 0.01346480
v -0.14062500 0.07187147 0.03125000
v -0.14062500 0.07031248 0.04687500
v -0.14062500 0.08585349 -0.03125000
v -0.14062500 0.08408636 -0.01562500
v -0.14062500 0.08474547 0.00000000
v -0.12500000 -0.08593264 -0.03125000
v -0.12500000 -0.07812500 -0.03905764
v -0.12500000 -0.08580637 -0.01562500
v -0.12500000 -0.08290834 0.00000000
v -0.12500000 -0.07812500 0.00645798
v -0.12500000 -0.08020723 0.03125000
v -0.12500000 -0.07812500 0.02817015
v -0.12500000 -0.07812500 0.03333223
v -0.12500000 -0.07031250 -0.04687500
v -0.12500000 -0.06250000 -0.05468750
v -0.12500000 -0.07210783 0.01562500
v -0.12500000 -0.07031164 0.04687500
v -0.12500000 -0.06250000 0.05468664
v -0.12500000 -0.05468750 -0.06250000
v -0.12500000 -0.04687500 -0.07031250
v -0.12500000 -0.05468745 0.06250000
v -0.12500000 -0.04687500 0.07031245
v -0.12500000 -0.03125000 -0.07031250
v -0.13812295 -0.03125000 0.07812500
v -0.12500000 -0.03125000 0.07366923
v -0.12500000 -0.01562500 -0.07031250
v -0.12500000 -0.01562500 0.07197601
v -0.12500000 0.00000000 -0.07031250
v -0.12500000 0.00000000 0.07062339
v -0.12500000 0.01562500 -0.07113747
v -0.12500000 0.01562500 0.07031250
v -0.12500000 0.03125000 -0.07241631
v -0.12500000 0.03125000 0.07031250
v -0.12500000 0.04687500 -0.07031250
v -0.12500000 0.04687500 0.07031247
v -0.12500000 0.05468750 -0.06250000
v -0.12500000 0.06250000 -0.05468750
v -0.12500000 0.05468747 0.06250000
v -0.12500000 0.06250000 0.05468749
v -0.12500000 0.07031250 -0.04687500
v -0.12500000 0.07812500 -0.03891871
v -0.12500000 0.07710259 0.01562500
v -0.12500000 0.07812500 0.01433190
v -0.12500000 0.07457786 0.03125000
v -0.12500000 0.07031249 0.04687500
v -0.12500000 0.08579371 -0.03125000
v -0.12500000 0.08413123 -0.01562500
v -0.12500000 0.08495219 0.00000000
v -0.10937500 -0.08593373 -0.03125000
v -0.10937500 -0.07812500 -0.03905873
v -0.10937500 -0.08586367 -0.01562500
v -0.10937500 -0.08467211 0.00000000
v -0.10937500 -0.07812500 0.00857072
v -0.11882490 -0.07812500 0.03125000
v -0.10937500 -0.07031250 -0.04687500
v -0.10937500 -0.06250000 -0.05468750
v -0.10937500 -0.07230480 0.01562500
v -0.10937500 -0.07514885 0.03125000
v -0.10937500 -0.07031038 0.04687500
v -0.10937500 -0.06250000 0.05468538
v -0.10937500 -0.05468750 -0.06250000
v -0.10937500 -0.04687500 -0.07031250
v -0.10937500 -0.05468731 0.06250000
v -0.10937500 -0.04687500 0.07031231
v -0.10937500 -0.03125000 -0.07031250
v -0.10937500 -0.03125000 0.07155058
v -0.10937500 -0.01562500 -0.07031250
v -0.10937500 -0.01562500 0.07104493
v -0.10937500 0.00000000 -0.07031250
v -0.10937500 0.00000000 0.07051487
v -0.10937500 0.01562500 -0.07031250
v -0.10937500 0.01562500 0.07031250
v -0.10937500 0.03125000 -0.07081558
v -0.10937500 0.03125000 0.07031250
v -0.10937500 0.04687500 -0.07031250
v -0.10937500 0.04687500 0.07031249
v -0.10937500 0.05468750 -0.06250000
v -0.10937500 0.06250000 -0.05468750
v -0.10937500 0.05468749 0.06250000
v -0.10937500 0.06250000 0.05468750
v -0.10937500 0.07031250 -0.04687500
v -0.10937500 0.07812500 -0.03880646
v -0.11902203 0.07812500 0.01562500
v -0.11603120 0.07812500 0.03125000
v -0.10937500 0.07031250 0.04687500
v -0.10937500 0.07812500 0.03404619
v -0.10937500 0.08568146 -0.03125000
v -0.10937500 0.08228459 -0.01562500
v -0.10937500 0.08476788 0.00000000
v -0.10937500 0.07971122 0.01562500
v -0.10937500 0.08092119 0.03125000
v -0.09375000 -0.08593428 -0.03125000
v -0.09375000 -0.07812500 -0.03905928
v -0.09375000 -0.08582079 -0.01562500
v -0.09375000 -0.08541408 0.00000000
v -0.09375000 -0.07812500 0.00974461
v -0.09375000 -0.07031250 -0.04687500
v -0.09375000 -0.06250000 -0.05468750
v -0.09375000 -0.07272801 0.01562500
v -0.09375000 -0.07499153 0.03125000
v -0.09375000 -0.07030961 0.04687500
v -0.09375000 -0.06250000 0.05468461
v -0.09375000 -0.05468750 -0.06250000
v -0.09375000 -0.04687500 -0.07031250
v -0.09375000 -0.05468697 0.06250000
v -0.09375000 -0.04687500 0.07031197
v -0.09375000 -0.03125000 -0.07050918
v -0.09375000 -0.03125000 0.07107314
v -0.09375000 -0.01562500 -0.07031250
v -0.09375000 -0.01562500 0.07108544
v -0.09375000 0.00000000 -0.07031250
v -0.09375000 0.00000000 0.07058320
v -0.09375000 0.01562500 -0.07031250
v -0.09375000 0.01562500 0.07031250
v -0.09375000 0.03125000 -0.07031250
v -0.09375000 0.03125000 0.07031250
v -0.09375000 0.04687500 -0.07031250
v -0.09375000 0.04687500 0.07031249
v -0.09375000 0.05468750 -0.06250000
v -0.09375000 0.06250000 -0.05468750
v -0.09375000 0.05468749 0.06250000
v -0.09375000 0.06250000 0.05468750
v -0.09375000 0.07031250 -0.04687500
v -0.09375000 0.07812500 -0.03860902
v -0.09375000 0.07031250 0.04687500
v -0.09375000 0.07812500 0.03559237
v -0.09375000 0.08548402 -0.03125000
v -0.09375000 0.07859663 -0.01562500
v -0.09375000 0.08265820 0.00000000
v -0.09375000 0.07858932 0.01562500
v -0.09375000 0.08246737 0.03125000
v -0.07812500 -0.08593473 -0.03125000
v -0.07812500 -0.07812500 -0.03905973
v -0.07812500 -0.08575530 -0.01562500
v -0.07812500 -0.08524603 0.00000000
v -0.07812500 -0.07812500 0.01198476
v -0.07812500 -0.07031250 -0.04687500
v -0.07812500 -0.06250000 -0.05468750
v -0.07812500 -0.07495671 0.01562500
v -0.07812500 -0.07482752 0.03125000
v -0.07812500 -0.07030856 0.04687500
v -0.07812500 -0.06250000 0.05468356
v -0.07812500 -0.05468750 -0.06250000
v -0.07812500 -0.04687500 -0.07031250
v -0.07812500 -0.05468583 0.06250000
v -0.07812500 -0.04687500 0.07031083
v -0.07812500 -0.03125000 -0.07081979
v -0.07812500 -0.03125000 0.07092173
v -0.07812500 -0.01562500 -0.07052537
v -0.07812500 -0.01562500 0.07106473
v -0.07812500 0.00000000 -0.07031250
v -0.07812500 0.00000000 0.07066998
v -0.07812500 0.01562500 -0.07031250
v -0.07812500 0.01562500 0.07031250
v -0.07812500 0.03125000 -0.07031250
v -0.07812500 0.03125000 0.07031250
v -0.07812500 0.04687500 -0.07031250
v -0.07812500 0.04687500 0.07031250
v -0.07812500 0.05468750 -0.06250000
v -0.07812500 0.06250000 -0.05468750
v -0.07812500 0.05468750 0.06250000
v -0.07812500 0.06250000 0.05468750
v -0.07812500 0.07031250 -0.04687500
v -0.07812500 0.07812500 -0.03828141
v -0.09081724 0.07812500 -0.01562500
v -0.07812500 0.07627020 -0.01562500
v -0.07812500 0.07812500 -0.01783363
v -0.07980475 0.07812500 0.00000000
v -0.07812500 0.07739189 0.00000000
v -0.09202375 0.07812500 0.01562500
v -0.07812500 0.07503424 0.01562500
v -0.07812500 0.07812500 0.02593217
v -0.07812500 0.07031250 0.04687500
v -0.07812500 0.07812500 0.03301349
v -0.07812500 0.08515641 -0.03125000
v -0.07812500 0.07988849 0.03125000
v -0.06250000 -0.08593484 -0.03125000
v -0.06250000 -0.07812500 -0.03905984
v -0.06250000 -0.08566094 -0.01562500
v -0.06250000 -0.08482078 0.00000000
v -0.06250000 -0.07812500 0.01209379
v -0.06250000 -0.07031250 -0.04687500
v -0.06250000 -0.06250000 -0.05468750
v -0.06250000 -0.07531840 0.01562500
v -0.06250000 -0.07435634 0.03125000
v -0.06250000 -0.07030716 0.04687500
v -0.06250000 -0.06250000 0.05468216
v -0.06250000 -0.05468750 -0.06250000
v -0.06250000 -0.04687500 -0.07031250
v -0.06250000 -0.05468238 0.06250000
v -0.06250000 -0.04687500 0.07030738
v -0.06250000 -0.03125000 -0.07173484
v -0.06250000 -0.03125000 0.07082925
v -0.06250000 -0.01562500 -0.07110804
v -0.06250000 -0.01562500 0.07102629
v -0.06250000 0.00000000 -0.07056446
v -0.06250000 0.00000000 0.07077034
v -0.06250000 0.01562500 -0.07031250
v -0.06250000 0.01562500 0.07031250
v -0.06250000 0.03125000 -0.07031250
v -0.06250000 0.03125000 0.07031250
v -0.06250000 0.04687500 -0.07031249
v -0.06250000 0.04687500 0.07031250
v -0.06250000 0.05468749 -0.06250000
v -0.06250000 0.06250000 -0.05468750
v -0.06250000 0.05468750 0.06250000
v -0.06250000 0.06250000 0.05468750
v -0.06250000 0.07031250 -0.04687500
v -0.06250000 0.07812500 -0.03800531
v -0.06250000 0.07474561 -0.01562500
v -0.06250000 0.07812500 -0.01978079
v -0.06250000 0.07392545 0.00000000
v -0.06250000 0.07351947 0.01562500
v -0.07439438 0.07812500 0.03125000
v -0.06250000 0.07361606 0.03125000
v -0.06250000 0.07031250 0.04687500
v -0.06250000 0.08488031 -0.03125000
v -0.04687500 -0.08593346 -0.03125000
v -0.04687500 -0.07812500 -0.03905846
v -0.04687500 -0.08559316 -0.01562500
v -0.04687500 -0.08415308 0.00000000
v -0.04687500 -0.07812500 0.00941728
v -0.04687500 -0.07031250 -0.04687500
v -0.04687500 -0.06250000 -0.05468750
v -0.04687500 -0.07354981 0.01562500
v -0.04687500 -0.07387302 0.03125000
v -0.04687500 -0.07030563 0.04687500
v -0.04687500 -0.06250000 0.05468063
v -0.04687500 -0.05468750 -0.06250000
v -0.04687500 -0.04687500 -0.07031250
v -0.04687500 -0.05467276 0.06250000
v -0.04687500 -0.04687500 0.07029776
v -0.04687500 -0.03125000 -0.07300663
v -0.04687500 -0.03125000 0.07076130
v -0.04687500 -0.01562500 -0.07329637
v -0.04687500 -0.01562500 0.07115680
v -0.04687500 0.00000000 -0.07119010
v -0.04687500 0.00000000 0.07089671
v -0.04687500 0.01562500 -0.07031250
v -0.04687500 0.01562500 0.07031250
v -0.04687500 0.03125000 -0.07031250
v -0.04687500 0.03125000 0.07031250
v -0.04687500 0.04687500 -0.07031243
v -0.04687500 0.04687500 0.07031250
v -0.04687500 0.05468743 -0.06250000
v -0.04687500 0.06250000 -0.05468750
v -0.04687500 0.05468750 0.06250000
v -0.04687500 0.06250000 0.05468750
v -0.04687500 0.07031250 -0.04687500
v -0.04687500 0.07812500 -0.03768699
v -0.04687500 0.07372408 -0.01562500
v -0.04687500 0.07812500 -0.02123185
v -0.04687500 0.07219010 0.00000000
v -0.04687500 0.07250717 0.01562500
v -0.04687500 0.07175183 0.03125000
v -0.04687500 0.07031250 0.04687500
v -0.04687500 0.08456199 -0.03125000
v -0.03125000 -0.08593012 -0.03125000
v -0.03125000 -0.07812500 -0.03905512
v -0.03125000 -0.08544729 -0.01562500
v -0.03125000 -0.08311675 0.00000000
v -0.03125000 -0.07812500 0.00703116
v -0.03125000 -0.07031250 -0.04687500
v -0.03125000 -0.06250000 -0.05468750
v -0.03125000 -0.07242831 0.01562500
v -0.03125000 -0.07267542 0.03125000
v -0.03125000 -0.07030374 0.04687500
v -0.03125000 -0.06250000 0.05467874
v -0.03125000 -0.05468750 -0.06250000
v -0.03125000 -0.04687500 -0.07031250
v -0.03125000 -0.05465497 0.06250000
v -0.03125000 -0.04687500 0.07027997
v -0.03125000 -0.03125000 -0.07410648
v -0.03125000 -0.03125000 0.07060287
v -0.03434145 -0.01562500 -0.07812500
v -0.03125000 -0.01940047 -0.07812500
v -0.03125000 -0.01562500 -0.07967742
v -0.03125000 -0.01562500 0.07133288
v -0.03125000 -0.01306233 -0.07812500
v -0.03125000 0.00000000 -0.07250133
v -0.03125000 0.00000000 0.07131816
v -0.03125000 0.01562500 -0.07054411
v -0.03125000 0.01562500 0.07031250
v -0.03125000 0.03125000 -0.07031250
v -0.03125000 0.03125000 0.07031250
v -0.03125000 0.04687500 -0.07031239
v -0.03125000 0.04687500 0.07031250
v -0.03125000 0.05468739 -0.06250000
v -0.03125000 0.06250000 -0.05468750
v -0.03125000 0.05468750 0.06250000
v -0.03125000 0.06250000 0.05468750
v -0.03125000 0.07031250 -0.04687500
v -0.03125000 0.07812500 -0.03710887
v -0.03125000 0.07296455 -0.01562500
v -0.03125000 0.07812500 -0.02267430
v -0.03125000 0.07130652 0.00000000
v -0.03125000 0.07191558 0.01562500
v -0.03125000 0.07102850 0.03125000
v -0.03125000 0.07031250 0.04687500
v -0.03125000 0.08398387 -0.03125000
v -0.01562500 -0.08592362 -0.03125000
v -0.01562500 -0.07812500 -0.03904862
v -0.01562500 -0.08529473 -0.01562500
v -0.01562500 -0.08149769 0.00000000
v -0.01562500 -0.07812500 0.00443574
v -0.01562500 -0.07031250 -0.04687500
v -0.01562500 -0.06250000 -0.05468750
v -0.01562500 -0.07172168 0.01562500
v -0.01562500 -0.07171574 0.03125000
v -0.01562500 -0.07030220 0.04687500
v -0.01562500 -0.06250000 0.05467720
v -0.01562500 -0.05468750 -0.06250000
v -0.01562500 -0.04687500 -0.07031250
v -0.01562500 -0.05463262 0.06250000
v -0.01562500 -0.04687500 0.07025762
v -0.01562500 -0.03125000 -0.07556232
v -0.01562500 -0.03125000 0.07031250
v -0.01562500 -0.02717744 -0.07812500
v -0.01562500 -0.01562500 -0.08371157
v -0.01562500 -0.01562500 0.07141767
v -0.01562500 -0.00459850 -0.07812500
v -0.01562500 0.00000000 -0.07518169
v -0.01562500 0.00000000 0.07279546
v -0.01562500 0.01562500 -0.07102967
v -0.01562500 0.01562500 0.07057121
v -0.01562500 0.03125000 -0.07054888
v -0.01562500 0.03125000 0.07031250
v -0.01562500 0.04687500 -0.07031249
v -0.01562500 0.04687500 0.07031250
v -0.01562500 0.05468749 -0.06250000
v -0.01562500 0.06250000 -0.05468743
v -0.01562500 0.05468750 0.06250000
v -0.01562500 0.06250000 0.05468750
v -0.01562500 0.07031243 -0.04687500
v -0.01562500 0.07812500 -0.03591029
v -0.01562500 0.07239614 -0.01562500
v -0.01562500 0.07812500 -0.02463493
v -0.01562500 0.07084849 0.00000000
v -0.01562500 0.07166966 0.01562500
v -0.01562500 0.07066955 0.03125000
v -0.01562500 0.07031250 0.04687500
v -0.01562500 0.08278529 -0.03125000
v 0.00000000 -0.08591121 -0.03125000
v 0.00000000 -0.07812500 -0.03903621
v 0.00000000 -0.08512805 -0.01562500
v 0.00000000 -0.07888661 0.00000000
v 0.00000000 -0.07812500 0.00108415
v 0.00000000 -0.07031250 -0.04687500
v 0.00000000 -0.06250000 -0.05468750
v 0.00000000 -0.07176064 0.01562500
v 0.00000000 -0.07111668 0.03125000
v 0.00000000 -0.07029886 0.04687500
v 0.00000000 -0.06250000 0.05467386
v 0.00000000 -0.05468750 -0.06250000
v 0.00000000 -0.04687500 -0.07031250
v 0.00000000 -0.05461314 0.06250000
v 0.00000000 -0.04687500 0.07023814
v 0.00000000 -0.03125000 -0.07587202
v 0.00000000 -0.03125000 0.07031250
v 0.00000000 -0.02820375 -0.07812500
v 0.00000000 -0.01562500 -0.08453561
v 0.00000000 -0.01562500 0.07243442
v -0.00537508 0.00000000 -0.07812500
v 0.00000000 0.00000000 -0.07982036
v 0.00000000 0.00000000 0.07582934
v 0.00000000 0.00298084 -0.07812500
v 0.00000000 0.01562500 -0.07280492
v 0.00000000 0.01562500 0.07082994
v 0.00000000 0.03125000 -0.07107537
v 0.00000000 0.03125000 0.07031250
v 0.00000000 0.04687500 -0.07031250
v 0.00000000 0.04687500 0.07031250
v 0.00000000 0.05468750 -0.06250000
v 0.00000000 0.06250000 -0.05468730
v 0.00000000 0.05468750 0.06250000
v 0.00000000 0.06250000 0.05468750
v 0.00000000 0.07031230 -0.04687500
v -0.00783495 0.07812500 -0.03125000
v 0.00000000 0.07344590 -0.03125000
v 0.00000000 0.07195975 -0.01562500
v 0.00000000 0.07062762 0.00000000
v 0.00000000 0.07158491 0.01562500
v 0.00000000 0.07051815 0.03125000
v 0.00000000 0.07031250 0.04687500
v 0.01562500 -0.08588814 -0.03125000
v 0.01562500 -0.07812500 -0.03901314
v 0.01562500 -0.08491330 -0.01562500
v 0.00653944 -0.07812500 0.00000000
v 0.01562500 -0.07812500 -0.00132520
v 0.01562500 -0.07031250 -0.04687500
v 0.01562500 -0.06250000 -0.05468750
v 0.01562500 -0.07708657 0.00000000
v 0.01562500 -0.07271315 0.01562500
v 0.01562500 -0.07105661 0.03125000
v 0.01562500 -0.07029820 0.04687500
v 0.01562500 -0.06250000 0.05467320
v 0.01562500 -0.05468750 -0.06250000
v 0.01562500 -0.04687500 -0.07031250
v 0.01562500 -0.05465460 0.06250000
v 0.01562500 -0.04687500 0.07027960
v 0.01562500 -0.03125000 -0.07369370
v 0.01562500 -0.03125000 0.07031250
v 0.01562500 -0.02550180 -0.07812500
v 0.01562500 -0.01562500 -0.08445056
v 0.01562500 -0.01562500 0.07533689
v 0.01562500 0.00000000 -0.08001309
v 0.00748339 0.00000000 0.07812500
v 0.01562500 -0.00723663 0.07812500
v 0.01562500 0.00000000 0.08059071
v 0.01562500 0.00533589 -0.07812500
v 0.01562500 0.01562500 -0.07485143
v 0.01562500 0.00307663 0.07812500
v 0.01562500 0.01562500 0.07135657
v 0.01562500 0.03125000 -0.07243867
v 0.01562500 0.03125000 0.07031250
v 0.01562500 0.04687500 -0.07031250
v 0.01562500 0.04687500 0.07031249
v 0.01562500 0.05468750 -0.06250000
v 0.01562500 0.06250000 -0.05468743
v 0.01562500 0.05468749 0.06250000
v 0.01562500 0.06250000 0.05468749
v 0.01562500 0.07031243 -0.04687500
v 0.01562500 0.07087384 -0.03125000
v 0.01562500 0.07065474 -0.01562500
v 0.01562500 0.07053613 0.00000000
v 0.01562500 0.07125614 0.01562500
v 0.01562500 0.07031250 0.03125000
v 0.01562500 0.07031249 0.04687500
v 0.03125000 -0.08586396 -0.03125000
v 0.03125000 -0.07812500 -0.03898896
v 0.03125000 -0.08465504 -0.01562500
v 0.03125000 -0.07812500 -0.00306144
v 0.03125000 -0.07031250 -0.04687500
v 0.03125000 -0.06250000 -0.05468750
v 0.03125000 -0.07579838 0.00000000
v 0.03125000 -0.07214888 0.01562500
v 0.03125000 -0.07377326 0.03125000
v 0.03125000 -0.07029731 0.04687500
v 0.03125000 -0.06250000 0.05467231
v 0.03125000 -0.05468750 -0.06250000
v 0.03125000 -0.04687500 -0.07031250
v 0.03125000 -0.05467248 0.06250000
v 0.03125000 -0.04687500 0.07029748
v 0.03125000 -0.03125000 -0.07249469
v 0.03125000 -0.03125000 0.07031250
v 0.03125000 -0.02298302 -0.07812500
v 0.03125000 -0.01562500 -0.08334299
v 0.02405962 -0.01562500 0.07812500
v 0.03125000 -0.01806608 0.07812500
v 0.03125000 -0.01562500 0.08056608
v 0.03125000 0.00000000 -0.08159663
v 0.03125000 0.00000000 0.08376926
v 0.02564223 0.01562500 -0.07812500
v 0.03125000 0.01562500 -0.08014376
v 0.03125000 0.00655512 0.07812500
v 0.03125000 0.01562500 0.07126595
v 0.03125000 0.02152728 -0.07812500
v 0.03125000 0.03125000 -0.07505617
v 0.03125000 0.03125000 0.07031250
v 0.03125000 0.04687500 -0.07031250
v 0.03125000 0.04687500 0.07031248
v 0.03125000 0.05468750 -0.06250000
v 0.03125000 0.06250000 -0.05468748
v 0.03125000 0.05468748 0.06250000
v 0.03125000 0.06250000 0.05468748
v 0.03125000 0.07031248 -0.04687500
v 0.03125000 0.07064248 -0.03125000
v 0.03125000 0.07031250 -0.01562500
v 0.03125000 0.07031250 0.00000000
v 0.03125000 0.07094901 0.01562500
v 0.03125000 0.07031250 0.03125000
v 0.03125000 0.07031248 0.04687500
v 0.04687500 -0.08582804 -0.03125000
v 0.04687500 -0.07812500 -0.03895304
v 0.04687500 -0.08434437 -0.01562500
v 0.04687500 -0.07812500 -0.00371287
v 0.04017364 -0.07812500 0.03125000
v 0.04687500 -0.08163657 0.03125000
v 0.04687500 -0.07812500 0.02629755
v 0.04687500 -0.07812500 0.03476157
v 0.04687500 -0.07031250 -0.04687500
v 0.04687500 -0.06250000 -0.05468750
v 0.04687500 -0.07545498 0.00000000
v 0.04687500 -0.07211707 0.01562500
v 0.04687500 -0.07031040 0.04687500
v 0.04687500 -0.06250000 0.05468540
v 0.04687500 -0.05468750 -0.06250000
v 0.04687500 -0.04687500 -0.07031250
v 0.04687500 -0.05468016 0.06250000
v 0.04687500 -0.04687500 0.07030516
v 0.04687500 -0.03125000 -0.07185994
v 0.04687500 -0.03125000 0.07069391
v 0.04687500 -0.01890381 -0.07812500
v 0.04687500 -0.01562500 -0.08048330
v 0.04687500 -0.02164708 0.07812500
v 0.04687500 -0.01562500 0.08378970
v 0.04687500 0.00000000 -0.08384369
v 0.04687500 0.00000000 0.08435192
v 0.04687500 0.01562500 -0.08345746
v 0.04687500 0.00708372 0.07812500
v 0.04687500 0.01562500 0.07118583
v 0.04052145 0.03125000 -0.07812500
v 0.04687500 0.03125000 -0.08036657
v 0.04687500 0.03125000 0.07031250
v 0.04687500 0.03349157 -0.07812500
v 0.04687500 0.04687500 -0.07031250
v 0.04687500 0.04687500 0.07031250
v 0.04687500 0.05468750 -0.06250000
v 0.04687500 0.06250000 -0.05468750
v 0.04687500 0.05468750 0.06250000
v 0.04687500 0.06250000 0.05468750
v 0.04687500 0.07031250 -0.04687500
v 0.04687500 0.07092009 -0.03125000
v 0.04687500 0.07031250 -0.01562500
v 0.04687500 0.07031250 0.00000000
v 0.04687500 0.07031250 0.01562500
v 0.04687500 0.07031250 0.03125000
v 0.04687500 0.07031250 0.04687500
v 0.06250000 -0.08577628 -0.03125000
v 0.06250000 -0.07812500 -0.03890128
v 0.06250000 -0.08418821 -0.01562500
v 0.06250000 -0.07812500 -0.00267962
v 0.06250000 -0.08363443 0.03125000
v 0.06250000 -0.07812500 0.02385748
v 0.06250000 -0.07812500 0.03712647
v 0.06250000 -0.07031250 -0.04687500
v 0.06250000 -0.06250000 -0.05468750
v 0.06250000 -0.07631207 0.00000000
v 0.06250000 -0.07222591 0.01562500
v 0.06250000 -0.07070832 0.04687500
v 0.06250000 -0.06250000 0.05468735
v 0.06250000 -0.05468750 -0.06250000
v 0.06250000 -0.04687500 -0.07031250
v 0.06250000 -0.05468548 0.06250000
v 0.06250000 -0.04687500 0.07031048
v 0.06250000 -0.03125000 -0.07115067
v 0.06250000 -0.03125000 0.07150573
v 0.05322610 -0.01562500 -0.07812500
v 0.06250000 -0.01562500 -0.07490506
v 0.06250000 -0.02289964 0.07812500
v 0.06250000 -0.01562500 0.08422443
v 0.06250000 -0.01094683 -0.07812500
v 0.06250000 0.00000000 -0.08402923
v 0.06250000 0.00000000 0.08488275
v 0.06250000 0.01562500 -0.08368568
v 0.06250000 0.00787504 0.07812500
v 0.06250000 0.01562500 0.07142858
v 0.06250000 0.03125000 -0.08068714
v 0.06250000 0.03125000 0.07031250
v 0.06250000 0.03381214 -0.07812500
v 0.06250000 0.04687500 -0.07031250
v 0.06250000 0.04687500 0.07031250
v 0.06250000 0.05468750 -0.06250000
v 0.06250000 0.06250000 -0.05468750
v 0.06250000 0.05468750 0.06250000
v 0.06250000 0.06250000 0.05468750
v 0.06250000 0.07031250 -0.04687500
v 0.06250000 0.07218255 -0.03125000
v 0.06250000 0.07031250 -0.01562500
v 0.06250000 0.07031250 0.00000000
v 0.06250000 0.07031250 0.01562500
v 0.06250000 0.07031250 0.03125000
v 0.06250000 0.07031250 0.04687500
v 0.07812500 -0.08568949 -0.03125000
v 0.07812500 -0.07812500 -0.03881449
v 0.07812500 -0.08437175 -0.01562500
v 0.07812500 -0.07812500 -0.00096480
v 0.07812500 -0.08439514 0.03125000
v 0.07812500 -0.07812500 0.02266251
v 0.07812500 -0.07812500 0.04117609
v 0.07812500 -0.07031249 -0.04687500
v 0.07812500 -0.06250000 -0.05468749
v 0.07812500 -0.07746883 0.00000000
v 0.07812500 -0.07258534 0.01562500
v 0.07812500 -0.07378307 0.04687500
v 0.07812500 -0.06250000 0.05468749
v 0.07812500 -0.05468749 -0.06250000
v 0.07812500 -0.04687500 -0.07031249
v 0.07812500 -0.05468733 0.06250000
v 0.07812500 -0.04687500 0.07031233
v 0.07812500 -0.03125000 -0.07071692
v 0.07812500 -0.03125000 0.07196676
v 0.07812500 -0.01562500 -0.07176423
v 0.07812500 -0.02376970 0.07812500
v 0.07812500 -0.01562500 0.08460343
v 0.07812500 -0.00710616 -0.07812500
v 0.07812500 0.00000000 -0.08381509
v 0.07812500 0.00000000 0.08516455
v 0.07812500 0.01562500 -0.08368357
v 0.07812500 0.00834802 0.07812500
v 0.07812500 0.01562500 0.07161216
v 0.07812500 0.03125000 -0.08105494
v 0.07812500 0.03125000 0.07031250
v 0.07812500 0.03417994 -0.07812500
v 0.07812500 0.04687500 -0.07031250
v 0.07812500 0.04687500 0.07031250
v 0.07812500 0.05468750 -0.06250000
v 0.07812500 0.06250000 -0.05468750
v 0.07812500 0.05468750 0.06250000
v 0.07812500 0.06250000 0.05468750
v 0.07812500 0.07031250 -0.04687500
v 0.07812500 0.07596216 -0.03125000
v 0.07812500 0.07031250 -0.01562500
v 0.07812500 0.07031250 0.00000000
v 0.07812500 0.07031250 0.01562500
v 0.07812500 0.07031250 0.03125000
v 0.07812500 0.07031250 0.04687500
v 0.09375000 -0.08539630 -0.03125000
v 0.09375000 -0.07812500 -0.03852130
v 0.09375000 -0.08456189 -0.01562500
v 0.08548397 -0.07812500 0.00000000
v 0.09375000 -0.07885825 0.00000000
v 0.09375000 -0.07812500 0.00143571
v 0.09375000 -0.08426513 0.03125000
v 0.09375000 -0.07812500 0.02233020
v 0.09375000 -0.07812500 0.04548799
v 0.09375000 -0.07031247 -0.04687500
v 0.09375000 -0.06250000 -0.05468747
v 0.09375000 -0.07301032 0.01562500
v 0.09375000 -0.07719809 0.04687500
v 0.09375000 -0.06250000 0.05468750
v 0.09375000 -0.05468748 -0.06250000
v 0.09375000 -0.04687500 -0.07031248
v 0.09375000 -0.05468748 0.06250000
v 0.09375000 -0.04687500 0.07031248
v 0.09375000 -0.03125000 -0.07053116
v 0.09375000 -0.03125000 0.07694701
v 0.09375000 -0.01562500 -0.07092587
v 0.09375000 -0.02973399 0.07812500
v 0.09375000 -0.01562500 0.08486638
v 0.09375000 -0.00595495 -0.07812500
v 0.09375000 0.00000000 -0.08351186
v 0.09375000 0.00000000 0.08520807
v 0.09375000 0.01562500 -0.08370064
v 0.09375000 0.00850162 0.07812500
v 0.09375000 0.01562500 0.07171946
v 0.09375000 0.03125000 -0.07915906
v 0.09375000 0.03125000 0.07137589
v 0.09375000 0.03228406 -0.07812500
v 0.09375000 0.04687500 -0.07031250
v 0.09375000 0.04687500 0.07031250
v 0.09375000 0.05468750 -0.06250000
v 0.09375000 0.06250000 -0.05468750
v 0.09375000 0.05468750 0.06250000
v 0.09375000 0.06250000 0.05468750
v 0.09375000 0.07031250 -0.04687500
v 0.08293197 0.07812500 -0.03125000
v 0.09375000 0.07812500 -0.03539924
v 0.09375000 0.07064488 -0.01562500
v 0.09375000 0.07812500 -0.02683618
v 0.09375000 0.07031250 0.00000000
v 0.09375000 0.07031250 0.01562500
v 0.09375000 0.07031250 0.03125000
v 0.09375000 0.07031250 0.04687500
v 0.09375000 0.08227424 -0.03125000
v 0.10937500 -0.08476302 -0.03125000
v 0.10937500 -0.07812500 -0.03788802
v 0.10937500 -0.08476646 -0.01562500
v 0.10937500 -0.08011810 0.00000000
v 0.10937500 -0.07812500 0.00407394
v 0.10937500 -0.08347667 0.03125000
v 0.10937500 -0.07812500 0.02254912
v 0.10937500 -0.07812500 0.03848566
v 0.10937500 -0.07031240 -0.04687500
v 0.10937500 -0.06250000 -0.05468740
v 0.10937500 -0.07354590 0.01562500
v 0.10937500 -0.07224135 0.04687500
v 0.10937500 -0.06250000 0.05468750
v 0.10937500 -0.05468747 -0.06250000
v 0.10937500 -0.04687500 -0.07031247
v 0.10937500 -0.05468750 0.06250000
v 0.10937500 -0.04687500 0.07031250
v 0.10937500 -0.03125000 -0.07031250
v 0.09555166 -0.03125000 0.07812500
v 0.10937500 -0.03726321 0.07812500
v 0.10937500 -0.03125000 0.08413821
v 0.10937500 -0.01562500 -0.07059775
v 0.10937500 -0.01562500 0.08543116
v 0.10937500 -0.00379399 -0.07812500
v 0.10937500 0.00000000 -0.08171308
v 0.10937500 0.00000000 0.08477039
v 0.10937500 0.01562500 -0.08372846
v 0.10937500 0.01293161 0.07812500
v 0.10937500 0.01562500 0.07603825
v 0.09715718 0.03125000 -0.07812500
v 0.10937500 0.02636749 -0.07812500
v 0.10937500 0.03125000 -0.07495881
v 0.10937500 0.03125000 0.07178653
v 0.10937500 0.04687500 -0.07031250
v 0.10937500 0.04687500 0.07031250
v 0.10937500 0.05468750 -0.06250000
v 0.10937500 0.06250000 -0.05468750
v 0.10937500 0.05468750 0.06250000
v 0.10937500 0.06250000 0.05468750
v 0.10937500 0.07031250 -0.04687500
v 0.10937500 0.07812500 -0.03781102
v 0.10937500 0.07115508 -0.01562500
v 0.10937500 0.07812500 -0.02385358
v 0.10937500 0.07031250 0.00000000
v 0.10937500 0.07031250 0.01562500
v 0.10937500 0.07031250 0.03125000
v 0.10937500 0.07031250 0.04687500
v 0.10937500 0.08468602 -0.03125000
v 0.12500000 -0.08327506 -0.03125000
v 0.12500000 -0.07812500 -0.03640006
v 0.12500000 -0.08498480 -0.01562500
v 0.12500000 -0.08119842 0.00000000
v 0.12500000 -0.07812500 0.00684290
v 0.12500000 -0.07814694 0.03125000
v 0.12500000 -0.07812500 0.03118041
v 0.12500000 -0.07812500 0.03127480
v 0.12500000 -0.07031217 -0.04687500
v 0.12500000 -0.06250000 -0.05468717
v 0.12500000 -0.07438887 0.01562500
v 0.12500000 -0.07079206 0.04687500
v 0.12500000 -0.06250000 0.05468750
v 0.12500000 -0.05468746 -0.06250000
v 0.12500000 -0.04687500 -0.07031246
v 0.12500000 -0.05468750 0.06250000
v 0.12500000 -0.04687500 0.07031250
v 0.12500000 -0.03125000 -0.07031250
v 0.12500000 -0.03728152 0.07812500
v 0.12500000 -0.03125000 0.08415652
v 0.12500000 -0.01562500 -0.07051194
v 0.12500000 -0.01562500 0.08496182
v 0.12500000 -0.00166298 -0.07812500
v 0.12500000 0.00000000 -0.07971360
v 0.12500000 0.00000000 0.08219300
v 0.12500000 0.01562500 -0.08461690
v 0.12500000 0.00865948 0.07812500
v 0.12500000 0.01562500 0.07467718
v 0.12500000 0.02652359 -0.07812500
v 0.12500000 0.03125000 -0.07444336
v 0.12500000 0.03125000 0.07577305
v 0.12500000 0.04687500 -0.07031250
v 0.12500000 0.04687500 0.07031250
v 0.12500000 0.05468750 -0.06250000
v 0.12500000 0.06250000 -0.05468750
v 0.12500000 0.05468750 0.06250000
v 0.12500000 0.06250000 0.05468750
v 0.12500000 0.07031250 -0.04687500
v 0.12500000 0.07812500 -0.03861885
v 0.12500000 0.07245733 -0.01562500
v 0.12500000 0.07812500 -0.02170937
v 0.12500000 0.07031250 0.00000000
v 0.12500000 0.07031250 0.01562500
v 0.12500000 0.07031250 0.03125000
v 0.12500000 0.07031250 0.04687500
v 0.12500000 0.08549385 -0.03125000
v 0.14062500 -0.08005483 -0.03125000
v 0.14062500 -0.07812500 -0.03317983
v 0.14062500 -0.08516944 -0.01562500
v 0.14062500 -0.08218468 0.00000000
v 0.14062500 -0.07812500 0.00998344
v 0.12505073 -0.07812500 0.03125000
v 0.14062500 -0.07031148 -0.04687500
v 0.14062500 -0.06250000 -0.05468648
v 0.14062500 -0.07553866 0.01562500
v 0.14062500 -0.07341444 0.03125000
v 0.14062500 -0.07031250 0.04687500
v 0.14062500 -0.06250000 0.05468750
v 0.14062500 -0.05468744 -0.06250000
v 0.14062500 -0.04687500 -0.07031244
v 0.14062500 -0.05468750 0.06250000
v 0.14062500 -0.04687500 0.07031250
v 0.14062500 -0.03125000 -0.07073190
v 0.14062500 -0.03602327 0.07812500
v 0.14062500 -0.03125000 0.08289827
v 0.14062500 -0.01562500 -0.07055802
v 0.14062500 -0.01562500 0.08426841
v 0.14062500 -0.00100833 -0.07812500
v 0.14062500 0.00000000 -0.07907563
v 0.13481446 0.00000000 0.07812500
v 0.14062500 -0.00380248 0.07812500
v 0.14062500 0.00000000 0.07543038
v 0.14062500 0.01562500 -0.08529565
v 0.14062500 0.01562500 0.07261847
v 0.13938186 0.03125000 -0.07812500
v 0.14062500 0.03125000 -0.07853053
v 0.13762158 0.03125000 0.07812500
v 0.14062500 0.03012641 0.07812500
v 0.14062500 0.03125000 0.07875718
v 0.14062500 0.03165553 -0.07812500
v 0.14062500 0.04687500 -0.07031250
v 0.14062500 0.03188218 0.07812500
v 0.14062500 0.04687500 0.07031250
v 0.14062500 0.05468750 -0.06250000
v 0.14062500 0.06250000 -0.05468749
v 0.14062500 0.05468750 0.06250000
v 0.14062500 0.06250000 0.05468750
v 0.14062500 0.07031249 -0.04687500
v 0.14062500 0.07812500 -0.03842856
v 0.14062500 0.07581166 -0.01562500
v 0.14062500 0.07812500 -0.01827756
v 0.14062500 0.07031250 0.00000000
v 0.14062500 0.07031250 0.01562500
v 0.14062500 0.07031250 0.03125000
v 0.14062500 0.07031250 0.04687500
v 0.14062500 0.08530356 -0.03125000
v 0.14589288 -0.07812500 -0.03125000
v 0.15625000 -0.08510178 -0.01562500
v 0.15625000 -0.07812500 -0.02725575
v 0.15625000 -0.08302702 0.00000000
v 0.15625000 -0.07812500 0.01298058
v 0.15625000 -0.07030933 -0.04687500
v 0.15625000 -0.06250000 -0.05468433
v 0.15625000 -0.07473524 -0.03125000
v 0.15625000 -0.07679380 0.01562500
v 0.15625000 -0.07161287 0.03125000
v 0.15625000 -0.07031250 0.04687500
v 0.15625000 -0.06250000 0.05468750
v 0.15625000 -0.05468748 -0.06250000
v 0.15625000 -0.04687500 -0.07031248
v 0.15625000 -0.05468750 0.06250000
v 0.15625000 -0.04687500 0.07031250
v 0.15625000 -0.03125000 -0.07148816
v 0.15625000 -0.03391965 0.07812500
v 0.15625000 -0.03125000 0.08079465
v 0.15625000 -0.01562500 -0.07061657
v 0.15625000 -0.01562500 0.08310499
v 0.15625000 -0.00028391 -0.07812500
v 0.15625000 0.00000000 -0.07838800
v 0.15625000 -0.00912520 0.07812500
v 0.15625000 0.00000000 0.07193090
v 0.15625000 0.01562500 -0.08526150
v 0.15625000 0.01562500 0.07154101
v 0.15625000 0.03125000 -0.08240160
v 0.15625000 0.02821616 0.07812500
v 0.15625000 0.03125000 0.08045742
v 0.15625000 0.03552660 -0.07812500
v 0.15625000 0.04687500 -0.07031250
v 0.15625000 0.03358242 0.07812500
v 0.15625000 0.04687500 0.07031250
v 0.15625000 0.05468750 -0.06250000
v 0.15625000 0.06250000 -0.05468749
v 0.15625000 0.05468750 0.06250000
v 0.15625000 0.06250000 0.05468750
v 0.15625000 0.07031249 -0.04687500
v 0.15625000 0.07812500 -0.03800185
v 0.14798909 0.07812500 -0.01562500
v 0.15625000 0.07031250 0.00000000
v 0.15625000 0.07812500 -0.01307590
v 0.15625000 0.07031250 0.01562500
v 0.15625000 0.07031250 0.03125000
v 0.15625000 0.07031250 0.04687500
v 0.15625000 0.08487685 -0.03125000
v 0.15625000 0.08067410 -0.01562500
v 0.17187500 -0.08446893 -0.01562500
v 0.17187500 -0.07812500 -0.02388012
v 0.17187500 -0.08369901 0.00000000
v 0.17187500 -0.07812500 0.00926133
v 0.17187500 -0.07030695 -0.04687500
v 0.17187500 -0.06250000 -0.05468195
v 0.17187500 -0.07220356 -0.03125000
v 0.17187500 -0.07381378 0.01562500
v 0.17187500 -0.07088957 0.03125000
v 0.17187500 -0.07031250 0.04687500
v 0.17187500 -0.06250000 0.05468750
v 0.17187500 -0.05468749 -0.06250000
v 0.17187500 -0.04687500 -0.07031249
v 0.17187500 -0.05468750 0.06250000
v 0.17187500 -0.04687500 0.07031250
v 0.17187500 -0.03125000 -0.07363249
v 0.16883402 -0.03125000 0.07812500
v 0.17187500 -0.03125000 0.07738384
v 0.17187500 -0.01562500 -0.07077171
v 0.17187500 -0.02841558 0.07812500
v 0.17187500 -0.01562500 0.08099188
v 0.16221756 0.00000000 -0.07812500
v 0.17187500 0.00000000 -0.07770377
v 0.17187500 -0.01243582 0.07812500
v 0.17187500 0.00000000 0.07082785
v 0.17187500 0.00051734 -0.07812500
v 0.17187500 0.01562500 -0.08511300
v 0.17187500 0.01562500 0.07097222
v 0.17187500 0.03125000 -0.08410847
v 0.17187500 0.02684508 0.07812500
v 0.17187500 0.03125000 0.08201468
v 0.17187500 0.03723347 -0.07812500
v 0.17187500 0.04687500 -0.07031250
v 0.17187500 0.03513968 0.07812500
v 0.17187500 0.04687500 0.07031250
v 0.17187500 0.05468750 -0.06250000
v 0.17187500 0.06250000 -0.05468748
v 0.17187500 0.05468750 0.06250000
v 0.17187500 0.06250000 0.05468750
v 0.17187500 0.07031248 -0.04687500
v 0.17187500 0.07812500 -0.03727148
v 0.17187500 0.07071868 0.00000000
v 0.17187500 0.07812500 -0.01330146
v 0.17187500 0.07031250 0.01562500
v 0.17187500 0.07031250 0.03125000
v 0.17187500 0.07031250 0.04687500
v 0.17187500 0.08414648 -0.03125000
v 0.17187500 0.08025011 -0.01562500
v 0.18750000 -0.08306021 -0.01562500
v 0.18750000 -0.07812500 -0.02114398
v 0.18750000 -0.08423245 0.00000000
v 0.18750000 -0.07812500 0.00793873
v 0.18750000 -0.07030925 -0.04687500
v 0.18750000 -0.06250000 -0.05468425
v 0.18750000 -0.07096704 -0.03125000
v 0.18750000 -0.07213735 0.01562500
v 0.18750000 -0.07056996 0.03125000
v 0.18750000 -0.07031250 0.04687500
v 0.18750000 -0.06250000 0.05468750
v 0.18750000 -0.05468750 -0.06250000
v 0.18750000 -0.04687500 -0.07031250
v 0.18750000 -0.05468750 0.06250000
v 0.18750000 -0.04687500 0.07031250
v 0.18447833 -0.03125000 -0.07812500
v 0.18750000 -0.03262838 -0.07812500
v 0.18750000 -0.03125000 -0.07950338
v 0.18750000 -0.03125000 0.07455925
v 0.18750000 -0.02942223 -0.07812500
v 0.18750000 -0.01562500 -0.07152998
v 0.18275079 -0.01562500 0.07812500
v 0.18750000 -0.01562500 0.07672878
v 0.18750000 0.00000000 -0.07710630
v 0.18750000 0.00000000 0.07048146
v 0.18750000 0.00146996 -0.07812500
v 0.18750000 0.01562500 -0.08440268
v 0.18750000 0.01562500 0.07066953
v 0.18750000 0.03125000 -0.08471446
v 0.18750000 0.02591310 0.07812500
v 0.18750000 0.03125000 0.08314531
v 0.18750000 0.03783946 -0.07812500
v 0.18750000 0.04687500 -0.07031250
v 0.18750000 0.03627031 0.07812500
v 0.18750000 0.04687500 0.07031250
v 0.18750000 0.05468750 -0.06250000
v 0.18750000 0.06250000 -0.05468749
v 0.18750000 0.05468750 0.06250000
v 0.18750000 0.06250000 0.05468750
v 0.18750000 0.07031249 -0.04687500
v 0.18750000 0.07812500 -0.03599766
v 0.18120686 0.07812500 -0.01562500
v 0.18750000 0.07662547 -0.01562500
v 0.18750000 0.07812500 -0.01868180
v 0.18750000 0.07111578 0.00000000
v 0.18750000 0.07031250 0.01562500
v 0.18750000 0.07031250 0.03125000
v 0.18750000 0.07031250 0.04687500
v 0.18750000 0.08287266 -0.03125000
v 0.20312500 -0.08005422 -0.01562500
v 0.20312500 -0.07812500 -0.01786130
v 0.20312500 -0.08458228 0.00000000
v 0.20312500 -0.07812500 0.00740827
v 0.20312500 -0.07031135 -0.04687500
v 0.20312500 -0.06250000 -0.05468635
v 0.20312500 -0.07097646 -0.03125000
v 0.20312500 -0.07127210 0.01562500
v 0.20312500 -0.07031250 0.03125000
v 0.20312500 -0.07031250 0.04687500
v 0.20312500 -0.06250000 0.05468750
v 0.20312500 -0.05468750 -0.06250000
v 0.20312500 -0.04687500 -0.07031250
v 0.20312500 -0.05468750 0.06250000
v 0.20312500 -0.04687500 0.07031250
v 0.20312500 -0.03682492 -0.07812500
v 0.20312500 -0.03125000 -0.08369992
v 0.20312500 -0.03125000 0.07288277
v 0.20312500 -0.02114880 -0.07812500
v 0.20312500 -0.01562500 -0.07448840
v 0.20312500 -0.01562500 0.07367180
v 0.20312500 0.00000000 -0.07391150
v 0.20312500 0.00000000 0.07031250
v 0.20312500 0.00690226 -0.07812500
v 0.20312500 0.01562500 -0.08309624
v 0.20312500 0.01562500 0.07050726
v 0.20312500 0.03125000 -0.08507776
v 0.20312500 0.02522450 0.07812500
v 0.20312500 0.03125000 0.08396698
v 0.20312500 0.03820276 -0.07812500
v 0.20312500 0.04687500 -0.07031250
v 0.20312500 0.03709198 0.07812500
v 0.20312500 0.04687500 0.07031250
v 0.20312500 0.05468750 -0.06250000
v 0.20312500 0.06250000 -0.05468749
v 0.20312500 0.05468750 0.06250000
v 0.20312500 0.06250000 0.05468750
v 0.20312500 0.07031249 -0.04687500
v 0.20312500 0.07812500 -0.03554446
v 0.20312500 0.07402031 -0.01562500
v 0.20312500 0.07812500 -0.02319616
v 0.20312500 0.07121177 0.00000000
v 0.20312500 0.07031250 0.01562500
v 0.20312500 0.07031250 0.03125000
v 0.20312500 0.07031250 0.04687500
v 0.20312500 0.08241946 -0.03125000
v 0.21245908 -0.07812500 -0.01562500
v 0.21875000 -0.08357835 0.00000000
v 0.21875000 -0.07812500 -0.01327439
v 0.21875000 -0.07812500 0.00590712
v 0.21875000 -0.07031208 -0.04687500
v 0.21875000 -0.06250000 -0.05468708
v 0.21875000 -0.07104315 -0.03125000
v 0.21875000 -0.07677022 -0.01562500
v 0.21875000 -0.07080234 0.01562500
v 0.21875000 -0.07031250 0.03125000
v 0.21875000 -0.07031250 0.04687500
v 0.21875000 -0.06250000 0.05468750
v 0.21875000 -0.05468750 -0.06250000
v 0.21875000 -0.04687500 -0.07031250
v 0.21875000 -0.05468749 0.06250000
v 0.21875000 -0.04687500 0.07031249
v 0.21875000 -0.03828929 -0.07812500
v 0.21875000 -0.03125000 -0.08516429
v 0.21875000 -0.03125000 0.07188172
v 0.21101932 -0.01562500 -0.07812500
v 0.21875000 -0.01562500 -0.08170348
v 0.21875000 -0.01562500 0.07184805
v 0.21875000 -0.00984783 -0.07812500
v 0.21875000 0.00000000 -0.07287266
v 0.21875000 0.00000000 0.07031250
v 0.21875000 0.00988739 -0.07812500
v 0.21875000 0.01562500 -0.08167355
v 0.21875000 0.01562500 0.07031250
v 0.21875000 0.03125000 -0.08501137
v 0.21875000 0.02480654 0.07812500
v 0.21875000 0.03125000 0.08456846
v 0.21875000 0.03813637 -0.07812500
v 0.21875000 0.04687500 -0.07031250
v 0.21875000 0.03769346 0.07812500
v 0.21875000 0.04687500 0.07031250
v 0.21875000 0.05468750 -0.06250000
v 0.21875000 0.06250000 -0.05468749
v 0.21875000 0.05468750 0.06250000
v 0.21875000 0.06250000 0.05468750
v 0.21875000 0.07031249 -0.04687500
v 0.21875000 0.07812500 -0.03605731
v 0.21875000 0.07259896 -0.01562500
v 0.21875000 0.07812500 -0.02424741
v 0.21875000 0.07084748 0.00000000
v 0.21875000 0.07031250 0.01562500
v 0.21875000 0.07068829 0.03125000
v 0.21875000 0.07031250 0.04687500
v 0.21875000 0.08293231 -0.03125000
v 0.23437500 -0.07915018 0.00000000
v 0.23437500 -0.07812500 -0.00943960
v 0.23437500 -0.07812500 0.00108870
v 0.23437500 -0.07031235 -0.04687500
v 0.23437500 -0.06250000 -0.05468735
v 0.23437500 -0.07110159 -0.03125000
v 0.23437500 -0.07743769 -0.01562500
v 0.23437500 -0.07056426 0.01562500
v 0.23437500 -0.07031250 0.03125000
v 0.23437500 -0.07031249 0.04687500
v 0.23437500 -0.06250000 0.05468749
v 0.23437500 -0.05468750 -0.06250000
v 0.23437500 -0.04687500 -0.07031250
v 0.23437500 -0.05468749 0.06250000
v 0.23437500 -0.04687500 0.07031249
v 0.23437500 -0.03879042 -0.07812500
v 0.23437500 -0.03125000 -0.08566542
v 0.23437500 -0.03125000 0.07136476
v 0.23437500 -0.01562500 -0.08440633
v 0.23437500 -0.01562500 0.07104727
v 0.23437500 -0.00692753 -0.07812500
v 0.23437500 0.00000000 -0.07267616
v 0.23437500 0.00000000 0.07031250
v 0.23437500 0.01449837 -0.07812500
v 0.23437500 0.01562500 -0.07874916
v 0.23437500 0.01562500 0.07031250
v 0.23437500 0.03125000 -0.08438198
v 0.23437500 0.02435198 0.07812500
v 0.23437500 0.03125000 0.08502302
v 0.23437500 0.03750698 -0.07812500
v 0.23437500 0.04687500 -0.07031250
v 0.23437500 0.03814802 0.07812500
v 0.23437500 0.04687500 0.07031250
v 0.23437500 0.05468750 -0.06250000
v 0.23437500 0.06250000 -0.05468750
v 0.23437500 0.05468750 0.06250000
v 0.23437500 0.06250000 0.05468750
v 0.23437500 0.07031250 -0.04687500
v 0.23437500 0.07812500 -0.03732222
v 0.23437500 0.07215619 -0.01562500
v 0.23437500 0.07812500 -0.02332835
v 0.23437500 0.07063192 0.00000000
v 0.23437500 0.07031250 0.01562500
v 0.23437500 0.07148830 0.03125000
v 0.23437500 0.07031250 0.04687500
v 0.23437500 0.08419722 -0.03125000
v 0.24822219 -0.07812500 -0.01562500
v 0.25000000 -0.07821676 -0.01562500
v 0.25000000 -0.07812500 -0.01573392
v 0.23760578 -0.07812500 0.00000000
v 0.25000000 -0.07812500 -0.01528971
v 0.25000000 -0.07031247 -0.04687500
v 0.25000000 -0.06250000 -0.05468747
v 0.25000000 -0.07098484 -0.03125000
v 0.25000000 -0.07480917 0.00000000
v 0.25000000 -0.07031250 0.01562500
v 0.25000000 -0.07031250 0.03125000
v 0.25000000 -0.07031249 0.04687500
v 0.25000000 -0.06250000 0.05468749
v 0.25000000 -0.05468750 -0.06250000
v 0.25000000 -0.04687500 -0.07031250
v 0.25000000 -0.05468749 0.06250000
v 0.25000000 -0.04687500 0.07031249
v 0.25000000 -0.03896337 -0.07812500
v 0.25000000 -0.03125000 -0.08583837
v 0.25000000 -0.03125000 0.07125046
v 0.25000000 -0.01562500 -0.08526086
v 0.25000000 -0.01562500 0.07074032
v 0.25000000 -0.00613498 -0.07812500
v 0.25000000 0.00000000 -0.07262368
v 0.25000000 0.00000000 0.07031250
v 0.23602781 0.01562500 -0.07812500
v 0.25000000 0.01562500 -0.07405917
v 0.25000000 0.01562500 0.07031250
v 0.25000000 0.02207517 -0.07812500
v 0.25000000 0.03125000 -0.08333556
v 0.25000000 0.02452512 0.07812500
v 0.25000000 0.03125000 0.08484988
v 0.25000000 0.03646056 -0.07812500
v 0.25000000 0.04687500 -0.07031250
v 0.25000000 0.03797488 0.07812500
v 0.25000000 0.04687500 0.07031250
v 0.25000000 0.05468750 -0.06250000
v 0.25000000 0.06250000 -0.05468750
v 0.25000000 0.05468750 0.06250000
v 0.25000000 0.06250000 0.05468750
v 0.25000000 0.07031250 -0.04687500
v 0.25000000 0.07812500 -0.03804942
v 0.25000000 0.07186159 -0.01562500
v 0.25000000 0.07812500 -0.02288734
v 0.25000000 0.07054402 0.00000000
v 0.25000000 0.07031250 0.01562500
v 0.25000000 0.07300881 0.03125000
v 0.25000000 0.07031250 0.04687500
v 0.25000000 0.08492442 -0.03125000
v 0.25039828 -0.07812500 -0.01562500
v 0.26562500 -0.07031250 -0.04687500
v 0.26562500 -0.06250000 -0.05468750
v 0.26562500 -0.07099484 -0.03125000
v 0.26562500 -0.07524636 -0.01562500
v 0.26562500 -0.07301517 0.00000000
v 0.26562500 -0.07031250 0.01562500
v 0.26562500 -0.07031250 0.03125000
v 0.26562500 -0.07031249 0.04687500
v 0.26562500 -0.06250000 0.05468749
v 0.26562500 -0.05468750 -0.06250000
v 0.26562500 -0.04687500 -0.07031250
v 0.26562500 -0.05468748 0.06250000
v 0.26562500 -0.04687500 0.07031248
v 0.26562500 -0.03900566 -0.07812500
v 0.26562500 -0.03125000 -0.08588066
v 0.26562500 -0.03125000 0.07149181
v 0.26562500 -0.01562500 -0.08557530
v 0.26562500 -0.01562500 0.07055972
v 0.26562500 -0.00665722 -0.07812500
v 0.26562500 0.00000000 -0.07181965
v 0.26562500 0.00000000 0.07031250
v 0.26562500 0.01562500 -0.07184130
v 0.26562500 0.01562500 0.07031250
v 0.26562500 0.03082137 -0.07812500
v 0.26562500 0.03125000 -0.07841594
v 0.26562500 0.02466120 0.07812500
v 0.26562500 0.03125000 0.08471380
v 0.26562500 0.03154094 -0.07812500
v 0.26562500 0.04687500 -0.07031250
v 0.26562500 0.03783880 0.07812500
v 0.26562500 0.04687500 0.07031250
v 0.26562500 0.05468750 -0.06250000
v 0.26562500 0.06250000 -0.05468750
v 0.26562500 0.05468750 0.06250000
v 0.26562500 0.06250000 0.05468750
v 0.26562500 0.07031250 -0.04687500
v 0.26562500 0.07812500 -0.03847632
v 0.26562500 0.07275789 -0.01562500
v 0.26562500 0.07812500 -0.02153358
v 0.26562500 0.07050826 0.00000000
v 0.26562500 0.07031250 0.01562500
v 0.26562500 0.07414281 0.03125000
v 0.26562500 0.07031250 0.04687500
v 0.26562500 0.08535132 -0.03125000
v 0.28125000 -0.07031250 -0.04687500
v 0.28125000 -0.06250000 -0.05468750
v 0.28125000 -0.07243308 -0.03125000
v 0.28125000 -0.07372352 -0.01562500
v 0.28125000 -0.07293441 0.00000000
v 0.28125000 -0.07031250 0.01562500
v 0.28125000 -0.07031250 0.03125000
v 0.28125000 -0.07031248 0.04687500
v 0.28125000 -0.06250000 0.05468748
v 0.28125000 -0.05468750 -0.06250000
v 0.28125000 -0.04687500 -0.07031250
v 0.28125000 -0.05468748 0.06250000
v 0.28125000 -0.04687500 0.07031248
v 0.28125000 -0.03902948 -0.07812500
v 0.28125000 -0.03125000 -0.08590448
v 0.28125000 -0.03125000 0.07195039
v 0.28125000 -0.01562500 -0.08567174
v 0.28125000 -0.01562500 0.07052351
v 0.28125000 -0.00710537 -0.07812500
v 0.28125000 0.00000000 -0.07128240
v 0.28125000 0.00000000 0.07031250
v 0.28125000 0.01562500 -0.07119296
v 0.28125000 0.01562500 0.07031250
v 0.26618339 0.03125000 -0.07812500
v 0.28125000 0.03125000 -0.07283434
v 0.28125000 0.02548268 0.07812500
v 0.28125000 0.03125000 0.08389232
v 0.28125000 0.04687500 -0.07031250
v 0.28125000 0.03701732 0.07812500
v 0.28125000 0.04687500 0.07031250
v 0.28125000 0.05468750 -0.06250000
v 0.28125000 0.06250000 -0.05468750
v 0.28125000 0.05468750 0.06250000
v 0.28125000 0.06250000 0.05468750
v 0.28125000 0.07031250 -0.04687500
v 0.28125000 0.07812500 -0.03872527
v 0.28125000 0.07452259 -0.01562500
v 0.28125000 0.07812500 -0.01947240
v 0.28125000 0.07047817 0.00000000
v 0.28125000 0.07031250 0.01562500
v 0.28125000 0.07178843 0.03125000
v 0.28125000 0.07031250 0.04687500
v 0.28125000 0.08560027 -0.03125000
v 0.29357607 -0.07812500 -0.03125000
v 0.29687500 -0.08020267 -0.03125000
v 0.29687500 -0.07812500 -0.03332767
v 0.29687500 -0.07812500 -0.02790810
v 0.29687500 -0.07031250 -0.04687500
v 0.29687500 -0.06250000 -0.05468750
v 0.29687500 -0.07249240 -0.01562500
v 0.29687500 -0.07284917 0.00000000
v 0.29687500 -0.07078616 0.01562500
v 0.29687500 -0.07031250 0.03125000
v 0.29687500 -0.07031248 0.04687500
v 0.29687500 -0.06250000 0.05468748
v 0.29687500 -0.05468750 -0.06250000
v 0.29687500 -0.04687500 -0.07031250
v 0.29687500 -0.05468748 0.06250000
v 0.29687500 -0.04687500 0.07031248
v 0.29687500 -0.03904027 -0.07812500
v 0.29687500 -0.03125000 -0.08591527
v 0.29687500 -0.03125000 0.07268527
v 0.29687500 -0.01562500 -0.08569613
v 0.29687500 -0.01562500 0.07053394
v 0.29687500 -0.00734821 -0.07812500
v 0.29687500 0.00000000 -0.07101686
v 0.29687500 0.00000000 0.07031250
v 0.29687500 0.01562500 -0.07083187
v 0.29687500 0.01562500 0.07031250
v 0.29687500 0.03125000 -0.07108021
v 0.29687500 0.02927298 0.07812500
v 0.29687500 0.03125000 0.08010202
v 0.29687500 0.04687500 -0.07031250
v 0.29687500 0.03322702 0.07812500
v 0.29687500 0.04687500 0.07031250
v 0.29687500 0.05468750 -0.06250000
v 0.29687500 0.06250000 -0.05468750
v 0.29687500 0.05468750 0.06250000
v 0.29687500 0.06250000 0.05468750
v 0.29687500 0.07031250 -0.04687500
v 0.29687500 0.07812500 -0.03886953
v 0.29526118 0.07812500 -0.01562500
v 0.29687500 0.07070098 0.00000000
v 0.29687500 0.07812500 -0.01505119
v 0.29687500 0.07031250 0.01562500
v 0.29687500 0.07135781 0.03125000
v 0.29687500 0.07031250 0.04687500
v 0.29687500 0.08574453 -0.03125000
v 0.29687500 0.07864626 -0.01562500
v 0.31250000 -0.08380198 -0.03125000
v 0.31250000 -0.07812500 -0.03692698
v 0.31250000 -0.07812500 -0.02427312
v 0.31250000 -0.07031250 -0.04687500
v 0.31250000 -0.06250000 -0.05468750
v 0.31250000 -0.07165155 -0.01562500
v 0.31250000 -0.07271471 0.00000000
v 0.31250000 -0.07184060 0.01562500
v 0.31250000 -0.07031250 0.03125000
v 0.31250000 -0.07031248 0.04687500
v 0.31250000 -0.06250000 0.05468748
v 0.31250000 -0.05468750 -0.06250000
v 0.31250000 -0.04687500 -0.07031250
v 0.31250000 -0.05468749 0.06250000
v 0.31250000 -0.04687500 0.07031249
v 0.31250000 -0.03902378 -0.07812500
v 0.31250000 -0.03125000 -0.08589878
v 0.31250000 -0.03125000 0.07370768
v 0.31250000 -0.01562500 -0.08559117
v 0.31250000 -0.01562500 0.07069852
v 0.31250000 -0.00759422 -0.07812500
v 0.31250000 0.00000000 -0.07087641
v 0.31250000 0.00000000 0.07031250
v 0.31250000 0.01562500 -0.07060795
v 0.31250000 0.01562500 0.07031250
v 0.31250000 0.03125000 -0.07062981
v 0.30165914 0.03125000 0.07812500
v 0.31250000 0.03125000 0.07426361
v 0.31250000 0.04687500 -0.07031250
v 0.31250000 0.04687500 0.07031250
v 0.31250000 0.05468750 -0.06250000
v 0.31250000 0.06250000 -0.05468750
v 0.31250000 0.05468750 0.06250000
v 0.31250000 0.06250000 0.05468750
v 0.31250000 0.07031250 -0.04687500
v 0.31250000 0.07812500 -0.03900711
v 0.31250000 0.07145911 0.00000000
v 0.31250000 0.07812500 -0.00934303
v 0.31250000 0.07031250 0.01562500
v 0.31250000 0.07213049 0.03125000
v 0.31250000 0.07031250 0.04687500
v 0.31250000 0.08588211 -0.03125000
v 0.31250000 0.08333519 -0.01562500
v 0.32812500 -0.08542904 -0.03125000
v 0.32812500 -0.07812500 -0.03855404
v 0.32812500 -0.07812500 -0.02285398
v 0.32812500 -0.07031250 -0.04687500
v 0.32812500 -0.06250000 -0.05468750
v 0.32812500 -0.07139920 -0.01562500
v 0.32812500 -0.07261431 0.00000000
v 0.32812500 -0.07745215 0.01562500
v 0.32812500 -0.07031250 0.03125000
v 0.32812500 -0.07031250 0.04687500
v 0.32812500 -0.06250000 0.05468750
v 0.32812500 -0.05468750 -0.06250000
v 0.32812500 -0.04687500 -0.07061879
v 0.32812500 -0.05468749 0.06250000
v 0.32812500 -0.04687500 0.07031249
v 0.32812500 -0.03934818 -0.07812500
v 0.32812500 -0.03125000 -0.08591686
v 0.32812500 -0.03125000 0.07480008
v 0.32812500 -0.01562500 -0.08575228
v 0.32812500 -0.01562500 0.07100896
v 0.32812500 -0.00589257 -0.07812500
v 0.32812500 0.00000000 -0.07240545
v 0.32812500 0.00000000 0.07031250
v 0.32812500 0.01562500 -0.07071022
v 0.32812500 0.01562500 0.07031250
v 0.32812500 0.03125000 -0.07104006
v 0.32812500 0.03125000 0.07217900
v 0.32812500 0.04687500 -0.07031250
v 0.32812500 0.04687500 0.07031250
v 0.32812500 0.05468750 -0.06250000
v 0.32812500 0.06250000 -0.05468750
v 0.32812500 0.05468750 0.06250000
v 0.32812500 0.06250000 0.05468750
v 0.32812500 0.07031250 -0.04687500
v 0.32812500 0.07812500 -0.03904539
v 0.32812500 0.07369300 0.00000000
v 0.32812500 0.07812500 -0.00517370
v 0.32812500 0.07031250 0.01562500
v 0.32812500 0.07374679 0.03125000
v 0.32812500 0.07031250 0.04687500
v 0.32812500 0.08592039 -0.03125000
v 0.32812500 0.08506884 -0.01562500
v 0.34375000 -0.08586497 -0.03125000
v 0.34375000 -0.07812500 -0.03898997
v 0.34375000 -0.07812500 -0.02186092
v 0.32978434 -0.07812500 0.01562500
v 0.34375000 -0.08241721 0.01562500
v 0.34375000 -0.07812500 0.00636812
v 0.34375000 -0.07812500 0.02029651
v 0.34375000 -0.07031250 -0.04687500
v 0.34375000 -0.06250000 -0.05468750
v 0.34375000 -0.07195853 -0.01562500
v 0.34375000 -0.07489539 0.00000000
v 0.34375000 -0.07077573 0.03125000
v 0.34375000 -0.07031250 0.04687500
v 0.34375000 -0.06250000 0.05468750
v 0.34375000 -0.05468750 -0.06250000
v 0.34375000 -0.04687500 -0.07121223
v 0.34375000 -0.05468750 0.06250000
v 0.34375000 -0.04687500 0.07031250
v 0.34375000 -0.03994358 -0.07812500
v 0.34375000 -0.03125000 -0.08591861
v 0.33894506 -0.03125000 0.07812500
v 0.34375000 -0.03292463 0.07812500
v 0.34375000 -0.03125000 0.07979963
v 0.34375000 -0.01562500 -0.08577173
v 0.34375000 -0.02902482 0.07812500
v 0.34375000 -0.01562500 0.07156913
v 0.34375000 -0.00296175 -0.07812500
v 0.34375000 0.00000000 -0.07526379
v 0.34375000 0.00000000 0.07031250
v 0.34375000 0.01562500 -0.07217590
v 0.34375000 0.01562500 0.07031250
v 0.34375000 0.03125000 -0.07669421
v 0.34375000 0.03125000 0.07160174
v 0.34375000 0.04687500 -0.07031250
v 0.34375000 0.04687500 0.07031250
v 0.34375000 0.05468750 -0.06250000
v 0.34375000 0.06250000 -0.05468750
v 0.34375000 0.05468750 0.06250000
v 0.34375000 0.06250000 0.05468750
v 0.34375000 0.07031250 -0.04687500
v 0.34375000 0.07812500 -0.03905967
v 0.34375000 0.07803024 0.00000000
v 0.34375000 0.07812500 -0.00009954
v 0.34375000 0.07031250 0.01562500
v 0.33692347 0.07812500 0.03125000
v 0.34375000 0.07812500 0.02762542
v 0.34375000 0.07031250 0.04687500
v 0.34375000 0.07812500 0.03487458
v 0.34375000 0.08593467 -0.03125000
v 0.34375000 0.08574405 -0.01562500
v 0.34375000 0.08174958 0.03125000
v 0.35937500 -0.08587375 -0.03125000
v 0.35937500 -0.07812500 -0.03899875
v 0.35937500 -0.07812500 -0.02197744
v 0.35007658 -0.07812500 0.00000000
v 0.35937500 -0.08245160 0.00000000
v 0.35937500 -0.07812500 -0.00566115
v 0.35937500 -0.08543201 0.01562500
v 0.35937500 -0.07812500 0.02963327
v 0.35937500 -0.07031250 -0.04687500
v 0.35937500 -0.06250000 -0.05468750
v 0.35937500 -0.07183399 -0.01562500
v 0.35937500 -0.07668668 0.03125000
v 0.35937500 -0.07031250 0.04687500
v 0.35937500 -0.06250000 0.05468750
v 0.35937500 -0.05468750 -0.06250000
v 0.35937500 -0.04687500 -0.07052802
v 0.35937500 -0.05468750 0.06250000
v 0.35937500 -0.04687500 0.07031250
v 0.35937500 -0.03916182 -0.07812500
v 0.35937500 -0.03125000 -0.08582126
v 0.35937500 -0.03776502 0.07812500
v 0.35937500 -0.03125000 0.08464002
v 0.35937500 -0.01562500 -0.08528871
v 0.35937500 -0.02198299 0.07812500
v 0.35937500 -0.01562500 0.07298195
v 0.35937500 -0.00547074 -0.07812500
v 0.35937500 0.00000000 -0.07323042
v 0.35937500 0.00000000 0.07031250
v 0.35937500 0.01562500 -0.07532350
v 0.35937500 0.01562500 0.07031250
v 0.34560862 0.03125000 -0.07812500
v 0.35937500 0.01916205 -0.07812500
v 0.35937500 0.03125000 -0.08480412
v 0.35937500 0.03125000 0.07173556
v 0.35937500 0.03792912 -0.07812500
v 0.35937500 0.04687500 -0.07031250
v 0.35937500 0.04687500 0.07031250
v 0.35937500 0.05468750 -0.06250000
v 0.35937500 0.06250000 -0.05468750
v 0.35937500 0.05468750 0.06250000
v 0.35937500 0.06250000 0.05468750
v 0.35937500 0.07031250 -0.04687500
v 0.35937500 0.07812500 -0.03906196
v 0.34403819 0.07812500 0.00000000
v 0.35937500 0.07075022 0.01562500
v 0.35937500 0.07812500 0.00416345
v 0.35937500 0.07812500 0.02357311
v 0.35937500 0.07031250 0.04687500
v 0.35937500 0.07812500 0.03848972
v 0.35937500 0.08593696 -0.03125000
v 0.35937500 0.08589063 -0.01562500
v 0.35937500 0.08195495 0.00000000
v 0.35937500 0.08536472 0.03125000
v 0.37500000 -0.08588769 -0.03125000
v 0.37500000 -0.07812500 -0.03901269
v 0.37500000 -0.07812500 -0.02210448
v 0.37500000 -0.08370360 0.00000000
v 0.37500000 -0.07812500 -0.00691453
v 0.37500000 -0.08573131 0.01562500
v 0.36117051 -0.07812500 0.03125000
v 0.37500000 -0.08497632 0.03125000
v 0.37500000 -0.07812500 0.03810132
v 0.37500000 -0.07031250 -0.04687500
v 0.37500000 -0.06250000 -0.05468750
v 0.37500000 -0.07169383 -0.01562500
v 0.37500000 -0.07031250 0.04687500
v 0.37500000 -0.06250000 0.05468750
v 0.37500000 -0.05468750 -0.06250000
v 0.37500000 -0.04687500 -0.07031250
v 0.37500000 -0.05468750 0.06250000
v 0.37500000 -0.04687500 0.07031250
v 0.37500000 -0.03823273 -0.07812500
v 0.37500000 -0.03125000 -0.08510773
v 0.37500000 -0.03899331 0.07812500
v 0.37500000 -0.03125000 0.08586831
v 0.37500000 -0.01562500 -0.08372243
v 0.37012136 -0.01562500 0.07812500
v 0.37500000 -0.01562500 0.08097142
v 0.37500000 -0.00747566 -0.07812500
v 0.37500000 0.00000000 -0.07283359
v 0.37500000 -0.01277858 0.07812500
v 0.37500000 0.00000000 0.07031250
v 0.37500000 0.01562500 -0.07271539
v 0.37500000 0.01562500 0.07046553
v 0.37500000 0.02263182 -0.07812500
v 0.37500000 0.03125000 -0.08428797
v 0.37292940 0.03125000 0.07812500
v 0.37500000 0.02970274 0.07812500
v 0.37500000 0.03125000 0.07961849
v 0.37500000 0.03741297 -0.07812500
v 0.37500000 0.04687500 -0.07031250
v 0.37500000 0.03274349 0.07812500
v 0.37500000 0.04687500 0.07031250
v 0.37500000 0.05488733 -0.06250000
v 0.37500000 0.06250000 -0.05488733
v 0.37500000 0.05468750 0.06250000
v 0.37500000 0.06250000 0.05468750
v 0.37500000 0.07031250 -0.04687500
v 0.37500000 0.07812500 -0.03906243
v 0.37500000 0.07276014 0.01562500
v 0.37500000 0.07812500 0.00840791
v 0.37500000 0.07812500 0.02105550
v 0.37500000 0.07031250 0.04687500
v 0.37500000 0.07812500 0.03898992
v 0.37500000 0.08593743 -0.03125000
v 0.37500000 0.08591852 -0.01562500
v 0.37500000 0.08403996 0.00000000
v 0.37500000 0.08586492 0.03125000
v 0.39062500 -0.08592176 -0.03125000
v 0.39062500 -0.07812500 -0.03904676
v 0.39062500 -0.07812500 -0.02051096
v 0.39062500 -0.08430227 0.00000000
v 0.39062500 -0.07812500 -0.00922890
v 0.39062500 -0.08581976 0.01562500
v 0.39062500 -0.08559329 0.03125000
v 0.39062500 -0.07812500 0.03871829
v 0.39062500 -0.07031250 -0.04687500
v 0.39062500 -0.06250000 -0.05468750
v 0.39062500 -0.07325256 -0.01562500
v 0.39062500 -0.07031250 0.04687500
v 0.39062500 -0.06250000 0.05468750
v 0.39062500 -0.05468750 -0.06250000
v 0.39062500 -0.04687500 -0.07031250
v 0.39062500 -0.05468750 0.06250000
v 0.39062500 -0.04687500 0.07031250
v 0.39062500 -0.03539850 -0.07812500
v 0.39062500 -0.03125000 -0.08227350
v 0.39062500 -0.03904274 0.07812500
v 0.39062500 -0.03125000 0.08591774
v 0.39062500 -0.01562500 -0.08069260
v 0.39062500 -0.01562500 0.08405943
v 0.39062500 -0.01191484 -0.07812500
v 0.39062500 0.00000000 -0.07207714
v 0.39062500 -0.00944648 0.07812500
v 0.39062500 0.00000000 0.07056952
v 0.39062500 0.01562500 -0.07074106
v 0.39062500 0.01562500 0.07158789
v 0.38974684 0.03125000 -0.07812500
v 0.39062500 0.03125000 -0.07754159
v 0.39062500 0.02275358 0.07812500
v 0.39062500 0.03125000 0.08533745
v 0.39062500 0.04687500 -0.07031250
v 0.39062500 0.03846245 0.07812500
v 0.39062500 0.04687500 0.07031250
v 0.39062500 0.05557808 -0.06250000
v 0.39062500 0.06250000 -0.05557808
v 0.39062500 0.05468750 0.06250000
v 0.39062500 0.06250000 0.05468750
v 0.39062500 0.07031250 -0.04687500
v 0.39062500 0.07812500 -0.03906247
v 0.38390034 0.07812500 0.01562500
v 0.39062500 0.07056310 0.04687500
v 0.39062500 0.07812500 0.03930547
v 0.39062500 0.08593747 -0.03125000
v 0.39062500 0.08592589 -0.01562500
v 0.39062500 0.08481159 0.00000000
v 0.39062500 0.08254980 0.01562500
v 0.39062500 0.08592986 0.03125000
v 0.40625000 -0.08593199 -0.03125000
v 0.40625000 -0.07812500 -0.03905699
v 0.40317818 -0.07812500 -0.01562500
v 0.40625000 -0.07968465 -0.01562500
v 0.40625000 -0.08463005 0.00000000
v 0.40625000 -0.08579550 0.01562500
v 0.40625000 -0.08549803 0.03125000
v 0.40625000 -0.07812500 0.03862303
v 0.40625000 -0.07031250 -0.04687500
v 0.40625000 -0.06250000 -0.05468750
v 0.40625000 -0.07031250 0.04687500
v 0.40625000 -0.06250000 0.05468750
v 0.40625000 -0.05468750 -0.06250000
v 0.40625000 -0.04687500 -0.07031250
v 0.40625000 -0.05468750 0.06250000
v 0.40625000 -0.04687500 0.07031250
v 0.40142933 -0.03125000 -0.07812500
v 0.40625000 -0.03125000 -0.07595493
v 0.40625000 -0.03902346 0.07812500
v 0.40625000 -0.03125000 0.08589846
v 0.40081420 -0.01562500 -0.07812500
v 0.40625000 -0.01562500 -0.07664149
v 0.40625000 -0.01562500 0.08204326
v 0.40625000 0.00000000 -0.07104484
v 0.40625000 -0.01146164 0.07812500
v 0.40625000 0.00000000 0.07063198
v 0.40625000 0.01562500 -0.07031250
v 0.40625000 0.01562500 0.07309634
v 0.40625000 0.03125000 -0.07160671
v 0.40625000 0.02085521 0.07812500
v 0.40625000 0.03125000 0.08570904
v 0.40625000 0.04687500 -0.07031250
v 0.40625000 0.03883404 0.07812500
v 0.40625000 0.04687500 0.07031250
v 0.40625000 0.05485601 -0.06250000
v 0.40625000 0.06250000 -0.05485601
v 0.40625000 0.05468750 0.06250000
v 0.40625000 0.06250000 0.05468750
v 0.40625000 0.07049698 -0.04687500
v 0.40625000 0.07812500 -0.03924683
v 0.40163952 0.07812500 0.00000000
v 0.40625000 0.07439905 0.00000000
v 0.40625000 0.07812500 -0.00383123
v 0.40388580 0.07812500 0.01562500
v 0.40625000 0.07709688 0.01562500
v 0.40625000 0.07812500 0.01665508
v 0.40625000 0.07125953 0.04687500
v 0.40625000 0.07812500 0.04000168
v 0.40625000 0.08593735 -0.03125000
v 0.40625000 0.08579396 -0.01562500
v 0.40625000 0.08592954 0.03125000
v 0.42187500 -0.08593604 -0.03125000
v 0.42187500 -0.07812500 -0.03926261
v 0.42187500 -0.08263520 -0.01562500
v 0.42187500 -0.08356170 0.00000000
v 0.42187500 -0.08567374 0.01562500
v 0.42187500 -0.08538562 0.03125000
v 0.42187500 -0.07812500 0.03851062
v 0.42187500 -0.07051407 -0.04687500
v 0.42187500 -0.06250000 -0.05468750
v 0.42187500 -0.07031250 0.04687500
v 0.42187500 -0.06250000 0.05468750
v 0.42187500 -0.05468750 -0.06250000
v 0.42187500 -0.04687500 -0.07031250
v 0.42187500 -0.05468750 0.06250000
v 0.42187500 -0.04687500 0.07031250
v 0.42187500 -0.03125000 -0.07249361
v 0.42187500 -0.03896137 0.07812500
v 0.42187500 -0.03125000 0.08583637
v 0.42187500 -0.01562500 -0.07249987
v 0.41584004 -0.01562500 0.07812500
v 0.42187500 -0.01840209 0.07812500
v 0.42187500 -0.01562500 0.07540655
v 0.42187500 0.00000000 -0.07062954
v 0.42187500 0.00000000 0.07048476
v 0.42187500 0.01562500 -0.07031250
v 0.42187500 0.01562500 0.07306779
v 0.42187500 0.03125000 -0.07052562
v 0.42187500 0.02077588 0.07812500
v 0.42187500 0.03125000 0.08583104
v 0.42187500 0.04687500 -0.07031250
v 0.42187500 0.03895604 0.07812500
v 0.42187500 0.04687500 0.07031250
v 0.42187500 0.05468750 -0.06250000
v 0.42187500 0.06250000 -0.05468750
v 0.42187500 0.05468750 0.06250000
v 0.42187500 0.06250000 0.05468750
v 0.42187500 0.07031250 -0.04687500
v 0.42187500 0.07812500 -0.03906124
v 0.42187500 0.07061862 0.00000000
v 0.42187500 0.07812500 -0.01010018
v 0.42187500 0.07262139 0.01562500
v 0.42187500 0.07812500 0.02114530
v 0.42187500 0.07106292 0.04687500
v 0.42187500 0.07812500 0.03979481
v 0.42187500 0.08593624 -0.03125000
v 0.42187500 0.08337312 -0.01562500
v 0.42187500 0.08591922 0.03125000
v 0.43750000 -0.08593637 -0.03125000
v 0.43750000 -0.07812500 -0.04025735
v 0.43750000 -0.08327715 -0.01562500
v 0.43750000 -0.08293261 0.00000000
v 0.43750000 -0.08544882 0.01562500
v 0.43750000 -0.08525163 0.03125000
v 0.43750000 -0.07812500 0.03837663
v 0.43750000 -0.07150845 -0.04687500
v 0.43750000 -0.06250000 -0.05468750
v 0.43750000 -0.07031250 0.04687500
v 0.43750000 -0.06250000 0.05468750
v 0.43750000 -0.05468750 -0.06250000
v 0.43750000 -0.04687500 -0.07031250
v 0.43750000 -0.05468750 0.06250000
v 0.43750000 -0.04687500 0.07031250
v 0.43750000 -0.03125000 -0.07117604
v 0.43750000 -0.03887351 0.07812500
v 0.43750000 -0.03125000 0.08574851
v 0.43750000 -0.01562500 -0.07107284
v 0.43750000 -0.02195864 0.07812500
v 0.43750000 -0.01562500 0.07197274
v 0.43750000 0.00000000 -0.07031250
v 0.43750000 0.00000000 0.07031250
v 0.43750000 0.01562500 -0.07031250
v 0.43750000 0.01562500 0.07243046
v 0.43750000 0.03125000 -0.07031250
v 0.43750000 0.02140109 0.07812500
v 0.43750000 0.03125000 0.08584975
v 0.43750000 0.04687500 -0.07031248
v 0.43750000 0.03897475 0.07812500
v 0.43750000 0.04687500 0.07031250
v 0.43750000 0.05468748 -0.06250000
v 0.43750000 0.06250000 -0.05468748
v 0.43750000 0.05468750 0.06250000
v 0.43750000 0.06250000 0.05468750
v 0.43750000 0.07031248 -0.04687500
v 0.43750000 0.07812500 -0.03905202
v 0.42977055 0.07812500 -0.01562500
v 0.43750000 0.07295073 -0.01562500
v 0.43750000 0.07812500 -0.02080856
v 0.43750000 0.07031250 0.00000000
v 0.43750000 0.07116781 0.01562500
v 0.43750000 0.07812500 0.02263184
v 0.43750000 0.07096910 0.04687500
v 0.43750000 0.07812500 0.03966922
v 0.43750000 0.08592702 -0.03125000
v 0.43750000 0.08588729 0.03125000
v 0.45312500 -0.08593630 -0.03125000
v 0.45312500 -0.07812500 -0.04281683
v 0.45312500 -0.08310468 -0.01562500
v 0.45312500 -0.08099499 0.00000000
v 0.45312500 -0.08489353 0.01562500
v 0.45312500 -0.08498351 0.03125000
v 0.45312500 -0.07812500 0.03810851
v 0.45312500 -0.07406776 -0.04687500
v 0.45312500 -0.06250000 -0.05490431
v 0.45312500 -0.07031250 0.04687500
v 0.45312500 -0.06250000 0.05468750
v 0.45312500 -0.05490431 -0.06250000
v 0.45312500 -0.04687500 -0.07031250
v 0.45312500 -0.05468750 0.06250000
v 0.45312500 -0.04687500 0.07031250
v 0.45312500 -0.03125000 -0.07075819
v 0.45312500 -0.03882665 0.07812500
v 0.45312500 -0.03125000 0.08570165
v 0.45312500 -0.01562500 -0.07065821
v 0.45312500 -0.02287988 0.07812500
v 0.45312500 -0.01562500 0.07110426
v 0.45312500 0.00000000 -0.07031250
v 0.45312500 0.00000000 0.07031250
v 0.45312500 0.01562500 -0.07031250
v 0.45312500 0.01562500 0.07194642
v 0.45312500 0.03125000 -0.07031250
v 0.45312500 0.02188943 0.07812500
v 0.45312500 0.03125000 0.08584794
v 0.45312500 0.04687500 -0.07031225
v 0.45312500 0.03897294 0.07812500
v 0.45312500 0.04687500 0.07031250
v 0.45312500 0.05468725 -0.06250000
v 0.45312500 0.06250000 -0.05468730
v 0.45312500 0.05468750 0.06250000
v 0.45312500 0.06250000 0.05468750
v 0.45312500 0.07031230 -0.04687500
v 0.45312500 0.07812500 -0.03897583
v 0.45312500 0.07068089 -0.01562500
v 0.45312500 0.07812500 -0.02315564
v 0.45312500 0.07031250 0.00000000
v 0.45312500 0.07062657 0.01562500
v 0.45312500 0.07812500 0.02326477
v 0.45312500 0.07059422 0.04687500
v 0.45312500 0.07812500 0.03920285
v 0.45312500 0.08585083 -0.03125000
v 0.45312500 0.08579604 0.03125000
v 0.46875000 -0.08593622 -0.03125000
v 0.46875000 -0.07812500 -0.04407881
v 0.46875000 -0.08286643 -0.01562500
v 0.46137459 -0.07812500 0.00000000
v 0.46875000 -0.07812500 -0.00493583
v 0.46875000 -0.08334447 0.01562500
v 0.46875000 -0.07812500 0.00447260
v 0.46875000 -0.08395901 0.03125000
v 0.46875000 -0.07812500 0.03708401
v 0.46875000 -0.07532956 -0.04687500
v 0.46875000 -0.06250000 -0.05488130
v 0.46875000 -0.07550820 0.00000000
v 0.46875000 -0.07031250 0.04687500
v 0.46875000 -0.06250000 0.05468750
v 0.46875000 -0.05488130 -0.06250000
v 0.46875000 -0.04687500 -0.07031250
v 0.46875000 -0.05468750 0.06250000
v 0.46875000 -0.04687500 0.07031250
v 0.46875000 -0.03125000 -0.07055292
v 0.46875000 -0.03876919 0.07812500
v 0.46875000 -0.03125000 0.08564419
v 0.46875000 -0.01562500 -0.07050081
v 0.46875000 -0.02330886 0.07812500
v 0.46875000 -0.01562500 0.07073420
v 0.46875000 0.00000000 -0.07031250
v 0.46875000 0.00000000 0.07031250
v 0.46875000 0.01562500 -0.07031250
v 0.46875000 0.01562500 0.07157775
v 0.46875000 0.03125000 -0.07031250
v 0.46875000 0.02228301 0.07812500
v 0.46875000 0.03125000 0.08582403
v 0.46875000 0.04687500 -0.07030959
v 0.46875000 0.03894903 0.07812500
v 0.46875000 0.04687500 0.07031250
v 0.46875000 0.05468459 -0.06250000
v 0.46875000 0.06250000 -0.05468538
v 0.46875000 0.05468750 0.06250000
v 0.46875000 0.06250000 0.05468750
v 0.46875000 0.07031038 -0.04687500
v 0.46875000 0.07812500 -0.03838952
v 0.46875000 0.07031250 -0.01562500
v 0.46875000 0.07812500 -0.02411048
v 0.46875000 0.07031250 0.00000000
v 0.46875000 0.07046174 0.01562500
v 0.46875000 0.07812500 0.02368759
v 0.46875000 0.07031250 0.04687500
v 0.46875000 0.07812500 0.03866341
v 0.46875000 0.08526452 -0.03125000
v 0.46875000 0.08553841 0.03125000
v 0.48437500 -0.08593615 -0.03125000
v 0.48437500 -0.07812500 -0.04360841
v 0.48437500 -0.08273413 -0.01562500
v 0.48437500 -0.07812500 -0.00895903
v 0.48437500 -0.08009105 0.01562500
v 0.48437500 -0.07812500 0.01244065
v 0.48437500 -0.08182435 0.03125000
v 0.48437500 -0.07812500 0.03494935
v 0.48437500 -0.07485930 -0.04687500
v 0.48437500 -0.06250000 -0.05485476
v 0.48437500 -0.07250103 0.00000000
v 0.48437500 -0.07031250 0.04687500
v 0.48437500 -0.06250000 0.05468750
v 0.48437500 -0.05485476 -0.06250000
v 0.48437500 -0.04687500 -0.07031250
v 0.48437500 -0.05468750 0.06250000
v 0.48437500 -0.04687500 0.07031250
v 0.48437500 -0.03125000 -0.07031250
v 0.48437500 -0.03866630 0.07812500
v 0.48437500 -0.03125000 0.08554130
v 0.48437500 -0.01562500 -0.07031250
v 0.48437500 -0.02362633 0.07812500
v 0.48437500 -0.01562500 0.07052013
v 0.48437500 0.00000000 -0.07031250
v 0.48437500 0.00000000 0.07031250
v 0.48437500 0.01562500 -0.07031250
v 0.48437500 0.01562500 0.07123476
v 0.48437500 0.03125000 -0.07031250
v 0.48437500 0.02263360 0.07812500
v 0.48437500 0.03125000 0.08581769
v 0.48437500 0.04687500 -0.07027837
v 0.48437500 0.03894269 0.07812500
v 0.48437500 0.04687500 0.07031250
v 0.48437500 0.05465337 -0.06250000
v 0.48437500 0.06250000 -0.05466634
v 0.48437500 0.05468750 0.06250000
v 0.48437500 0.06250000 0.05468750
v 0.48437500 0.07029134 -0.04687500
v 0.48437500 0.07812500 -0.03542537
v 0.48437500 0.07031250 -0.01562500
v 0.48437500 0.07812500 -0.02707463
v 0.48437500 0.07031250 0.00000000
v 0.48437500 0.07031250 0.01562500
v 0.48437500 0.07812500 0.02437040
v 0.48437500 0.07031250 0.04687500
v 0.48437500 0.07812500 0.03812960
v 0.48437500 0.08230037 -0.03125000
v 0.48437500 0.08500460 0.03125000
f 4 2 1
f 3 4 1
f 1 5 3
f 3 5 6
f 5 7 6
f 6 7 8
f 7 9 8
f 8 9 10
f 9 11 10
f 10 11 12
f 11 13 12
f 12 13 14
f 13 15 14
f 14 15 16
f 16 15 17
f 18 16 17
f 21 20 19
f 24 19 20
f 24 20 23
f 23 20 22
f 22 4 23
f 2 4 22
f 17 26 18
f 25 26 17
f 26 25 27
f 28 26 27
f 19 30 31
f 19 31 21
f 21 31 29
f 19 24 30
f 27 32 28
f 32 33 28
f 29 31 35
f 34 29 35
f 35 36 34
f 37 36 35
f 32 38 33
f 38 39 33
f 36 37 40
f 40 37 41
f 38 42 39
f 42 43 39
f 40 41 44
f 44 41 45
f 42 46 43
f 46 47 43
f 44 45 48
f 48 45 49
f 46 50 47
f 50 51 47
f 54 52 53
f 54 53 49
f 49 53 48
f 54 55 52
f 50 56 51
f 56 57 51
f 53 52 58
f 60 61 59
f 58 61 60
f 58 55 61
f 58 52 55
f 61 62 59
f 66 63 64
f 65 63 66
f 63 65 57
f 56 63 57
f 60 59 67
f 59 62 69
f 59 69 67
f 67 69 68
f 68 69 70
f 69 71 70
f 70 71 72
f 71 73 72
f 72 73 74
f 73 75 74
f 74 75 76
f 75 77 76
f 76 77 78
f 77 79 78
f 78 79 66
f 64 78 66
f 2 81 80
f 1 2 80
f 80 82 1
f 1 82 5
f 82 83 5
f 5 83 7
f 83 84 7
f 7 84 9
f 84 85 9
f 9 85 11
f 85 86 11
f 11 86 13
f 86 87 13
f 13 87 15
f 15 87 88
f 17 15 88
f 21 90 89
f 20 21 89
f 89 91 20
f 20 91 22
f 91 2 22
f 81 2 91
f 88 25 17
f 92 25 88
f 25 92 93
f 27 25 93
f 90 21 94
f 94 21 29
f 95 93 96
f 95 32 93
f 32 27 93
f 96 97 95
f 94 29 34
f 98 94 34
f 34 99 98
f 36 99 34
f 100 32 95
f 100 101 32
f 101 38 32
f 95 97 100
f 99 36 102
f 102 36 40
f 101 103 38
f 103 42 38
f 102 40 104
f 104 40 44
f 103 105 42
f 105 46 42
f 104 44 106
f 106 44 48
f 105 107 46
f 107 50 46
f 106 48 108
f 108 48 53
f 107 109 50
f 109 56 50
f 108 53 58
f 110 108 58
f 58 111 110
f 60 111 58
f 64 112 113
f 63 112 64
f 112 63 56
f 109 112 56
f 111 60 67
f 114 111 67
f 114 67 115
f 67 68 115
f 115 68 116
f 68 70 116
f 116 70 117
f 70 72 117
f 117 72 118
f 72 74 118
f 118 74 119
f 74 76 119
f 119 76 120
f 76 78 120
f 120 78 64
f 113 120 64
f 123 122 121
f 122 125 124
f 121 122 124
f 125 126 124
f 129 128 127
f 128 130 127
f 81 132 131
f 80 81 131
f 121 131 123
f 121 82 131
f 82 80 131
f 124 82 121
f 83 82 124
f 126 83 124
f 126 133 83
f 133 84 83
f 133 134 84
f 84 134 85
f 127 134 129
f 127 86 134
f 86 85 134
f 130 86 127
f 130 135 86
f 135 87 86
f 87 135 136
f 88 87 136
f 90 138 137
f 89 90 137
f 137 139 89
f 89 139 91
f 139 81 91
f 132 81 139
f 136 92 88
f 140 92 136
f 141 93 92
f 141 92 142
f 142 92 140
f 142 143 141
f 138 90 144
f 144 90 94
f 141 96 93
f 96 141 143
f 96 143 97
f 97 143 145
f 144 94 98
f 146 144 98
f 98 147 146
f 99 147 98
f 101 148 149
f 100 148 101
f 148 100 97
f 145 148 97
f 147 99 150
f 150 99 102
f 149 151 101
f 151 103 101
f 150 102 152
f 152 102 104
f 151 153 103
f 153 105 103
f 152 104 154
f 154 104 106
f 153 155 105
f 155 107 105
f 154 106 156
f 156 106 108
f 155 157 107
f 157 109 107
f 156 108 110
f 158 156 110
f 110 159 158
f 111 159 110
f 113 160 161
f 112 160 113
f 160 112 109
f 157 160 109
f 159 111 114
f 162 159 114
f 162 114 163
f 114 115 163
f 163 115 164
f 115 116 164
f 164 116 165
f 116 117 165
f 165 117 166
f 117 118 166
f 166 118 167
f 118 119 167
f 167 119 168
f 119 120 168
f 168 120 113
f 161 168 113
f 123 170 169
f 122 123 169
f 169 171 122
f 122 171 125
f 172 126 125
f 172 125 173
f 173 125 171
f 173 175 174
f 172 173 174
f 129 174 175
f 129 175 128
f 128 175 176
f 128 176 177
f 130 128 177
f 132 179 178
f 131 132 178
f 178 123 131
f 170 123 178
f 172 133 126
f 174 133 172
f 134 133 174
f 174 129 134
f 177 135 130
f 180 135 177
f 135 180 181
f 136 135 181
f 137 138 182
f 182 184 183
f 182 183 137
f 137 183 139
f 183 132 139
f 179 132 183
f 181 140 136
f 185 140 181
f 185 186 140
f 140 186 142
f 142 186 187
f 143 142 187
f 188 182 138
f 188 138 189
f 189 138 144
f 182 188 184
f 187 190 143
f 190 145 143
f 189 144 146
f 191 189 146
f 146 192 191
f 147 192 146
f 148 193 149
f 193 148 145
f 193 145 194
f 194 145 190
f 192 147 195
f 195 147 150
f 196 149 193
f 196 197 149
f 197 151 149
f 193 194 196
f 195 150 198
f 198 150 152
f 197 199 151
f 199 153 151
f 198 152 200
f 200 152 154
f 199 201 153
f 201 155 153
f 200 154 202
f 202 154 156
f 201 203 155
f 203 157 155
f 202 156 158
f 204 202 158
f 158 205 204
f 159 205 158
f 161 206 207
f 160 206 161
f 206 160 157
f 203 206 157
f 205 159 162
f 208 205 162
f 208 162 209
f 162 163 209
f 209 163 210
f 163 164 210
f 212 165 211
f 212 210 165
f 210 164 165
f 211 213 214
f 211 165 213
f 165 166 213
f 213 166 215
f 166 167 215
f 215 167 216
f 167 168 216
f 216 168 161
f 207 216 161
f 212 211 217
f 211 214 217
f 170 219 218
f 169 170 218
f 218 220 169
f 169 220 171
f 220 221 171
f 171 221 173
f 221 222 173
f 173 222 175
f 222 223 175
f 175 223 176
f 176 223 224
f 177 176 224
f 179 226 225
f 178 179 225
f 225 170 178
f 219 170 225
f 224 180 177
f 227 180 224
f 180 227 228
f 181 180 228
f 184 230 229
f 183 184 229
f 229 179 183
f 226 179 229
f 228 185 181
f 231 185 228
f 231 232 185
f 185 232 186
f 186 232 233
f 187 186 233
f 189 235 234
f 188 189 234
f 234 184 188
f 230 184 234
f 233 236 187
f 236 190 187
f 235 189 191
f 237 235 191
f 191 238 237
f 192 238 191
f 236 239 190
f 239 194 190
f 238 192 240
f 240 192 195
f 197 241 242
f 196 241 197
f 241 196 194
f 239 241 194
f 240 195 243
f 243 195 198
f 242 244 197
f 244 199 197
f 243 198 245
f 245 198 200
f 244 246 199
f 246 201 199
f 245 200 247
f 247 200 202
f 246 248 201
f 248 203 201
f 247 202 204
f 249 247 204
f 204 250 249
f 205 250 204
f 207 251 252
f 206 251 207
f 251 206 203
f 248 251 203
f 250 205 208
f 253 250 208
f 253 208 254
f 208 209 254
f 254 209 255
f 209 210 255
f 210 256 255
f 212 256 210
f 213 257 214
f 215 257 213
f 258 257 215
f 258 259 260
f 258 215 259
f 215 216 259
f 259 216 207
f 252 259 207
f 256 212 217
f 261 256 217
f 214 257 262
f 214 262 217
f 217 262 261
f 257 258 263
f 262 257 263
f 258 260 263
f 219 265 264
f 218 219 264
f 267 266 220
f 267 220 264
f 264 220 218
f 266 269 268
f 266 268 220
f 220 268 221
f 268 270 221
f 221 270 222
f 270 271 222
f 222 271 223
f 223 271 272
f 224 223 272
f 226 274 273
f 225 226 273
f 273 219 225
f 265 219 273
f 267 275 266
f 266 275 269
f 272 227 224
f 276 227 272
f 227 276 277
f 228 227 277
f 230 279 278
f 229 230 278
f 278 226 229
f 274 226 278
f 277 231 228
f 280 231 277
f 282 281 232
f 282 232 280
f 280 232 231
f 232 281 233
f 234 235 283
f 283 230 234
f 283 284 230
f 284 279 230
f 282 285 281
f 281 285 286
f 281 286 233
f 233 286 236
f 283 235 237
f 237 284 283
f 237 238 284
f 238 287 284
f 290 288 289
f 289 288 239
f 289 239 286
f 286 239 236
f 287 238 291
f 291 238 240
f 288 242 241
f 288 290 242
f 290 292 242
f 288 241 239
f 291 240 293
f 293 240 243
f 292 294 242
f 294 244 242
f 297 296 295
f 296 245 295
f 296 293 245
f 293 243 245
f 294 298 244
f 298 246 244
f 297 295 299
f 295 300 299
f 295 245 300
f 245 247 300
f 298 301 246
f 301 248 246
f 300 247 249
f 302 300 249
f 249 303 302
f 250 303 249
f 252 304 305
f 251 304 252
f 304 251 248
f 301 304 248
f 303 250 253
f 306 303 253
f 308 254 307
f 308 306 254
f 306 253 254
f 307 309 310
f 307 254 309
f 254 255 309
f 255 311 309
f 256 311 255
f 260 312 313
f 259 312 260
f 312 259 252
f 305 312 252
f 308 307 314
f 307 310 314
f 311 256 261
f 315 311 261
f 315 261 316
f 261 262 316
f 316 262 317
f 262 263 317
f 317 263 260
f 313 317 260
f 264 265 318
f 264 318 267
f 268 269 319
f 319 321 320
f 319 320 268
f 268 320 270
f 320 322 270
f 270 322 271
f 271 322 323
f 272 271 323
f 274 325 324
f 273 274 324
f 265 326 318
f 265 273 326
f 273 324 326
f 318 275 267
f 318 326 275
f 326 327 275
f 269 328 319
f 269 275 328
f 275 327 328
f 319 328 321
f 323 276 272
f 329 276 323
f 276 329 330
f 277 276 330
f 279 332 331
f 278 279 331
f 331 274 278
f 325 274 331
f 330 280 277
f 333 280 330
f 280 333 334
f 282 280 334
f 332 279 335
f 335 279 284
f 285 337 336
f 285 282 337
f 282 334 337
f 285 336 286
f 335 284 338
f 338 284 287
f 336 290 289
f 336 337 290
f 337 339 290
f 336 289 286
f 338 287 340
f 340 287 291
f 339 341 290
f 341 292 290
f 340 291 342
f 342 291 293
f 341 343 292
f 343 294 292
f 297 345 344
f 296 297 344
f 344 293 296
f 342 293 344
f 343 346 294
f 346 298 294
f 345 297 299
f 347 345 299
f 299 348 347
f 300 348 299
f 346 349 298
f 349 301 298
f 348 300 302
f 350 348 302
f 302 351 350
f 303 351 302
f 304 352 305
f 352 304 301
f 352 301 353
f 353 301 349
f 351 303 306
f 354 351 306
f 306 355 354
f 308 355 306
f 309 356 310
f 309 311 356
f 359 357 358
f 358 357 360
f 313 361 362
f 312 361 313
f 305 352 363
f 305 363 312
f 312 363 361
f 352 353 363
f 355 308 314
f 364 355 314
f 310 356 365
f 310 365 314
f 314 365 364
f 356 311 315
f 356 315 365
f 365 315 366
f 357 359 366
f 357 366 316
f 316 366 315
f 360 357 316
f 360 316 367
f 367 316 317
f 367 317 313
f 362 367 313
f 321 369 368
f 320 321 368
f 368 370 320
f 320 370 322
f 322 370 371
f 323 322 371
f 325 373 372
f 324 325 372
f 372 374 324
f 324 374 326
f 374 375 326
f 326 375 327
f 375 376 327
f 327 376 328
f 376 321 328
f 369 321 376
f 371 329 323
f 377 329 371
f 329 377 378
f 330 329 378
f 332 380 379
f 331 332 379
f 379 325 331
f 373 325 379
f 378 333 330
f 381 333 378
f 333 381 382
f 334 333 382
f 380 332 383
f 383 332 335
f 382 384 334
f 384 337 334
f 383 335 385
f 385 335 338
f 384 386 337
f 386 339 337
f 385 338 387
f 387 338 340
f 386 388 339
f 388 341 339
f 387 340 389
f 389 340 342
f 388 390 341
f 390 343 341
f 345 392 391
f 344 345 391
f 391 342 344
f 389 342 391
f 390 393 343
f 393 346 343
f 392 345 347
f 394 392 347
f 347 395 394
f 348 395 347
f 396 393 397
f 396 349 393
f 349 346 393
f 397 398 396
f 395 348 350
f 399 395 350
f 350 400 399
f 351 400 350
f 401 349 396
f 401 402 349
f 402 353 349
f 396 398 401
f 400 351 354
f 403 400 354
f 354 404 403
f 355 404 354
f 359 405 406
f 358 405 359
f 407 358 360
f 407 408 358
f 408 405 358
f 362 408 407
f 362 361 408
f 361 409 408
f 409 361 410
f 361 363 410
f 410 363 353
f 402 410 353
f 404 355 364
f 411 404 364
f 411 364 412
f 364 365 412
f 412 365 413
f 365 366 413
f 413 366 359
f 406 413 359
f 407 360 367
f 407 367 362
f 369 415 414
f 368 369 414
f 414 416 368
f 368 416 370
f 370 416 417
f 371 370 417
f 373 419 418
f 372 373 418
f 418 420 372
f 372 420 374
f 420 421 374
f 374 421 375
f 421 422 375
f 375 422 376
f 422 369 376
f 415 369 422
f 417 377 371
f 423 377 417
f 377 423 424
f 378 377 424
f 380 426 425
f 379 380 425
f 425 373 379
f 419 373 425
f 424 381 378
f 427 381 424
f 381 427 428
f 382 381 428
f 426 380 429
f 429 380 383
f 428 430 382
f 430 384 382
f 429 383 431
f 431 383 385
f 430 432 384
f 432 386 384
f 431 385 433
f 433 385 387
f 432 434 386
f 434 388 386
f 437 436 435
f 436 389 435
f 436 433 389
f 433 387 389
f 434 438 388
f 438 390 388
f 435 391 392
f 435 392 437
f 437 392 439
f 435 389 391
f 438 440 390
f 440 393 390
f 439 392 394
f 441 439 394
f 394 442 441
f 395 442 394
f 440 397 393
f 443 397 440
f 397 443 444
f 398 397 444
f 442 395 399
f 445 442 399
f 399 446 445
f 400 446 399
f 449 447 448
f 402 448 447
f 402 401 448
f 401 450 448
f 450 401 398
f 444 450 398
f 446 400 403
f 451 446 403
f 403 452 451
f 404 452 403
f 406 453 454
f 405 453 406
f 453 405 455
f 405 408 455
f 455 408 456
f 408 409 456
f 447 449 456
f 447 456 410
f 410 456 409
f 447 410 402
f 452 404 411
f 457 452 411
f 457 411 458
f 411 412 458
f 458 412 459
f 412 413 459
f 459 413 406
f 454 459 406
f 415 461 460
f 414 415 460
f 460 462 414
f 414 462 416
f 416 462 463
f 417 416 463
f 419 465 464
f 418 419 464
f 464 466 418
f 418 466 420
f 466 467 420
f 420 467 421
f 467 468 421
f 421 468 422
f 468 415 422
f 461 415 468
f 463 423 417
f 469 423 463
f 423 469 470
f 424 423 470
f 426 472 471
f 425 426 471
f 471 419 425
f 465 419 471
f 470 427 424
f 473 427 470
f 427 473 474
f 428 427 474
f 472 426 475
f 475 426 429
f 474 476 428
f 476 430 428
f 475 429 477
f 477 429 431
f 476 478 430
f 478 432 430
f 477 431 479
f 479 431 433
f 478 480 432
f 480 434 432
f 437 482 481
f 436 437 481
f 481 433 436
f 479 433 481
f 480 483 434
f 483 438 434
f 484 485 482
f 484 482 439
f 439 482 437
f 485 484 486
f 487 483 488
f 487 440 483
f 440 438 483
f 488 489 487
f 484 439 441
f 441 486 484
f 441 442 486
f 442 490 486
f 487 443 440
f 443 487 489
f 443 489 444
f 444 489 491
f 490 442 445
f 492 490 445
f 445 493 492
f 446 493 445
f 449 494 495
f 448 494 449
f 494 448 496
f 448 450 496
f 496 450 444
f 491 496 444
f 451 497 498
f 451 498 446
f 446 498 493
f 451 452 497
f 454 499 500
f 453 499 454
f 499 453 501
f 453 455 501
f 501 455 502
f 455 456 502
f 502 456 449
f 495 502 449
f 498 497 503
f 497 452 457
f 497 457 503
f 503 457 504
f 504 457 505
f 457 458 505
f 505 458 506
f 458 459 506
f 506 459 454
f 500 506 454
f 460 461 507
f 507 509 508
f 507 508 460
f 460 508 462
f 462 508 510
f 463 462 510
f 465 512 511
f 464 465 511
f 511 513 464
f 464 513 466
f 513 514 466
f 466 514 467
f 514 515 467
f 467 515 468
f 461 516 507
f 461 468 516
f 468 515 516
f 507 516 509
f 510 469 463
f 517 469 510
f 469 517 518
f 470 469 518
f 472 520 519
f 471 472 519
f 519 465 471
f 512 465 519
f 518 473 470
f 521 473 518
f 473 521 522
f 474 473 522
f 520 472 523
f 523 472 475
f 522 524 474
f 524 476 474
f 523 475 525
f 525 475 477
f 524 526 476
f 526 478 476
f 529 528 527
f 528 479 527
f 528 525 479
f 525 477 479
f 526 530 478
f 530 480 478
f 527 481 482
f 527 482 529
f 529 482 531
f 527 479 481
f 532 530 533
f 532 483 530
f 483 480 530
f 533 534 532
f 531 482 485
f 535 531 485
f 485 536 535
f 486 536 485
f 532 488 483
f 488 532 534
f 488 534 489
f 489 534 537
f 536 486 538
f 538 486 490
f 541 539 540
f 540 539 491
f 540 491 537
f 537 491 489
f 538 490 492
f 542 538 492
f 492 543 542
f 493 543 492
f 495 544 545
f 494 544 495
f 539 541 544
f 539 544 496
f 496 544 494
f 539 496 491
f 543 493 546
f 546 493 498
f 500 547 548
f 499 547 500
f 547 499 549
f 499 501 549
f 549 501 550
f 501 502 550
f 550 502 495
f 545 550 495
f 546 498 503
f 551 546 503
f 551 503 552
f 503 504 552
f 552 504 553
f 504 505 553
f 553 505 554
f 505 506 554
f 554 506 500
f 548 554 500
f 509 556 555
f 508 509 555
f 508 555 557
f 510 508 557
f 512 559 558
f 511 512 558
f 558 560 511
f 511 560 513
f 560 561 513
f 513 561 514
f 561 562 514
f 514 562 515
f 562 563 515
f 515 563 516
f 563 509 516
f 556 509 563
f 557 517 510
f 564 517 557
f 517 564 565
f 518 517 565
f 520 567 566
f 519 520 566
f 566 512 519
f 559 512 566
f 565 521 518
f 568 521 565
f 521 568 569
f 522 521 569
f 567 520 570
f 570 520 523
f 569 571 522
f 571 524 522
f 574 573 572
f 573 525 572
f 573 570 525
f 570 523 525
f 571 575 524
f 575 526 524
f 572 528 529
f 572 529 574
f 574 529 576
f 572 525 528
f 575 577 526
f 577 530 526
f 576 529 578
f 578 529 531
f 577 533 530
f 579 533 577
f 533 579 580
f 534 533 580
f 578 531 535
f 581 578 535
f 535 582 581
f 536 582 535
f 580 583 534
f 583 537 534
f 582 536 584
f 584 536 538
f 541 585 586
f 540 585 541
f 585 540 537
f 583 585 537
f 584 538 542
f 587 584 542
f 542 588 587
f 543 588 542
f 545 589 590
f 544 589 545
f 589 544 541
f 586 589 541
f 591 592 588
f 591 588 546
f 546 588 543
f 592 591 593
f 547 594 548
f 594 595 596
f 594 547 595
f 547 549 595
f 595 549 597
f 549 550 597
f 597 550 545
f 590 597 545
f 591 546 551
f 593 591 551
f 593 551 598
f 598 551 552
f 598 552 599
f 552 553 599
f 599 553 600
f 553 554 600
f 548 594 601
f 548 601 554
f 554 601 600
f 594 596 601
f 604 603 602
f 603 605 602
f 555 556 606
f 555 606 557
f 559 608 607
f 558 559 607
f 602 607 604
f 602 560 607
f 560 558 607
f 605 560 602
f 605 609 560
f 609 561 560
f 609 610 561
f 561 610 562
f 610 611 562
f 562 611 563
f 556 612 606
f 556 563 612
f 563 611 612
f 606 564 557
f 606 612 564
f 612 613 564
f 564 613 614
f 565 564 614
f 567 616 615
f 566 567 615
f 615 559 566
f 608 559 615
f 614 568 565
f 617 568 614
f 568 617 618
f 569 568 618
f 616 567 619
f 619 567 570
f 618 620 569
f 620 571 569
f 574 622 621
f 573 574 621
f 621 570 573
f 619 570 621
f 620 623 571
f 623 575 571
f 622 574 624
f 624 574 576
f 625 623 626
f 625 577 623
f 577 575 623
f 626 627 625
f 624 576 628
f 628 576 578
f 625 579 577
f 579 625 627
f 579 627 580
f 580 627 629
f 628 578 581
f 630 628 581
f 581 631 630
f 582 631 581
f 629 632 580
f 632 583 580
f 631 582 633
f 633 582 584
f 586 634 635
f 585 634 586
f 634 585 583
f 632 634 583
f 633 584 587
f 636 633 587
f 587 637 636
f 588 637 587
f 590 638 639
f 589 638 590
f 638 589 586
f 635 638 586
f 637 588 592
f 640 637 592
f 592 641 640
f 593 641 592
f 596 642 643
f 595 642 596
f 642 595 644
f 595 597 644
f 644 597 590
f 639 644 590
f 641 593 598
f 645 641 598
f 645 598 646
f 598 599 646
f 646 599 647
f 599 600 647
f 647 600 648
f 600 601 648
f 648 601 596
f 643 648 596
f 604 650 649
f 603 604 649
f 603 649 651
f 605 603 651
f 608 653 652
f 607 608 652
f 652 604 607
f 650 604 652
f 651 609 605
f 654 609 651
f 654 655 609
f 609 655 610
f 655 656 610
f 610 656 611
f 656 657 611
f 611 657 612
f 657 658 612
f 612 658 613
f 613 658 659
f 614 613 659
f 616 661 660
f 615 616 660
f 660 608 615
f 653 608 660
f 659 617 614
f 662 617 659
f 617 662 663
f 618 617 663
f 666 665 664
f 665 619 664
f 665 661 619
f 661 616 619
f 663 667 618
f 667 620 618
f 664 621 622
f 664 622 666
f 666 622 668
f 664 619 621
f 667 669 620
f 669 623 620
f 668 622 670
f 670 622 624
f 669 626 623
f 671 626 669
f 626 671 672
f 627 626 672
f 670 624 673
f 673 624 628
f 672 674 627
f 674 629 627
f 673 628 630
f 675 673 630
f 630 676 675
f 631 676 630
f 674 677 629
f 677 632 629
f 676 631 678
f 678 631 633
f 635 679 680
f 634 679 635
f 679 634 632
f 677 679 632
f 678 633 636
f 681 678 636
f 636 682 681
f 637 682 636
f 639 683 684
f 638 683 639
f 683 638 635
f 680 683 635
f 682 637 640
f 685 682 640
f 640 686 685
f 641 686 640
f 643 687 688
f 642 687 643
f 687 642 689
f 642 644 689
f 689 644 639
f 684 689 639
f 686 641 645
f 690 686 645
f 690 645 691
f 645 646 691
f 691 646 692
f 646 647 692
f 692 647 693
f 647 648 693
f 693 648 643
f 688 693 643
f 650 695 694
f 649 650 694
f 649 694 696
f 651 649 696
f 653 698 697
f 652 653 697
f 697 650 652
f 695 650 697
f 696 654 651
f 699 654 696
f 699 700 654
f 654 700 655
f 700 701 655
f 655 701 656
f 701 702 656
f 656 702 657
f 702 703 657
f 657 703 658
f 658 703 704
f 659 658 704
f 661 706 705
f 660 661 705
f 705 653 660
f 698 653 705
f 704 662 659
f 707 662 704
f 662 707 708
f 663 662 708
f 666 710 709
f 665 666 709
f 709 661 665
f 706 661 709
f 708 711 663
f 711 667 663
f 710 666 712
f 712 666 668
f 711 713 667
f 713 669 667
f 712 668 714
f 714 668 670
f 713 671 669
f 715 671 713
f 671 715 716
f 672 671 716
f 714 670 717
f 717 670 673
f 716 718 672
f 718 674 672
f 717 673 675
f 719 717 675
f 675 720 719
f 676 720 675
f 723 721 722
f 722 721 677
f 722 677 718
f 718 677 674
f 720 676 724
f 724 676 678
f 721 680 679
f 721 723 680
f 723 725 680
f 721 679 677
f 724 678 681
f 726 724 681
f 681 727 726
f 682 727 681
f 684 728 729
f 683 728 684
f 728 683 680
f 725 728 680
f 727 682 685
f 730 727 685
f 685 731 730
f 686 731 685
f 687 732 688
f 732 733 734
f 732 687 733
f 687 689 733
f 733 689 684
f 729 733 684
f 731 686 690
f 735 731 690
f 735 690 736
f 690 691 736
f 736 691 737
f 691 692 737
f 737 692 738
f 692 693 738
f 688 732 739
f 688 739 693
f 693 739 738
f 732 734 739
f 695 741 740
f 694 695 740
f 694 740 742
f 696 694 742
f 745 744 743
f 744 746 743
f 698 748 747
f 697 698 747
f 747 695 697
f 741 695 747
f 742 699 696
f 749 699 742
f 749 750 699
f 699 750 700
f 750 751 700
f 700 751 701
f 743 751 745
f 743 702 751
f 702 701 751
f 746 702 743
f 746 752 702
f 752 703 702
f 703 752 753
f 704 703 753
f 706 755 754
f 705 706 754
f 754 698 705
f 748 698 754
f 753 707 704
f 756 707 753
f 707 756 757
f 708 707 757
f 710 759 758
f 709 710 758
f 758 706 709
f 755 706 758
f 757 760 708
f 760 711 708
f 759 710 761
f 761 710 712
f 760 762 711
f 762 713 711
f 761 712 763
f 763 712 714
f 762 715 713
f 764 715 762
f 715 764 765
f 716 715 765
f 763 714 766
f 766 714 717
f 765 767 716
f 767 718 716
f 766 717 719
f 768 766 719
f 719 769 768
f 720 769 719
f 723 770 771
f 722 770 723
f 770 722 718
f 767 770 718
f 769 720 772
f 772 720 724
f 771 773 723
f 773 725 723
f 772 724 726
f 774 772 726
f 726 775 774
f 727 775 726
f 729 776 777
f 728 776 729
f 776 728 725
f 773 776 725
f 775 727 730
f 778 775 730
f 730 779 778
f 731 779 730
f 734 780 781
f 733 780 734
f 780 733 729
f 777 780 729
f 779 731 735
f 782 779 735
f 782 735 783
f 735 736 783
f 783 736 784
f 736 737 784
f 784 737 785
f 737 738 785
f 785 738 786
f 738 739 786
f 786 739 734
f 781 786 734
f 741 788 787
f 740 741 787
f 740 787 789
f 742 740 789
f 745 791 790
f 744 745 790
f 744 790 792
f 746 744 792
f 748 794 793
f 747 748 793
f 793 741 747
f 788 741 793
f 789 749 742
f 795 749 789
f 795 796 749
f 749 796 750
f 796 797 750
f 750 797 751
f 797 745 751
f 791 745 797
f 792 752 746
f 798 752 792
f 752 798 799
f 753 752 799
f 755 801 800
f 754 755 800
f 800 748 754
f 794 748 800
f 799 756 753
f 802 756 799
f 756 802 803
f 757 756 803
f 759 805 804
f 758 759 804
f 804 755 758
f 801 755 804
f 803 806 757
f 806 760 757
f 805 759 807
f 807 759 761
f 808 806 809
f 808 762 806
f 762 760 806
f 809 810 808
f 807 761 811
f 811 761 763
f 808 764 762
f 764 808 810
f 764 810 765
f 765 810 812
f 813 814 811
f 813 811 766
f 766 811 763
f 814 813 815
f 812 816 765
f 816 767 765
f 813 766 768
f 768 815 813
f 768 769 815
f 769 817 815
f 771 818 819
f 770 818 771
f 818 770 767
f 816 818 767
f 817 769 820
f 820 769 772
f 819 821 771
f 821 773 771
f 820 772 774
f 822 820 774
f 774 823 822
f 775 823 774
f 777 824 825
f 776 824 777
f 824 776 773
f 821 824 773
f 823 775 778
f 826 823 778
f 778 827 826
f 779 827 778
f 781 828 829
f 780 828 781
f 828 780 777
f 825 828 777
f 827 779 782
f 830 827 782
f 830 782 831
f 782 783 831
f 831 783 832
f 783 784 832
f 832 784 833
f 784 785 833
f 833 785 834
f 785 786 834
f 834 786 781
f 829 834 781
f 787 788 835
f 787 835 789
f 791 837 836
f 790 791 836
f 790 836 838
f 792 790 838
f 794 840 839
f 793 794 839
f 788 841 835
f 788 793 841
f 793 839 841
f 835 795 789
f 835 841 795
f 841 842 795
f 842 843 795
f 795 843 796
f 843 844 796
f 796 844 797
f 844 791 797
f 837 791 844
f 838 798 792
f 845 798 838
f 798 845 846
f 799 798 846
f 801 848 847
f 800 801 847
f 847 794 800
f 840 794 847
f 846 802 799
f 849 802 846
f 802 849 850
f 803 802 850
f 805 852 851
f 804 805 851
f 851 801 804
f 848 801 851
f 850 853 803
f 853 806 803
f 852 805 854
f 854 805 807
f 853 809 806
f 855 809 853
f 809 855 856
f 810 809 856
f 857 858 854
f 857 854 811
f 811 854 807
f 858 857 859
f 856 860 810
f 860 812 810
f 857 811 814
f 814 859 857
f 814 815 859
f 815 861 859
f 860 862 812
f 862 816 812
f 861 815 863
f 863 815 817
f 819 864 865
f 818 864 819
f 864 818 816
f 862 864 816
f 863 817 866
f 866 817 820
f 865 867 819
f 867 821 819
f 866 820 822
f 868 866 822
f 822 869 868
f 823 869 822
f 825 870 871
f 824 870 825
f 870 824 821
f 867 870 821
f 869 823 826
f 872 869 826
f 826 873 872
f 827 873 826
f 876 874 875
f 829 875 874
f 829 828 875
f 828 877 875
f 877 828 825
f 871 877 825
f 873 827 830
f 878 873 830
f 878 830 879
f 830 831 879
f 879 831 880
f 831 832 880
f 880 832 881
f 832 833 881
f 874 876 881
f 874 881 834
f 834 881 833
f 874 834 829
f 884 883 882
f 883 885 882
f 837 887 886
f 836 837 886
f 836 886 888
f 838 836 888
f 840 890 889
f 839 840 889
f 882 889 884
f 882 841 889
f 841 839 889
f 885 841 882
f 885 891 841
f 891 842 841
f 891 892 842
f 842 892 843
f 892 893 843
f 843 893 844
f 893 837 844
f 887 837 893
f 888 845 838
f 894 845 888
f 845 894 895
f 846 845 895
f 848 897 896
f 847 848 896
f 896 840 847
f 890 840 896
f 895 849 846
f 898 849 895
f 849 898 899
f 850 849 899
f 852 901 900
f 851 852 900
f 900 848 851
f 897 848 900
f 899 902 850
f 902 853 850
f 903 904 901
f 903 901 854
f 854 901 852
f 904 903 905
f 902 855 853
f 906 855 902
f 855 906 907
f 856 855 907
f 903 854 858
f 858 905 903
f 858 859 905
f 859 908 905
f 907 909 856
f 909 860 856
f 908 859 910
f 910 859 861
f 913 911 912
f 912 911 862
f 912 862 909
f 909 862 860
f 910 861 914
f 914 861 863
f 911 865 864
f 911 913 865
f 913 915 865
f 911 864 862
f 914 863 916
f 916 863 866
f 915 917 865
f 917 867 865
f 916 866 868
f 918 916 868
f 868 919 918
f 869 919 868
f 871 920 921
f 870 920 871
f 920 870 867
f 917 920 867
f 919 869 872
f 922 919 872
f 872 923 922
f 873 923 872
f 926 924 925
f 876 925 924
f 876 875 925
f 875 927 925
f 927 875 928
f 875 877 928
f 928 877 871
f 921 928 871
f 923 873 878
f 929 923 878
f 929 878 930
f 878 879 930
f 930 879 931
f 879 880 931
f 924 926 931
f 924 931 881
f 881 931 880
f 924 881 876
f 884 933 932
f 883 884 932
f 883 932 934
f 885 883 934
f 887 936 935
f 886 887 935
f 886 935 937
f 888 886 937
f 890 939 938
f 889 890 938
f 938 884 889
f 933 884 938
f 934 891 885
f 940 891 934
f 940 941 891
f 891 941 892
f 941 942 892
f 892 942 893
f 942 887 893
f 936 887 942
f 937 894 888
f 943 894 937
f 894 943 944
f 895 894 944
f 897 946 945
f 896 897 945
f 945 890 896
f 939 890 945
f 944 898 895
f 947 898 944
f 898 947 948
f 899 898 948
f 900 901 949
f 949 897 900
f 949 950 897
f 950 946 897
f 951 948 952
f 951 902 948
f 902 899 948
f 952 953 951
f 949 901 904
f 904 950 949
f 904 905 950
f 905 954 950
f 951 906 902
f 906 951 953
f 906 953 907
f 907 953 955
f 954 905 956
f 956 905 908
f 955 957 907
f 957 909 907
f 956 908 958
f 958 908 910
f 913 959 960
f 912 959 913
f 959 912 909
f 957 959 909
f 958 910 961
f 961 910 914
f 960 962 913
f 962 915 913
f 961 914 963
f 963 914 916
f 962 964 915
f 964 917 915
f 963 916 918
f 965 963 918
f 918 966 965
f 919 966 918
f 921 967 968
f 920 967 921
f 967 920 917
f 964 967 917
f 966 919 922
f 969 966 922
f 922 970 969
f 923 970 922
f 926 971 972
f 925 971 926
f 971 925 973
f 925 927 973
f 973 927 974
f 927 928 974
f 974 928 921
f 968 974 921
f 970 923 929
f 975 970 929
f 975 929 976
f 929 930 976
f 976 930 977
f 930 931 977
f 977 931 926
f 972 977 926
f 933 979 978
f 932 933 978
f 980 934 932
f 980 932 981
f 981 932 978
f 981 982 980
f 985 984 983
f 936 983 984
f 936 984 935
f 935 984 986
f 935 986 987
f 937 935 987
f 939 989 988
f 938 939 988
f 988 933 938
f 979 933 988
f 980 940 934
f 982 940 980
f 982 990 940
f 990 941 940
f 983 990 985
f 983 942 990
f 942 941 990
f 983 936 942
f 987 943 937
f 991 943 987
f 943 991 992
f 944 943 992
f 946 994 993
f 945 946 993
f 993 939 945
f 989 939 993
f 992 947 944
f 995 947 992
f 947 995 996
f 948 947 996
f 994 946 997
f 997 946 950
f 996 952 948
f 998 952 996
f 952 998 999
f 953 952 999
f 997 950 1000
f 1000 950 954
f 999 1001 953
f 1001 955 953
f 1000 954 1002
f 1002 954 956
f 1005 1003 1004
f 1004 1003 957
f 1004 957 1001
f 1001 957 955
f 1002 956 1006
f 1006 956 958
f 1003 960 959
f 1003 1005 960
f 1005 1007 960
f 1003 959 957
f 1006 958 1008
f 1008 958 961
f 1007 1009 960
f 1009 962 960
f 1008 961 1010
f 1010 961 963
f 1009 1011 962
f 1011 964 962
f 1010 963 965
f 1012 1010 965
f 965 1013 1012
f 966 1013 965
f 968 1014 1015
f 967 1014 968
f 1014 967 964
f 1011 1014 964
f 1013 966 969
f 1016 1013 969
f 969 1017 1016
f 970 1017 969
f 972 1018 1019
f 971 1018 972
f 1018 971 1020
f 971 973 1020
f 1020 973 1021
f 973 974 1021
f 1021 974 968
f 1015 1021 968
f 1017 970 975
f 1022 1017 975
f 1022 975 1023
f 975 976 1023
f 1023 976 1024
f 976 977 1024
f 1024 977 972
f 1019 1024 972
f 979 1026 1025
f 978 979 1025
f 1025 1027 978
f 978 1027 981
f 981 1027 1028
f 982 981 1028
f 985 1030 1029
f 984 985 1029
f 1029 1031 984
f 984 1031 986
f 986 1031 1032
f 987 986 1032
f 989 1034 1033
f 988 989 1033
f 1033 979 988
f 1026 979 1033
f 1028 990 982
f 1035 990 1028
f 1035 985 990
f 1030 985 1035
f 1032 991 987
f 1036 991 1032
f 991 1036 1037
f 992 991 1037
f 994 1039 1038
f 993 994 1038
f 1038 989 993
f 1034 989 1038
f 1037 995 992
f 1040 995 1037
f 995 1040 1041
f 996 995 1041
f 1039 994 1042
f 1042 994 997
f 1041 998 996
f 1043 998 1041
f 998 1043 1044
f 999 998 1044
f 1042 997 1045
f 1045 997 1000
f 1044 1046 999
f 1046 1001 999
f 1045 1000 1047
f 1047 1000 1002
f 1005 1048 1049
f 1004 1048 1005
f 1048 1004 1001
f 1046 1048 1001
f 1047 1002 1050
f 1050 1002 1006
f 1049 1051 1005
f 1051 1007 1005
f 1050 1006 1052
f 1052 1006 1008
f 1051 1053 1007
f 1053 1009 1007
f 1052 1008 1054
f 1054 1008 1010
f 1053 1055 1009
f 1055 1011 1009
f 1054 1010 1012
f 1056 1054 1012
f 1012 1057 1056
f 1013 1057 1012
f 1015 1058 1059
f 1014 1058 1015
f 1058 1014 1011
f 1055 1058 1011
f 1057 1013 1016
f 1060 1057 1016
f 1016 1061 1060
f 1017 1061 1016
f 1019 1062 1063
f 1018 1062 1019
f 1062 1018 1064
f 1018 1020 1064
f 1064 1020 1065
f 1020 1021 1065
f 1065 1021 1015
f 1059 1065 1015
f 1061 1017 1022
f 1066 1061 1022
f 1066 1022 1067
f 1022 1023 1067
f 1067 1023 1068
f 1023 1024 1068
f 1068 1024 1019
f 1063 1068 1019
f 1026 1070 1069
f 1025 1026 1069
f 1069 1071 1025
f 1025 1071 1027
f 1072 1028 1027
f 1072 1027 1073
f 1073 1027 1071
f 1030 1072 1073
f 1030 1073 1029
f 1075 1074 1073
f 1074 1029 1073
f 1074 1077 1076
f 1074 1076 1029
f 1029 1076 1031
f 1031 1076 1078
f 1032 1031 1078
f 1034 1080 1079
f 1033 1034 1079
f 1079 1026 1033
f 1070 1026 1079
f 1072 1035 1028
f 1075 1081 1074
f 1072 1030 1035
f 1074 1081 1077
f 1078 1036 1032
f 1082 1036 1078
f 1036 1082 1083
f 1037 1036 1083
f 1039 1085 1084
f 1038 1039 1084
f 1084 1034 1038
f 1080 1034 1084
f 1083 1040 1037
f 1086 1040 1083
f 1040 1086 1087
f 1041 1040 1087
f 1085 1039 1088
f 1088 1039 1042
f 1087 1043 1041
f 1089 1043 1087
f 1043 1089 1090
f 1044 1043 1090
f 1088 1042 1091
f 1091 1042 1045
f 1094 1092 1093
f 1093 1092 1046
f 1093 1046 1090
f 1090 1046 1044
f 1091 1045 1095
f 1095 1045 1047
f 1092 1049 1048
f 1092 1094 1049
f 1094 1096 1049
f 1092 1048 1046
f 1095 1047 1097
f 1097 1047 1050
f 1096 1098 1049
f 1098 1051 1049
f 1097 1050 1099
f 1099 1050 1052
f 1098 1100 1051
f 1100 1053 1051
f 1099 1052 1101
f 1101 1052 1054
f 1100 1102 1053
f 1102 1055 1053
f 1101 1054 1056
f 1103 1101 1056
f 1056 1104 1103
f 1057 1104 1056
f 1059 1105 1106
f 1058 1105 1059
f 1105 1058 1055
f 1102 1105 1055
f 1104 1057 1060
f 1107 1104 1060
f 1060 1108 1107
f 1061 1108 1060
f 1063 1109 1110
f 1062 1109 1063
f 1109 1062 1111
f 1062 1064 1111
f 1111 1064 1112
f 1064 1065 1112
f 1112 1065 1059
f 1106 1112 1059
f 1108 1061 1066
f 1113 1108 1066
f 1113 1066 1114
f 1066 1067 1114
f 1114 1067 1115
f 1067 1068 1115
f 1115 1068 1063
f 1110 1115 1063
f 1070 1117 1116
f 1069 1070 1116
f 1116 1118 1069
f 1069 1118 1071
f 1118 1119 1071
f 1071 1119 1073
f 1073 1119 1120
f 1075 1073 1120
f 1077 1122 1121
f 1076 1077 1121
f 1076 1121 1123
f 1078 1076 1123
f 1080 1125 1124
f 1079 1080 1124
f 1124 1070 1079
f 1117 1070 1124
f 1120 1081 1075
f 1126 1081 1120
f 1126 1077 1081
f 1122 1077 1126
f 1123 1082 1078
f 1127 1082 1123
f 1082 1127 1128
f 1083 1082 1128
f 1085 1130 1129
f 1084 1085 1129
f 1129 1080 1084
f 1125 1080 1129
f 1128 1086 1083
f 1131 1086 1128
f 1086 1131 1132
f 1087 1086 1132
f 1130 1085 1133
f 1133 1085 1088
f 1089 1135 1134
f 1089 1087 1135
f 1087 1132 1135
f 1089 1134 1090
f 1133 1088 1136
f 1136 1088 1091
f 1134 1094 1093
f 1134 1135 1094
f 1135 1137 1094
f 1134 1093 1090
f 1136 1091 1138
f 1138 1091 1095
f 1137 1139 1094
f 1139 1096 1094
f 1138 1095 1140
f 1140 1095 1097
f 1139 1141 1096
f 1141 1098 1096
f 1140 1097 1142
f 1142 1097 1099
f 1141 1143 1098
f 1143 1100 1098
f 1142 1099 1144
f 1144 1099 1101
f 1143 1145 1100
f 1145 1102 1100
f 1144 1101 1103
f 1146 1144 1103
f 1103 1147 1146
f 1104 1147 1103
f 1106 1148 1149
f 1105 1148 1106
f 1148 1105 1102
f 1145 1148 1102
f 1147 1104 1107
f 1150 1147 1107
f 1107 1151 1150
f 1108 1151 1107
f 1110 1152 1153
f 1109 1152 1110
f 1152 1109 1154
f 1109 1111 1154
f 1154 1111 1155
f 1111 1112 1155
f 1155 1112 1106
f 1149 1155 1106
f 1151 1108 1113
f 1156 1151 1113
f 1156 1113 1157
f 1113 1114 1157
f 1157 1114 1158
f 1114 1115 1158
f 1158 1115 1110
f 1153 1158 1110
f 1117 1160 1159
f 1116 1117 1159
f 1159 1161 1116
f 1116 1161 1118
f 1161 1162 1118
f 1118 1162 1119
f 1119 1162 1163
f 1120 1119 1163
f 1121 1122 1164
f 1121 1164 1123
f 1125 1166 1165
f 1124 1125 1165
f 1165 1117 1124
f 1160 1117 1165
f 1163 1126 1120
f 1167 1126 1163
f 1122 1168 1164
f 1122 1126 1168
f 1126 1167 1168
f 1164 1127 1123
f 1164 1168 1127
f 1168 1169 1127
f 1127 1169 1170
f 1128 1127 1170
f 1130 1172 1171
f 1129 1130 1171
f 1171 1125 1129
f 1166 1125 1171
f 1170 1131 1128
f 1173 1131 1170
f 1131 1173 1174
f 1132 1131 1174
f 1172 1130 1175
f 1175 1130 1133
f 1174 1176 1132
f 1176 1135 1132
f 1175 1133 1177
f 1177 1133 1136
f 1176 1178 1135
f 1178 1137 1135
f 1177 1136 1179
f 1179 1136 1138
f 1178 1180 1137
f 1180 1139 1137
f 1179 1138 1181
f 1181 1138 1140
f 1180 1182 1139
f 1182 1141 1139
f 1181 1140 1183
f 1183 1140 1142
f 1182 1184 1141
f 1184 1143 1141
f 1183 1142 1185
f 1185 1142 1144
f 1184 1186 1143
f 1186 1145 1143
f 1185 1144 1146
f 1187 1185 1146
f 1146 1188 1187
f 1147 1188 1146
f 1149 1189 1190
f 1148 1189 1149
f 1189 1148 1145
f 1186 1189 1145
f 1188 1147 1150
f 1191 1188 1150
f 1150 1192 1191
f 1151 1192 1150
f 1152 1193 1153
f 1154 1193 1152
f 1194 1193 1154
f 1194 1195 1196
f 1194 1154 1195
f 1154 1155 1195
f 1195 1155 1149
f 1190 1195 1149
f 1192 1151 1156
f 1197 1192 1156
f 1197 1156 1198
f 1156 1157 1198
f 1198 1157 1199
f 1157 1158 1199
f 1153 1193 1200
f 1153 1200 1158
f 1158 1200 1199
f 1193 1194 1201
f 1200 1193 1201
f 1194 1196 1201
f 1160 1203 1202
f 1159 1160 1202
f 1202 1204 1159
f 1159 1204 1161
f 1204 1205 1161
f 1161 1205 1162
f 1162 1205 1206
f 1163 1162 1206
f 1166 1208 1207
f 1165 1166 1207
f 1207 1160 1165
f 1203 1160 1207
f 1206 1167 1163
f 1209 1167 1206
f 1209 1210 1167
f 1167 1210 1168
f 1210 1211 1168
f 1168 1211 1169
f 1169 1211 1212
f 1170 1169 1212
f 1172 1214 1213
f 1171 1172 1213
f 1213 1166 1171
f 1208 1166 1213
f 1212 1173 1170
f 1215 1173 1212
f 1173 1215 1216
f 1174 1173 1216
f 1214 1172 1217
f 1217 1172 1175
f 1216 1218 1174
f 1218 1176 1174
f 1217 1175 1219
f 1219 1175 1177
f 1218 1220 1176
f 1220 1178 1176
f 1219 1177 1221
f 1221 1177 1179
f 1220 1222 1178
f 1222 1180 1178
f 1221 1179 1223
f 1223 1179 1181
f 1222 1224 1180
f 1224 1182 1180
f 1223 1181 1225
f 1225 1181 1183
f 1224 1226 1182
f 1226 1184 1182
f 1225 1183 1227
f 1227 1183 1185
f 1226 1228 1184
f 1228 1186 1184
f 1227 1185 1187
f 1229 1227 1187
f 1187 1230 1229
f 1188 1230 1187
f 1190 1231 1232
f 1189 1231 1190
f 1231 1189 1186
f 1228 1231 1186
f 1230 1188 1191
f 1233 1230 1191
f 1191 1234 1233
f 1192 1234 1191
f 1196 1235 1236
f 1195 1235 1196
f 1235 1195 1190
f 1232 1235 1190
f 1234 1192 1197
f 1237 1234 1197
f 1237 1197 1238
f 1197 1198 1238
f 1238 1198 1239
f 1198 1199 1239
f 1239 1199 1240
f 1199 1200 1240
f 1240 1200 1241
f 1200 1201 1241
f 1241 1201 1196
f 1236 1241 1196
f 1203 1243 1242
f 1202 1203 1242
f 1242 1244 1202
f 1202 1244 1204
f 1244 1245 1204
f 1204 1245 1205
f 1205 1245 1246
f 1206 1205 1246
f 1208 1248 1247
f 1207 1208 1247
f 1247 1203 1207
f 1243 1203 1247
f 1246 1209 1206
f 1249 1209 1246
f 1249 1250 1209
f 1209 1250 1210
f 1250 1251 1210
f 1210 1251 1211
f 1211 1251 1252
f 1212 1211 1252
f 1214 1254 1253
f 1213 1214 1253
f 1253 1208 1213
f 1248 1208 1253
f 1252 1215 1212
f 1255 1215 1252
f 1215 1255 1256
f 1216 1215 1256
f 1254 1214 1257
f 1257 1214 1217
f 1256 1258 1216
f 1258 1218 1216
f 1257 1217 1259
f 1259 1217 1219
f 1258 1260 1218
f 1260 1220 1218
f 1259 1219 1261
f 1261 1219 1221
f 1260 1262 1220
f 1262 1222 1220
f 1261 1221 1263
f 1263 1221 1223
f 1262 1264 1222
f 1264 1224 1222
f 1263 1223 1265
f 1265 1223 1225
f 1264 1266 1224
f 1266 1226 1224
f 1265 1225 1267
f 1267 1225 1227
f 1266 1268 1226
f 1268 1228 1226
f 1267 1227 1229
f 1269 1267 1229
f 1229 1270 1269
f 1230 1270 1229
f 1232 1271 1272
f 1231 1271 1232
f 1271 1231 1228
f 1268 1271 1228
f 1270 1230 1233
f 1273 1270 1233
f 1233 1274 1273
f 1234 1274 1233
f 1277 1275 1276
f 1276 1278 1279
f 1275 1278 1276
f 1279 1280 1281
f 1278 1280 1279
f 1281 1280 1282
f 1236 1283 1284
f 1235 1283 1236
f 1283 1235 1232
f 1272 1283 1232
f 1274 1234 1237
f 1285 1274 1237
f 1275 1277 1285
f 1275 1285 1238
f 1238 1285 1237
f 1278 1275 1238
f 1239 1278 1238
f 1280 1278 1239
f 1240 1280 1239
f 1282 1280 1240
f 1282 1240 1286
f 1286 1240 1241
f 1286 1241 1236
f 1284 1286 1236
f 1243 1288 1287
f 1242 1243 1287
f 1287 1289 1242
f 1242 1289 1244
f 1289 1290 1244
f 1244 1290 1245
f 1245 1290 1291
f 1246 1245 1291
f 1248 1293 1292
f 1247 1248 1292
f 1292 1243 1247
f 1288 1243 1292
f 1291 1249 1246
f 1294 1249 1291
f 1294 1295 1249
f 1249 1295 1250
f 1295 1296 1250
f 1250 1296 1251
f 1251 1296 1297
f 1252 1251 1297
f 1254 1299 1298
f 1253 1254 1298
f 1298 1248 1253
f 1293 1248 1298
f 1297 1255 1252
f 1300 1255 1297
f 1255 1300 1301
f 1256 1255 1301
f 1299 1254 1302
f 1302 1254 1257
f 1301 1303 1256
f 1303 1258 1256
f 1302 1257 1304
f 1304 1257 1259
f 1303 1305 1258
f 1305 1260 1258
f 1304 1259 1306
f 1306 1259 1261
f 1305 1307 1260
f 1307 1262 1260
f 1306 1261 1308
f 1308 1261 1263
f 1307 1309 1262
f 1309 1264 1262
f 1308 1263 1310
f 1310 1263 1265
f 1309 1311 1264
f 1311 1266 1264
f 1310 1265 1312
f 1312 1265 1267
f 1311 1313 1266
f 1313 1268 1266
f 1312 1267 1269
f 1314 1312 1269
f 1269 1315 1314
f 1270 1315 1269
f 1272 1316 1317
f 1271 1316 1272
f 1316 1271 1268
f 1313 1316 1268
f 1315 1270 1273
f 1318 1315 1273
f 1273 1319 1318
f 1274 1319 1273
f 1277 1320 1321
f 1276 1320 1277
f 1320 1276 1322
f 1276 1279 1322
f 1322 1279 1323
f 1279 1281 1323
f 1324 1281 1282
f 1324 1325 1281
f 1325 1323 1281
f 1284 1325 1324
f 1284 1283 1325
f 1283 1326 1325
f 1326 1283 1272
f 1317 1326 1272
f 1319 1274 1285
f 1327 1319 1285
f 1327 1285 1277
f 1321 1327 1277
f 1324 1282 1286
f 1324 1286 1284
f 1288 1329 1328
f 1287 1288 1328
f 1328 1330 1287
f 1287 1330 1289
f 1330 1331 1289
f 1289 1331 1290
f 1290 1331 1332
f 1291 1290 1332
f 1293 1334 1333
f 1292 1293 1333
f 1333 1288 1292
f 1329 1288 1333
f 1332 1294 1291
f 1335 1294 1332
f 1335 1336 1294
f 1294 1336 1295
f 1336 1337 1295
f 1295 1337 1296
f 1296 1337 1338
f 1297 1296 1338
f 1299 1340 1339
f 1298 1299 1339
f 1339 1293 1298
f 1334 1293 1339
f 1338 1300 1297
f 1341 1300 1338
f 1300 1341 1342
f 1301 1300 1342
f 1340 1299 1343
f 1343 1299 1302
f 1342 1344 1301
f 1344 1303 1301
f 1343 1302 1345
f 1345 1302 1304
f 1344 1346 1303
f 1346 1305 1303
f 1345 1304 1347
f 1347 1304 1306
f 1346 1348 1305
f 1348 1307 1305
f 1347 1306 1349
f 1349 1306 1308
f 1348 1350 1307
f 1350 1309 1307
f 1349 1308 1351
f 1351 1308 1310
f 1350 1352 1309
f 1352 1311 1309
f 1351 1310 1353
f 1353 1310 1312
f 1352 1354 1311
f 1354 1313 1311
f 1353 1312 1314
f 1355 1353 1314
f 1314 1356 1355
f 1315 1356 1314
f 1317 1357 1358
f 1316 1357 1317
f 1357 1316 1313
f 1354 1357 1313
f 1356 1315 1318
f 1359 1356 1318
f 1318 1360 1359
f 1319 1360 1318
f 1321 1361 1362
f 1320 1361 1321
f 1361 1320 1363
f 1320 1322 1363
f 1363 1322 1364
f 1322 1323 1364
f 1364 1323 1365
f 1323 1325 1365
f 1365 1325 1366
f 1325 1326 1366
f 1366 1326 1317
f 1358 1366 1317
f 1360 1319 1327
f 1367 1360 1327
f 1367 1327 1321
f 1362 1367 1321
f 1329 1369 1368
f 1328 1329 1368
f 1368 1370 1328
f 1328 1370 1330
f 1370 1371 1330
f 1330 1371 1331
f 1331 1371 1372
f 1332 1331 1372
f 1334 1374 1373
f 1333 1334 1373
f 1373 1329 1333
f 1369 1329 1373
f 1372 1335 1332
f 1375 1335 1372
f 1375 1376 1335
f 1335 1376 1336
f 1376 1377 1336
f 1336 1377 1337
f 1337 1377 1378
f 1338 1337 1378
f 1340 1380 1379
f 1339 1340 1379
f 1379 1334 1339
f 1374 1334 1379
f 1378 1341 1338
f 1381 1341 1378
f 1341 1381 1382
f 1342 1341 1382
f 1380 1340 1383
f 1383 1340 1343
f 1382 1384 1342
f 1384 1344 1342
f 1387 1386 1385
f 1386 1345 1385
f 1386 1383 1345
f 1383 1343 1345
f 1384 1388 1344
f 1388 1346 1344
f 1387 1385 1389
f 1385 1390 1389
f 1385 1345 1390
f 1345 1347 1390
f 1388 1391 1346
f 1391 1348 1346
f 1390 1347 1392
f 1392 1347 1349
f 1391 1393 1348
f 1393 1350 1348
f 1392 1349 1394
f 1394 1349 1351
f 1393 1395 1350
f 1395 1352 1350
f 1394 1351 1396
f 1396 1351 1353
f 1395 1397 1352
f 1397 1354 1352
f 1396 1353 1355
f 1398 1396 1355
f 1355 1399 1398
f 1356 1399 1355
f 1358 1400 1401
f 1357 1400 1358
f 1400 1357 1354
f 1397 1400 1354
f 1399 1356 1359
f 1402 1399 1359
f 1359 1403 1402
f 1360 1403 1359
f 1362 1404 1405
f 1361 1404 1362
f 1404 1361 1406
f 1361 1363 1406
f 1406 1363 1407
f 1363 1364 1407
f 1407 1364 1408
f 1364 1365 1408
f 1408 1365 1409
f 1365 1366 1409
f 1409 1366 1358
f 1401 1409 1358
f 1403 1360 1367
f 1410 1403 1367
f 1410 1367 1362
f 1405 1410 1362
f 1369 1412 1411
f 1368 1369 1411
f 1411 1413 1368
f 1368 1413 1370
f 1413 1414 1370
f 1370 1414 1371
f 1371 1414 1415
f 1372 1371 1415
f 1374 1417 1416
f 1373 1374 1416
f 1416 1369 1373
f 1412 1369 1416
f 1415 1375 1372
f 1418 1375 1415
f 1418 1419 1375
f 1375 1419 1376
f 1419 1420 1376
f 1376 1420 1377
f 1377 1420 1421
f 1378 1377 1421
f 1380 1423 1422
f 1379 1380 1422
f 1422 1374 1379
f 1417 1374 1422
f 1421 1381 1378
f 1424 1381 1421
f 1381 1424 1425
f 1382 1381 1425
f 1423 1380 1426
f 1426 1380 1383
f 1425 1427 1382
f 1427 1384 1382
f 1387 1429 1428
f 1386 1387 1428
f 1428 1383 1386
f 1426 1383 1428
f 1427 1430 1384
f 1430 1388 1384
f 1429 1387 1389
f 1431 1429 1389
f 1389 1432 1431
f 1390 1432 1389
f 1430 1433 1388
f 1433 1391 1388
f 1432 1390 1434
f 1434 1390 1392
f 1433 1435 1391
f 1435 1393 1391
f 1434 1392 1436
f 1436 1392 1394
f 1435 1437 1393
f 1437 1395 1393
f 1436 1394 1438
f 1438 1394 1396
f 1437 1439 1395
f 1439 1397 1395
f 1438 1396 1398
f 1440 1438 1398
f 1398 1441 1440
f 1399 1441 1398
f 1401 1442 1443
f 1400 1442 1401
f 1442 1400 1397
f 1439 1442 1397
f 1441 1399 1402
f 1444 1441 1402
f 1402 1445 1444
f 1403 1445 1402
f 1405 1446 1447
f 1404 1446 1405
f 1446 1404 1448
f 1404 1406 1448
f 1448 1406 1449
f 1406 1407 1449
f 1449 1407 1450
f 1407 1408 1450
f 1450 1408 1451
f 1408 1409 1451
f 1451 1409 1401
f 1443 1451 1401
f 1445 1403 1410
f 1452 1445 1410
f 1452 1410 1405
f 1447 1452 1405
f 1412 1454 1453
f 1411 1412 1453
f 1453 1455 1411
f 1411 1455 1413
f 1455 1456 1413
f 1413 1456 1414
f 1414 1456 1457
f 1415 1414 1457
f 1417 1459 1458
f 1416 1417 1458
f 1458 1412 1416
f 1454 1412 1458
f 1457 1418 1415
f 1460 1418 1457
f 1460 1461 1418
f 1418 1461 1419
f 1461 1462 1419
f 1419 1462 1420
f 1420 1462 1463
f 1421 1420 1463
f 1423 1465 1464
f 1422 1423 1464
f 1464 1417 1422
f 1459 1417 1464
f 1463 1424 1421
f 1466 1424 1463
f 1424 1466 1467
f 1425 1424 1467
f 1465 1423 1468
f 1468 1423 1426
f 1467 1469 1425
f 1469 1427 1425
f 1429 1471 1470
f 1428 1429 1470
f 1470 1426 1428
f 1468 1426 1470
f 1469 1472 1427
f 1472 1430 1427
f 1431 1473 1474
f 1431 1474 1429
f 1429 1474 1471
f 1431 1432 1473
f 1472 1475 1430
f 1475 1433 1430
f 1474 1473 1476
f 1473 1477 1476
f 1473 1432 1477
f 1432 1434 1477
f 1475 1478 1433
f 1478 1435 1433
f 1477 1434 1479
f 1479 1434 1436
f 1478 1480 1435
f 1480 1437 1435
f 1479 1436 1481
f 1481 1436 1438
f 1480 1482 1437
f 1482 1439 1437
f 1481 1438 1440
f 1483 1481 1440
f 1440 1484 1483
f 1441 1484 1440
f 1443 1485 1486
f 1442 1485 1443
f 1485 1442 1439
f 1482 1485 1439
f 1484 1441 1444
f 1487 1484 1444
f 1488 1444 1445
f 1488 1489 1444
f 1489 1487 1444
f 1447 1489 1488
f 1447 1446 1489
f 1446 1490 1489
f 1490 1446 1491
f 1446 1448 1491
f 1491 1448 1492
f 1448 1449 1492
f 1492 1449 1493
f 1449 1450 1493
f 1493 1450 1494
f 1450 1451 1494
f 1494 1451 1443
f 1486 1494 1443
f 1488 1445 1452
f 1488 1452 1447
f 1454 1496 1495
f 1453 1454 1495
f 1495 1497 1453
f 1453 1497 1455
f 1499 1498 1456
f 1499 1456 1497
f 1497 1456 1455
f 1456 1498 1457
f 1459 1501 1500
f 1458 1459 1500
f 1500 1454 1458
f 1496 1454 1500
f 1499 1502 1498
f 1498 1460 1457
f 1498 1502 1460
f 1502 1503 1460
f 1503 1504 1460
f 1460 1504 1461
f 1504 1505 1461
f 1461 1505 1462
f 1462 1505 1506
f 1463 1462 1506
f 1465 1508 1507
f 1464 1465 1507
f 1507 1459 1464
f 1501 1459 1507
f 1506 1466 1463
f 1509 1466 1506
f 1466 1509 1510
f 1467 1466 1510
f 1508 1465 1511
f 1511 1465 1468
f 1510 1512 1467
f 1512 1469 1467
f 1471 1514 1513
f 1470 1471 1513
f 1513 1468 1470
f 1511 1468 1513
f 1512 1515 1469
f 1515 1472 1469
f 1514 1471 1516
f 1516 1471 1474
f 1517 1515 1518
f 1517 1475 1515
f 1475 1472 1515
f 1518 1519 1517
f 1516 1474 1476
f 1520 1516 1476
f 1476 1521 1520
f 1477 1521 1476
f 1522 1475 1517
f 1522 1523 1475
f 1523 1478 1475
f 1517 1519 1522
f 1521 1477 1524
f 1524 1477 1479
f 1523 1525 1478
f 1525 1480 1478
f 1524 1479 1526
f 1526 1479 1481
f 1525 1527 1480
f 1527 1482 1480
f 1526 1481 1483
f 1528 1526 1483
f 1483 1529 1528
f 1484 1529 1483
f 1486 1530 1531
f 1485 1530 1486
f 1530 1485 1482
f 1527 1530 1482
f 1529 1484 1487
f 1532 1529 1487
f 1532 1487 1533
f 1487 1489 1533
f 1533 1489 1534
f 1489 1490 1534
f 1534 1490 1535
f 1490 1491 1535
f 1535 1491 1536
f 1491 1492 1536
f 1536 1492 1537
f 1492 1493 1537
f 1537 1493 1538
f 1493 1494 1538
f 1538 1494 1486
f 1531 1538 1486
f 1496 1540 1539
f 1495 1496 1539
f 1539 1541 1495
f 1495 1541 1497
f 1497 1541 1542
f 1499 1497 1542
f 1501 1544 1543
f 1500 1501 1543
f 1543 1496 1500
f 1540 1496 1543
f 1542 1502 1499
f 1545 1502 1542
f 1545 1546 1502
f 1502 1546 1503
f 1546 1547 1503
f 1503 1547 1504
f 1547 1548 1504
f 1504 1548 1505
f 1505 1548 1549
f 1506 1505 1549
f 1508 1551 1550
f 1507 1508 1550
f 1550 1501 1507
f 1544 1501 1550
f 1549 1509 1506
f 1552 1509 1549
f 1509 1552 1553
f 1510 1509 1553
f 1551 1508 1554
f 1554 1508 1511
f 1553 1555 1510
f 1555 1512 1510
f 1514 1557 1556
f 1513 1514 1556
f 1556 1511 1513
f 1554 1511 1556
f 1558 1555 1559
f 1558 1515 1555
f 1515 1512 1555
f 1559 1560 1558
f 1557 1514 1561
f 1561 1514 1516
f 1558 1518 1515
f 1518 1558 1560
f 1518 1560 1519
f 1519 1560 1562
f 1520 1563 1564
f 1520 1564 1516
f 1516 1564 1561
f 1520 1521 1563
f 1523 1565 1566
f 1522 1565 1523
f 1565 1522 1519
f 1562 1565 1519
f 1564 1563 1567
f 1563 1568 1567
f 1563 1521 1568
f 1521 1524 1568
f 1566 1569 1523
f 1569 1525 1523
f 1568 1524 1570
f 1570 1524 1526
f 1569 1571 1525
f 1571 1527 1525
f 1570 1526 1528
f 1572 1570 1528
f 1528 1573 1572
f 1529 1573 1528
f 1531 1574 1575
f 1530 1574 1531
f 1574 1530 1527
f 1571 1574 1527
f 1573 1529 1532
f 1576 1573 1532
f 1576 1532 1577
f 1532 1533 1577
f 1577 1533 1578
f 1533 1534 1578
f 1578 1534 1579
f 1534 1535 1579
f 1579 1535 1580
f 1535 1536 1580
f 1580 1536 1581
f 1536 1537 1581
f 1581 1537 1582
f 1537 1538 1582
f 1582 1538 1531
f 1575 1582 1531
f 1540 1584 1583
f 1539 1540 1583
f 1583 1585 1539
f 1539 1585 1541
f 1541 1585 1586
f 1542 1541 1586
f 1589 1588 1587
f 1588 1590 1587
f 1544 1592 1591
f 1543 1544 1591
f 1591 1540 1543
f 1584 1540 1591
f 1586 1545 1542
f 1593 1545 1586
f 1593 1594 1545
f 1545 1594 1546
f 1587 1594 1589
f 1587 1547 1594
f 1547 1546 1594
f 1590 1547 1587
f 1590 1595 1547
f 1595 1548 1547
f 1548 1595 1596
f 1549 1548 1596
f 1551 1598 1597
f 1550 1551 1597
f 1597 1544 1550
f 1592 1544 1597
f 1596 1552 1549
f 1599 1552 1596
f 1552 1599 1600
f 1553 1552 1600
f 1598 1551 1601
f 1601 1551 1554
f 1600 1602 1553
f 1602 1555 1553
f 1557 1604 1603
f 1556 1557 1603
f 1603 1554 1556
f 1601 1554 1603
f 1602 1559 1555
f 1605 1559 1602
f 1559 1605 1606
f 1560 1559 1606
f 1604 1557 1607
f 1607 1557 1561
f 1606 1608 1560
f 1608 1562 1560
f 1607 1561 1609
f 1609 1561 1564
f 1566 1610 1611
f 1565 1610 1566
f 1610 1565 1562
f 1608 1610 1562
f 1567 1612 1613
f 1567 1613 1564
f 1564 1613 1609
f 1567 1568 1612
f 1611 1614 1566
f 1614 1569 1566
f 1613 1612 1615
f 1612 1616 1615
f 1612 1568 1616
f 1568 1570 1616
f 1614 1617 1569
f 1617 1571 1569
f 1616 1570 1572
f 1618 1616 1572
f 1572 1619 1618
f 1573 1619 1572
f 1575 1620 1621
f 1574 1620 1575
f 1620 1574 1571
f 1617 1620 1571
f 1619 1573 1576
f 1622 1619 1576
f 1622 1576 1623
f 1576 1577 1623
f 1623 1577 1624
f 1577 1578 1624
f 1624 1578 1625
f 1578 1579 1625
f 1625 1579 1626
f 1579 1580 1626
f 1626 1580 1627
f 1580 1581 1627
f 1627 1581 1628
f 1581 1582 1628
f 1628 1582 1575
f 1621 1628 1575
f 1584 1630 1629
f 1583 1584 1629
f 1629 1631 1583
f 1583 1631 1585
f 1585 1631 1632
f 1586 1585 1632
f 1589 1634 1633
f 1588 1589 1633
f 1588 1633 1635
f 1590 1588 1635
f 1592 1637 1636
f 1591 1592 1636
f 1636 1584 1591
f 1630 1584 1636
f 1632 1593 1586
f 1638 1593 1632
f 1638 1639 1593
f 1593 1639 1594
f 1639 1589 1594
f 1634 1589 1639
f 1635 1595 1590
f 1640 1595 1635
f 1595 1640 1641
f 1596 1595 1641
f 1598 1643 1642
f 1597 1598 1642
f 1642 1592 1597
f 1637 1592 1642
f 1641 1599 1596
f 1644 1599 1641
f 1599 1644 1645
f 1600 1599 1645
f 1643 1598 1646
f 1646 1598 1601
f 1645 1647 1600
f 1647 1602 1600
f 1603 1604 1648
f 1648 1601 1603
f 1648 1649 1601
f 1649 1646 1601
f 1647 1605 1602
f 1650 1605 1647
f 1605 1650 1651
f 1606 1605 1651
f 1652 1648 1604
f 1652 1604 1653
f 1653 1604 1607
f 1648 1652 1649
f 1651 1654 1606
f 1654 1608 1606
f 1653 1607 1655
f 1655 1607 1609
f 1611 1656 1657
f 1610 1656 1611
f 1656 1610 1608
f 1654 1656 1608
f 1655 1609 1658
f 1658 1609 1613
f 1657 1659 1611
f 1659 1614 1611
f 1658 1613 1615
f 1660 1658 1615
f 1615 1661 1660
f 1616 1661 1615
f 1659 1662 1614
f 1662 1617 1614
f 1661 1616 1618
f 1663 1661 1618
f 1618 1664 1663
f 1619 1664 1618
f 1621 1665 1666
f 1620 1665 1621
f 1665 1620 1617
f 1662 1665 1617
f 1664 1619 1622
f 1667 1664 1622
f 1667 1622 1668
f 1622 1623 1668
f 1668 1623 1669
f 1623 1624 1669
f 1669 1624 1670
f 1624 1625 1670
f 1670 1625 1671
f 1625 1626 1671
f 1671 1626 1672
f 1626 1627 1672
f 1672 1627 1673
f 1627 1628 1673
f 1673 1628 1621
f 1666 1673 1621
f 1630 1675 1674
f 1629 1630 1674
f 1674 1676 1629
f 1629 1676 1631
f 1631 1676 1677
f 1632 1631 1677
f 1634 1679 1678
f 1633 1634 1678
f 1633 1678 1680
f 1635 1633 1680
f 1637 1682 1681
f 1636 1637 1681
f 1681 1630 1636
f 1675 1630 1681
f 1677 1638 1632
f 1683 1638 1677
f 1683 1684 1638
f 1638 1684 1639
f 1684 1634 1639
f 1679 1634 1684
f 1680 1640 1635
f 1685 1640 1680
f 1640 1685 1686
f 1641 1640 1686
f 1643 1688 1687
f 1642 1643 1687
f 1687 1637 1642
f 1682 1637 1687
f 1686 1644 1641
f 1689 1644 1686
f 1644 1689 1690
f 1645 1644 1690
f 1688 1643 1691
f 1691 1643 1646
f 1690 1692 1645
f 1692 1647 1645
f 1691 1646 1693
f 1693 1646 1649
f 1692 1650 1647
f 1694 1650 1692
f 1650 1694 1695
f 1651 1650 1695
f 1653 1697 1696
f 1652 1653 1696
f 1696 1649 1652
f 1693 1649 1696
f 1695 1698 1651
f 1698 1654 1651
f 1697 1653 1699
f 1699 1653 1655
f 1657 1700 1701
f 1656 1700 1657
f 1700 1656 1654
f 1698 1700 1654
f 1699 1655 1702
f 1702 1655 1658
f 1701 1703 1657
f 1703 1659 1657
f 1702 1658 1660
f 1704 1702 1660
f 1660 1705 1704
f 1661 1705 1660
f 1703 1706 1659
f 1706 1662 1659
f 1705 1661 1663
f 1707 1705 1663
f 1663 1708 1707
f 1664 1708 1663
f 1666 1709 1710
f 1665 1709 1666
f 1709 1665 1662
f 1706 1709 1662
f 1708 1664 1667
f 1711 1708 1667
f 1711 1667 1712
f 1667 1668 1712
f 1712 1668 1713
f 1668 1669 1713
f 1713 1669 1714
f 1669 1670 1714
f 1714 1670 1715
f 1670 1671 1715
f 1715 1671 1716
f 1671 1672 1716
f 1716 1672 1717
f 1672 1673 1717
f 1717 1673 1666
f 1710 1717 1666
f 1675 1719 1718
f 1674 1675 1718
f 1718 1720 1674
f 1674 1720 1676
f 1721 1677 1676
f 1721 1676 1722
f 1722 1676 1720
f 1722 1723 1721
f 1679 1725 1724
f 1678 1679 1724
f 1678 1724 1726
f 1680 1678 1726
f 1682 1728 1727
f 1681 1682 1727
f 1727 1675 1681
f 1719 1675 1727
f 1721 1683 1677
f 1723 1683 1721
f 1723 1729 1683
f 1729 1684 1683
f 1729 1679 1684
f 1725 1679 1729
f 1726 1685 1680
f 1730 1685 1726
f 1685 1730 1731
f 1686 1685 1731
f 1688 1733 1732
f 1687 1688 1732
f 1732 1682 1687
f 1728 1682 1732
f 1731 1689 1686
f 1734 1689 1731
f 1689 1734 1735
f 1690 1689 1735
f 1733 1688 1736
f 1736 1688 1691
f 1735 1737 1690
f 1737 1692 1690
f 1736 1691 1738
f 1738 1691 1693
f 1737 1694 1692
f 1739 1694 1737
f 1694 1739 1740
f 1695 1694 1740
f 1697 1742 1741
f 1696 1697 1741
f 1741 1693 1696
f 1738 1693 1741
f 1740 1743 1695
f 1743 1698 1695
f 1742 1697 1744
f 1744 1697 1699
f 1701 1745 1746
f 1700 1745 1701
f 1745 1700 1698
f 1743 1745 1698
f 1744 1699 1747
f 1747 1699 1702
f 1746 1748 1701
f 1748 1703 1701
f 1747 1702 1704
f 1749 1747 1704
f 1704 1750 1749
f 1705 1750 1704
f 1748 1751 1703
f 1751 1706 1703
f 1750 1705 1707
f 1752 1750 1707
f 1707 1753 1752
f 1708 1753 1707
f 1710 1754 1755
f 1709 1754 1710
f 1754 1709 1706
f 1751 1754 1706
f 1753 1708 1711
f 1756 1753 1711
f 1758 1712 1757
f 1758 1756 1712
f 1756 1711 1712
f 1757 1759 1760
f 1757 1712 1759
f 1712 1713 1759
f 1759 1713 1761
f 1713 1714 1761
f 1761 1714 1762
f 1714 1715 1762
f 1762 1715 1763
f 1715 1716 1763
f 1763 1716 1764
f 1716 1717 1764
f 1764 1717 1710
f 1755 1764 1710
f 1758 1757 1765
f 1757 1760 1765
f 1719 1767 1766
f 1718 1719 1766
f 1766 1768 1718
f 1718 1768 1720
f 1768 1769 1720
f 1720 1769 1722
f 1722 1769 1770
f 1723 1722 1770
f 1725 1772 1771
f 1724 1725 1771
f 1724 1771 1773
f 1726 1724 1773
f 1728 1775 1774
f 1727 1728 1774
f 1774 1719 1727
f 1767 1719 1774
f 1770 1729 1723
f 1776 1729 1770
f 1776 1725 1729
f 1772 1725 1776
f 1773 1730 1726
f 1777 1730 1773
f 1730 1777 1778
f 1731 1730 1778
f 1733 1780 1779
f 1732 1733 1779
f 1779 1728 1732
f 1775 1728 1779
f 1778 1734 1731
f 1781 1734 1778
f 1734 1781 1782
f 1735 1734 1782
f 1780 1733 1783
f 1783 1733 1736
f 1784 1782 1785
f 1784 1737 1782
f 1737 1735 1782
f 1785 1786 1784
f 1783 1736 1787
f 1787 1736 1738
f 1784 1739 1737
f 1739 1784 1786
f 1739 1786 1740
f 1740 1786 1788
f 1742 1790 1789
f 1741 1742 1789
f 1789 1738 1741
f 1787 1738 1789
f 1788 1791 1740
f 1791 1743 1740
f 1790 1742 1792
f 1792 1742 1744
f 1746 1793 1794
f 1745 1793 1746
f 1793 1745 1743
f 1791 1793 1743
f 1795 1796 1792
f 1795 1792 1747
f 1747 1792 1744
f 1796 1795 1797
f 1794 1798 1746
f 1798 1748 1746
f 1795 1747 1749
f 1749 1797 1795
f 1749 1750 1797
f 1750 1799 1797
f 1798 1800 1748
f 1800 1751 1748
f 1799 1750 1752
f 1801 1799 1752
f 1752 1802 1801
f 1753 1802 1752
f 1755 1803 1804
f 1754 1803 1755
f 1803 1754 1751
f 1800 1803 1751
f 1802 1753 1756
f 1805 1802 1756
f 1756 1806 1805
f 1758 1806 1756
f 1760 1807 1808
f 1759 1807 1760
f 1807 1759 1809
f 1759 1761 1809
f 1809 1761 1810
f 1761 1762 1810
f 1810 1762 1811
f 1762 1763 1811
f 1811 1763 1812
f 1763 1764 1812
f 1812 1764 1755
f 1804 1812 1755
f 1806 1758 1765
f 1813 1806 1765
f 1813 1765 1760
f 1808 1813 1760
f 1767 1815 1814
f 1766 1767 1814
f 1814 1816 1766
f 1766 1816 1768
f 1816 1817 1768
f 1768 1817 1769
f 1769 1817 1818
f 1770 1769 1818
f 1772 1820 1819
f 1771 1772 1819
f 1771 1819 1821
f 1773 1771 1821
f 1775 1823 1822
f 1774 1775 1822
f 1822 1767 1774
f 1815 1767 1822
f 1818 1776 1770
f 1824 1776 1818
f 1824 1772 1776
f 1820 1772 1824
f 1821 1777 1773
f 1825 1777 1821
f 1777 1825 1826
f 1778 1777 1826
f 1780 1828 1827
f 1779 1780 1827
f 1827 1775 1779
f 1823 1775 1827
f 1826 1781 1778
f 1829 1781 1826
f 1781 1829 1830
f 1782 1781 1830
f 1828 1780 1831
f 1831 1780 1783
f 1830 1785 1782
f 1832 1785 1830
f 1785 1832 1833
f 1786 1785 1833
f 1831 1783 1834
f 1834 1783 1787
f 1833 1835 1786
f 1835 1788 1786
f 1790 1837 1836
f 1789 1790 1836
f 1836 1787 1789
f 1834 1787 1836
f 1835 1838 1788
f 1838 1791 1788
f 1837 1790 1839
f 1839 1790 1792
f 1794 1840 1841
f 1793 1840 1794
f 1840 1793 1791
f 1838 1840 1791
f 1839 1792 1796
f 1842 1839 1796
f 1796 1843 1842
f 1797 1843 1796
f 1841 1844 1794
f 1844 1798 1794
f 1843 1797 1845
f 1845 1797 1799
f 1844 1846 1798
f 1846 1800 1798
f 1845 1799 1801
f 1847 1845 1801
f 1801 1848 1847
f 1802 1848 1801
f 1804 1849 1850
f 1803 1849 1804
f 1849 1803 1800
f 1846 1849 1800
f 1848 1802 1805
f 1851 1848 1805
f 1805 1852 1851
f 1806 1852 1805
f 1808 1853 1854
f 1807 1853 1808
f 1853 1807 1855
f 1807 1809 1855
f 1855 1809 1856
f 1809 1810 1856
f 1856 1810 1857
f 1810 1811 1857
f 1857 1811 1858
f 1811 1812 1858
f 1858 1812 1804
f 1850 1858 1804
f 1852 1806 1813
f 1859 1852 1813
f 1859 1813 1808
f 1854 1859 1808
f 1815 1861 1860
f 1814 1815 1860
f 1860 1862 1814
f 1814 1862 1816
f 1862 1863 1816
f 1816 1863 1817
f 1817 1863 1864
f 1818 1817 1864
f 1819 1820 1865
f 1819 1865 1821
f 1823 1867 1866
f 1822 1823 1866
f 1866 1815 1822
f 1861 1815 1866
f 1864 1824 1818
f 1868 1824 1864
f 1820 1869 1865
f 1820 1824 1869
f 1824 1868 1869
f 1865 1825 1821
f 1865 1869 1825
f 1869 1870 1825
f 1825 1870 1871
f 1826 1825 1871
f 1828 1873 1872
f 1827 1828 1872
f 1872 1823 1827
f 1867 1823 1872
f 1871 1829 1826
f 1874 1829 1871
f 1829 1874 1875
f 1830 1829 1875
f 1873 1828 1876
f 1876 1828 1831
f 1875 1832 1830
f 1877 1832 1875
f 1832 1877 1878
f 1833 1832 1878
f 1876 1831 1879
f 1879 1831 1834
f 1878 1880 1833
f 1880 1835 1833
f 1837 1882 1881
f 1836 1837 1881
f 1881 1834 1836
f 1879 1834 1881
f 1885 1883 1884
f 1884 1883 1838
f 1884 1838 1880
f 1880 1838 1835
f 1882 1837 1886
f 1886 1837 1839
f 1883 1841 1840
f 1883 1885 1841
f 1885 1887 1841
f 1883 1840 1838
f 1842 1888 1889
f 1842 1889 1839
f 1839 1889 1886
f 1842 1843 1888
f 1890 1887 1891
f 1890 1844 1887
f 1844 1841 1887
f 1891 1892 1890
f 1889 1888 1893
f 1888 1894 1893
f 1888 1843 1894
f 1843 1845 1894
f 1895 1844 1890
f 1895 1896 1844
f 1896 1846 1844
f 1890 1892 1895
f 1894 1845 1847
f 1897 1894 1847
f 1847 1898 1897
f 1848 1898 1847
f 1850 1899 1900
f 1849 1899 1850
f 1899 1849 1846
f 1896 1899 1846
f 1898 1848 1851
f 1901 1898 1851
f 1851 1902 1901
f 1852 1902 1851
f 1854 1903 1904
f 1853 1903 1854
f 1903 1853 1905
f 1853 1855 1905
f 1905 1855 1906
f 1855 1856 1906
f 1906 1856 1907
f 1856 1857 1907
f 1907 1857 1908
f 1857 1858 1908
f 1908 1858 1850
f 1900 1908 1850
f 1902 1852 1859
f 1909 1902 1859
f 1909 1859 1854
f 1904 1909 1854
f 1860 1861 1910
f 1910 1912 1911
f 1910 1911 1860
f 1860 1911 1862
f 1911 1913 1862
f 1862 1913 1863
f 1863 1913 1914
f 1864 1863 1914
f 1867 1916 1915
f 1866 1867 1915
f 1861 1917 1910
f 1861 1866 1917
f 1866 1915 1917
f 1910 1917 1912
f 1914 1868 1864
f 1918 1868 1914
f 1918 1919 1868
f 1868 1919 1869
f 1919 1920 1869
f 1869 1920 1870
f 1870 1920 1921
f 1871 1870 1921
f 1873 1923 1922
f 1872 1873 1922
f 1922 1867 1872
f 1916 1867 1922
f 1921 1874 1871
f 1924 1874 1921
f 1874 1924 1925
f 1875 1874 1925
f 1923 1873 1926
f 1926 1873 1876
f 1925 1877 1875
f 1927 1877 1925
f 1877 1927 1928
f 1878 1877 1928
f 1926 1876 1929
f 1929 1876 1879
f 1928 1930 1878
f 1930 1880 1878
f 1882 1932 1931
f 1881 1882 1931
f 1931 1879 1881
f 1929 1879 1931
f 1885 1933 1934
f 1884 1933 1885
f 1933 1884 1880
f 1930 1933 1880
f 1932 1882 1935
f 1935 1882 1886
f 1934 1936 1885
f 1936 1887 1885
f 1935 1886 1937
f 1937 1886 1889
f 1936 1891 1887
f 1938 1891 1936
f 1891 1938 1939
f 1892 1891 1939
f 1937 1889 1893
f 1940 1937 1893
f 1893 1941 1940
f 1894 1941 1893
f 1896 1942 1943
f 1895 1942 1896
f 1942 1895 1892
f 1939 1942 1892
f 1941 1894 1897
f 1944 1941 1897
f 1897 1945 1944
f 1898 1945 1897
f 1900 1946 1947
f 1899 1946 1900
f 1946 1899 1896
f 1943 1946 1896
f 1945 1898 1901
f 1948 1945 1901
f 1901 1949 1948
f 1902 1949 1901
f 1903 1950 1904
f 1950 1951 1952
f 1950 1903 1951
f 1903 1905 1951
f 1951 1905 1953
f 1905 1906 1953
f 1953 1906 1954
f 1906 1907 1954
f 1954 1907 1955
f 1907 1908 1955
f 1955 1908 1900
f 1947 1955 1900
f 1949 1902 1909
f 1956 1949 1909
f 1904 1950 1957
f 1904 1957 1909
f 1909 1957 1956
f 1950 1952 1957
f 1912 1959 1958
f 1911 1912 1958
f 1958 1960 1911
f 1911 1960 1913
f 1913 1960 1961
f 1914 1913 1961
f 1916 1963 1962
f 1915 1916 1962
f 1962 1964 1915
f 1915 1964 1917
f 1964 1912 1917
f 1959 1912 1964
f 1961 1918 1914
f 1965 1918 1961
f 1965 1966 1918
f 1918 1966 1919
f 1966 1967 1919
f 1919 1967 1920
f 1920 1967 1968
f 1921 1920 1968
f 1923 1970 1969
f 1922 1923 1969
f 1969 1916 1922
f 1963 1916 1969
f 1968 1924 1921
f 1971 1924 1968
f 1924 1971 1972
f 1925 1924 1972
f 1970 1923 1973
f 1973 1923 1926
f 1927 1975 1974
f 1927 1925 1975
f 1925 1972 1975
f 1927 1974 1928
f 1973 1926 1976
f 1976 1926 1929
f 1975 1977 1974
f 1974 1977 1978
f 1974 1978 1928
f 1928 1978 1930
f 1931 1932 1979
f 1979 1929 1931
f 1979 1980 1929
f 1980 1976 1929
f 1934 1981 1982
f 1933 1981 1934
f 1981 1933 1930
f 1978 1981 1930
f 1983 1979 1932
f 1983 1932 1984
f 1984 1932 1935
f 1979 1983 1980
f 1982 1985 1934
f 1985 1936 1934
f 1984 1935 1986
f 1986 1935 1937
f 1985 1938 1936
f 1987 1938 1985
f 1938 1987 1988
f 1939 1938 1988
f 1986 1937 1940
f 1989 1986 1940
f 1940 1990 1989
f 1941 1990 1940
f 1943 1991 1992
f 1942 1991 1943
f 1991 1942 1939
f 1988 1991 1939
f 1990 1941 1944
f 1993 1990 1944
f 1944 1994 1993
f 1945 1994 1944
f 1947 1995 1996
f 1946 1995 1947
f 1995 1946 1943
f 1992 1995 1943
f 1994 1945 1948
f 1997 1994 1948
f 1948 1998 1997
f 1949 1998 1948
f 1952 1999 2000
f 1951 1999 1952
f 1999 1951 2001
f 1951 1953 2001
f 2001 1953 2002
f 1953 1954 2002
f 2002 1954 2003
f 1954 1955 2003
f 2003 1955 1947
f 1996 2003 1947
f 1998 1949 1956
f 2004 1998 1956
f 2004 1956 2005
f 1956 1957 2005
f 2005 1957 1952
f 2000 2005 1952
f 1959 2007 2006
f 1958 1959 2006
f 2006 2008 1958
f 1958 2008 1960
f 1960 2008 2009
f 1961 1960 2009
f 1963 2011 2010
f 1962 1963 2010
f 2010 2012 1962
f 1962 2012 1964
f 2012 1959 1964
f 2007 1959 2012
f 2009 1965 1961
f 2013 1965 2009
f 2013 2014 1965
f 1965 2014 1966
f 2014 2015 1966
f 1966 2015 1967
f 1967 2015 2016
f 1968 1967 2016
f 1970 2018 2017
f 1969 1970 2017
f 2017 1963 1969
f 2011 1963 2017
f 2016 1971 1968
f 2019 1971 2016
f 1971 2019 2020
f 1972 1971 2020
f 2023 2022 2021
f 2022 1973 2021
f 2022 2018 1973
f 2018 1970 1973
f 2020 2024 1972
f 2024 1975 1972
f 2023 2021 2025
f 2021 2026 2025
f 2021 1973 2026
f 1973 1976 2026
f 1977 2028 2027
f 1977 1975 2028
f 1975 2024 2028
f 1977 2027 1978
f 2026 1976 2029
f 2029 1976 1980
f 2027 1982 1981
f 2027 2028 1982
f 2028 2030 1982
f 2027 1981 1978
f 1984 2032 2031
f 1983 1984 2031
f 2031 1980 1983
f 2029 1980 2031
f 2030 2033 1982
f 2033 1985 1982
f 2032 1984 2034
f 2034 1984 1986
f 2033 1987 1985
f 2035 1987 2033
f 1987 2035 2036
f 1988 1987 2036
f 2034 1986 1989
f 2037 2034 1989
f 1989 2038 2037
f 1990 2038 1989
f 1992 2039 2040
f 1991 2039 1992
f 2039 1991 1988
f 2036 2039 1988
f 2038 1990 1993
f 2041 2038 1993
f 1993 2042 2041
f 1994 2042 1993
f 1996 2043 2044
f 1995 2043 1996
f 2043 1995 1992
f 2040 2043 1992
f 2042 1994 1997
f 2045 2042 1997
f 1997 2046 2045
f 1998 2046 1997
f 2049 2047 2048
f 2000 2048 2047
f 2000 1999 2048
f 1999 2050 2048
f 2050 1999 2051
f 1999 2001 2051
f 2051 2001 2052
f 2001 2002 2052
f 2052 2002 2053
f 2002 2003 2053
f 2053 2003 1996
f 2044 2053 1996
f 2046 1998 2004
f 2054 2046 2004
f 2047 2049 2054
f 2047 2054 2005
f 2005 2054 2004
f 2047 2005 2000
f 2007 2056 2055
f 2006 2007 2055
f 2055 2057 2006
f 2006 2057 2008
f 2008 2057 2058
f 2009 2008 2058
f 2011 2060 2059
f 2010 2011 2059
f 2059 2061 2010
f 2010 2061 2012
f 2061 2007 2012
f 2056 2007 2061
f 2058 2013 2009
f 2062 2013 2058
f 2062 2063 2013
f 2013 2063 2014
f 2063 2064 2014
f 2014 2064 2015
f 2015 2064 2065
f 2016 2015 2065
f 2018 2067 2066
f 2017 2018 2066
f 2066 2011 2017
f 2060 2011 2066
f 2065 2019 2016
f 2068 2019 2065
f 2019 2068 2069
f 2020 2019 2069
f 2023 2071 2070
f 2022 2023 2070
f 2070 2018 2022
f 2067 2018 2070
f 2069 2072 2020
f 2072 2024 2020
f 2071 2023 2025
f 2073 2071 2025
f 2025 2074 2073
f 2026 2074 2025
f 2072 2075 2024
f 2075 2028 2024
f 2074 2026 2076
f 2076 2026 2029
f 2075 2077 2028
f 2077 2030 2028
f 2032 2079 2078
f 2031 2032 2078
f 2078 2029 2031
f 2076 2029 2078
f 2077 2080 2030
f 2080 2033 2030
f 2079 2032 2081
f 2081 2032 2034
f 2080 2035 2033
f 2082 2035 2080
f 2035 2082 2083
f 2036 2035 2083
f 2081 2034 2037
f 2084 2081 2037
f 2037 2085 2084
f 2038 2085 2037
f 2040 2086 2087
f 2039 2086 2040
f 2086 2039 2036
f 2083 2086 2036
f 2085 2038 2041
f 2088 2085 2041
f 2041 2089 2088
f 2042 2089 2041
f 2044 2090 2091
f 2043 2090 2044
f 2090 2043 2040
f 2087 2090 2040
f 2089 2042 2045
f 2092 2089 2045
f 2045 2093 2092
f 2046 2093 2045
f 2049 2094 2095
f 2048 2094 2049
f 2094 2048 2096
f 2048 2050 2096
f 2096 2050 2097
f 2050 2051 2097
f 2097 2051 2098
f 2051 2052 2098
f 2098 2052 2099
f 2052 2053 2099
f 2099 2053 2044
f 2091 2099 2044
f 2093 2046 2054
f 2100 2093 2054
f 2100 2054 2049
f 2095 2100 2049
f 2055 2056 2101
f 2101 2103 2102
f 2101 2102 2055
f 2055 2102 2057
f 2057 2102 2104
f 2058 2057 2104
f 2060 2106 2105
f 2059 2060 2105
f 2105 2107 2059
f 2059 2107 2061
f 2056 2108 2101
f 2056 2061 2108
f 2061 2107 2108
f 2101 2108 2103
f 2104 2062 2058
f 2109 2062 2104
f 2109 2110 2062
f 2062 2110 2063
f 2110 2111 2063
f 2063 2111 2064
f 2064 2111 2112
f 2065 2064 2112
f 2067 2114 2113
f 2066 2067 2113
f 2113 2060 2066
f 2106 2060 2113
f 2112 2068 2065
f 2115 2068 2112
f 2068 2115 2116
f 2069 2068 2116
f 2071 2118 2117
f 2070 2071 2117
f 2117 2067 2070
f 2114 2067 2117
f 2116 2119 2069
f 2119 2072 2069
f 2073 2120 2121
f 2073 2121 2071
f 2071 2121 2118
f 2073 2074 2120
f 2119 2122 2072
f 2122 2075 2072
f 2121 2120 2123
f 2120 2124 2123
f 2120 2074 2124
f 2074 2076 2124
f 2122 2125 2075
f 2125 2077 2075
f 2079 2127 2126
f 2078 2079 2126
f 2126 2076 2078
f 2124 2076 2126
f 2125 2128 2077
f 2128 2080 2077
f 2127 2079 2129
f 2129 2079 2081
f 2128 2082 2080
f 2130 2082 2128
f 2082 2130 2131
f 2083 2082 2131
f 2129 2081 2084
f 2132 2129 2084
f 2084 2133 2132
f 2085 2133 2084
f 2087 2134 2135
f 2086 2134 2087
f 2134 2086 2083
f 2131 2134 2083
f 2133 2085 2088
f 2136 2133 2088
f 2088 2137 2136
f 2089 2137 2088
f 2091 2138 2139
f 2090 2138 2091
f 2138 2090 2087
f 2135 2138 2087
f 2137 2089 2092
f 2140 2137 2092
f 2092 2141 2140
f 2093 2141 2092
f 2095 2142 2143
f 2094 2142 2095
f 2142 2094 2144
f 2094 2096 2144
f 2144 2096 2145
f 2096 2097 2145
f 2145 2097 2146
f 2097 2098 2146
f 2146 2098 2147
f 2098 2099 2147
f 2147 2099 2091
f 2139 2147 2091
f 2141 2093 2100
f 2148 2141 2100
f 2148 2100 2095
f 2143 2148 2095
f 2103 2150 2149
f 2102 2103 2149
f 2102 2149 2151
f 2104 2102 2151
f 2106 2153 2152
f 2105 2106 2152
f 2152 2154 2105
f 2105 2154 2107
f 2154 2155 2107
f 2107 2155 2108
f 2155 2103 2108
f 2150 2103 2155
f 2151 2109 2104
f 2156 2109 2151
f 2156 2157 2109
f 2109 2157 2110
f 2157 2158 2110
f 2110 2158 2111
f 2111 2158 2159
f 2112 2111 2159
f 2114 2161 2160
f 2113 2114 2160
f 2160 2106 2113
f 2153 2106 2160
f 2159 2115 2112
f 2162 2115 2159
f 2115 2162 2163
f 2116 2115 2163
f 2118 2165 2164
f 2117 2118 2164
f 2164 2114 2117
f 2161 2114 2164
f 2163 2166 2116
f 2166 2119 2116
f 2165 2118 2167
f 2167 2118 2121
f 2166 2168 2119
f 2168 2122 2119
f 2167 2121 2123
f 2169 2167 2123
f 2123 2170 2169
f 2124 2170 2123
f 2168 2171 2122
f 2171 2125 2122
f 2127 2173 2172
f 2126 2127 2172
f 2172 2124 2126
f 2170 2124 2172
f 2171 2174 2125
f 2174 2128 2125
f 2173 2127 2175
f 2175 2127 2129
f 2174 2130 2128
f 2176 2130 2174
f 2130 2176 2177
f 2131 2130 2177
f 2175 2129 2132
f 2178 2175 2132
f 2132 2179 2178
f 2133 2179 2132
f 2135 2180 2181
f 2134 2180 2135
f 2180 2134 2131
f 2177 2180 2131
f 2179 2133 2136
f 2182 2179 2136
f 2136 2183 2182
f 2137 2183 2136
f 2139 2184 2185
f 2138 2184 2139
f 2184 2138 2135
f 2181 2184 2135
f 2183 2137 2140
f 2186 2183 2140
f 2140 2187 2186
f 2141 2187 2140
f 2143 2188 2189
f 2142 2188 2143
f 2188 2142 2190
f 2142 2144 2190
f 2190 2144 2191
f 2144 2145 2191
f 2191 2145 2192
f 2145 2146 2192
f 2192 2146 2193
f 2146 2147 2193
f 2193 2147 2139
f 2185 2193 2139
f 2187 2141 2148
f 2194 2187 2148
f 2194 2148 2143
f 2189 2194 2143
f 2197 2196 2195
f 2150 2195 2196
f 2150 2196 2149
f 2199 2198 2196
f 2198 2149 2196
f 2149 2198 2151
f 2153 2201 2200
f 2152 2153 2200
f 2200 2202 2152
f 2152 2202 2154
f 2195 2202 2197
f 2195 2155 2202
f 2155 2154 2202
f 2199 2203 2198
f 2195 2150 2155
f 2198 2156 2151
f 2198 2203 2156
f 2203 2204 2156
f 2204 2205 2156
f 2156 2205 2157
f 2205 2206 2157
f 2157 2206 2158
f 2158 2206 2207
f 2159 2158 2207
f 2161 2209 2208
f 2160 2161 2208
f 2208 2153 2160
f 2201 2153 2208
f 2207 2162 2159
f 2210 2162 2207
f 2162 2210 2211
f 2163 2162 2211
f 2165 2213 2212
f 2164 2165 2212
f 2212 2161 2164
f 2209 2161 2212
f 2211 2214 2163
f 2214 2166 2163
f 2213 2165 2215
f 2215 2165 2167
f 2214 2216 2166
f 2216 2168 2166
f 2215 2167 2169
f 2217 2215 2169
f 2169 2218 2217
f 2170 2218 2169
f 2216 2219 2168
f 2219 2171 2168
f 2172 2173 2220
f 2220 2170 2172
f 2220 2221 2170
f 2221 2218 2170
f 2219 2222 2171
f 2222 2174 2171
f 2223 2220 2173
f 2223 2173 2224
f 2224 2173 2175
f 2220 2223 2221
f 2222 2176 2174
f 2225 2176 2222
f 2176 2225 2226
f 2177 2176 2226
f 2224 2175 2178
f 2227 2224 2178
f 2178 2228 2227
f 2179 2228 2178
f 2181 2229 2230
f 2180 2229 2181
f 2229 2180 2177
f 2226 2229 2177
f 2228 2179 2182
f 2231 2228 2182
f 2182 2232 2231
f 2183 2232 2182
f 2185 2233 2234
f 2184 2233 2185
f 2233 2184 2181
f 2230 2233 2181
f 2232 2183 2186
f 2235 2232 2186
f 2186 2236 2235
f 2187 2236 2186
f 2189 2237 2238
f 2188 2237 2189
f 2237 2188 2239
f 2188 2190 2239
f 2239 2190 2240
f 2190 2191 2240
f 2240 2191 2241
f 2191 2192 2241
f 2241 2192 2242
f 2192 2193 2242
f 2242 2193 2185
f 2234 2242 2185
f 2236 2187 2194
f 2243 2236 2194
f 2243 2194 2189
f 2238 2243 2189
f 2196 2197 2244
f 2196 2244 2199
f 2201 2246 2245
f 2200 2201 2245
f 2245 2247 2200
f 2200 2247 2202
f 2197 2248 2244
f 2197 2202 2248
f 2202 2247 2248
f 2244 2203 2199
f 2244 2248 2203
f 2248 2249 2203
f 2249 2250 2203
f 2203 2250 2204
f 2250 2251 2204
f 2204 2251 2205
f 2251 2252 2205
f 2205 2252 2206
f 2206 2252 2253
f 2207 2206 2253
f 2209 2255 2254
f 2208 2209 2254
f 2254 2201 2208
f 2246 2201 2254
f 2253 2210 2207
f 2256 2210 2253
f 2210 2256 2257
f 2211 2210 2257
f 2213 2259 2258
f 2212 2213 2258
f 2258 2209 2212
f 2255 2209 2258
f 2257 2260 2211
f 2260 2214 2211
f 2259 2213 2261
f 2261 2213 2215
f 2260 2262 2214
f 2262 2216 2214
f 2261 2215 2217
f 2263 2261 2217
f 2217 2264 2263
f 2218 2264 2217
f 2262 2265 2216
f 2265 2219 2216
f 2264 2218 2266
f 2266 2218 2221
f 2265 2267 2219
f 2267 2222 2219
f 2224 2269 2268
f 2223 2224 2268
f 2268 2221 2223
f 2266 2221 2268
f 2267 2225 2222
f 2270 2225 2267
f 2225 2270 2271
f 2226 2225 2271
f 2269 2224 2227
f 2272 2269 2227
f 2227 2273 2272
f 2228 2273 2227
f 2230 2274 2275
f 2229 2274 2230
f 2274 2229 2226
f 2271 2274 2226
f 2273 2228 2231
f 2276 2273 2231
f 2231 2277 2276
f 2232 2277 2231
f 2234 2278 2279
f 2233 2278 2234
f 2278 2233 2230
f 2275 2278 2230
f 2277 2232 2235
f 2280 2277 2235
f 2235 2281 2280
f 2236 2281 2235
f 2238 2282 2283
f 2237 2282 2238
f 2282 2237 2284
f 2237 2239 2284
f 2284 2239 2285
f 2239 2240 2285
f 2285 2240 2286
f 2240 2241 2286
f 2286 2241 2287
f 2241 2242 2287
f 2287 2242 2234
f 2279 2287 2234
f 2281 2236 2243
f 2288 2281 2243
f 2288 2243 2238
f 2283 2288 2238
f 2246 2290 2289
f 2245 2246 2289
f 2289 2291 2245
f 2245 2291 2247
f 2291 2292 2247
f 2247 2292 2248
f 2292 2293 2248
f 2248 2293 2249
f 2293 2294 2249
f 2249 2294 2250
f 2294 2295 2250
f 2250 2295 2251
f 2295 2296 2251
f 2251 2296 2252
f 2252 2296 2297
f 2253 2252 2297
f 2255 2299 2298
f 2254 2255 2298
f 2298 2246 2254
f 2290 2246 2298
f 2297 2256 2253
f 2300 2256 2297
f 2256 2300 2301
f 2257 2256 2301
f 2259 2303 2302
f 2258 2259 2302
f 2302 2255 2258
f 2299 2255 2302
f 2301 2304 2257
f 2304 2260 2257
f 2303 2259 2305
f 2305 2259 2261
f 2304 2306 2260
f 2306 2262 2260
f 2305 2261 2263
f 2307 2305 2263
f 2263 2308 2307
f 2264 2308 2263
f 2306 2309 2262
f 2309 2265 2262
f 2308 2264 2310
f 2310 2264 2266
f 2309 2311 2265
f 2311 2267 2265
f 2268 2269 2312
f 2312 2266 2268
f 2312 2313 2266
f 2313 2310 2266
f 2311 2270 2267
f 2314 2270 2311
f 2270 2314 2315
f 2271 2270 2315
f 2312 2269 2272
f 2272 2313 2312
f 2272 2273 2313
f 2273 2316 2313
f 2275 2317 2318
f 2274 2317 2275
f 2317 2274 2271
f 2315 2317 2271
f 2316 2273 2276
f 2319 2316 2276
f 2276 2320 2319
f 2277 2320 2276
f 2279 2321 2322
f 2278 2321 2279
f 2321 2278 2275
f 2318 2321 2275
f 2320 2277 2280
f 2323 2320 2280
f 2280 2324 2323
f 2281 2324 2280
f 2283 2325 2326
f 2282 2325 2283
f 2325 2282 2327
f 2282 2284 2327
f 2327 2284 2328
f 2284 2285 2328
f 2328 2285 2329
f 2285 2286 2329
f 2329 2286 2330
f 2286 2287 2330
f 2330 2287 2279
f 2322 2330 2279
f 2324 2281 2288
f 2331 2324 2288
f 2331 2288 2283
f 2326 2331 2283
f 2334 2333 2332
f 2333 2335 2332
f 2290 2337 2336
f 2289 2290 2336
f 2332 2336 2334
f 2332 2291 2336
f 2291 2289 2336
f 2335 2291 2332
f 2335 2338 2291
f 2338 2292 2291
f 2338 2339 2292
f 2292 2339 2293
f 2339 2340 2293
f 2293 2340 2294
f 2340 2341 2294
f 2294 2341 2295
f 2341 2342 2295
f 2295 2342 2296
f 2296 2342 2343
f 2297 2296 2343
f 2299 2345 2344
f 2298 2299 2344
f 2344 2290 2298
f 2337 2290 2344
f 2343 2300 2297
f 2346 2300 2343
f 2300 2346 2347
f 2301 2300 2347
f 2303 2349 2348
f 2302 2303 2348
f 2348 2299 2302
f 2345 2299 2348
f 2347 2350 2301
f 2350 2304 2301
f 2349 2303 2351
f 2351 2303 2305
f 2350 2352 2304
f 2352 2306 2304
f 2351 2305 2307
f 2353 2351 2307
f 2307 2354 2353
f 2308 2354 2307
f 2352 2355 2306
f 2355 2309 2306
f 2354 2308 2356
f 2356 2308 2310
f 2355 2357 2309
f 2357 2311 2309
f 2356 2310 2358
f 2358 2310 2313
f 2357 2314 2311
f 2359 2314 2357
f 2314 2359 2360
f 2315 2314 2360
f 2358 2313 2361
f 2361 2313 2316
f 2318 2362 2363
f 2317 2362 2318
f 2362 2317 2315
f 2360 2362 2315
f 2361 2316 2319
f 2364 2361 2319
f 2319 2365 2364
f 2320 2365 2319
f 2322 2366 2367
f 2321 2366 2322
f 2366 2321 2318
f 2363 2366 2318
f 2365 2320 2323
f 2368 2365 2323
f 2323 2369 2368
f 2324 2369 2323
f 2325 2370 2326
f 2370 2371 2372
f 2370 2325 2371
f 2325 2327 2371
f 2371 2327 2373
f 2327 2328 2373
f 2373 2328 2374
f 2328 2329 2374
f 2374 2329 2375
f 2329 2330 2375
f 2375 2330 2322
f 2367 2375 2322
f 2369 2324 2331
f 2376 2369 2331
f 2326 2370 2377
f 2326 2377 2331
f 2331 2377 2376
f 2370 2372 2377
f 2334 2379 2378
f 2333 2334 2378
f 2333 2378 2380
f 2335 2333 2380
f 2337 2382 2381
f 2336 2337 2381
f 2381 2334 2336
f 2379 2334 2381
f 2380 2338 2335
f 2383 2338 2380
f 2383 2384 2338
f 2338 2384 2339
f 2384 2385 2339
f 2339 2385 2340
f 2385 2386 2340
f 2340 2386 2341
f 2386 2387 2341
f 2341 2387 2342
f 2342 2387 2388
f 2343 2342 2388
f 2345 2390 2389
f 2344 2345 2389
f 2389 2337 2344
f 2382 2337 2389
f 2388 2346 2343
f 2391 2346 2388
f 2346 2391 2392
f 2347 2346 2392
f 2349 2394 2393
f 2348 2349 2393
f 2393 2345 2348
f 2390 2345 2393
f 2392 2395 2347
f 2395 2350 2347
f 2394 2349 2396
f 2396 2349 2351
f 2395 2397 2350
f 2397 2352 2350
f 2396 2351 2353
f 2398 2396 2353
f 2353 2399 2398
f 2354 2399 2353
f 2397 2400 2352
f 2400 2355 2352
f 2399 2354 2401
f 2401 2354 2356
f 2400 2402 2355
f 2402 2357 2355
f 2401 2356 2403
f 2403 2356 2358
f 2359 2405 2404
f 2359 2357 2405
f 2357 2402 2405
f 2359 2404 2360
f 2403 2358 2406
f 2406 2358 2361
f 2404 2363 2362
f 2404 2405 2363
f 2405 2407 2363
f 2404 2362 2360
f 2406 2361 2364
f 2408 2406 2364
f 2364 2409 2408
f 2365 2409 2364
f 2367 2410 2411
f 2366 2410 2367
f 2410 2366 2363
f 2407 2410 2363
f 2409 2365 2368
f 2412 2409 2368
f 2368 2413 2412
f 2369 2413 2368
f 2372 2414 2415
f 2371 2414 2372
f 2414 2371 2416
f 2371 2373 2416
f 2416 2373 2417
f 2373 2374 2417
f 2417 2374 2418
f 2374 2375 2418
f 2418 2375 2367
f 2411 2418 2367
f 2413 2369 2376
f 2419 2413 2376
f 2419 2376 2420
f 2376 2377 2420
f 2420 2377 2372
f 2415 2420 2372
f 2379 2422 2421
f 2378 2379 2421
f 2378 2421 2423
f 2380 2378 2423
f 2382 2425 2424
f 2381 2382 2424
f 2424 2379 2381
f 2422 2379 2424
f 2423 2383 2380
f 2426 2383 2423
f 2426 2427 2383
f 2383 2427 2384
f 2427 2428 2384
f 2384 2428 2385
f 2428 2429 2385
f 2385 2429 2386
f 2429 2430 2386
f 2386 2430 2387
f 2387 2430 2431
f 2388 2387 2431
f 2390 2433 2432
f 2389 2390 2432
f 2432 2382 2389
f 2425 2382 2432
f 2431 2391 2388
f 2434 2391 2431
f 2391 2434 2435
f 2392 2391 2435
f 2394 2437 2436
f 2393 2394 2436
f 2436 2390 2393
f 2433 2390 2436
f 2435 2438 2392
f 2438 2395 2392
f 2437 2394 2439
f 2439 2394 2396
f 2438 2440 2395
f 2440 2397 2395
f 2439 2396 2398
f 2441 2439 2398
f 2398 2442 2441
f 2399 2442 2398
f 2440 2443 2397
f 2443 2400 2397
f 2442 2399 2444
f 2444 2399 2401
f 2443 2445 2400
f 2445 2402 2400
f 2444 2401 2446
f 2446 2401 2403
f 2445 2447 2402
f 2447 2405 2402
f 2446 2403 2448
f 2448 2403 2406
f 2447 2449 2405
f 2449 2407 2405
f 2448 2406 2408
f 2450 2448 2408
f 2408 2451 2450
f 2409 2451 2408
f 2411 2452 2453
f 2410 2452 2411
f 2452 2410 2407
f 2449 2452 2407
f 2451 2409 2412
f 2454 2451 2412
f 2412 2455 2454
f 2413 2455 2412
f 2415 2456 2457
f 2414 2456 2415
f 2456 2414 2458
f 2414 2416 2458
f 2458 2416 2459
f 2416 2417 2459
f 2459 2417 2460
f 2417 2418 2460
f 2460 2418 2411
f 2453 2460 2411
f 2455 2413 2419
f 2461 2455 2419
f 2461 2419 2462
f 2419 2420 2462
f 2462 2420 2415
f 2457 2462 2415
f 2422 2464 2463
f 2421 2422 2463
f 2421 2463 2465
f 2423 2421 2465
f 2468 2467 2466
f 2467 2469 2466
f 2425 2471 2470
f 2424 2425 2470
f 2470 2422 2424
f 2464 2422 2470
f 2465 2426 2423
f 2472 2426 2465
f 2472 2473 2426
f 2426 2473 2427
f 2466 2473 2468
f 2466 2428 2473
f 2428 2427 2473
f 2469 2428 2466
f 2469 2474 2428
f 2474 2429 2428
f 2474 2475 2429
f 2429 2475 2430
f 2430 2475 2476
f 2431 2430 2476
f 2433 2478 2477
f 2432 2433 2477
f 2477 2425 2432
f 2471 2425 2477
f 2476 2434 2431
f 2479 2434 2476
f 2434 2479 2480
f 2435 2434 2480
f 2437 2482 2481
f 2436 2437 2481
f 2481 2433 2436
f 2478 2433 2481
f 2483 2480 2484
f 2483 2438 2480
f 2438 2435 2480
f 2484 2485 2483
f 2482 2437 2486
f 2486 2437 2439
f 2487 2438 2483
f 2487 2488 2438
f 2488 2440 2438
f 2483 2485 2487
f 2486 2439 2441
f 2489 2486 2441
f 2441 2490 2489
f 2442 2490 2441
f 2488 2491 2440
f 2491 2443 2440
f 2490 2442 2492
f 2492 2442 2444
f 2491 2493 2443
f 2493 2445 2443
f 2492 2444 2494
f 2494 2444 2446
f 2493 2495 2445
f 2495 2447 2445
f 2494 2446 2496
f 2496 2446 2448
f 2495 2497 2447
f 2497 2449 2447
f 2496 2448 2450
f 2498 2496 2450
f 2450 2499 2498
f 2451 2499 2450
f 2453 2500 2501
f 2452 2500 2453
f 2500 2452 2449
f 2497 2500 2449
f 2499 2451 2454
f 2502 2499 2454
f 2454 2503 2502
f 2455 2503 2454
f 2457 2504 2505
f 2456 2504 2457
f 2504 2456 2506
f 2456 2458 2506
f 2508 2459 2507
f 2508 2506 2459
f 2506 2458 2459
f 2507 2509 2510
f 2507 2459 2509
f 2459 2460 2509
f 2509 2460 2453
f 2501 2509 2453
f 2503 2455 2461
f 2511 2503 2461
f 2511 2461 2512
f 2461 2462 2512
f 2512 2462 2457
f 2505 2512 2457
f 2508 2507 2513
f 2507 2510 2513
f 2464 2515 2514
f 2463 2464 2514
f 2463 2514 2516
f 2465 2463 2516
f 2519 2518 2517
f 2468 2517 2518
f 2468 2518 2467
f 2467 2518 2520
f 2467 2520 2521
f 2469 2467 2521
f 2471 2523 2522
f 2470 2471 2522
f 2522 2464 2470
f 2515 2464 2522
f 2516 2472 2465
f 2524 2472 2516
f 2517 2524 2519
f 2517 2473 2524
f 2473 2472 2524
f 2517 2468 2473
f 2521 2474 2469
f 2525 2474 2521
f 2525 2526 2474
f 2474 2526 2475
f 2475 2526 2527
f 2476 2475 2527
f 2478 2529 2528
f 2477 2478 2528
f 2528 2471 2477
f 2523 2471 2528
f 2527 2479 2476
f 2530 2479 2527
f 2479 2530 2531
f 2480 2479 2531
f 2482 2533 2532
f 2481 2482 2532
f 2532 2478 2481
f 2529 2478 2532
f 2531 2484 2480
f 2534 2484 2531
f 2484 2534 2535
f 2485 2484 2535
f 2533 2482 2536
f 2536 2482 2486
f 2488 2537 2538
f 2487 2537 2488
f 2537 2487 2485
f 2535 2537 2485
f 2536 2486 2489
f 2539 2536 2489
f 2489 2540 2539
f 2490 2540 2489
f 2538 2541 2488
f 2541 2491 2488
f 2540 2490 2542
f 2542 2490 2492
f 2541 2543 2491
f 2543 2493 2491
f 2546 2545 2544
f 2545 2494 2544
f 2545 2542 2494
f 2542 2492 2494
f 2543 2547 2493
f 2547 2495 2493
f 2546 2544 2548
f 2544 2549 2548
f 2544 2494 2549
f 2494 2496 2549
f 2547 2550 2495
f 2550 2497 2495
f 2549 2496 2498
f 2551 2549 2498
f 2498 2552 2551
f 2499 2552 2498
f 2501 2553 2554
f 2500 2553 2501
f 2553 2500 2497
f 2550 2553 2497
f 2552 2499 2502
f 2555 2552 2502
f 2502 2556 2555
f 2503 2556 2502
f 2504 2557 2505
f 2557 2558 2559
f 2557 2504 2558
f 2504 2506 2558
f 2506 2560 2558
f 2508 2560 2506
f 2510 2561 2562
f 2509 2561 2510
f 2561 2509 2501
f 2554 2561 2501
f 2556 2503 2511
f 2563 2556 2511
f 2563 2511 2564
f 2511 2512 2564
f 2505 2557 2565
f 2505 2565 2512
f 2512 2565 2564
f 2557 2559 2565
f 2560 2508 2513
f 2566 2560 2513
f 2566 2513 2510
f 2562 2566 2510
f 2515 2568 2567
f 2514 2515 2567
f 2514 2567 2569
f 2516 2514 2569
f 2519 2571 2570
f 2518 2519 2570
f 2570 2572 2518
f 2518 2572 2520
f 2573 2521 2520
f 2573 2520 2574
f 2574 2520 2572
f 2574 2575 2573
f 2523 2577 2576
f 2522 2523 2576
f 2576 2515 2522
f 2568 2515 2576
f 2569 2524 2516
f 2578 2524 2569
f 2578 2519 2524
f 2571 2519 2578
f 2573 2525 2521
f 2575 2525 2573
f 2575 2579 2525
f 2579 2526 2525
f 2526 2579 2580
f 2527 2526 2580
f 2529 2582 2581
f 2528 2529 2581
f 2581 2523 2528
f 2577 2523 2581
f 2580 2530 2527
f 2583 2530 2580
f 2530 2583 2584
f 2531 2530 2584
f 2533 2586 2585
f 2532 2533 2585
f 2585 2529 2532
f 2582 2529 2585
f 2584 2534 2531
f 2587 2534 2584
f 2534 2587 2588
f 2535 2534 2588
f 2586 2533 2589
f 2589 2533 2536
f 2537 2590 2538
f 2590 2537 2535
f 2590 2535 2591
f 2591 2535 2588
f 2589 2536 2539
f 2592 2589 2539
f 2539 2593 2592
f 2540 2593 2539
f 2594 2538 2590
f 2594 2595 2538
f 2595 2541 2538
f 2590 2591 2594
f 2593 2540 2596
f 2596 2540 2542
f 2595 2597 2541
f 2597 2543 2541
f 2546 2599 2598
f 2545 2546 2598
f 2598 2542 2545
f 2596 2542 2598
f 2600 2597 2601
f 2600 2547 2597
f 2547 2543 2597
f 2601 2602 2600
f 2599 2546 2548
f 2603 2599 2548
f 2548 2604 2603
f 2549 2604 2548
f 2605 2547 2600
f 2605 2606 2547
f 2606 2550 2547
f 2600 2602 2605
f 2604 2549 2551
f 2607 2604 2551
f 2551 2608 2607
f 2552 2608 2551
f 2554 2609 2610
f 2553 2609 2554
f 2609 2553 2550
f 2606 2609 2550
f 2608 2552 2555
f 2611 2608 2555
f 2555 2612 2611
f 2556 2612 2555
f 2559 2613 2614
f 2558 2613 2559
f 2558 2615 2613
f 2560 2615 2558
f 2562 2616 2617
f 2561 2616 2562
f 2616 2561 2554
f 2610 2616 2554
f 2612 2556 2563
f 2618 2612 2563
f 2618 2563 2619
f 2563 2564 2619
f 2619 2564 2620
f 2564 2565 2620
f 2620 2565 2559
f 2614 2620 2559
f 2615 2560 2566
f 2621 2615 2566
f 2621 2566 2562
f 2617 2621 2562
f 2568 2623 2622
f 2567 2568 2622
f 2567 2622 2624
f 2569 2567 2624
f 2571 2626 2625
f 2570 2571 2625
f 2625 2627 2570
f 2570 2627 2572
f 2627 2628 2572
f 2572 2628 2574
f 2574 2628 2629
f 2575 2574 2629
f 2577 2631 2630
f 2576 2577 2630
f 2630 2568 2576
f 2623 2568 2630
f 2624 2578 2569
f 2632 2578 2624
f 2632 2571 2578
f 2626 2571 2632
f 2629 2579 2575
f 2633 2579 2629
f 2579 2633 2634
f 2580 2579 2634
f 2582 2636 2635
f 2581 2582 2635
f 2635 2577 2581
f 2631 2577 2635
f 2634 2583 2580
f 2637 2583 2634
f 2583 2637 2638
f 2584 2583 2638
f 2586 2640 2639
f 2585 2586 2639
f 2639 2582 2585
f 2636 2582 2639
f 2638 2587 2584
f 2641 2587 2638
f 2587 2641 2642
f 2588 2587 2642
f 2640 2586 2643
f 2643 2586 2589
f 2642 2644 2588
f 2644 2591 2588
f 2643 2589 2592
f 2645 2643 2592
f 2592 2646 2645
f 2593 2646 2592
f 2595 2647 2648
f 2594 2647 2595
f 2647 2594 2591
f 2644 2647 2591
f 2646 2593 2649
f 2649 2593 2596
f 2648 2650 2595
f 2650 2597 2595
f 2598 2599 2651
f 2651 2596 2598
f 2651 2652 2596
f 2652 2649 2596
f 2650 2601 2597
f 2653 2601 2650
f 2601 2653 2654
f 2602 2601 2654
f 2651 2599 2603
f 2603 2652 2651
f 2603 2604 2652
f 2604 2655 2652
f 2606 2656 2657
f 2605 2656 2606
f 2656 2605 2602
f 2654 2656 2602
f 2655 2604 2607
f 2658 2655 2607
f 2607 2659 2658
f 2608 2659 2607
f 2610 2660 2661
f 2609 2660 2610
f 2660 2609 2606
f 2657 2660 2606
f 2659 2608 2611
f 2662 2659 2611
f 2611 2663 2662
f 2612 2663 2611
f 2613 2664 2614
f 2613 2615 2664
f 2617 2665 2666
f 2616 2665 2617
f 2665 2616 2610
f 2661 2665 2610
f 2663 2612 2618
f 2667 2663 2618
f 2667 2618 2668
f 2618 2619 2668
f 2668 2619 2669
f 2619 2620 2669
f 2614 2664 2670
f 2614 2670 2620
f 2620 2670 2669
f 2664 2615 2621
f 2664 2621 2670
f 2670 2621 2671
f 2671 2621 2617
f 2666 2671 2617
f 2623 2673 2672
f 2622 2623 2672
f 2674 2624 2622
f 2674 2622 2675
f 2675 2622 2672
f 2626 2674 2675
f 2626 2675 2625
f 2625 2675 2676
f 2676 2677 2625
f 2625 2677 2627
f 2677 2678 2627
f 2627 2678 2628
f 2628 2678 2679
f 2629 2628 2679
f 2631 2681 2680
f 2630 2631 2680
f 2680 2623 2630
f 2673 2623 2680
f 2674 2632 2624
f 2674 2626 2632
f 2679 2633 2629
f 2682 2633 2679
f 2633 2682 2683
f 2634 2633 2683
f 2636 2685 2684
f 2635 2636 2684
f 2684 2631 2635
f 2681 2631 2684
f 2683 2637 2634
f 2686 2637 2683
f 2637 2686 2687
f 2638 2637 2687
f 2639 2640 2688
f 2688 2636 2639
f 2688 2689 2636
f 2689 2685 2636
f 2687 2641 2638
f 2690 2641 2687
f 2641 2690 2691
f 2642 2641 2691
f 2692 2688 2640
f 2643 2692 2640
f 2689 2692 2693
f 2688 2692 2689
f 2691 2694 2642
f 2694 2644 2642
f 2692 2643 2645
f 2645 2693 2692
f 2645 2646 2693
f 2646 2695 2693
f 2648 2696 2697
f 2647 2696 2648
f 2696 2647 2644
f 2694 2696 2644
f 2695 2646 2698
f 2698 2646 2649
f 2697 2699 2648
f 2699 2650 2648
f 2698 2649 2700
f 2700 2649 2652
f 2699 2653 2650
f 2701 2653 2699
f 2653 2701 2702
f 2654 2653 2702
f 2700 2652 2703
f 2703 2652 2655
f 2657 2704 2705
f 2656 2704 2657
f 2704 2656 2654
f 2702 2704 2654
f 2703 2655 2658
f 2706 2703 2658
f 2658 2707 2706
f 2659 2707 2658
f 2661 2708 2709
f 2660 2708 2661
f 2708 2660 2657
f 2705 2708 2657
f 2707 2659 2662
f 2710 2707 2662
f 2662 2711 2710
f 2663 2711 2662
f 2714 2712 2713
f 2713 2715 2716
f 2712 2715 2713
f 2716 2715 2717
f 2666 2718 2719
f 2665 2718 2666
f 2718 2665 2661
f 2709 2718 2661
f 2711 2663 2667
f 2720 2711 2667
f 2720 2667 2721
f 2667 2668 2721
f 2712 2714 2721
f 2712 2721 2669
f 2669 2721 2668
f 2715 2712 2669
f 2670 2715 2669
f 2717 2715 2670
f 2717 2670 2722
f 2722 2670 2671
f 2722 2671 2666
f 2719 2722 2666
f 2673 2724 2723
f 2672 2673 2723
f 2723 2725 2672
f 2672 2725 2675
f 2725 2726 2675
f 2675 2726 2676
f 2726 2727 2676
f 2676 2727 2677
f 2727 2728 2677
f 2677 2728 2678
f 2678 2728 2729
f 2679 2678 2729
f 2681 2731 2730
f 2680 2681 2730
f 2730 2673 2680
f 2724 2673 2730
f 2729 2682 2679
f 2732 2682 2729
f 2682 2732 2733
f 2683 2682 2733
f 2685 2735 2734
f 2684 2685 2734
f 2734 2681 2684
f 2731 2681 2734
f 2733 2686 2683
f 2736 2686 2733
f 2686 2736 2737
f 2687 2686 2737
f 2735 2685 2738
f 2738 2685 2689
f 2737 2690 2687
f 2739 2690 2737
f 2690 2739 2740
f 2691 2690 2740
f 2738 2689 2741
f 2741 2689 2693
f 2744 2742 2743
f 2743 2742 2694
f 2743 2694 2740
f 2740 2694 2691
f 2741 2693 2745
f 2745 2693 2695
f 2742 2697 2696
f 2742 2744 2697
f 2744 2746 2697
f 2742 2696 2694
f 2745 2695 2747
f 2747 2695 2698
f 2746 2748 2697
f 2748 2699 2697
f 2747 2698 2749
f 2749 2698 2700
f 2748 2701 2699
f 2750 2701 2748
f 2701 2750 2751
f 2702 2701 2751
f 2749 2700 2752
f 2752 2700 2703
f 2705 2753 2754
f 2704 2753 2705
f 2753 2704 2702
f 2751 2753 2702
f 2752 2703 2706
f 2755 2752 2706
f 2706 2756 2755
f 2707 2756 2706
f 2709 2757 2758
f 2708 2757 2709
f 2757 2708 2705
f 2754 2757 2705
f 2756 2707 2710
f 2759 2756 2710
f 2710 2760 2759
f 2711 2760 2710
f 2714 2761 2762
f 2713 2761 2714
f 2761 2713 2763
f 2713 2716 2763
f 2716 2764 2763
f 2717 2764 2716
f 2719 2765 2766
f 2718 2765 2719
f 2765 2718 2709
f 2758 2765 2709
f 2760 2711 2720
f 2767 2760 2720
f 2767 2720 2768
f 2720 2721 2768
f 2768 2721 2714
f 2762 2768 2714
f 2764 2717 2722
f 2769 2764 2722
f 2769 2722 2719
f 2766 2769 2719
f 2724 2771 2770
f 2723 2724 2770
f 2770 2772 2723
f 2723 2772 2725
f 2772 2773 2725
f 2725 2773 2726
f 2773 2774 2726
f 2726 2774 2727
f 2774 2775 2727
f 2727 2775 2728
f 2728 2775 2776
f 2729 2728 2776
f 2731 2778 2777
f 2730 2731 2777
f 2777 2724 2730
f 2771 2724 2777
f 2776 2732 2729
f 2779 2732 2776
f 2732 2779 2780
f 2733 2732 2780
f 2735 2782 2781
f 2734 2735 2781
f 2781 2731 2734
f 2778 2731 2781
f 2780 2736 2733
f 2783 2736 2780
f 2736 2783 2784
f 2737 2736 2784
f 2782 2735 2785
f 2785 2735 2738
f 2784 2739 2737
f 2786 2739 2784
f 2739 2786 2787
f 2740 2739 2787
f 2785 2738 2788
f 2788 2738 2741
f 2744 2789 2790
f 2743 2789 2744
f 2789 2743 2740
f 2787 2789 2740
f 2788 2741 2791
f 2791 2741 2745
f 2790 2792 2744
f 2792 2746 2744
f 2791 2745 2793
f 2793 2745 2747
f 2792 2794 2746
f 2794 2748 2746
f 2793 2747 2795
f 2795 2747 2749
f 2794 2750 2748
f 2796 2750 2794
f 2750 2796 2797
f 2751 2750 2797
f 2795 2749 2798
f 2798 2749 2752
f 2754 2799 2800
f 2753 2799 2754
f 2799 2753 2751
f 2797 2799 2751
f 2798 2752 2755
f 2801 2798 2755
f 2755 2802 2801
f 2756 2802 2755
f 2758 2803 2804
f 2757 2803 2758
f 2803 2757 2754
f 2800 2803 2754
f 2802 2756 2759
f 2805 2802 2759
f 2759 2806 2805
f 2760 2806 2759
f 2809 2807 2808
f 2762 2808 2807
f 2762 2761 2808
f 2761 2810 2808
f 2810 2761 2811
f 2761 2763 2811
f 2763 2812 2811
f 2764 2812 2763
f 2766 2813 2814
f 2765 2813 2766
f 2813 2765 2758
f 2804 2813 2758
f 2806 2760 2767
f 2815 2806 2767
f 2807 2809 2815
f 2807 2815 2768
f 2768 2815 2767
f 2807 2768 2762
f 2812 2764 2769
f 2816 2812 2769
f 2816 2769 2766
f 2814 2816 2766
f 2771 2818 2817
f 2770 2771 2817
f 2817 2819 2770
f 2770 2819 2772
f 2819 2820 2772
f 2772 2820 2773
f 2820 2821 2773
f 2773 2821 2774
f 2821 2822 2774
f 2774 2822 2775
f 2775 2822 2823
f 2776 2775 2823
f 2778 2825 2824
f 2777 2778 2824
f 2824 2771 2777
f 2818 2771 2824
f 2823 2779 2776
f 2826 2779 2823
f 2779 2826 2827
f 2780 2779 2827
f 2782 2829 2828
f 2781 2782 2828
f 2828 2778 2781
f 2825 2778 2828
f 2827 2783 2780
f 2830 2783 2827
f 2783 2830 2831
f 2784 2783 2831
f 2829 2782 2832
f 2832 2782 2785
f 2831 2786 2784
f 2833 2786 2831
f 2786 2833 2834
f 2787 2786 2834
f 2832 2785 2835
f 2835 2785 2788
f 2790 2836 2837
f 2789 2836 2790
f 2836 2789 2787
f 2834 2836 2787
f 2835 2788 2838
f 2838 2788 2791
f 2837 2839 2790
f 2839 2792 2790
f 2838 2791 2840
f 2840 2791 2793
f 2839 2841 2792
f 2841 2794 2792
f 2840 2793 2842
f 2842 2793 2795
f 2841 2796 2794
f 2843 2796 2841
f 2796 2843 2844
f 2797 2796 2844
f 2842 2795 2845
f 2845 2795 2798
f 2800 2846 2847
f 2799 2846 2800
f 2846 2799 2797
f 2844 2846 2797
f 2845 2798 2801
f 2848 2845 2801
f 2801 2849 2848
f 2802 2849 2801
f 2804 2850 2851
f 2803 2850 2804
f 2850 2803 2800
f 2847 2850 2800
f 2849 2802 2805
f 2852 2849 2805
f 2805 2853 2852
f 2806 2853 2805
f 2809 2854 2855
f 2808 2854 2809
f 2854 2808 2856
f 2808 2810 2856
f 2856 2810 2857
f 2810 2811 2857
f 2811 2858 2857
f 2812 2858 2811
f 2814 2859 2860
f 2813 2859 2814
f 2859 2813 2804
f 2851 2859 2804
f 2853 2806 2815
f 2861 2853 2815
f 2861 2815 2809
f 2855 2861 2809
f 2858 2812 2816
f 2862 2858 2816
f 2862 2816 2814
f 2860 2862 2814
f 2818 2864 2863
f 2817 2818 2863
f 2863 2865 2817
f 2817 2865 2819
f 2867 2866 2820
f 2867 2820 2865
f 2865 2820 2819
f 2866 2869 2868
f 2866 2868 2820
f 2820 2868 2821
f 2868 2870 2821
f 2821 2870 2822
f 2822 2870 2871
f 2823 2822 2871
f 2825 2873 2872
f 2824 2825 2872
f 2872 2818 2824
f 2864 2818 2872
f 2867 2874 2866
f 2866 2874 2869
f 2871 2826 2823
f 2875 2826 2871
f 2826 2875 2876
f 2827 2826 2876
f 2829 2878 2877
f 2828 2829 2877
f 2877 2825 2828
f 2873 2825 2877
f 2876 2830 2827
f 2879 2830 2876
f 2830 2879 2880
f 2831 2830 2880
f 2878 2829 2881
f 2881 2829 2832
f 2880 2833 2831
f 2882 2833 2880
f 2833 2882 2883
f 2834 2833 2883
f 2881 2832 2884
f 2884 2832 2835
f 2837 2885 2886
f 2836 2885 2837
f 2885 2836 2834
f 2883 2885 2834
f 2884 2835 2887
f 2887 2835 2838
f 2886 2888 2837
f 2888 2839 2837
f 2887 2838 2889
f 2889 2838 2840
f 2888 2890 2839
f 2890 2841 2839
f 2889 2840 2891
f 2891 2840 2842
f 2890 2843 2841
f 2892 2843 2890
f 2843 2892 2893
f 2844 2843 2893
f 2891 2842 2894
f 2894 2842 2845
f 2847 2895 2896
f 2846 2895 2847
f 2895 2846 2844
f 2893 2895 2844
f 2894 2845 2848
f 2897 2894 2848
f 2848 2898 2897
f 2849 2898 2848
f 2851 2899 2900
f 2850 2899 2851
f 2899 2850 2847
f 2896 2899 2847
f 2898 2849 2852
f 2901 2898 2852
f 2852 2902 2901
f 2853 2902 2852
f 2855 2903 2904
f 2854 2903 2855
f 2903 2854 2905
f 2854 2856 2905
f 2905 2856 2906
f 2856 2857 2906
f 2857 2907 2906
f 2858 2907 2857
f 2860 2908 2909
f 2859 2908 2860
f 2908 2859 2851
f 2900 2908 2851
f 2902 2853 2861
f 2910 2902 2861
f 2910 2861 2855
f 2904 2910 2855
f 2907 2858 2862
f 2911 2907 2862
f 2911 2862 2860
f 2909 2911 2860
f 2864 2913 2912
f 2863 2864 2912
f 2912 2914 2863
f 2863 2914 2865
f 2865 2914 2915
f 2867 2865 2915
f 2869 2917 2916
f 2868 2869 2916
f 2916 2918 2868
f 2868 2918 2870
f 2870 2918 2919
f 2871 2870 2919
f 2873 2921 2920
f 2872 2873 2920
f 2920 2864 2872
f 2913 2864 2920
f 2915 2874 2867
f 2922 2874 2915
f 2922 2869 2874
f 2917 2869 2922
f 2919 2875 2871
f 2923 2875 2919
f 2875 2923 2924
f 2876 2875 2924
f 2878 2926 2925
f 2877 2878 2925
f 2925 2873 2877
f 2921 2873 2925
f 2924 2879 2876
f 2927 2879 2924
f 2879 2927 2928
f 2880 2879 2928
f 2926 2878 2929
f 2929 2878 2881
f 2928 2882 2880
f 2930 2882 2928
f 2882 2930 2931
f 2883 2882 2931
f 2929 2881 2932
f 2932 2881 2884
f 2886 2933 2934
f 2885 2933 2886
f 2933 2885 2883
f 2931 2933 2883
f 2932 2884 2935
f 2935 2884 2887
f 2934 2936 2886
f 2936 2888 2886
f 2935 2887 2937
f 2937 2887 2889
f 2936 2938 2888
f 2938 2890 2888
f 2937 2889 2939
f 2939 2889 2891
f 2938 2892 2890
f 2940 2892 2938
f 2892 2940 2941
f 2893 2892 2941
f 2939 2891 2942
f 2942 2891 2894
f 2896 2943 2944
f 2895 2943 2896
f 2943 2895 2893
f 2941 2943 2893
f 2942 2894 2897
f 2945 2942 2897
f 2897 2946 2945
f 2898 2946 2897
f 2900 2947 2948
f 2899 2947 2900
f 2947 2899 2896
f 2944 2947 2896
f 2946 2898 2901
f 2949 2946 2901
f 2901 2950 2949
f 2902 2950 2901
f 2904 2951 2952
f 2903 2951 2904
f 2951 2903 2953
f 2903 2905 2953
f 2953 2905 2954
f 2905 2906 2954
f 2906 2955 2954
f 2907 2955 2906
f 2909 2956 2957
f 2908 2956 2909
f 2956 2908 2900
f 2948 2956 2900
f 2950 2902 2910
f 2958 2950 2910
f 2958 2910 2904
f 2952 2958 2904
f 2955 2907 2911
f 2959 2955 2911
f 2959 2911 2909
f 2957 2959 2909

