# https://github.com/mikedh/trimesh
v -0.19478320 -0.09375000 0.09375000
v -0.18750000 -0.10103321 0.09375000
v -0.18750000 -0.09375000 0.08646680
v -0.19525429 -0.09375000 0.10937500
v -0.18750000 -0.10150432 0.10937500
v -0.19353260 -0.09375000 0.12500000
v -0.18750000 -0.09978259 0.12500000
v -0.18750000 -0.09375000 0.13103464
v -0.18750000 -0.08646680 0.09375000
v -0.18750000 -0.08421785 0.10937500
v -0.19530854 -0.07812500 0.12500000
v -0.18750000 -0.07812500 0.11541631
v -0.19531246 -0.07812500 0.14062500
v -0.18750000 -0.08593962 0.14062500
v -0.19530358 -0.07812500 0.15625000
v -0.18750000 -0.08592848 0.15625000
v -0.18750000 -0.07812500 0.16408764
v -0.18750000 -0.07031646 0.12500000
v -0.19531118 -0.06250000 0.14062500
v -0.18750000 -0.06250000 0.13281382
v -0.19531250 -0.06250000 0.15625000
v -0.19530984 -0.06250000 0.17187500
v -0.18750000 -0.07034400 0.17187500
v -0.18750000 -0.06250000 0.17968530
v -0.18750000 -0.05468882 0.14062500
v -0.18894603 -0.04687500 0.15625000
v -0.18750000 -0.04687500 0.15480397
v -0.19530460 -0.04687500 0.17187500
v -0.18750000 -0.04687500 0.18570450
v -0.18750000 -0.04542897 0.15625000
v -0.18750000 -0.03907040 0.17187500
v -0.17963980 -0.09375000 0.06250000
v -0.17187500 -0.10151480 0.06250000
v -0.17187500 -0.09375000 0.05473520
v -0.17968708 -0.09375000 0.07812500
v -0.17187500 -0.10156209 0.07812500
v -0.17187500 -0.10171621 0.09375000
v -0.17187500 -0.10158433 0.10937500
v -0.17187500 -0.10156093 0.12500000
v -0.17320945 -0.09375000 0.14062500
v -0.17187500 -0.09508377 0.14062500
v -0.17187500 -0.09375000 0.14195879
v -0.17187500 -0.08598520 0.06250000
v -0.17966117 -0.07812500 0.07812500
v -0.17187500 -0.07812500 0.07033883
v -0.17968749 -0.07812500 0.09375000
v -0.18146244 -0.07812500 0.10937500
v -0.17187500 -0.08593756 0.15625000
v -0.17685698 -0.07812500 0.17187500
v -0.17187500 -0.08307735 0.17187500
v -0.17187500 -0.07812500 0.17682735
v -0.17187500 -0.07033883 0.07812500
v -0.17965895 -0.06250000 0.09375000
v -0.17187500 -0.06250000 0.08596605
v -0.17968750 -0.06250000 0.10937500
v -0.17968750 -0.06250000 0.12500000
v -0.17187500 -0.06250000 0.17971841
v -0.17187500 -0.05471605 0.09375000
v -0.17968683 -0.04687500 0.10937500
v -0.17187500 -0.04687500 0.10156317
v -0.17968750 -0.04687500 0.12500000
v -0.17968750 -0.04687500 0.14062500
v -0.18570753 -0.04687500 0.18750000
v -0.17187500 -0.05471795 0.18750000
v -0.17187500 -0.04687500 0.19531204
v -0.17187500 -0.03906317 0.10937500
v -0.17839025 -0.03125000 0.12500000
v -0.17187500 -0.03125000 0.11848475
v -0.17966867 -0.03125000 0.14062500
v -0.17968750 -0.03125000 0.15625000
v -0.17968750 -0.03125000 0.17187500
v -0.17978066 -0.03125000 0.18750000
v -0.17187500 -0.03125000 0.19532943
v -0.17187500 -0.02473475 0.12500000
v -0.17187500 -0.02345633 0.14062500
v -0.17968679 -0.01562500 0.15625000
v -0.17187500 -0.01562500 0.14843821
v -0.17968750 -0.01562500 0.17187500
v -0.17969762 -0.01562500 0.18750000
v -0.17187500 -0.01562500 0.19712800
v -0.17968617 0.00000000 0.15625000
v -0.17187500 0.00000000 0.14843883
v -0.17968750 0.00000000 0.17187500
v -0.17968750 0.00000000 0.18750000
v -0.17944659 0.00000000 0.20312500
v -0.17187500 -0.00939844 0.20312500
v -0.17187500 0.00000000 0.21069657
v -0.17920042 0.01562500 0.15625000
v -0.17187500 0.01562500 0.14892458
v -0.17968748 0.01562500 0.17187500
v -0.17968750 0.01562500 0.18750000
v -0.17942659 0.01562500 0.20312500
v -0.17187500 0.01562500 0.21067659
v -0.17187500 0.02295042 0.15625000
v -0.17924171 0.03125000 0.17187500
v -0.17187500 0.03125000 0.16450829
v -0.17968703 0.03125000 0.18750000
v -0.17187500 0.02317659 0.20312500
v -0.17187500 0.03125000 0.19531203
v -0.17187500 0.03861671 0.17187500
v -0.17187500 0.03906203 0.18750000
v -0.16392866 -0.09375000 0.04687500
v -0.15625000 -0.10142866 0.04687500
v -0.15625000 -0.09375000 0.03919613
v -0.15625000 -0.10156248 0.06250000
v -0.15625000 -0.10185630 0.07812500
v -0.15625000 -0.10511008 0.09375000
v -0.15625000 -0.10869010 0.10937500
v -0.15625000 -0.10164623 0.12500000
v -0.15625000 -0.10153263 0.14062500
v -0.15625000 -0.09375000 0.14840767
v -0.16406247 -0.07812500 0.04687500
v -0.15625000 -0.07812500 0.03906253
v -0.16406250 -0.07812500 0.06250000
v -0.15625000 -0.08593753 0.15625000
v -0.16656461 -0.07812500 0.17187500
v -0.15625000 -0.07812500 0.16446810
v -0.16404099 -0.06250000 0.04687500
v -0.15625000 -0.06250000 0.03908401
v -0.16406249 -0.06250000 0.06250000
v -0.16406250 -0.06250000 0.07812500
v -0.15625000 -0.07071810 0.17187500
v -0.15625000 -0.06250000 0.17984886
v -0.16378929 -0.04687500 0.04687500
v -0.15625000 -0.04687500 0.03933571
v -0.16406240 -0.04687500 0.06250000
v -0.16406250 -0.04687500 0.07812500
v -0.16406250 -0.04687500 0.09375000
v -0.15625000 -0.05484878 0.18750000
v -0.15625000 -0.04687500 0.19531242
v -0.16381677 -0.03125000 0.04687500
v -0.15625000 -0.03125000 0.03930823
v -0.16406243 -0.03125000 0.06250000
v -0.16406250 -0.03125000 0.07812500
v -0.16406250 -0.03125000 0.09375000
v -0.16406250 -0.03125000 0.10937500
v -0.15625000 -0.03125000 0.19533582
v -0.16327616 -0.01562500 -0.01562500
v -0.15625000 -0.02265116 -0.01562500
v -0.15625000 -0.01562500 -0.02265198
v -0.16156402 -0.01562500 0.00000000
v -0.15625000 -0.02093902 0.00000000
v -0.16068111 -0.01562500 0.01562500
v -0.15625000 -0.02005611 0.01562500
v -0.16338276 -0.01562500 0.03125000
v -0.15625000 -0.02275776 0.03125000
v -0.16405228 -0.01562500 0.04687500
v -0.16406241 -0.01562500 0.06250000
v -0.16406250 -0.01562500 0.07812500
v -0.16406250 -0.01562500 0.09375000
v -0.16406250 -0.01562500 0.10937500
v -0.16406250 -0.01562500 0.12500000
v -0.16406250 -0.01562500 0.14062500
v -0.15625000 -0.01562500 0.19578997
v -0.16393299 0.00000000 -0.03125000
v -0.15625000 -0.00768382 -0.03125000
v -0.15625000 0.00000000 -0.03893299
v -0.16406247 0.00000000 -0.01562500
v -0.16405598 0.00000000 0.00000000
v -0.16333493 0.00000000 0.01562500
v -0.15989281 0.00000000 0.03125000
v -0.15625000 -0.00782272 0.04687500
v -0.15625000 0.00000000 0.03489281
v -0.16304104 0.00000000 0.06250000
v -0.15625000 0.00000000 0.05570896
v -0.16404266 0.00000000 0.07812500
v -0.16406236 0.00000000 0.09375000
v -0.16406250 0.00000000 0.10937500
v -0.16406250 0.00000000 0.12500000
v -0.16406250 0.00000000 0.14062500
v -0.15625000 -0.00411869 0.20312500
v -0.15625000 0.00000000 0.20688337
v -0.15625000 0.00782174 -0.03125000
v -0.16351149 0.01562500 -0.01562500
v -0.15625000 0.01562500 -0.02302473
v -0.15625000 0.00780598 0.00000000
v -0.15625000 0.01562500 -0.00836351
v -0.15625000 0.00708493 0.01562500
v -0.15625000 0.00364281 0.03125000
v -0.15625000 0.00679104 0.06250000
v -0.15625000 0.00779266 0.07812500
v -0.15625000 0.00781236 0.09375000
v -0.16404725 0.01562500 0.10937500
v -0.15625000 0.01562500 0.10157775
v -0.16406250 0.01562500 0.12500000
v -0.16406250 0.01562500 0.14062500
v -0.15625000 0.01562500 0.21017592
v -0.15625000 0.02288649 -0.01562500
v -0.15625000 0.02342225 0.10937500
v -0.16402355 0.03125000 0.12500000
v -0.15625000 0.03125000 0.11722645
v -0.16406250 0.03125000 0.14062500
v -0.16406250 0.03125000 0.15625000
v -0.15625000 0.02268571 0.20312500
v -0.15625000 0.03125000 0.19532238
v -0.15625000 0.04071782 0.12500000
v -0.16405900 0.04687500 0.14062500
v -0.15625000 0.04687500 0.13112336
v -0.16406249 0.04687500 0.15625000
v -0.16406250 0.04687500 0.17187500
v -0.16405587 0.04687500 0.18750000
v -0.15625000 0.04687500 0.19530587
v -0.15625000 0.05926388 0.14062500
v -0.16405679 0.06250000 0.15625000
v -0.15625000 0.06250000 0.14386257
v -0.15625000 0.06049321 0.17187500
v -0.15625000 0.06250000 0.16986566
v -0.15625000 0.05468087 0.18750000
v -0.15625000 0.07030679 0.15625000
v -0.15115393 -0.10937500 0.09375000
v -0.14062500 -0.11620051 0.09375000
v -0.14062500 -0.10937500 0.08508576
v -0.15552742 -0.10937500 0.10937500
v -0.14062500 -0.11696849 0.10937500
v -0.14839273 -0.10937500 0.12500000
v -0.14062500 -0.11705898 0.12500000
v -0.14062500 -0.10937500 0.13268398
v -0.14062500 -0.10156234 0.04687500
v -0.14062500 -0.09375000 0.03679085
v -0.14062500 -0.10156270 0.06250000
v -0.14062500 -0.10337624 0.07812500
v -0.14062500 -0.10156064 0.14062500
v -0.14062500 -0.09375000 0.14843566
v -0.14843750 -0.07812500 0.01562500
v -0.14062500 -0.08593754 0.01562500
v -0.14062500 -0.07812500 0.00755200
v -0.14843750 -0.07812500 0.03125000
v -0.14062500 -0.08820930 0.03125000
v -0.14062500 -0.08593752 0.15625000
v -0.14837038 -0.07812500 0.17187500
v -0.14062500 -0.08546499 0.17187500
v -0.14062500 -0.07812500 0.17921499
v -0.14841620 -0.06250000 0.00000000
v -0.14062500 -0.07055173 0.00000000
v -0.14062500 -0.06250000 -0.00779120
v -0.14843750 -0.06250000 0.01562500
v -0.14843750 -0.06250000 0.03125000
v -0.14839329 -0.06250000 0.18750000
v -0.14062500 -0.07010695 0.18750000
v -0.14062500 -0.06250000 0.19510695
v -0.14843585 -0.04687500 0.00000000
v -0.14062500 -0.04687500 -0.00783718
v -0.14843750 -0.04687500 0.01562500
v -0.14843750 -0.04687500 0.03125000
v -0.14062500 -0.04687500 0.19531318
v -0.14843551 -0.03125000 -0.01562500
v -0.14062500 -0.03908684 -0.01562500
v -0.14062500 -0.03125000 -0.02343574
v -0.14843749 -0.03125000 0.00000000
v -0.14843750 -0.03125000 0.01562500
v -0.14843750 -0.03125000 0.03125000
v -0.14062500 -0.03125000 0.19537610
v -0.14843781 -0.01562500 -0.03125000
v -0.14062500 -0.02343720 -0.03125000
v -0.14062500 -0.01562500 -0.03906197
v -0.14062500 -0.01562500 0.19550951
v -0.14062500 0.00000000 -0.03915778
v -0.14843750 0.00000000 0.04687500
v -0.15138734 0.00000000 0.20312500
v -0.14062500 0.00000000 0.19668586
v -0.14857621 0.01562500 -0.03125000
v -0.14062500 0.01562500 -0.03906571
v -0.14843750 0.01562500 0.00000000
v -0.14843750 0.01562500 0.01562500
v -0.14843750 0.01562500 0.03125000
v -0.14843750 0.01562500 0.04687500
v -0.14843750 0.01562500 0.06250000
v -0.14843750 0.01562500 0.07812500
v -0.14843750 0.01562500 0.09375000
v -0.14079641 0.01562500 0.20312500
v -0.14062500 0.01562500 0.20298376
v -0.14563595 0.03125000 -0.03125000
v -0.14062500 0.03125000 -0.03626095
v -0.14843744 0.03125000 -0.01562500
v -0.14843750 0.03125000 0.00000000
v -0.14843750 0.03125000 0.01562500
v -0.14843747 0.03125000 0.03125000
v -0.14843745 0.03125000 0.04687500
v -0.14843750 0.03125000 0.06250000
v -0.14843750 0.03125000 0.07812500
v -0.14843750 0.03125000 0.09375000
v -0.14843750 0.03125000 0.10937500
v -0.14062500 0.03125000 0.19565888
v -0.14062500 0.03626097 -0.03125000
v -0.14781387 0.04687500 -0.01562500
v -0.14062500 0.04687500 -0.02281390
v -0.14843719 0.04687500 0.00000000
v -0.14843719 0.04687500 0.01562500
v -0.14843716 0.04687500 0.03125000
v -0.14843735 0.04687500 0.04687500
v -0.14843749 0.04687500 0.06250000
v -0.14843750 0.04687500 0.07812500
v -0.14843750 0.04687500 0.09375000
v -0.14843750 0.04687500 0.10937500
v -0.15012998 0.04687500 0.12500000
v -0.14062500 0.04687500 0.19531249
v -0.14062500 0.05406402 -0.01562500
v -0.14833974 0.06250000 0.00000000
v -0.14062500 0.06250000 -0.00771489
v -0.14842789 0.06250000 0.01562500
v -0.14843328 0.06250000 0.03125000
v -0.14843692 0.06250000 0.04687500
v -0.14843726 0.06250000 0.06250000
v -0.14843746 0.06250000 0.07812500
v -0.14843750 0.06250000 0.09375000
v -0.14843750 0.06250000 0.10937500
v -0.14843750 0.06250000 0.12500000
v -0.15301618 0.06250000 0.14062500
v -0.15424321 0.06250000 0.17187500
v -0.14062500 0.05473344 0.18750000
v -0.14062500 0.06250000 0.17973345
v -0.14062500 0.07021617 0.00000000
v -0.14516050 0.07812500 0.01562500
v -0.14062500 0.07812500 0.01108832
v -0.14797327 0.07812500 0.03125000
v -0.14822714 0.07812500 0.04687500
v -0.14829881 0.07812500 0.06250000
v -0.14810902 0.07812500 0.07812500
v -0.14841457 0.07812500 0.09375000
v -0.14843724 0.07812500 0.10937500
v -0.14843750 0.07812500 0.12500000
v -0.14843749 0.07812500 0.14062500
v -0.14843635 0.07812500 0.15625000
v -0.14062500 0.07031412 0.17187500
v -0.14062500 0.07812500 0.16406298
v -0.14062500 0.08266050 0.01562500
v -0.14062500 0.08547327 0.03125000
v -0.14062500 0.08572714 0.04687500
v -0.14062500 0.08579881 0.06250000
v -0.14062500 0.08560902 0.07812500
v -0.14062500 0.08591457 0.09375000
v -0.14449602 0.09375000 0.10937500
v -0.14062500 0.09375000 0.10550398
v -0.14840205 0.09375000 0.12500000
v -0.14087833 0.09375000 0.14062500
v -0.14062500 0.08593636 0.15625000
v -0.14062500 0.09375000 0.14087833
v -0.14062500 0.09762102 0.10937500
v -0.14062500 0.10152705 0.12500000
v -0.14062500 0.09400333 0.14062500
v -0.12799159 -0.10937500 0.06250000
v -0.12500000 -0.11236647 0.06250000
v -0.12500000 -0.10937500 0.05950826
v -0.13373876 -0.10937500 0.07812500
v -0.12500000 -0.11627490 0.07812500
v -0.12500000 -0.11712473 0.09375000
v -0.12500000 -0.11717741 0.10937500
v -0.12500000 -0.11608097 0.12500000
v -0.12500000 -0.10937500 0.13170601
v -0.13508421 -0.09375000 0.03125000
v -0.12500000 -0.10156240 0.03125000
v -0.12500000 -0.09375000 0.01605878
v -0.12500000 -0.10156295 0.04687500
v -0.12500000 -0.10156241 0.14062500
v -0.12500000 -0.09375000 0.14845171
v -0.13159347 -0.07812500 -0.01562500
v -0.12500000 -0.08471847 -0.01562500
v -0.12500000 -0.07812500 -0.02221847
v -0.13307300 -0.07812500 0.00000000
v -0.12500000 -0.08593751 0.00000000
v -0.12500000 -0.09331623 0.01562500
v -0.12500000 -0.08595184 0.15625000
v -0.12500000 -0.08593152 0.17187500
v -0.12500000 -0.07812500 0.17968224
v -0.13281229 -0.06250000 -0.01562500
v -0.12500000 -0.06250000 -0.02343729
v -0.12500000 -0.07031311 0.18750000
v -0.12500000 -0.06250000 0.19531239
v -0.13283883 -0.04687500 -0.01562500
v -0.12500000 -0.04687500 -0.02344709
v -0.12500000 -0.04687500 0.19579821
v -0.13281108 -0.03125000 -0.03125000
v -0.12500000 -0.03907043 -0.03125000
v -0.12500000 -0.03125000 -0.03906085
v -0.13007555 -0.03125000 0.20312500
v -0.12500000 -0.03670320 0.20312500
v -0.12500000 -0.03125000 0.20814492
v -0.12500000 -0.01562500 -0.03961418
v -0.12500000 -0.02512278 0.20312500
v -0.12500000 -0.01562500 0.19651228
v -0.13290005 0.00000000 -0.04687500
v -0.12500000 -0.00835649 -0.04687500
v -0.12500000 0.00000000 -0.05467978
v -0.12500000 0.00000000 0.19664845
v -0.13180928 0.01562500 -0.04687500
v -0.12500000 0.01562500 -0.05368108
v -0.14041892 0.01562500 0.20312500
v -0.12500000 0.00795561 0.20312500
v -0.12500000 0.01562500 0.20946305
v -0.12500000 0.02243146 -0.04687500
v -0.12500000 0.03125000 -0.03906289
v -0.12500000 0.02400023 0.20312500
v -0.12500000 0.03125000 0.19732236
v -0.12500000 0.04553076 -0.03125000
v -0.12500000 0.04687500 -0.02990576
v -0.12500000 0.04687500 0.19531250
v -0.13110385 0.06250000 -0.01562500
v -0.12500000 0.06250000 -0.02172871
v -0.13277141 0.06250000 0.18750000
v -0.12500000 0.06250000 0.19522546
v -0.12500000 0.06860371 -0.01562500
v -0.13280268 0.07812500 0.00000000
v -0.12500000 0.07812500 -0.00780125
v -0.13254433 0.07812500 0.17187500
v -0.12500000 0.07022546 0.18750000
v -0.12500000 0.07812500 0.17941771
v -0.12500000 0.08592627 0.00000000
v -0.13117976 0.09375000 0.01562500
v -0.12500000 0.09375000 0.00944522
v -0.13281246 0.09375000 0.03125000
v -0.13281250 0.09375000 0.04687500
v -0.13281250 0.09375000 0.06250000
v -0.13281250 0.09375000 0.07812500
v -0.13281250 0.09375000 0.09375000
v -0.12500000 0.08910829 0.15625000
v -0.12500000 0.09375000 0.15160829
v -0.12500000 0.08566771 0.17187500
v -0.12500000 0.09992976 0.01562500
v -0.12500000 0.10156260 0.03125000
v -0.12500000 0.10161765 0.04687500
v -0.13186886 0.10937500 0.06250000
v -0.12500000 0.10937500 0.05557675
v -0.13281200 0.10937500 0.07812500
v -0.13281240 0.10937500 0.09375000
v -0.13281236 0.10937500 0.10937500
v -0.13122803 0.10937500 0.12500000
v -0.12500000 0.10156250 0.14062500
v -0.12500000 0.10937500 0.13122804
v -0.12500000 0.11624386 0.06250000
v -0.12500000 0.11718704 0.07812500
v -0.12500000 0.11718740 0.09375000
v -0.12500000 0.11718736 0.10937500
v -0.12500000 0.11560303 0.12500000
v -0.11717808 -0.10937500 0.04687500
v -0.10937500 -0.11717764 0.04687500
v -0.10937500 -0.10937500 0.03906917
v -0.10937500 -0.11718459 0.06250000
v -0.10937500 -0.11718664 0.07812500
v -0.10937500 -0.11718746 0.09375000
v -0.10937500 -0.11717848 0.10937500
v -0.10937500 -0.11632997 0.12500000
v -0.10937500 -0.10937500 0.13196045
v -0.12456622 -0.09375000 0.01562500
v -0.10937500 -0.10156247 0.01562500
v -0.10937500 -0.09375000 0.00757196
v -0.10937500 -0.10156569 0.03125000
v -0.10937500 -0.10156804 0.14062500
v -0.11151584 -0.09375000 0.15625000
v -0.10937500 -0.09588407 0.15625000
v -0.10937500 -0.09375000 0.15838407
v -0.10937500 -0.08593746 -0.01562500
v -0.10937500 -0.07812500 -0.02343860
v -0.10937500 -0.08617807 0.00000000
v -0.10937500 -0.08593582 0.17187500
v -0.10937500 -0.07812500 0.17969037
v -0.11718746 -0.06250000 -0.03125000
v -0.10937500 -0.07031360 -0.03125000
v -0.10937500 -0.06250000 -0.03906246
v -0.10937500 -0.07031693 0.18750000
v -0.10937500 -0.06250000 0.19531246
v -0.11719709 -0.04687500 -0.03125000
v -0.10937500 -0.04687500 -0.03906250
v -0.11412504 -0.04687500 0.20312500
v -0.10937500 -0.05122380 0.20312500
v -0.10937500 -0.04687500 0.20747374
v -0.10937500 -0.03125000 -0.03917184
v -0.10937500 -0.03125000 0.21083417
v -0.11773870 -0.01562500 -0.04687500
v -0.10937500 -0.02354636 -0.04687500
v -0.10937500 -0.01562500 -0.05468702
v -0.11749427 -0.01562500 0.20312500
v -0.10937500 -0.01562500 0.21003903
v -0.10937500 0.00000000 -0.05468750
v -0.11432643 0.00000000 0.20312500
v -0.10937500 0.00000000 0.20698781
v -0.10937500 0.01562500 -0.05464336
v -0.10937500 0.01562500 0.21053831
v -0.10937500 0.02343163 -0.04687500
v -0.10937500 0.03125000 -0.03910077
v -0.11083713 0.03125000 0.20312500
v -0.10937500 0.03125000 0.20402316
v -0.12365559 0.04687500 -0.03125000
v -0.10937500 0.04687500 -0.03906196
v -0.10937500 0.03214829 0.20312500
v -0.10937500 0.04687500 0.19531308
v -0.10937500 0.05468913 -0.03125000
v -0.10937500 0.06250000 -0.02343964
v -0.10937500 0.06250000 0.19531227
v -0.10937500 0.07034300 -0.01562500
v -0.10937500 0.07812500 -0.00784303
v -0.10937500 0.07036690 0.18750000
v -0.10937500 0.07812500 0.17974212
v -0.10937500 0.08596912 0.00000000
v -0.10937500 0.09375000 0.00778088
v -0.12034999 0.09375000 0.15625000
v -0.10937500 0.08593809 0.17187500
v -0.10937500 0.09375000 0.16405318
v -0.10937500 0.10156262 0.01562500
v -0.10937500 0.10788490 0.03125000
v -0.11724009 0.10937500 0.04687500
v -0.10937500 0.10937500 0.03274098
v -0.10937500 0.10156932 0.14062500
v -0.10937500 0.10937500 0.13281673
v -0.10937500 0.10155257 0.15625000
v -0.10937500 0.11718495 0.04687500
v -0.10937500 0.11718762 0.06250000
v -0.10937500 0.11718964 0.07812500
v -0.10937500 0.11722912 0.09375000
v -0.10937500 0.11718750 0.10937500
v -0.10937500 0.11718490 0.12500000
v -0.10155724 -0.10937500 0.03125000
v -0.09375000 -0.11717904 0.03125000
v -0.09375000 -0.10937500 0.02344299
v -0.09375000 -0.11718754 0.04687500
v -0.09375000 -0.11735790 0.06250000
v -0.09375000 -0.11718793 0.07812500
v -0.09375000 -0.11718737 0.09375000
v -0.09375000 -0.11718699 0.10937500
v -0.09375000 -0.11716910 0.12500000
v -0.09770402 -0.10937500 0.14062500
v -0.09375000 -0.11332483 0.14062500
v -0.09375000 -0.10937500 0.14457483
v -0.10180257 -0.09375000 0.00000000
v -0.09375000 -0.10156200 0.00000000
v -0.09375000 -0.09375000 -0.00781549
v -0.09375000 -0.10156547 0.01562500
v -0.09375000 -0.10155444 0.15625000
v -0.09375000 -0.09375000 0.16405444
v -0.09375000 -0.08594098 -0.01562500
v -0.09375000 -0.07812500 -0.02345999
v -0.09375000 -0.08593666 0.17187500
v -0.09375000 -0.07812500 0.17968708
v -0.09375000 -0.07033499 -0.03125000
v -0.09375000 -0.06250000 -0.03906525
v -0.09375000 -0.07031157 0.18750000
v -0.09375000 -0.06250000 0.19531117
v -0.10150963 -0.04687500 -0.04687500
v -0.09375000 -0.05463737 -0.04687500
v -0.09375000 -0.04687500 -0.05463462
v -0.09375000 -0.04937870 0.20312500
v -0.09375000 -0.04687500 0.20562869
v -0.10167184 -0.03125000 -0.04687500
v -0.09375000 -0.03125000 -0.05468750
v -0.09375000 -0.03125000 0.21077950
v -0.09375000 -0.01562500 -0.05468751
v -0.09375000 -0.01562500 0.21078212
v -0.09375000 0.00000000 -0.05468751
v -0.09375000 0.00000000 0.21082832
v -0.09375000 0.01562500 -0.05468750
v -0.09375000 0.01562500 0.21093489
v -0.09642470 0.03125000 -0.04687500
v -0.09375000 0.03125000 -0.04952805
v -0.09375000 0.03125000 0.21093171
v -0.09375000 0.03390308 -0.04687500
v -0.09375000 0.04687500 -0.03906255
v -0.10004781 0.04687500 0.20312500
v -0.09375000 0.04687500 0.20942225
v -0.10099046 0.06250000 -0.03125000
v -0.09375000 0.06250000 -0.03848830
v -0.09375000 0.05317225 0.20312500
v -0.09375000 0.06250000 0.19531243
v -0.09375000 0.06973830 -0.03125000
v -0.10157108 0.07812500 -0.01562500
v -0.09375000 0.07812500 -0.02341555
v -0.09375000 0.07039114 0.18750000
v -0.09375000 0.07812500 0.17976621
v -0.09375000 0.08591555 -0.01562500
v -0.10145451 0.09375000 0.00000000
v -0.09375000 0.09375000 -0.00767290
v -0.09375000 0.08643344 0.17187500
v -0.09375000 0.09375000 0.16455843
v -0.09375000 0.10142290 0.00000000
v -0.09915538 0.10937500 0.01562500
v -0.09375000 0.10937500 0.01021973
v -0.10788490 0.10937500 0.03125000
v -0.09375000 0.10520981 0.14062500
v -0.09375000 0.10937500 0.13645980
v -0.09375000 0.10156249 0.15625000
v -0.09375000 0.11478027 0.01562500
v -0.09375000 0.11718775 0.03125000
v -0.09375000 0.11718895 0.04687500
v -0.09375000 0.11719540 0.06250000
v -0.09375000 0.11734245 0.07812500
v -0.09375000 0.11727649 0.09375000
v -0.09375000 0.11718753 0.10937500
v -0.09375000 0.11718750 0.12500000
v -0.08529937 -0.12500000 0.04687500
v -0.07812500 -0.13217433 0.04687500
v -0.07812500 -0.12500000 0.03970053
v -0.08210046 -0.12500000 0.06250000
v -0.07812500 -0.12884754 0.06250000
v -0.07812500 -0.12500000 0.06635762
v -0.08594046 -0.10937500 0.01562500
v -0.07812500 -0.11718749 0.01562500
v -0.07812500 -0.10937500 0.00748904
v -0.07812500 -0.11718764 0.03125000
v -0.07812500 -0.11720107 0.07812500
v -0.07812500 -0.11718749 0.09375000
v -0.07812500 -0.11718745 0.10937500
v -0.07812500 -0.11718699 0.12500000
v -0.07812500 -0.11715311 0.14062500
v -0.07812500 -0.10937500 0.14840321
v -0.08268255 -0.09375000 -0.01562500
v -0.07812500 -0.09830467 -0.01562500
v -0.07812500 -0.09375000 -0.02017967
v -0.07812500 -0.10188598 0.00000000
v -0.07812500 -0.10156259 0.15625000
v -0.07812500 -0.09375000 0.16406343
v -0.07812500 -0.07812500 -0.02726103
v -0.07812500 -0.08593815 0.17187500
v -0.07812500 -0.07812500 0.17968725
v -0.07812500 -0.07413603 -0.03125000
v -0.07812500 -0.06250000 -0.03915859
v -0.07812500 -0.07029665 0.18750000
v -0.07812500 -0.06250000 0.19529662
v -0.07812500 -0.05478359 -0.04687500
v -0.07812500 -0.04687500 -0.05468750
v -0.08790876 -0.04687500 0.20312500
v -0.07812500 -0.04687500 0.19934072
v -0.07812500 -0.03125000 -0.05561559
v -0.07812500 -0.04307624 0.20312500
v -0.07812500 -0.03125000 0.21091781
v -0.08421627 -0.01562500 -0.06250000
v -0.07812500 -0.02262304 -0.06250000
v -0.07812500 -0.01562500 -0.06859126
v -0.07812500 -0.01562500 0.21093796
v -0.08190740 0.00000000 -0.06250000
v -0.07812500 0.00000000 -0.06628239
v -0.07812500 0.00000000 0.21093987
v -0.07812500 0.00378240 -0.06250000
v -0.07812500 0.01562500 -0.05468751
v -0.07812500 0.01562500 0.21152329
v -0.07812500 0.03125000 -0.05468749
v -0.07812500 0.03125000 0.21096587
v -0.08002763 0.04687500 -0.04687500
v -0.07812500 0.04687500 -0.04877761
v -0.07812500 0.04687500 0.21093118
v -0.07812500 0.04877761 -0.04687500
v -0.07812500 0.06250000 -0.03906250
v -0.07812500 0.05468121 0.20312500
v -0.07812500 0.06250000 0.19531253
v -0.07812500 0.07032229 -0.03125000
v -0.07812500 0.07812500 -0.02344729
v -0.07812500 0.07421462 0.18750000
v -0.07812500 0.07812500 0.18358962
v -0.07812500 0.08594611 -0.01562500
v -0.07812500 0.09375000 -0.00782111
v -0.08627613 0.09375000 0.17187500
v -0.07812500 0.09375000 0.17952975
v -0.07812500 0.10157585 0.00000000
v -0.07812500 0.10937500 0.00779915
v -0.08951638 0.10937500 0.14062500
v -0.07812500 0.10156470 0.15625000
v -0.07812500 0.10937500 0.14835265
v -0.07812500 0.10140475 0.17187500
v -0.07812500 0.11718759 0.01562500
v -0.07812500 0.11730525 0.03125000
v -0.07812500 0.11940186 0.04687500
v -0.07812500 0.11781525 0.06250000
v -0.07812500 0.11726712 0.07812500
v -0.07812500 0.11765809 0.09375000
v -0.07812500 0.11718996 0.10937500
v -0.07812500 0.11718750 0.12500000
v -0.07812500 0.11710046 0.14062500
v -0.06882659 -0.12500000 0.03125000
v -0.06250000 -0.13132646 0.03125000
v -0.06250000 -0.12500000 0.02492140
v -0.06250000 -0.12504757 0.04687500
v -0.07212546 -0.12500000 0.06250000
v -0.06250000 -0.12500000 0.04696551
v -0.07063566 -0.10937500 0.00000000
v -0.06250000 -0.11718718 0.00000000
v -0.06250000 -0.10937500 -0.00781220
v -0.06250000 -0.11718972 0.01562500
v -0.06250000 -0.11962678 0.06250000
v -0.06250000 -0.11964094 0.07812500
v -0.06250000 -0.11719221 0.09375000
v -0.06250000 -0.11718750 0.10937500
v -0.06250000 -0.11718746 0.12500000
v -0.06250000 -0.11718335 0.14062500
v -0.06250000 -0.10937500 0.14844308
v -0.06250000 -0.10156202 -0.01562500
v -0.06250000 -0.09375000 -0.02343701
v -0.06250000 -0.10157223 0.15625000
v -0.06250000 -0.09375000 0.16415465
v -0.07413447 -0.07812500 -0.03125000
v -0.06250000 -0.08593546 -0.03125000
v -0.06250000 -0.07812500 -0.03906046
v -0.06250000 -0.08602965 0.17187500
v -0.06250000 -0.07812500 0.17968784
v -0.06962891 -0.06250000 -0.04687500
v -0.06250000 -0.06953366 -0.04687500
v -0.06250000 -0.06250000 -0.05390866
v -0.06250000 -0.07030224 0.18750000
v -0.06250000 -0.06250000 0.19530192
v -0.06250000 -0.04687500 -0.05468753
v -0.07425632 -0.04687500 0.20312500
v -0.06250000 -0.05457341 0.20312500
v -0.06250000 -0.04687500 0.21082339
v -0.07121842 -0.03125000 -0.06250000
v -0.06250000 -0.03904004 -0.06250000
v -0.06250000 -0.03125000 -0.07029001
v -0.06250000 -0.03125000 0.21093970
v -0.06250000 -0.01562500 -0.07031250
v -0.06250000 -0.01562500 0.21190696
v -0.06250000 0.00000000 -0.07031250
v -0.06375136 0.00000000 0.21875000
v -0.06250000 -0.00156942 0.21875000
v -0.06250000 0.00000000 0.22000066
v -0.07026091 0.01562500 -0.06250000
v -0.06250000 0.01562500 -0.07026090
v -0.07055458 0.01562500 0.21875000
v -0.06250000 0.01562500 0.22621799
v -0.06250000 0.02338594 -0.06250000
v -0.06250000 0.03125000 -0.05468753
v -0.06250000 0.03073229 0.21875000
v -0.06250000 0.03125000 0.21827469
v -0.06250000 0.04687500 -0.05468750
v -0.06250000 0.04687500 0.21093745
v -0.06893173 0.06250000 -0.04687500
v -0.06250000 0.06250000 -0.05330673
v -0.06250000 0.05469320 0.20312500
v -0.06250000 0.06250000 0.19531826
v -0.06250000 0.06893173 -0.04687500
v -0.07032226 0.07812500 -0.03125000
v -0.06250000 0.07812500 -0.03906247
v -0.07419162 0.07812500 0.18750000
v -0.06250000 0.07812500 0.19528192
v -0.06250000 0.08593747 -0.03125000
v -0.07031996 0.09375000 -0.01562500
v -0.06250000 0.09375000 -0.02343635
v -0.06250000 0.08590766 0.18750000
v -0.06250000 0.09375000 0.17966207
v -0.06250000 0.10156135 -0.01562500
v -0.06908995 0.10937500 0.00000000
v -0.06250000 0.10937500 -0.00657693
v -0.06250000 0.10163916 0.15625000
v -0.06250000 0.10937500 0.14845216
v -0.06250000 0.10153633 0.17187500
v -0.06250000 0.11595193 0.00000000
v -0.06250000 0.11732664 0.01562500
v -0.06932233 0.12500000 0.03125000
v -0.06250000 0.12500000 0.02440661
v -0.06579055 0.12500000 0.04687500
v -0.06250000 0.12188599 0.06250000
v -0.06250000 0.12500000 0.05272467
v -0.06250000 0.12199754 0.07812500
v -0.06250000 0.12317315 0.09375000
v -0.06250000 0.11720358 0.10937500
v -0.06250000 0.11718750 0.12500000
v -0.06250000 0.11712549 0.14062500
v -0.06250000 0.13170669 0.03125000
v -0.06250000 0.12702557 0.04687500
v -0.04687500 -0.13254680 0.03125000
v -0.04687500 -0.12500000 0.02280459
v -0.06237734 -0.12500000 0.04687500
v -0.04687500 -0.12500000 0.04230702
v -0.05482332 -0.12500000 0.07812500
v -0.04687500 -0.13048216 0.07812500
v -0.04687500 -0.12500000 0.07193462
v -0.05111712 -0.12500000 0.09375000
v -0.04687500 -0.12923840 0.09375000
v -0.04687500 -0.12500000 0.09799601
v -0.04687500 -0.11718750 0.00000000
v -0.04687500 -0.10937500 -0.00796623
v -0.04687500 -0.11808364 0.01562500
v -0.04687500 -0.12064884 0.04687500
v -0.04687500 -0.11794248 0.06250000
v -0.04687500 -0.11719713 0.10937500
v -0.04687500 -0.11718746 0.12500000
v -0.04687500 -0.11717347 0.14062500
v -0.04687500 -0.10937500 0.14867225
v -0.04687500 -0.10171623 -0.01562500
v -0.04687500 -0.09375000 -0.02344076
v -0.04687500 -0.10181126 0.15625000
v -0.04687500 -0.09375000 0.16923984
v -0.04687500 -0.08594076 -0.03125000
v -0.04687500 -0.07812500 -0.03906252
v -0.04687500 -0.09111484 0.17187500
v -0.04687500 -0.07812500 0.18282910
v -0.04687500 -0.07031172 -0.04687500
v -0.04687500 -0.06250000 -0.05468670
v -0.04687500 -0.07345410 0.18750000
v -0.04687500 -0.06250000 0.19533465
v -0.04687500 -0.04687500 -0.05469076
v -0.04687500 -0.05470951 0.20312500
v -0.04687500 -0.04687500 0.21093748
v -0.04687500 -0.03905868 -0.06250000
v -0.04687500 -0.03125000 -0.07030542
v -0.04705237 -0.03125000 0.21875000
v -0.04687500 -0.03142728 0.21875000
v -0.04687500 -0.03125000 0.21892727
v -0.04687500 -0.01562500 -0.07031250
v -0.05557132 -0.01562500 0.21875000
v -0.04687500 -0.01562500 0.22647564
v -0.04687500 0.00000000 -0.07031297
v -0.04687500 0.00000000 0.22651811
v -0.04687500 0.01562500 -0.07031250
v -0.04687500 0.01562500 0.22655961
v -0.05468672 0.03125000 -0.06250000
v -0.04687500 0.03125000 -0.07031168
v -0.06198218 0.03125000 0.21875000
v -0.04687500 0.03125000 0.22621712
v -0.04963134 0.04687500 -0.06250000
v -0.04687500 0.04687500 -0.06525634
v -0.04687500 0.03871720 0.21875000
v -0.04687500 0.04687500 0.21093758
v -0.04687500 0.04963135 -0.06250000
v -0.04687500 0.06250000 -0.05468752
v -0.04687500 0.05499149 0.20312500
v -0.04687500 0.06250000 0.19561650
v -0.05315492 0.07812500 -0.04687500
v -0.04687500 0.07812500 -0.05315492
v -0.04687500 0.07812500 0.19531208
v -0.04687500 0.08440492 -0.04687500
v -0.04687500 0.08594518 -0.03125000
v -0.04687500 0.09375000 -0.02344517
v -0.04687500 0.08604148 0.18750000
v -0.04687500 0.09375000 0.17979069
v -0.04687500 0.10156252 -0.01562500
v -0.04687500 0.10937500 -0.00780736
v -0.04687500 0.10163938 0.15625000
v -0.04687500 0.10937500 0.14845902
v -0.04687500 0.10156129 0.17187500
v -0.04687500 0.11718233 0.00000000
v -0.04687500 0.11755194 0.01562500
v -0.04687500 0.12500000 0.02331956
v -0.05931865 0.12500000 0.06250000
v -0.05938214 0.12500000 0.07812500
v -0.06026592 0.12500000 0.09375000
v -0.04687500 0.11722513 0.10937500
v -0.04687500 0.12500000 0.10070055
v -0.04687500 0.11718750 0.12500000
v -0.04687500 0.11713214 0.14062500
v -0.04687500 0.13256582 0.03125000
v -0.04687500 0.13271349 0.04687500
v -0.04687500 0.13270785 0.06250000
v -0.04687500 0.13262934 0.07812500
v -0.04687500 0.13191340 0.09375000
v -0.03714757 -0.12500000 0.01562500
v -0.03125000 -0.13007830 0.01562500
v -0.03125000 -0.12500000 0.01054669
v -0.03125000 -0.13246992 0.03125000
v -0.03674220 -0.12500000 0.04687500
v -0.03125000 -0.12770318 0.04687500
v -0.03506128 -0.12500000 0.06250000
v -0.03125000 -0.12828059 0.06250000
v -0.03125000 -0.13224381 0.07812500
v -0.03125000 -0.13275382 0.09375000
v -0.03253714 -0.12500000 0.10937500
v -0.03125000 -0.12628423 0.10937500
v -0.03125000 -0.12500000 0.11065997
v -0.03125000 -0.11718751 0.00000000
v -0.03125000 -0.10937500 -0.00880235
v -0.03125000 -0.11718974 0.12500000
v -0.03125000 -0.11713404 0.14062500
v -0.03125000 -0.10937500 0.14853091
v -0.03729868 -0.09375000 -0.03125000
v -0.03125000 -0.09979559 -0.03125000
v -0.03125000 -0.09375000 -0.03729559
v -0.03125000 -0.10255235 -0.01562500
v -0.03125000 -0.10170935 0.15625000
v -0.04423299 -0.09375000 0.17187500
v -0.03125000 -0.10155030 0.17187500
v -0.03125000 -0.09375000 0.17967533
v -0.03125000 -0.07812500 -0.03913722
v -0.04220296 -0.07812500 0.18750000
v -0.03125000 -0.08593617 0.18750000
v -0.03125000 -0.07812500 0.19531115
v -0.03125000 -0.07038722 -0.04687500
v -0.03125000 -0.06250000 -0.05468750
v -0.03125000 -0.06250000 0.20111937
v -0.03125000 -0.04687500 -0.05473357
v -0.03125000 -0.06049437 0.20312500
v -0.03125000 -0.04687500 0.21094046
v -0.03125000 -0.03910075 -0.06250000
v -0.03125000 -0.03125000 -0.07030469
v -0.03125000 -0.03901938 0.21875000
v -0.03125000 -0.03125000 0.22651642
v -0.03125000 -0.01562500 -0.07031251
v -0.03125000 -0.01562500 0.22655977
v -0.03125000 0.00000000 -0.07077029
v -0.03125000 0.00000000 0.22655644
v -0.03125000 0.01562500 -0.07031489
v -0.03125000 0.01562500 0.22655499
v -0.03125000 0.03125000 -0.07031250
v -0.03694868 0.03125000 0.21875000
v -0.03125000 0.02586085 0.21875000
v -0.03125000 0.03125000 0.21336764
v -0.03125000 0.04687500 -0.07031212
v -0.03125000 0.04687500 0.21093751
v -0.03125000 0.05979199 -0.06250000
v -0.03125000 0.06250000 -0.05979221
v -0.03521961 0.06250000 0.20312500
v -0.03125000 0.06250000 0.20686849
v -0.03125000 0.07812500 -0.05468739
v -0.03125000 0.06624350 0.20312500
v -0.03125000 0.07812500 0.19531249
v -0.03125000 0.08593739 -0.04687500
v -0.03892239 0.09375000 -0.03125000
v -0.03125000 0.09375000 -0.03891471
v -0.03125000 0.08618407 0.18750000
v -0.03125000 0.09375000 0.17991743
v -0.03125000 0.10141471 -0.03125000
v -0.03125000 0.10156251 -0.01562500
v -0.03125000 0.10937500 -0.00725516
v -0.03125000 0.10156499 0.15625000
v -0.03125000 0.10937500 0.14828146
v -0.03125000 0.10154584 0.17187500
v -0.03125000 0.11663015 0.00000000
v -0.03125000 0.11719394 0.01562500
v -0.03125000 0.12500000 0.02359941
v -0.03125000 0.11843035 0.10937500
v -0.03125000 0.12500000 0.10273480
v -0.03125000 0.11718753 0.12500000
v -0.03125000 0.11702897 0.14062500
v -0.03125000 0.13264416 0.03125000
v -0.03125000 0.13280872 0.04687500
v -0.03125000 0.13281123 0.06250000
v -0.03125000 0.13280510 0.07812500
v -0.03125000 0.13274023 0.09375000
v -0.01929082 -0.12500000 0.01562500
v -0.01562500 -0.12546181 0.03125000
v -0.01562500 -0.12500000 0.02857733
v -0.01562500 -0.13269352 0.04687500
v -0.01562500 -0.13275552 0.06250000
v -0.01562500 -0.13271395 0.07812500
v -0.01562500 -0.13274082 0.09375000
v -0.01562500 -0.13258857 0.10937500
v -0.01562500 -0.12500000 0.11718393
v -0.01562500 -0.11718758 0.00000000
v -0.01562500 -0.10937500 -0.00799253
v -0.01562500 -0.12299043 0.01562500
v -0.01562500 -0.11740740 0.12500000
v -0.01562500 -0.11622720 0.14062500
v -0.01562500 -0.10937500 0.14762696
v -0.01997230 -0.09375000 -0.03125000
v -0.01562500 -0.10174253 -0.01562500
v -0.01562500 -0.09375000 -0.02819261
v -0.01562500 -0.10171422 0.15625000
v -0.01562500 -0.10156245 0.17187500
v -0.01562500 -0.09375000 0.17976826
v -0.01590756 -0.07812500 -0.04687500
v -0.01562500 -0.07840230 -0.04687500
v -0.01562500 -0.07812500 -0.04715230
v -0.01562500 -0.09069261 -0.03125000
v -0.01562500 -0.08601831 0.18750000
v -0.01562500 -0.07812500 0.19567374
v -0.01562500 -0.06250000 -0.05468753
v -0.02922216 -0.06250000 0.20312500
v -0.01562500 -0.07062443 0.20312500
v -0.01562500 -0.06250000 0.21088810
v -0.01562500 -0.04687500 -0.05544386
v -0.01562500 -0.04687500 0.21093788
v -0.01562500 -0.03981594 -0.06250000
v -0.01562500 -0.03125000 -0.07030955
v -0.01562500 -0.03315189 0.21875000
v -0.01562500 -0.03125000 0.22065173
v -0.01562500 -0.01562500 -0.07031404
v -0.01562500 -0.01562500 0.22641702
v -0.02380658 0.00000000 -0.07812500
v -0.01562500 -0.00772509 -0.07812500
v -0.01562500 0.00000000 -0.08584854
v -0.01562500 0.00000000 0.22633306
v -0.01562500 0.01118589 -0.07812500
v -0.01562500 0.01562500 -0.07375791
v -0.01562500 0.01562500 0.22618794
v -0.01562500 0.03125000 -0.07031599
v -0.01562500 0.02306535 0.21875000
v -0.01562500 0.03125000 0.21093992
v -0.01562500 0.04687500 -0.07031241
v -0.01562500 0.04687500 0.21093695
v -0.02840909 0.06250000 -0.06250000
v -0.01562500 0.06250000 -0.07008464
v -0.02651235 0.06250000 0.20312500
v -0.01562500 0.05593745 0.20312500
v -0.01562500 0.06250000 0.19656299
v -0.01562500 0.07008580 -0.06250000
v -0.01562500 0.07812500 -0.05468865
v -0.01562500 0.07812500 0.19531297
v -0.01562500 0.08602372 -0.04687500
v -0.01562500 0.09375000 -0.03914756
v -0.02350178 0.09375000 0.18750000
v -0.01562500 0.09375000 0.19513015
v -0.01562500 0.10156134 -0.03125000
v -0.01562500 0.10158192 -0.01562500
v -0.01562500 0.10937500 -0.00782769
v -0.01562500 0.10194310 0.15625000
v -0.01562500 0.10937500 0.14881787
v -0.01562500 0.10156252 0.17187500
v -0.01562500 0.10138015 0.18750000
v -0.01562500 0.11718327 0.00000000
v -0.01562500 0.11743052 0.01562500
v -0.01562500 0.12500000 0.02319654
v -0.02468015 0.12500000 0.10937500
v -0.01562500 0.12420728 0.12500000
v -0.01562500 0.12500000 0.12420724
v -0.01562500 0.11718729 0.14062500
v -0.01562500 0.13281044 0.03125000
v -0.01562500 0.13281250 0.04687500
v -0.01562500 0.13281264 0.06250000
v -0.01562500 0.13281263 0.07812500
v -0.01562500 0.13281250 0.09375000
v -0.01562500 0.13281230 0.10937500
v -0.01335268 -0.12500000 0.01562500
v 0.00000000 -0.13225732 0.01562500
v 0.00000000 -0.12500000 0.00831511
v 0.00000000 -0.13279581 0.03125000
v 0.00000000 -0.13281240 0.04687500
v 0.00000000 -0.13281506 0.06250000
v 0.00000000 -0.13281323 0.07812500
v 0.00000000 -0.13281256 0.09375000
v 0.00000000 -0.13281250 0.10937500
v -0.00803243 -0.12500000 0.12500000
v 0.00000000 -0.13281207 0.12500000
v 0.00000000 -0.12500000 0.13404013
v 0.00000000 -0.11724024 0.00000000
v 0.00000000 -0.10937500 -0.00844024
v 0.00000000 -0.11841490 0.14062500
v -0.00709315 -0.10937500 0.15625000
v 0.00000000 -0.11631797 0.15625000
v 0.00000000 -0.10937500 0.16319297
v 0.00000000 -0.10219032 -0.01562500
v 0.00000000 -0.09375000 -0.02644381
v 0.00000000 -0.10156250 0.17187500
v -0.00252733 -0.09375000 0.18750000
v 0.00000000 -0.09623381 0.18750000
v 0.00000000 -0.09375000 0.18998381
v -0.01523927 -0.07812500 -0.04687500
v 0.00000000 -0.08894381 -0.03125000
v 0.00000000 -0.07812500 -0.04036712
v 0.00000000 -0.07812500 0.19547028
v 0.00000000 -0.07161710 -0.04687500
v 0.00000000 -0.06250000 -0.05468748
v 0.00000000 -0.07046473 0.20312500
v 0.00000000 -0.06250000 0.21093195
v 0.00000000 -0.04687500 -0.05484725
v 0.00000000 -0.04687500 0.21093775
v 0.00000000 -0.03921926 -0.06250000
v 0.00000000 -0.03125000 -0.07030951
v -0.01274345 -0.03125000 0.21875000
v 0.00000000 -0.03125000 0.21281283
v 0.00000000 -0.01562500 -0.07048849
v 0.00000000 -0.02522278 0.21875000
v 0.00000000 -0.01562500 0.22646723
v 0.00000000 -0.00798760 -0.07812500
v 0.00000000 0.00000000 -0.08593661
v 0.00000000 0.00000000 0.22647887
v -0.01058514 0.01562500 -0.07812500
v 0.00000000 0.01562500 -0.08513989
v 0.00000000 0.01562500 0.22626567
v 0.00000000 0.02264347 -0.07812500
v 0.00000000 0.03125000 -0.07031612
v 0.00000000 0.02314138 0.21875000
v 0.00000000 0.03125000 0.21093821
v 0.00000000 0.04687500 -0.07031013
v 0.00000000 0.04687500 0.21093465
v 0.00000000 0.06250000 -0.06831200
v 0.00000000 0.05475564 0.20312500
v 0.00000000 0.06250000 0.19538349
v 0.00000000 0.06831876 -0.06250000
v 0.00000000 0.07812500 -0.05469472
v 0.00000000 0.07812500 0.19530749
v -0.00094309 0.09375000 -0.04687500
v 0.00000000 0.09375000 -0.04779872
v -0.00796140 0.09375000 0.18750000
v 0.00000000 0.08596595 0.18750000
v 0.00000000 0.09375000 0.17969635
v 0.00000000 0.09467372 -0.04687500
v 0.00000000 0.10156295 -0.03125000
v -0.00696961 0.10937500 -0.01562500
v 0.00000000 0.10937500 -0.02257587
v 0.00000000 0.10170560 0.15625000
v 0.00000000 0.10937500 0.14858059
v 0.00000000 0.10153789 0.17187500
v 0.00000000 0.11632542 -0.01562500
v 0.00000000 0.11718739 0.00000000
v 0.00000000 0.11765169 0.01562500
v 0.00000000 0.12500000 0.02297649
v -0.01483206 0.12500000 0.12500000
v 0.00000000 0.11719348 0.14062500
v 0.00000000 0.12500000 0.13281737
v 0.00000000 0.13280924 0.03125000
v 0.00000000 0.13281586 0.04687500
v 0.00000000 0.13379628 0.06250000
v -0.00730352 0.14062500 0.07812500
v 0.00000000 0.14062500 0.06983391
v 0.00000000 0.13285485 0.09375000
v 0.00000000 0.14062500 0.08547057
v 0.00000000 0.13281252 0.10937500
v 0.00000000 0.13281138 0.12500000
v 0.00000000 0.14792838 0.07812500
v 0.00885424 -0.14062500 0.06250000
v 0.01562500 -0.14739325 0.06250000
v 0.01562500 -0.14062500 0.05529678
v 0.00797474 -0.14062500 0.07812500
v 0.01562500 -0.14827453 0.07812500
v 0.01413585 -0.14062500 0.09375000
v 0.01562500 -0.14211413 0.09375000
v 0.01562500 -0.14062500 0.09525198
v 0.00791289 -0.12500000 0.00000000
v 0.01562500 -0.13265931 0.00000000
v 0.01562500 -0.12500000 -0.00765931
v 0.01562500 -0.13280936 0.01562500
v 0.01562500 -0.13281383 0.03125000
v 0.01562500 -0.13325206 0.04687500
v 0.01562500 -0.13284964 0.10937500
v 0.01562500 -0.13281093 0.12500000
v 0.01562500 -0.12500000 0.13288601
v 0.00720540 -0.10937500 -0.01562500
v 0.01562500 -0.11716666 -0.01562500
v 0.01562500 -0.10937500 -0.02341666
v 0.01562500 -0.11721739 0.14062500
v 0.00694693 -0.10937500 0.15625000
v 0.01562500 -0.10937500 0.14839627
v 0.00480869 -0.09375000 -0.03125000
v 0.01562500 -0.10155957 -0.03125000
v 0.01562500 -0.09375000 -0.03905957
v 0.01562500 -0.10156651 0.15625000
v 0.01562500 -0.10156167 0.17187500
v 0.00249905 -0.09375000 0.18750000
v 0.01562500 -0.09375000 0.17971509
v 0.00654308 -0.07812500 -0.04687500
v 0.01562500 -0.08590132 -0.04687500
v 0.01562500 -0.07812500 -0.05465132
v 0.01562500 -0.08596593 0.18750000
v 0.01562500 -0.07812500 0.19533344
v 0.01562500 -0.06250000 -0.05468851
v 0.01562500 -0.07033026 0.20312500
v 0.01562500 -0.06250000 0.21093432
v 0.01562500 -0.04687500 -0.05489244
v 0.01562500 -0.04687500 0.21093821
v 0.01562500 -0.03917236 -0.06250000
v 0.01562500 -0.03125000 -0.07021739
v 0.01562500 -0.03125000 0.21135535
v 0.01562500 -0.01562500 -0.07031521
v 0.01562500 -0.02358207 0.21875000
v 0.01562500 -0.01562500 0.22628895
v 0.01562500 -0.00736905 -0.07812500
v 0.01562500 0.00000000 -0.08549134
v 0.01562500 0.00000000 0.22561448
v 0.00797726 0.01562500 -0.07812500
v 0.01562500 0.00833027 -0.07812500
v 0.01562500 0.01562500 -0.07127279
v 0.00790776 0.01562500 0.21875000
v 0.01562500 0.00725299 0.21875000
v 0.01562500 0.01562500 0.21132941
v 0.01562500 0.03125000 -0.07031247
v 0.01562500 0.03125000 0.21089582
v 0.01562500 0.04687500 -0.07011885
v 0.00781250 0.04687500 0.14062500
v 0.01562500 0.03906007 0.14062500
v 0.01562500 0.04687500 0.13120514
v 0.00781250 0.04687500 0.15625000
v 0.01562500 0.03905530 0.15625000
v 0.00781250 0.04687500 0.17187500
v 0.01562500 0.03904616 0.17187500
v 0.00781250 0.04687500 0.18750000
v 0.01562500 0.03902393 0.18750000
v 0.00780974 0.04687500 0.20312500
v 0.01562500 0.03902091 0.20312500
v 0.00659647 0.06250000 -0.06250000
v 0.01562500 0.05531250 -0.06250000
v 0.01562500 0.06250000 -0.05550453
v 0.00781250 0.06250000 0.10937500
v 0.01562500 0.05459778 0.10937500
v 0.01562500 0.06250000 0.10142074
v 0.00781250 0.06250000 0.12500000
v 0.01562500 0.05308014 0.12500000
v 0.00781250 0.06250000 0.14062500
v 0.00781250 0.06250000 0.15625000
v 0.00781250 0.06250000 0.17187500
v 0.00781250 0.06250000 0.18750000
v 0.01562500 0.07812500 -0.05468816
v 0.00781250 0.07812500 0.10937500
v 0.01562500 0.07812500 0.09906490
v 0.00781250 0.07812500 0.12500000
v 0.00781250 0.07812500 0.14062500
v 0.00781250 0.07812500 0.15625000
v 0.00781250 0.07812500 0.17187500
v 0.00780749 0.07812500 0.18750000
v 0.00792412 0.09375000 -0.04687500
v 0.01562500 0.09285081 -0.04687500
v 0.01562500 0.09375000 -0.04597581
v 0.00781250 0.09375000 0.09375000
v 0.01562500 0.08343990 0.09375000
v 0.01562500 0.09375000 0.08593622
v 0.00781250 0.09375000 0.10937500
v 0.00781250 0.09375000 0.12500000
v 0.00781250 0.09375000 0.14062500
v 0.00781250 0.09375000 0.15625000
v 0.00778789 0.09375000 0.17187500
v 0.01562500 0.10159190 -0.03125000
v 0.01562500 0.10937500 -0.02345215
v 0.00781250 0.10937500 0.09375000
v 0.01562500 0.10937500 0.08563510
v 0.00781250 0.10937500 0.10937500
v 0.00781250 0.10937500 0.12500000
v 0.00781248 0.10937500 0.14062500
v 0.01562500 0.11717275 -0.01562500
v 0.01562500 0.11718647 0.00000000
v 0.01562500 0.11730533 0.01562500
v 0.01447950 0.12500000 0.03125000
v 0.01562500 0.12385515 0.03125000
v 0.01562500 0.12500000 0.03239530
v 0.00781250 0.12500000 0.07812500
v 0.01562500 0.11688510 0.07812500
v 0.01562500 0.12500000 0.07030233
v 0.00781250 0.12500000 0.09375000
v 0.00781250 0.12500000 0.10937500
v 0.00781138 0.12500000 0.12500000
v 0.01226650 0.14062500 0.04687500
v 0.01562500 0.14062500 0.04351856
v 0.01562500 0.13751873 0.06250000
v 0.01562500 0.14062500 0.05507844
v 0.00730541 0.14062500 0.07812500
v 0.01562500 0.14398122 0.04687500
v 0.02387431 -0.14062500 0.04687500
v 0.03125000 -0.14756388 0.04687500
v 0.03125000 -0.14062500 0.03584308
v 0.03125000 -0.14813731 0.06250000
v 0.03125000 -0.14772626 0.07812500
v 0.01773727 -0.14062500 0.09375000
v 0.03125000 -0.14062500 0.08676282
v 0.03125000 -0.13280779 0.00000000
v 0.03125000 -0.12500000 -0.00785675
v 0.03125000 -0.13281411 0.01562500
v 0.03125000 -0.13672523 0.03125000
v 0.03125000 -0.13433442 0.09375000
v 0.03125000 -0.13281244 0.10937500
v 0.02931133 -0.12500000 0.12500000
v 0.03125000 -0.12500000 0.12306191
v 0.03125000 -0.11723643 -0.01562500
v 0.03125000 -0.10937500 -0.02347682
v 0.03125000 -0.12306203 0.12500000
v 0.03125000 -0.11225470 0.14062500
v 0.03125000 -0.10937500 0.14350465
v 0.03125000 -0.10160182 -0.03125000
v 0.03125000 -0.09375000 -0.03910504
v 0.03125000 -0.10140542 0.15625000
v 0.02959066 -0.09375000 0.17187500
v 0.03125000 -0.09375000 0.17015538
v 0.03125000 -0.08596521 -0.04687500
v 0.03125000 -0.07812500 -0.05467264
v 0.03125000 -0.09208925 0.17187500
v 0.03125000 -0.08556380 0.18750000
v 0.03125000 -0.07812500 0.19493878
v 0.03125000 -0.06250000 -0.05468758
v 0.02343442 -0.06250000 0.20312500
v 0.03125000 -0.06250000 0.19113231
v 0.03125000 -0.04687500 -0.05469680
v 0.02598207 -0.04687500 0.17187500
v 0.03125000 -0.05215864 0.17187500
v 0.03125000 -0.04687500 0.16572485
v 0.02343750 -0.04687500 0.18750000
v 0.03125000 -0.05886776 0.18750000
v 0.02343750 -0.04687500 0.20312500
v 0.03125000 -0.03561350 -0.06250000
v 0.03125000 -0.03125000 -0.06685601
v 0.02343750 -0.03125000 0.04687500
v 0.03125000 -0.03982136 0.04687500
v 0.03125000 -0.03125000 0.03708132
v 0.02343750 -0.03125000 0.06250000
v 0.03125000 -0.03961056 0.06250000
v 0.03125000 -0.03125000 0.07036969
v 0.02343750 -0.03125000 0.14062500
v 0.03125000 -0.03910858 0.14062500
v 0.03125000 -0.03125000 0.13163427
v 0.02343750 -0.03125000 0.15625000
v 0.03125000 -0.04001041 0.15625000
v 0.02343750 -0.03125000 0.17187500
v 0.02343750 -0.03125000 0.18750000
v 0.02343750 -0.03125000 0.20312500
v 0.03125000 -0.01562500 -0.07031260
v 0.02343750 -0.01562500 0.03125000
v 0.03125000 -0.02541868 0.03125000
v 0.03125000 -0.01562500 0.02307938
v 0.02343750 -0.01562500 0.04687500
v 0.02343750 -0.01562500 0.06250000
v 0.03125000 -0.01562500 0.07178308
v 0.02343750 -0.01562500 0.10937500
v 0.03125000 -0.02344280 0.10937500
v 0.03125000 -0.01562500 0.09432649
v 0.02343750 -0.01562500 0.12500000
v 0.03125000 -0.02461573 0.12500000
v 0.02343750 -0.01562500 0.14062500
v 0.02343750 -0.01562500 0.15625000
v 0.02343750 -0.01562500 0.17187500
v 0.02343750 -0.01562500 0.18750000
v 0.02343750 -0.01562500 0.20312500
v 0.02316395 -0.01562500 0.21875000
v 0.02335121 0.00000000 -0.07812500
v 0.03125000 0.00000000 -0.07067259
v 0.02343750 0.00000000 0.03125000
v 0.03125000 0.00000000 0.02216516
v 0.02343750 0.00000000 0.04687500
v 0.02343750 0.00000000 0.06250000
v 0.02343750 0.00000000 0.07812500
v 0.03125000 -0.00928308 0.07812500
v 0.02343750 0.00000000 0.09375000
v 0.03125000 -0.01504851 0.09375000
v 0.02343750 0.00000000 0.10937500
v 0.02343750 0.00000000 0.12500000
v 0.02343750 0.00000000 0.14062500
v 0.02343750 0.00000000 0.15625000
v 0.02343750 0.00000000 0.17187500
v 0.02343750 0.00000000 0.18750000
v 0.02343750 0.00000000 0.20312500
v 0.02248948 0.00000000 0.21875000
v 0.03125000 0.01562500 -0.07031773
v 0.02343750 0.01562500 0.01562500
v 0.03125000 0.00654016 0.01562500
v 0.03125000 0.01562500 0.00780587
v 0.02343750 0.01562500 0.03125000
v 0.02343750 0.01562500 0.04687500
v 0.02343750 0.01562500 0.06250000
v 0.02343750 0.01562500 0.07812500
v 0.02343750 0.01562500 0.09375000
v 0.02343750 0.01562500 0.10937500
v 0.02343750 0.01562500 0.12500000
v 0.02343750 0.01562500 0.14062500
v 0.02343750 0.01562500 0.15625000
v 0.02343750 0.01562500 0.17187500
v 0.02343750 0.01562500 0.18750000
v 0.02343749 0.01562500 0.20312500
v 0.03125000 0.03125000 -0.07029429
v 0.02343750 0.03125000 0.01562500
v 0.03125000 0.03125000 0.00720817
v 0.02343750 0.03125000 0.03125000
v 0.02343750 0.03125000 0.04687500
v 0.02343750 0.03125000 0.06250000
v 0.02343750 0.03125000 0.07812500
v 0.02343750 0.03125000 0.09375000
v 0.02343750 0.03125000 0.10937500
v 0.02343737 0.03125000 0.12500000
v 0.02343507 0.03125000 0.14062500
v 0.02343030 0.03125000 0.15625000
v 0.02342116 0.03125000 0.17187500
v 0.02339893 0.03125000 0.18750000
v 0.02339582 0.03125000 0.20312500
v 0.02803080 0.04687500 -0.06250000
v 0.03125000 0.04376911 -0.06250000
v 0.03125000 0.04687500 -0.05940565
v 0.02343750 0.04687500 0.00000000
v 0.03125000 0.03845817 0.00000000
v 0.03125000 0.04687500 -0.00781345
v 0.02343750 0.04687500 0.01562500
v 0.02343750 0.04687500 0.03125000
v 0.02343750 0.04687500 0.04687500
v 0.02343750 0.04687500 0.06250000
v 0.02343750 0.04687500 0.07812500
v 0.02343633 0.04687500 0.09375000
v 0.02334778 0.04687500 0.10937500
v 0.02183014 0.04687500 0.12500000
v 0.03125000 0.06250000 -0.05470804
v 0.02343750 0.06250000 0.00000000
v 0.03125000 0.06250000 -0.00782758
v 0.02343750 0.06250000 0.01562500
v 0.02343750 0.06250000 0.03125000
v 0.02343750 0.06250000 0.04687500
v 0.02343750 0.06250000 0.06250000
v 0.02343750 0.06250000 0.07812500
v 0.02329574 0.06250000 0.09375000
v 0.03125000 0.07812500 -0.05466908
v 0.02343750 0.07812500 0.00000000
v 0.03125000 0.07812500 -0.00797360
v 0.02343750 0.07812500 0.01562500
v 0.02343750 0.07812500 0.03125000
v 0.02343750 0.07812500 0.04687500
v 0.02343750 0.07812500 0.06250000
v 0.02343745 0.07812500 0.07812500
v 0.02093990 0.07812500 0.09375000
v 0.03125000 0.08939323 -0.04687500
v 0.03125000 0.09375000 -0.04252929
v 0.02343750 0.09375000 0.00000000
v 0.03125000 0.09375000 -0.00980767
v 0.02343750 0.09375000 0.01562500
v 0.02343750 0.09375000 0.03125000
v 0.02343750 0.09375000 0.04687500
v 0.02343750 0.09375000 0.06250000
v 0.02343622 0.09375000 0.07812500
v 0.03125000 0.10155783 -0.03125000
v 0.02342275 0.10937500 -0.01562500
v 0.03125000 0.09956733 -0.01562500
v 0.02343334 0.10937500 0.00000000
v 0.02343227 0.10937500 0.01562500
v 0.02343665 0.10937500 0.03125000
v 0.02343744 0.10937500 0.04687500
v 0.02343740 0.10937500 0.06250000
v 0.02313510 0.10937500 0.07812500
v 0.02343499 0.12500000 0.04687500
v 0.02342733 0.12500000 0.06250000
v 0.01898122 0.14062500 0.04687500
v 0.03818888 -0.14062500 0.04687500
v 0.03876231 -0.14062500 0.06250000
v 0.03835126 -0.14062500 0.07812500
v 0.03905779 -0.12500000 0.00000000
v 0.03906241 -0.12500000 0.01562500
v 0.03906250 -0.12500000 0.03125000
v 0.03906250 -0.12500000 0.04687500
v 0.03906250 -0.12500000 0.06250000
v 0.03906250 -0.12500000 0.07812500
v 0.03906250 -0.12500000 0.09375000
v 0.03906221 -0.12500000 0.10937500
v 0.03906247 -0.10937500 -0.01562500
v 0.03906250 -0.10937500 0.00000000
v 0.03906250 -0.10937500 0.01562500
v 0.03906250 -0.10937500 0.03125000
v 0.03906250 -0.10937500 0.04687500
v 0.03906250 -0.10937500 0.06250000
v 0.03906250 -0.10937500 0.07812500
v 0.03906250 -0.10937500 0.09375000
v 0.03906250 -0.10937500 0.10937500
v 0.03906248 -0.10937500 0.12500000
v 0.03412963 -0.10937500 0.14062500
v 0.03906247 -0.09375000 -0.03125000
v 0.03906250 -0.09375000 -0.01562500
v 0.03906250 -0.09375000 0.00000000
v 0.03906250 -0.09375000 0.01562500
v 0.03906250 -0.09375000 0.03125000
v 0.03906250 -0.09375000 0.04687500
v 0.03906250 -0.09375000 0.06250000
v 0.03906250 -0.09375000 0.07812500
v 0.03906250 -0.09375000 0.09375000
v 0.03906249 -0.09375000 0.10937500
v 0.03906208 -0.09375000 0.12500000
v 0.03904195 -0.09375000 0.14062500
v 0.03890538 -0.09375000 0.15625000
v 0.03904764 -0.07812500 -0.04687500
v 0.03906250 -0.07812500 -0.03125000
v 0.03906250 -0.07812500 -0.01562500
v 0.03906250 -0.07812500 0.00000000
v 0.03906250 -0.07812500 0.01562500
v 0.03906250 -0.07812500 0.03125000
v 0.03906250 -0.07812500 0.04687500
v 0.03906250 -0.07812500 0.06250000
v 0.03906250 -0.07812500 0.07812500
v 0.03906249 -0.07812500 0.09375000
v 0.03906243 -0.07812500 0.10937500
v 0.03906206 -0.07812500 0.12500000
v 0.03906004 -0.07812500 0.14062500
v 0.03905938 -0.07812500 0.15625000
v 0.03905795 -0.07812500 0.17187500
v 0.03868878 -0.07812500 0.18750000
v 0.03906249 -0.06250000 -0.04687500
v 0.03906250 -0.06250000 -0.03125000
v 0.03906250 -0.06250000 -0.01562500
v 0.03906250 -0.06250000 0.00000000
v 0.03906248 -0.06250000 0.01562500
v 0.03906219 -0.06250000 0.03125000
v 0.03906184 -0.06250000 0.04687500
v 0.03906185 -0.06250000 0.06250000
v 0.03906084 -0.06250000 0.07812500
v 0.03906158 -0.06250000 0.09375000
v 0.03906215 -0.06250000 0.10937500
v 0.03904493 -0.06250000 0.12500000
v 0.03902602 -0.06250000 0.14062500
v 0.03904821 -0.06250000 0.15625000
v 0.03904494 -0.06250000 0.17187500
v 0.03488224 -0.06250000 0.18750000
v 0.03906250 -0.04687500 -0.04687500
v 0.03906250 -0.04687500 -0.03125000
v 0.03906249 -0.04687500 -0.01562500
v 0.03906247 -0.04687500 0.00000000
v 0.03906212 -0.04687500 0.01562500
v 0.03900544 -0.04687500 0.03125000
v 0.03830364 -0.04687500 0.04687500
v 0.03851444 -0.04687500 0.06250000
v 0.03896192 -0.04687500 0.07812500
v 0.03905438 -0.04687500 0.09375000
v 0.03904979 -0.04687500 0.10937500
v 0.03898431 -0.04687500 0.12500000
v 0.03901642 -0.04687500 0.14062500
v 0.03811459 -0.04687500 0.15625000
v 0.03560601 -0.03125000 -0.06250000
v 0.03906250 -0.03125000 -0.04687500
v 0.03906250 -0.03125000 -0.03125000
v 0.03906249 -0.03125000 -0.01562500
v 0.03906220 -0.03125000 0.00000000
v 0.03901562 -0.03125000 0.01562500
v 0.03708132 -0.03125000 0.03125000
v 0.03900531 -0.03125000 0.07812500
v 0.03905964 -0.03125000 0.09375000
v 0.03905720 -0.03125000 0.10937500
v 0.03788427 -0.03125000 0.12500000
v 0.03906249 -0.01562500 -0.06250000
v 0.03906250 -0.01562500 -0.04687500
v 0.03906250 -0.01562500 -0.03125000
v 0.03906250 -0.01562500 -0.01562500
v 0.03906174 -0.01562500 0.00000000
v 0.03870438 -0.01562500 0.01562500
v 0.03759192 -0.01562500 0.07812500
v 0.03182649 -0.01562500 0.09375000
v 0.03906250 0.00000000 -0.06250000
v 0.03906250 0.00000000 -0.04687500
v 0.03906250 0.00000000 -0.03125000
v 0.03906250 0.00000000 -0.01562500
v 0.03906245 0.00000000 0.00000000
v 0.03779016 0.00000000 0.01562500
v 0.03906250 0.01562500 -0.06250000
v 0.03906250 0.01562500 -0.04687500
v 0.03906250 0.01562500 -0.03125000
v 0.03906250 0.01562500 -0.01562500
v 0.03905587 0.01562500 0.00000000
v 0.03904429 0.03125000 -0.06250000
v 0.03906250 0.03125000 -0.04687500
v 0.03906250 0.03125000 -0.03125000
v 0.03906230 0.03125000 -0.01562500
v 0.03845817 0.03125000 0.00000000
v 0.03906244 0.04687500 -0.04687500
v 0.03906244 0.04687500 -0.03125000
v 0.03906155 0.04687500 -0.01562500
v 0.03906127 0.06250000 -0.04687500
v 0.03906227 0.06250000 -0.03125000
v 0.03904742 0.06250000 -0.01562500
v 0.03904406 0.07812500 -0.04687500
v 0.03906183 0.07812500 -0.03125000
v 0.03890140 0.07812500 -0.01562500
v 0.03905783 0.09375000 -0.03125000
v 0.03706733 0.09375000 -0.01562500
v 0.10450979 0.01562500 0.21875000
v 0.10937500 0.01075979 0.21875000
v 0.10937500 0.01562500 0.21388479
v 0.10937500 0.01562500 0.22362861
v 0.10160302 0.03125000 0.21875000
v 0.10937500 0.03125000 0.21097802
v 0.10937500 0.03125000 0.22652225
v 0.10937500 0.03902221 0.21875000
v 0.11724590 -0.01562500 0.21875000
v 0.12500000 -0.02337910 0.21875000
v 0.12500000 -0.01562500 0.21099590
v 0.12500000 -0.01562500 0.22753092
v 0.11798464 0.00000000 0.20312500
v 0.12500000 -0.00701536 0.20312500
v 0.12500000 0.00000000 0.19610964
v 0.11718772 0.00000000 0.21875000
v 0.11724029 0.00000000 0.23437500
v 0.12500000 -0.00878645 0.23437500
v 0.12500000 0.00000000 0.24219050
v 0.11718836 0.01562500 0.20312500
v 0.12500000 0.01562500 0.19531336
v 0.11717197 0.01562500 0.23437500
v 0.12500000 0.01562500 0.24219018
v 0.11719191 0.03125000 0.20312500
v 0.12500000 0.03125000 0.19531691
v 0.11794937 0.03125000 0.23437500
v 0.12500000 0.03125000 0.24142536
v 0.11728390 0.04687500 0.20312500
v 0.12500000 0.04687500 0.19540890
v 0.11923719 0.04687500 0.21875000
v 0.12500000 0.03830036 0.23437500
v 0.12500000 0.04687500 0.22451260
v 0.12500000 0.05459110 0.20312500
v 0.12500000 0.05263760 0.21875000
v 0.13286777 -0.04687500 0.20312500
v 0.14062500 -0.05463223 0.20312500
v 0.14062500 -0.04687500 0.19536777
v 0.13281964 -0.04687500 0.21875000
v 0.14062500 -0.05468039 0.21875000
v 0.14062500 -0.04687500 0.22657578
v 0.13369708 -0.03125000 0.18750000
v 0.14062500 -0.03817792 0.18750000
v 0.14062500 -0.03125000 0.18057208
v 0.13281251 -0.03125000 0.20312500
v 0.13281250 -0.03125000 0.21875000
v 0.13281289 -0.03125000 0.23437500
v 0.14062500 -0.03908251 0.23437500
v 0.14062500 -0.03125000 0.24219041
v 0.13281437 -0.01562500 0.18750000
v 0.14062500 -0.01562500 0.17968937
v 0.13281250 -0.01562500 0.20312500
v 0.13178663 -0.01562500 0.23437500
v 0.13281751 -0.01562500 0.25000000
v 0.14062500 -0.02343582 0.25000000
v 0.14062500 -0.01562500 0.25781198
v 0.13294220 0.00000000 0.17187500
v 0.14062500 -0.00768280 0.17187500
v 0.14062500 0.00000000 0.16419220
v 0.13281253 0.00000000 0.18750000
v 0.13275673 0.00000000 0.25000000
v 0.13317256 0.00000000 0.26562500
v 0.14062500 -0.00745692 0.26562500
v 0.14062500 0.00000000 0.27307746
v 0.13283096 0.01562500 0.17187500
v 0.14062500 0.01562500 0.16408096
v 0.13281252 0.01562500 0.18750000
v 0.13281631 0.01562500 0.25000000
v 0.14062500 0.00864331 0.26562500
v 0.14062500 0.01562500 0.25899113
v 0.14062500 0.03021139 0.17187500
v 0.13281310 0.03125000 0.18750000
v 0.14062500 0.03125000 0.17290919
v 0.14062500 0.02360944 0.25000000
v 0.14062500 0.03125000 0.24236601
v 0.13309921 0.04687500 0.18750000
v 0.14062500 0.04687500 0.17997421
v 0.14062500 0.03922912 0.23437500
v 0.14062500 0.04687500 0.22672912
v 0.14062500 0.05440079 0.18750000
v 0.13697066 0.06250000 0.20312500
v 0.14062500 0.06250000 0.19947066
v 0.14062500 0.05468982 0.21875000
v 0.14062500 0.06250000 0.20678101
v 0.14062500 0.06615434 0.20312500
v 0.14854734 -0.06250000 0.20312500
v 0.15625000 -0.07020266 0.20312500
v 0.15625000 -0.06250000 0.19542234
v 0.14843770 -0.06250000 0.21875000
v 0.15625000 -0.07031228 0.21875000
v 0.14879975 -0.06250000 0.23437500
v 0.15625000 -0.06995025 0.23437500
v 0.15625000 -0.06250000 0.24182525
v 0.14844690 -0.04687500 0.17187500
v 0.15625000 -0.05467810 0.17187500
v 0.15625000 -0.04687500 0.16407190
v 0.14843750 -0.04687500 0.18750000
v 0.15625000 -0.05468750 0.18750000
v 0.14841708 -0.04687500 0.23437500
v 0.15625000 -0.04687500 0.24513466
v 0.14854446 -0.03125000 0.15625000
v 0.15625000 -0.03895554 0.15625000
v 0.15625000 -0.03125000 0.14854446
v 0.14843750 -0.03125000 0.17187500
v 0.14843417 -0.03125000 0.25000000
v 0.15625000 -0.04200966 0.25000000
v 0.14977012 -0.03125000 0.26562500
v 0.15625000 -0.03772992 0.26562500
v 0.15625000 -0.03125000 0.27213805
v 0.15553566 -0.01562500 0.14062500
v 0.15625000 -0.01633934 0.14062500
v 0.15625000 -0.01562500 0.13991066
v 0.14843794 -0.01562500 0.15625000
v 0.14843750 -0.01562500 0.17187500
v 0.14843301 -0.01562500 0.26562500
v 0.14851153 -0.01562500 0.28125000
v 0.15625000 -0.02339760 0.28125000
v 0.15625000 -0.01562500 0.28898850
v 0.15463461 0.00000000 0.14062500
v 0.15625000 0.00000000 0.13900961
v 0.14843769 0.00000000 0.15625000
v 0.14863046 0.00000000 0.28125000
v 0.15625000 0.00000000 0.28886969
v 0.15625000 0.00161539 0.14062500
v 0.14843752 0.01562500 0.15625000
v 0.15625000 0.01562500 0.14843752
v 0.14725244 0.01562500 0.26562500
v 0.14845223 0.01562500 0.28125000
v 0.15625000 0.01562500 0.28909714
v 0.15625000 0.02343748 0.15625000
v 0.14165904 0.03125000 0.17187500
v 0.15625000 0.03125000 0.16406251
v 0.14825899 0.03125000 0.25000000
v 0.14837879 0.03125000 0.26562500
v 0.14097548 0.03125000 0.28125000
v 0.15625000 0.03125000 0.29349846
v 0.15625000 0.03906249 0.17187500
v 0.15625000 0.04687500 0.17968750
v 0.14827159 0.04687500 0.23437500
v 0.14848192 0.04687500 0.25000000
v 0.14852850 0.04687500 0.26562500
v 0.14956802 0.04687500 0.28125000
v 0.15625000 0.04687500 0.28793410
v 0.15625000 0.05468750 0.18750000
v 0.15625000 0.06250000 0.19531721
v 0.14865608 0.06250000 0.21875000
v 0.15625000 0.05480624 0.23437500
v 0.15625000 0.06250000 0.22646101
v 0.15625000 0.05501037 0.25000000
v 0.15625000 0.05459709 0.26562500
v 0.15625000 0.05355691 0.28125000
v 0.15625000 0.07030779 0.20312500
v 0.15625000 0.07009160 0.21875000
v 0.16610543 -0.06250000 0.17187500
v 0.17187500 -0.06826957 0.17187500
v 0.17187500 -0.06250000 0.16610543
v 0.16406250 -0.06250000 0.18750000
v 0.17187500 -0.07031250 0.18750000
v 0.17187500 -0.07031250 0.20312500
v 0.17187500 -0.07031258 0.21875000
v 0.17187500 -0.07031251 0.23437500
v 0.16406250 -0.06250000 0.25000000
v 0.17187500 -0.07031251 0.25000000
v 0.16407458 -0.06250000 0.26562500
v 0.17187500 -0.07030042 0.26562500
v 0.17187500 -0.06250000 0.27375403
v 0.16406250 -0.04687500 0.15625000
v 0.17187500 -0.05468750 0.15625000
v 0.17187500 -0.04687500 0.14455284
v 0.16111534 -0.04687500 0.25000000
v 0.16406246 -0.04687500 0.26562500
v 0.16406253 -0.04687500 0.28125000
v 0.17187500 -0.05501606 0.28125000
v 0.16440113 -0.04687500 0.29687500
v 0.17187500 -0.05434890 0.29687500
v 0.17187500 -0.04687500 0.30434892
v 0.16455893 -0.03125000 0.12500000
v 0.17187500 -0.03856607 0.12500000
v 0.17187500 -0.03125000 0.11768393
v 0.16406251 -0.03125000 0.14062500
v 0.17187500 -0.04294716 0.14062500
v 0.16402837 -0.03125000 0.28125000
v 0.16406272 -0.03125000 0.29687500
v 0.17187500 -0.03125000 0.30468763
v 0.16447859 -0.01562500 0.12500000
v 0.17187500 -0.01562500 0.11760359
v 0.16406251 -0.01562500 0.29687500
v 0.17187500 -0.01562500 0.30470080
v 0.17068963 0.00000000 0.12500000
v 0.17187500 0.00000000 0.12381463
v 0.16406343 0.00000000 0.29687500
v 0.17187500 0.00000000 0.30468745
v 0.17187500 0.00118537 0.12500000
v 0.16406314 0.01562500 0.14062500
v 0.17187500 0.01562500 0.13281314
v 0.16401074 0.01562500 0.29687500
v 0.17187500 0.01562500 0.30468842
v 0.17187500 0.02343686 0.14062500
v 0.16406257 0.03125000 0.15625000
v 0.17187500 0.03125000 0.14843757
v 0.15962671 0.03125000 0.29687500
v 0.17187500 0.03125000 0.30468976
v 0.17187500 0.03906243 0.15625000
v 0.16406253 0.04687500 0.17187500
v 0.17187500 0.04687500 0.16406253
v 0.16693566 0.04687500 0.29687500
v 0.17187500 0.04687500 0.30181241
v 0.17187500 0.05468747 0.17187500
v 0.16438004 0.06250000 0.18750000
v 0.17187500 0.06250000 0.18000504
v 0.16394305 0.06250000 0.23437500
v 0.16369525 0.06250000 0.25000000
v 0.16406930 0.06250000 0.26562500
v 0.17187500 0.05473904 0.28125000
v 0.17187500 0.06250000 0.27348115
v 0.17187500 0.05181241 0.29687500
v 0.17187500 0.06999496 0.18750000
v 0.17187500 0.07031250 0.20312500
v 0.17187500 0.07031253 0.21875000
v 0.17187500 0.07051026 0.23437500
v 0.17187500 0.07034041 0.25000000
v 0.17187500 0.07030462 0.26562500
v 0.17970392 -0.07812500 0.21875000
v 0.18750000 -0.08592100 0.21875000
v 0.18750000 -0.07812500 0.20663938
v 0.17968750 -0.07812500 0.23437500
v 0.18750000 -0.08593750 0.23437500
v 0.17968749 -0.07812500 0.25000000
v 0.18750000 -0.08593750 0.25000000
v 0.17968750 -0.07812500 0.26562500
v 0.18750000 -0.08593750 0.26562500
v 0.17970149 -0.07812500 0.28125000
v 0.18750000 -0.08592351 0.28125000
v 0.18750000 -0.07812500 0.28905378
v 0.18206063 -0.06250000 0.15625000
v 0.18750000 -0.06793937 0.15625000
v 0.18750000 -0.06250000 0.15081063
v 0.18750000 -0.07031250 0.17187500
v 0.18750000 -0.07031285 0.18750000
v 0.18750000 -0.07462212 0.20312500
v 0.17935892 -0.06250000 0.28125000
v 0.17968748 -0.06250000 0.29687500
v 0.18750000 -0.07031777 0.29687500
v 0.18152628 -0.06250000 0.31250000
v 0.18750000 -0.06847372 0.31250000
v 0.18750000 -0.06250000 0.31847372
v 0.17580284 -0.04687500 0.14062500
v 0.18750000 -0.05468750 0.14062500
v 0.18750000 -0.04687500 0.13109063
v 0.17968745 -0.04687500 0.31250000
v 0.18750000 -0.04687500 0.32031251
v 0.17968796 -0.03125000 0.10937500
v 0.18750000 -0.03906204 0.10937500
v 0.18750000 -0.03125000 0.10135446
v 0.18750000 -0.04078437 0.12500000
v 0.17968715 -0.03125000 0.31250000
v 0.18750000 -0.03125000 0.32031517
v 0.17969280 -0.01562500 0.10937500
v 0.18750000 -0.01562500 0.10156780
v 0.17967417 -0.01562500 0.31250000
v 0.18750000 -0.01562500 0.32037995
v 0.18750000 -0.00737768 0.10937500
v 0.18750000 0.00000000 0.11674746
v 0.17968647 0.00000000 0.31250000
v 0.18750000 0.00000000 0.32031324
v 0.17982707 0.01562500 0.12500000
v 0.18750000 0.01562500 0.11732707
v 0.17968700 0.01562500 0.31250000
v 0.18750000 0.01562500 0.32031190
v 0.18750000 0.02329793 0.12500000
v 0.17972120 0.03125000 0.14062500
v 0.18750000 0.03125000 0.13284620
v 0.17972692 0.03125000 0.31250000
v 0.18750000 0.03125000 0.32027050
v 0.18750000 0.03902880 0.14062500
v 0.18747732 0.04687500 0.15625000
v 0.18750000 0.04687500 0.15622732
v 0.18750000 0.03903495 0.31250000
v 0.18750000 0.04687500 0.30470195
v 0.18750000 0.04689768 0.15625000
v 0.18750000 0.05468750 0.17187500
v 0.18750000 0.06250000 0.17968769
v 0.17963602 0.06250000 0.28125000
v 0.18750000 0.05519722 0.29687500
v 0.18750000 0.06250000 0.28957217
v 0.18750000 0.07031231 0.18750000
v 0.18750000 0.07031251 0.20312500
v 0.17968864 0.07812500 0.21875000
v 0.18750000 0.07812500 0.21093867
v 0.17948974 0.07812500 0.23437500
v 0.17965961 0.07812500 0.25000000
v 0.18050917 0.07812500 0.26562500
v 0.18750000 0.07031525 0.28125000
v 0.18750000 0.07812500 0.27261860
v 0.18750000 0.08593632 0.21875000
v 0.18750000 0.08593750 0.23437500
v 0.18750000 0.08593750 0.25000000
v 0.18750000 0.08511583 0.26562500
v 0.19900513 -0.10937500 0.31250000
v 0.20312500 -0.11351015 0.31250000
v 0.20312500 -0.10937500 0.30837861
v 0.19531443 -0.10937500 0.32812500
v 0.20312500 -0.11802028 0.32812500
v 0.19531398 -0.10937500 0.34375000
v 0.20312500 -0.11753651 0.34375000
v 0.19531474 -0.10937500 0.35937500
v 0.20312500 -0.11719180 0.35937500
v 0.20312500 -0.10937500 0.36718721
v 0.19531334 -0.09375000 0.23437500
v 0.20312500 -0.10156166 0.23437500
v 0.20312500 -0.09375000 0.22649215
v 0.19531547 -0.09375000 0.25000000
v 0.20312500 -0.10155953 0.25000000
v 0.19744716 -0.09375000 0.26562500
v 0.20312500 -0.09942784 0.26562500
v 0.20312500 -0.09375000 0.27135112
v 0.19565742 -0.09375000 0.31250000
v 0.20312500 -0.09375000 0.30499607
v 0.19531505 -0.09375000 0.32812500
v 0.19557374 -0.09375000 0.34375000
v 0.20312500 -0.10156105 0.35937500
v 0.20312500 -0.09375000 0.35130495
v 0.19100289 -0.07812500 0.20312500
v 0.20312500 -0.08593749 0.20312500
v 0.20312500 -0.07812500 0.19421371
v 0.20312500 -0.08600869 0.21875000
v 0.20312500 -0.08598958 0.28125000
v 0.19530723 -0.07812500 0.29687500
v 0.20312500 -0.08597391 0.29687500
v 0.19531962 -0.07812500 0.31250000
v 0.20312500 -0.08593926 0.32812500
v 0.20312500 -0.07812500 0.32030616
v 0.20312500 -0.08619874 0.34375000
v 0.20312500 -0.07030702 0.15625000
v 0.20312500 -0.06250000 0.14844296
v 0.20312500 -0.07031250 0.17187500
v 0.20312500 -0.07141130 0.18750000
v 0.19573289 -0.06250000 0.32812500
v 0.20312500 -0.06989290 0.32812500
v 0.20312500 -0.06250000 0.33551711
v 0.19359601 -0.04687500 0.12500000
v 0.20312500 -0.05468185 0.12500000
v 0.20312500 -0.04687500 0.11719307
v 0.20312500 -0.05468752 0.14062500
v 0.19531305 -0.04687500 0.32812500
v 0.20312500 -0.04687500 0.33593694
v 0.19842114 -0.03125000 0.09375000
v 0.20312500 -0.03578021 0.09375000
v 0.20312500 -0.03125000 0.08921979
v 0.20312500 -0.03906258 0.10937500
v 0.19530983 -0.03125000 0.32812500
v 0.20312500 -0.03125000 0.33593765
v 0.20312500 -0.02669839 0.09375000
v 0.20312500 -0.01562500 0.10153656
v 0.19524505 -0.01562500 0.32812500
v 0.20312500 -0.01562500 0.33662137
v 0.19572590 0.00000000 0.10937500
v 0.20312500 0.00000000 0.10241346
v 0.19531183 0.00000000 0.32812500
v 0.20312500 0.00000000 0.33593746
v 0.20312500 0.01305269 0.10937500
v 0.20312500 0.01562500 0.11151108
v 0.19567560 0.01562500 0.32812500
v 0.20312500 0.01562500 0.33557439
v 0.19534114 0.03125000 0.12500000
v 0.20312500 0.03125000 0.11721614
v 0.20312500 0.02386138 0.32812500
v 0.20312500 0.03125000 0.32109751
v 0.20312500 0.03903386 0.12500000
v 0.19533749 0.04687500 0.14062500
v 0.20312500 0.04687500 0.13283749
v 0.19529879 0.04687500 0.31250000
v 0.20312500 0.04687500 0.32031187
v 0.20312500 0.05466251 0.14062500
v 0.20312500 0.05468909 0.15625000
v 0.19645581 0.06250000 0.17187500
v 0.20312500 0.06250000 0.16520425
v 0.19480280 0.06250000 0.29687500
v 0.19678680 0.06250000 0.31250000
v 0.20312500 0.06250000 0.31883821
v 0.20312500 0.06916919 0.17187500
v 0.20312500 0.07031250 0.18750000
v 0.19635277 0.07812500 0.20312500
v 0.20312500 0.07812500 0.19635278
v 0.19530970 0.07812500 0.28125000
v 0.19531328 0.07812500 0.29687500
v 0.19549233 0.07812500 0.31250000
v 0.20312500 0.07812500 0.32014696
v 0.20312500 0.08489722 0.20312500
v 0.20312500 0.09150906 0.21875000
v 0.19531322 0.09375000 0.23437500
v 0.20312500 0.09375000 0.22099129
v 0.19531279 0.09375000 0.25000000
v 0.19531291 0.09375000 0.26562500
v 0.19531252 0.09375000 0.28125000
v 0.19531251 0.09375000 0.29687500
v 0.19531510 0.09375000 0.31250000
v 0.20312500 0.09375000 0.32449101
v 0.20312500 0.10156178 0.23437500
v 0.20312500 0.10156219 0.25000000
v 0.20312500 0.10156209 0.26562500
v 0.20312500 0.10159488 0.28125000
v 0.20106774 0.10937500 0.29687500
v 0.20312500 0.10937500 0.29480288
v 0.19540225 0.10937500 0.31250000
v 0.19542815 0.10937500 0.32812500
v 0.20312500 0.09746532 0.32812500
v 0.19912558 0.10937500 0.34375000
v 0.20312500 0.10537188 0.34375000
v 0.20312500 0.10937500 0.34775481
v 0.20312500 0.11143226 0.29687500
v 0.20312500 0.11709775 0.31250000
v 0.20312500 0.11707187 0.32812500
v 0.20312500 0.11338464 0.34375000
v 0.21101043 -0.12500000 0.29687500
v 0.21875000 -0.13273957 0.29687500
v 0.21875000 -0.12500000 0.28913533
v 0.21091785 -0.12500000 0.31250000
v 0.21875000 -0.13281250 0.31250000
v 0.21010281 -0.12500000 0.32812500
v 0.21875000 -0.13281250 0.32812500
v 0.21058701 -0.12500000 0.34375000
v 0.21875000 -0.13281250 0.34375000
v 0.21093096 -0.12500000 0.35937500
v 0.21875000 -0.13281250 0.35937500
v 0.21093764 -0.12500000 0.37500000
v 0.21875000 -0.13281227 0.37500000
v 0.21832552 -0.12500000 0.39062500
v 0.21875000 -0.12542448 0.39062500
v 0.21875000 -0.12500000 0.39104948
v 0.21093907 -0.10937500 0.28125000
v 0.21875000 -0.11718604 0.28125000
v 0.21875000 -0.10937500 0.27343484
v 0.21093555 -0.10937500 0.29687500
v 0.21093556 -0.10937500 0.37500000
v 0.21875000 -0.12454051 0.39062500
v 0.21875000 -0.10937500 0.38313088
v 0.21086631 -0.09375000 0.21875000
v 0.21875000 -0.10156250 0.21875000
v 0.21875000 -0.09375000 0.21078897
v 0.21875000 -0.10156250 0.23437500
v 0.21875000 -0.10156250 0.25000000
v 0.21875000 -0.10156673 0.26562500
v 0.21088542 -0.09375000 0.28125000
v 0.21090109 -0.09375000 0.29687500
v 0.21093381 -0.09375000 0.35937500
v 0.21875000 -0.10144441 0.37500000
v 0.21875000 -0.09375000 0.36730559
v 0.21001743 -0.07812500 0.18750000
v 0.21875000 -0.08575577 0.18750000
v 0.21875000 -0.07812500 0.17986923
v 0.21875000 -0.08608603 0.20312500
v 0.21093671 -0.07812500 0.32812500
v 0.21094125 -0.07812500 0.34375000
v 0.21875000 -0.08593747 0.35937500
v 0.21875000 -0.07812500 0.35155878
v 0.21875000 -0.07031166 0.15625000
v 0.21875000 -0.06250000 0.14843699
v 0.21875000 -0.07031250 0.17187500
v 0.21875000 -0.07028536 0.34375000
v 0.21875000 -0.06250000 0.33596839
v 0.21875000 -0.05468750 0.12500000
v 0.21875000 -0.04687500 0.11695907
v 0.21875000 -0.05468885 0.14062500
v 0.21105570 -0.04687500 0.34375000
v 0.21875000 -0.05460018 0.34375000
v 0.21875000 -0.04687500 0.35144430
v 0.20799291 -0.03125000 0.09375000
v 0.21875000 -0.03929093 0.10937500
v 0.21875000 -0.03125000 0.10116126
v 0.21094039 -0.03125000 0.34375000
v 0.21875000 -0.03125000 0.35155947
v 0.21248464 -0.01562500 0.09375000
v 0.21875000 -0.02225445 0.09375000
v 0.21875000 -0.01562500 0.08750956
v 0.21025391 -0.01562500 0.34375000
v 0.21875000 -0.01562500 0.35156221
v 0.21875000 -0.00931017 0.09375000
v 0.21875000 0.00000000 0.10148527
v 0.21100794 0.00000000 0.34375000
v 0.21875000 0.00000000 0.35149202
v 0.20526152 0.01562500 0.10937500
v 0.21875000 0.01562500 0.10156199
v 0.21875000 0.00965390 0.34375000
v 0.21875000 0.01562500 0.33784532
v 0.21127099 0.03125000 0.10937500
v 0.21875000 0.03125000 0.10189599
v 0.21015249 0.03125000 0.32812500
v 0.21875000 0.03125000 0.33594010
v 0.21875000 0.03872901 0.10937500
v 0.21095933 0.04687500 0.12500000
v 0.21875000 0.04687500 0.11720932
v 0.21093755 0.04687500 0.32812500
v 0.21875000 0.04687500 0.33594367
v 0.21875000 0.05466567 0.12500000
v 0.21875000 0.05469104 0.14062500
v 0.21099079 0.06250000 0.15625000
v 0.21875000 0.06250000 0.14848884
v 0.21093783 0.06250000 0.32812500
v 0.21875000 0.06250000 0.33594377
v 0.21875000 0.07025762 0.15625000
v 0.21875000 0.07031251 0.17187500
v 0.21153612 0.07812500 0.18750000
v 0.21875000 0.07812500 0.18028611
v 0.21092321 0.07812500 0.32812500
v 0.21105976 0.07812500 0.34375000
v 0.21875000 0.07042816 0.34375000
v 0.21875000 0.07812500 0.35144200
v 0.21875000 0.08533888 0.18750000
v 0.21875000 0.08731949 0.20312500
v 0.20536594 0.09375000 0.21875000
v 0.21875000 0.09375000 0.20955551
v 0.20675711 0.09375000 0.32812500
v 0.21093267 0.09375000 0.34375000
v 0.21099036 0.09375000 0.35937500
v 0.21875000 0.08598860 0.35937500
v 0.21875000 0.09375000 0.36737748
v 0.21875000 0.10156250 0.21875000
v 0.21875000 0.10156399 0.23437500
v 0.21875000 0.10163672 0.25000000
v 0.21093856 0.10937500 0.26562500
v 0.21875000 0.10937500 0.25773934
v 0.21090510 0.10937500 0.28125000
v 0.21093044 0.10937500 0.35937500
v 0.21103599 0.10937500 0.37500000
v 0.21875000 0.10141814 0.37500000
v 0.21875000 0.10937500 0.38271455
v 0.21875000 0.11718644 0.26562500
v 0.21875000 0.11718751 0.28125000
v 0.21875000 0.11733753 0.29687500
v 0.21095486 0.12500000 0.31250000
v 0.21875000 0.12500000 0.30455483
v 0.21093746 0.12500000 0.32812500
v 0.21092410 0.12500000 0.34375000
v 0.21090578 0.12500000 0.35937500
v 0.21094213 0.12500000 0.37500000
v 0.21875000 0.12500000 0.38281302
v 0.21875000 0.13279514 0.31250000
v 0.21875000 0.13281249 0.32812500
v 0.21875000 0.13281262 0.34375000
v 0.21875000 0.13282975 0.35937500
v 0.21875000 0.13285649 0.37500000
v 0.22664490 -0.12500000 0.28125000
v 0.23437500 -0.13273000 0.28125000
v 0.23437500 -0.12500000 0.27352000
v 0.23437500 -0.13281250 0.29687500
v 0.23437500 -0.13283201 0.31250000
v 0.23437500 -0.13281253 0.32812500
v 0.23437500 -0.13281250 0.34375000
v 0.23437500 -0.13281255 0.35937500
v 0.23437500 -0.13281257 0.37500000
v 0.23437500 -0.13281250 0.39062500
v 0.22662536 -0.12500000 0.40625000
v 0.23437500 -0.13274964 0.40625000
v 0.23437500 -0.12500000 0.41399966
v 0.22871183 -0.10937500 0.25000000
v 0.23437500 -0.11503817 0.25000000
v 0.23437500 -0.10937500 0.24374428
v 0.22655845 -0.10937500 0.26562500
v 0.23437500 -0.11718732 0.26562500
v 0.22624412 -0.10937500 0.39062500
v 0.22670863 -0.10937500 0.40625000
v 0.23437500 -0.10937500 0.41391637
v 0.22641408 -0.09375000 0.20312500
v 0.23437500 -0.10156239 0.20312500
v 0.23437500 -0.09375000 0.19531260
v 0.23437500 -0.10156250 0.21875000
v 0.23437500 -0.10218942 0.23437500
v 0.22644441 -0.09375000 0.37500000
v 0.22659876 -0.09375000 0.39062500
v 0.23437500 -0.10170863 0.40625000
v 0.23437500 -0.09375000 0.39840124
v 0.23437500 -0.08593750 0.18750000
v 0.23437500 -0.07812500 0.17968547
v 0.22663110 -0.07812500 0.35937500
v 0.23437500 -0.08593666 0.37500000
v 0.23437500 -0.07812500 0.36711970
v 0.23437500 -0.08597376 0.39062500
v 0.23437500 -0.07031235 0.15625000
v 0.23437500 -0.06250000 0.14833275
v 0.23437500 -0.07031453 0.17187500
v 0.23437500 -0.06928248 0.34375000
v 0.23437500 -0.06250000 0.33696752
v 0.23437500 -0.07038114 0.35937500
v 0.22691328 -0.04687500 0.10937500
v 0.23437500 -0.05410905 0.10937500
v 0.23437500 -0.04687500 0.10214095
v 0.23437500 -0.05468751 0.12500000
v 0.23437500 -0.05479240 0.14062500
v 0.23437500 -0.05538082 0.34375000
v 0.23437500 -0.04687500 0.35122181
v 0.23437500 -0.03125000 0.10151990
v 0.23437500 -0.03125000 0.35155773
v 0.23437500 -0.02347842 0.09375000
v 0.23437500 -0.01562500 0.08593917
v 0.23437500 -0.01562500 0.35154967
v 0.22650825 0.00000000 0.09375000
v 0.23437500 0.00000000 0.08595910
v 0.23437500 0.00000000 0.35079485
v 0.23031964 0.01562500 0.09375000
v 0.23437500 0.01562500 0.08969578
v 0.22850705 0.01562500 0.34375000
v 0.23437500 0.01562500 0.34793087
v 0.23437500 0.01967954 0.09375000
v 0.23437500 0.03125000 0.10156209
v 0.23437500 0.02005818 0.34375000
v 0.23437500 0.03125000 0.33625331
v 0.23437500 0.04000466 0.10937500
v 0.23437500 0.04687500 0.11624533
v 0.22655688 0.04687500 0.34375000
v 0.23437500 0.03874739 0.34375000
v 0.23437500 0.04687500 0.35156259
v 0.23437500 0.05468750 0.12500000
v 0.22661602 0.06250000 0.14062500
v 0.23437500 0.06250000 0.13286956
v 0.22655596 0.06250000 0.34375000
v 0.23437500 0.06250000 0.35346890
v 0.23437500 0.07025544 0.14062500
v 0.23437500 0.07031250 0.15625000
v 0.22660972 0.07812500 0.17187500
v 0.23437500 0.07812500 0.16410973
v 0.22656083 0.07812500 0.35937500
v 0.23437500 0.06840613 0.35937500
v 0.23437500 0.07812500 0.36785544
v 0.23437500 0.08589027 0.17187500
v 0.23437500 0.08594474 0.18750000
v 0.22518075 0.09375000 0.20312500
v 0.23437500 0.09375000 0.19530551
v 0.22631988 0.09375000 0.37500000
v 0.23437500 0.08526964 0.37500000
v 0.23437500 0.09375000 0.38289402
v 0.23437500 0.10156225 0.20312500
v 0.23437500 0.10165798 0.21875000
v 0.22678094 0.10937500 0.23437500
v 0.23437500 0.10937500 0.22668699
v 0.22676518 0.10937500 0.25000000
v 0.23249435 0.10937500 0.39062500
v 0.23437500 0.10745971 0.39062500
v 0.23437500 0.10937500 0.39250543
v 0.23437500 0.11696757 0.23437500
v 0.23437500 0.11691067 0.25000000
v 0.23437500 0.11718749 0.26562500
v 0.23437500 0.11718933 0.28125000
v 0.22742346 0.12500000 0.29687500
v 0.23437500 0.12500000 0.29006956
v 0.23104431 0.12500000 0.39062500
v 0.23437500 0.12500000 0.39395222
v 0.23437500 0.13180364 0.29687500
v 0.23437500 0.13281244 0.31250000
v 0.23437500 0.13281260 0.32812500
v 0.22944535 0.14062500 0.34375000
v 0.23437500 0.14062500 0.33882037
v 0.22676280 0.14062500 0.35937500
v 0.23303141 0.14062500 0.37500000
v 0.23437500 0.12864122 0.39062500
v 0.23437500 0.14062500 0.37647638
v 0.23437500 0.14555455 0.34375000
v 0.23437500 0.14821996 0.35937500
v 0.23437500 0.14195337 0.37500000
v 0.25000000 -0.13251559 0.28125000
v 0.25000000 -0.12500000 0.27373441
v 0.25000000 -0.13283319 0.29687500
v 0.25000000 -0.13282635 0.31250000
v 0.25000000 -0.13281487 0.32812500
v 0.25000000 -0.13281731 0.34375000
v 0.25000000 -0.13281921 0.35937500
v 0.25000000 -0.13327970 0.37500000
v 0.25000000 -0.13559057 0.39062500
v 0.25000000 -0.13285830 0.40625000
v 0.24218755 -0.12500000 0.42187500
v 0.25000000 -0.13281243 0.42187500
v 0.25000000 -0.12500000 0.42968838
v 0.24156559 -0.10937500 0.23437500
v 0.25000000 -0.11718246 0.23437500
v 0.25000000 -0.10937500 0.22656745
v 0.25000000 -0.11718749 0.25000000
v 0.25000000 -0.11718750 0.26562500
v 0.24218764 -0.10937500 0.42187500
v 0.25000000 -0.10937500 0.42968736
v 0.25000000 -0.10156250 0.20312500
v 0.25000000 -0.09375000 0.19362624
v 0.25000000 -0.10156259 0.21875000
v 0.25000000 -0.10153491 0.40625000
v 0.25000000 -0.09375000 0.39846389
v 0.25000000 -0.10156264 0.42187500
v 0.24218665 -0.07812500 0.17187500
v 0.25000000 -0.08593632 0.17187500
v 0.25000000 -0.07812500 0.16406314
v 0.25000000 -0.08762376 0.18750000
v 0.24219367 -0.07812500 0.35937500
v 0.25000000 -0.08586270 0.35937500
v 0.25000000 -0.07812500 0.35163728
v 0.25000000 -0.08593750 0.37500000
v 0.25000000 -0.08593870 0.39062500
v 0.24208303 -0.06250000 0.14062500
v 0.25000000 -0.07031207 0.14062500
v 0.25000000 -0.06250000 0.13233574
v 0.25000000 -0.07031305 0.15625000
v 0.25000000 -0.06270940 0.34375000
v 0.25000000 -0.06250000 0.34354060
v 0.25000000 -0.05467904 0.10937500
v 0.25000000 -0.04687500 0.10157104
v 0.25000000 -0.05516468 0.12500000
v 0.25000000 -0.06227747 0.34375000
v 0.25000000 -0.04687500 0.35132171
v 0.25000000 -0.03125000 0.10072364
v 0.25000000 -0.03125000 0.35153112
v 0.25000000 -0.02427529 0.09375000
v 0.25000000 -0.01562500 0.08593856
v 0.25000000 -0.01562500 0.35114827
v 0.25000000 0.00000000 0.08564057
v 0.25000000 0.00000000 0.34478783
v 0.25000000 0.01562500 0.08589450
v 0.25000000 0.01562500 0.34868705
v 0.24269453 0.03125000 0.09375000
v 0.25000000 0.03125000 0.08644494
v 0.25000000 0.02973319 0.34375000
v 0.25000000 0.03125000 0.34301073
v 0.25000000 0.03855506 0.09375000
v 0.24129575 0.04687500 0.10937500
v 0.25000000 0.04687500 0.10161362
v 0.25000000 0.03198928 0.34375000
v 0.25000000 0.04687500 0.35157624
v 0.25000000 0.05463638 0.10937500
v 0.25000000 0.05472060 0.12500000
v 0.25000000 0.06250000 0.13277940
v 0.25000000 0.06250000 0.35220493
v 0.25000000 0.07031250 0.14062500
v 0.24272022 0.07812500 0.15625000
v 0.25000000 0.07812500 0.14897022
v 0.25000000 0.06967748 0.35937500
v 0.25000000 0.07812500 0.36784763
v 0.25000000 0.08540478 0.15625000
v 0.25000000 0.08593750 0.17187500
v 0.25000000 0.09010340 0.18750000
v 0.25000000 0.09375000 0.19114660
v 0.25000000 0.08526994 0.37500000
v 0.24284196 0.09375000 0.39062500
v 0.25000000 0.08667300 0.39062500
v 0.25000000 0.09375000 0.39770200
v 0.25000000 0.10156262 0.20312500
v 0.24220548 0.10937500 0.21875000
v 0.25000000 0.10937500 0.21105084
v 0.25000000 0.10937500 0.39843687
v 0.25000000 0.11707404 0.21875000
v 0.25000000 0.11718735 0.23437500
v 0.25000000 0.11718582 0.25000000
v 0.25000000 0.11718727 0.26562500
v 0.25000000 0.11719102 0.28125000
v 0.24269049 0.12500000 0.29687500
v 0.25000000 0.11868688 0.29687500
v 0.25000000 0.12500000 0.30320985
v 0.25000000 0.12500000 0.39829069
v 0.25000000 0.13278994 0.31250000
v 0.25000000 0.13284956 0.32812500
v 0.25000000 0.14062500 0.33595841
v 0.23633425 0.14062500 0.37500000
v 0.25000000 0.13448065 0.37500000
v 0.25000000 0.14062500 0.36832082
v 0.25000000 0.13269289 0.39062500
v 0.25000000 0.14837953 0.34375000
v 0.25000000 0.14788549 0.35937500
v 0.25751636 -0.12500000 0.28125000
v 0.25781274 -0.12500000 0.29687500
v 0.25781252 -0.12500000 0.31250000
v 0.25781254 -0.12500000 0.32812500
v 0.25781401 -0.12500000 0.34375000
v 0.25782188 -0.12500000 0.35937500
v 0.26007577 -0.12500000 0.37500000
v 0.26562500 -0.13281247 0.39062500
v 0.26562500 -0.12500000 0.38054927
v 0.26562500 -0.13281283 0.40625000
v 0.26562500 -0.13275252 0.42187500
v 0.26562500 -0.12500000 0.42977148
v 0.26562500 -0.11346570 0.23437500
v 0.26562500 -0.10937500 0.23028304
v 0.26562500 -0.11715908 0.25000000
v 0.26562500 -0.11718722 0.26562500
v 0.26562500 -0.11718827 0.28125000
v 0.26562500 -0.11718774 0.29687500
v 0.26562500 -0.11718748 0.31250000
v 0.26562500 -0.11718754 0.32812500
v 0.26562500 -0.11718901 0.34375000
v 0.26562500 -0.11719688 0.35937500
v 0.26562500 -0.11945077 0.37500000
v 0.26562500 -0.10937500 0.42559250
v 0.25612633 -0.09375000 0.18750000
v 0.26562500 -0.10156241 0.18750000
v 0.26562500 -0.09375000 0.17968710
v 0.26562500 -0.10156250 0.20312500
v 0.26562500 -0.10156412 0.21875000
v 0.25781132 -0.09375000 0.39062500
v 0.26562500 -0.10156248 0.39062500
v 0.26562500 -0.09375000 0.38116977
v 0.26562500 -0.10156256 0.40625000
v 0.26562500 -0.10565750 0.42187500
v 0.25814736 -0.07812500 0.14062500
v 0.26562500 -0.08560264 0.14062500
v 0.26562500 -0.07812500 0.13314735
v 0.25781196 -0.07812500 0.15625000
v 0.26562500 -0.08593750 0.15625000
v 0.26562500 -0.08593799 0.17187500
v 0.26562500 -0.08593813 0.35937500
v 0.26562500 -0.07812500 0.35075529
v 0.26562500 -0.08758025 0.37500000
v 0.26146227 -0.06250000 0.10937500
v 0.26562500 -0.06666266 0.10937500
v 0.26562500 -0.06250000 0.10521234
v 0.25733532 -0.06250000 0.12500000
v 0.26562500 -0.07031251 0.12500000
v 0.26562500 -0.07037687 0.34375000
v 0.26562500 -0.06250000 0.33668101
v 0.26562500 -0.04687500 0.10156247
v 0.26562500 -0.05541407 0.34375000
v 0.26562500 -0.04687500 0.35154541
v 0.25868157 -0.03125000 0.09375000
v 0.26562500 -0.03737476 0.09375000
v 0.26562500 -0.03125000 0.08762527
v 0.26562500 -0.03125000 0.35153657
v 0.26562500 -0.01562500 0.08593836
v 0.26562500 -0.01562500 0.35079136
v 0.26562500 0.00000000 0.08554771
v 0.26562500 0.00000000 0.34642683
v 0.26562500 0.01562500 0.08396467
v 0.26562500 0.01562500 0.35056129
v 0.26562500 0.03125000 0.08593777
v 0.25096396 0.03125000 0.34375000
v 0.26562500 0.03125000 0.35047359
v 0.26562500 0.03906223 0.09375000
v 0.26562500 0.04687500 0.10156249
v 0.26562500 0.04687500 0.35147353
v 0.26562500 0.05468750 0.10937500
v 0.25777940 0.06250000 0.12500000
v 0.26562500 0.06250000 0.11718750
v 0.26562500 0.06250000 0.35284735
v 0.26562500 0.07031250 0.12500000
v 0.26231255 0.07812500 0.14062500
v 0.26562500 0.07812500 0.13731255
v 0.25798418 0.07812500 0.35937500
v 0.26562500 0.07812500 0.35173880
v 0.26562500 0.08143745 0.14062500
v 0.26562500 0.08593750 0.15625000
v 0.26562500 0.08594998 0.17187500
v 0.25654895 0.09375000 0.18750000
v 0.26562500 0.09375000 0.18285336
v 0.26562500 0.09045100 0.35937500
v 0.25983027 0.09375000 0.37500000
v 0.26562500 0.09375000 0.36410148
v 0.25712873 0.09375000 0.39062500
v 0.26562500 0.09838622 0.18750000
v 0.26562500 0.10211615 0.20312500
v 0.26562500 0.10937500 0.21038660
v 0.26246178 0.10937500 0.35937500
v 0.26562500 0.10159028 0.35937500
v 0.26562500 0.10937500 0.35149977
v 0.26122513 0.10937500 0.37500000
v 0.26154836 0.10937500 0.39062500
v 0.26562500 0.11718473 0.21875000
v 0.26562500 0.11723355 0.23437500
v 0.26562500 0.11714571 0.25000000
v 0.26562500 0.11714337 0.26562500
v 0.26562500 0.11714543 0.28125000
v 0.26562500 0.11718553 0.29687500
v 0.25779244 0.12500000 0.31250000
v 0.26562500 0.11718922 0.31250000
v 0.25815045 0.12500000 0.32812500
v 0.26562500 0.11751204 0.32812500
v 0.25800712 0.12500000 0.34375000
v 0.26562500 0.11262428 0.34375000
v 0.25967207 0.12500000 0.35937500
v 0.25885927 0.12500000 0.37500000
v 0.25825303 0.12500000 0.39062500
v 0.25775455 0.14062500 0.34375000
v 0.25726117 0.14062500 0.35937500
v 0.27343747 -0.12500000 0.39062500
v 0.27343714 -0.12500000 0.40625000
v 0.27337751 -0.12500000 0.42187500
v 0.26972784 -0.10937500 0.23437500
v 0.27552096 -0.10937500 0.25000000
v 0.28125000 -0.11712579 0.26562500
v 0.28125000 -0.10937500 0.25576000
v 0.27486104 -0.10937500 0.28125000
v 0.28125000 -0.10937500 0.27480129
v 0.27351810 -0.10937500 0.29687500
v 0.27343810 -0.10937500 0.31250000
v 0.27343776 -0.10937500 0.32812500
v 0.27344168 -0.10937500 0.34375000
v 0.27344031 -0.10937500 0.35937500
v 0.27343981 -0.10937500 0.37500000
v 0.27343764 -0.10937500 0.39062500
v 0.27343744 -0.10937500 0.40625000
v 0.26934250 -0.10937500 0.42187500
v 0.27361834 -0.09375000 0.17187500
v 0.28125000 -0.10138117 0.17187500
v 0.28125000 -0.09375000 0.16424383
v 0.28125000 -0.10156250 0.18750000
v 0.28125000 -0.10156250 0.20312500
v 0.28125000 -0.10156261 0.21875000
v 0.28125000 -0.10157819 0.23437500
v 0.28125000 -0.10367233 0.25000000
v 0.28125000 -0.10298604 0.28125000
v 0.28125000 -0.10155962 0.29687500
v 0.28125000 -0.10151942 0.31250000
v 0.27496555 -0.09375000 0.32812500
v 0.28125000 -0.09375000 0.32179846
v 0.27342186 -0.09375000 0.34375000
v 0.27343683 -0.09375000 0.35937500
v 0.27179475 -0.09375000 0.37500000
v 0.28001985 -0.07812500 0.12500000
v 0.28125000 -0.07935515 0.12500000
v 0.28125000 -0.07812500 0.12376985
v 0.28125000 -0.08593750 0.14062500
v 0.28125000 -0.08593751 0.15625000
v 0.27335774 -0.07812500 0.32812500
v 0.28125000 -0.07812500 0.32031257
v 0.27263026 -0.07812500 0.34375000
v 0.28125000 -0.07031250 0.10937500
v 0.28125000 -0.06250000 0.10156250
v 0.28125000 -0.07031202 0.32812500
v 0.28125000 -0.06250000 0.33593695
v 0.27345444 -0.04687500 0.09375000
v 0.28125000 -0.05467053 0.09375000
v 0.28125000 -0.04687500 0.08595447
v 0.28125000 -0.05365076 0.34375000
v 0.28125000 -0.04687500 0.35052576
v 0.28125000 -0.03125000 0.08588659
v 0.28125000 -0.03125000 0.35155460
v 0.28125000 -0.01562500 0.08586755
v 0.28125000 -0.01562500 0.35040467
v 0.28125000 0.00000000 0.08331138
v 0.27367026 0.00000000 0.34375000
v 0.28125000 -0.00324924 0.34375000
v 0.28125000 0.00000000 0.34120280
v 0.28125000 0.01562500 0.08429607
v 0.27702658 0.01562500 0.34375000
v 0.28125000 0.01562500 0.34027257
v 0.28125000 0.03125000 0.08593735
v 0.27410483 0.03125000 0.34375000
v 0.28125000 0.03125000 0.33767308
v 0.27364632 0.04687500 0.09375000
v 0.28125000 0.04687500 0.08614632
v 0.27377694 0.04687500 0.34375000
v 0.28125000 0.04687500 0.33637359
v 0.28125000 0.05447868 0.09375000
v 0.27345041 0.06250000 0.10937500
v 0.28125000 0.06250000 0.10157542
v 0.28125000 0.05432083 0.34375000
v 0.28125000 0.06250000 0.35150610
v 0.28125000 0.07029958 0.10937500
v 0.28125000 0.07032023 0.12500000
v 0.28125000 0.07812500 0.13280477
v 0.27357119 0.07812500 0.34375000
v 0.28125000 0.07037946 0.34375000
v 0.28125000 0.07812500 0.33593501
v 0.28125000 0.08593750 0.14062500
v 0.28125000 0.08676180 0.15625000
v 0.27365179 0.09375000 0.17187500
v 0.28125000 0.09375000 0.16346313
v 0.27954621 0.09375000 0.32812500
v 0.28125000 0.09199141 0.32812500
v 0.28125000 0.09375000 0.32569008
v 0.27345163 0.09375000 0.34375000
v 0.26880620 0.09375000 0.35937500
v 0.28125000 0.10133574 0.17187500
v 0.28125000 0.09963777 0.18750000
v 0.28125000 0.09863736 0.20312500
v 0.27431472 0.10937500 0.21875000
v 0.28125000 0.10244173 0.21875000
v 0.28125000 0.10937500 0.22577249
v 0.27680768 0.10937500 0.25000000
v 0.28125000 0.10496666 0.25000000
v 0.28125000 0.10937500 0.24551758
v 0.27438093 0.10937500 0.26562500
v 0.28125000 0.10254939 0.26562500
v 0.27417931 0.10937500 0.28125000
v 0.28125000 0.10234598 0.28125000
v 0.27349242 0.10937500 0.29687500
v 0.28125000 0.10161939 0.29687500
v 0.27344014 0.10937500 0.31250000
v 0.28125000 0.09998252 0.31250000
v 0.27342410 0.10937500 0.32812500
v 0.26874790 0.10937500 0.34375000
v 0.28125000 0.11709657 0.23437500
v 0.28900079 -0.10937500 0.26562500
v 0.29687500 -0.10156250 0.17187500
v 0.29687500 -0.09375000 0.16329469
v 0.29687500 -0.10156250 0.18750000
v 0.29687500 -0.10156250 0.20312500
v 0.29687500 -0.10156250 0.21875000
v 0.29687500 -0.10156250 0.23437500
v 0.29687500 -0.10156250 0.25000000
v 0.29687500 -0.10150806 0.26562500
v 0.28909094 -0.09375000 0.28125000
v 0.29687500 -0.09375000 0.27341149
v 0.28897902 -0.09375000 0.29687500
v 0.28901878 -0.09375000 0.31250000
v 0.29687500 -0.08593682 0.12500000
v 0.29687500 -0.07812500 0.11718817
v 0.29687500 -0.08593750 0.14062500
v 0.29687500 -0.08670531 0.15625000
v 0.29687500 -0.08596594 0.28125000
v 0.29687500 -0.08593751 0.29687500
v 0.29687500 -0.08542649 0.31250000
v 0.29687500 -0.07812500 0.31980148
v 0.29687500 -0.07031250 0.10937500
v 0.29687500 -0.06250000 0.10156250
v 0.29687500 -0.06454021 0.32812500
v 0.29687500 -0.06250000 0.33016521
v 0.29687500 -0.05468743 0.09375000
v 0.29687500 -0.04687500 0.08593757
v 0.28802576 -0.04687500 0.34375000
v 0.29687500 -0.04687500 0.33593750
v 0.29024295 -0.03125000 0.07812500
v 0.29687500 -0.03783235 0.07812500
v 0.29687500 -0.03125000 0.07154265
v 0.28936468 -0.03125000 0.34375000
v 0.29687500 -0.03125000 0.33624757
v 0.28913517 -0.01562500 0.07812500
v 0.29687500 -0.01562500 0.07045510
v 0.29687500 -0.02366031 0.34375000
v 0.29687500 -0.01562500 0.35147514
v 0.28666918 0.00000000 0.07812500
v 0.29687500 0.00000000 0.07057202
v 0.29687500 -0.00521517 0.34375000
v 0.29687500 0.00000000 0.33861224
v 0.29687500 0.01469604 0.07812500
v 0.29687500 0.01562500 0.07899756
v 0.29687500 0.01562500 0.33619819
v 0.29687500 0.03125000 0.08592743
v 0.29687500 0.03125000 0.33606530
v 0.29687500 0.04687500 0.08593808
v 0.29687500 0.04687500 0.33595890
v 0.29687500 0.05468692 0.09375000
v 0.29687500 0.06250000 0.10156250
v 0.28906057 0.06250000 0.32812500
v 0.29687500 0.05469183 0.32812500
v 0.29687500 0.06250000 0.32031395
v 0.28899289 0.06250000 0.34375000
v 0.29687500 0.07031250 0.10937500
v 0.28906397 0.07812500 0.12500000
v 0.29687500 0.07812500 0.11719670
v 0.28954749 0.07812500 0.31250000
v 0.29687500 0.07079442 0.31250000
v 0.29687500 0.07812500 0.30494570
v 0.28892704 0.07812500 0.32812500
v 0.29687500 0.08592830 0.12500000
v 0.29687500 0.08593816 0.14062500
v 0.28823894 0.09375000 0.15625000
v 0.29687500 0.09375000 0.14843759
v 0.28950449 0.09375000 0.18750000
v 0.29687500 0.08827169 0.18750000
v 0.29687500 0.09375000 0.18180148
v 0.28700668 0.09375000 0.20312500
v 0.29687500 0.08690252 0.20312500
v 0.29687500 0.09375000 0.21476806
v 0.28748982 0.09375000 0.31250000
v 0.29687500 0.09375000 0.30469314
v 0.29687500 0.10156175 0.15625000
v 0.29687500 0.10132292 0.17187500
v 0.29687500 0.09704078 0.21875000
v 0.28903755 0.10937500 0.23437500
v 0.29687500 0.10123895 0.23437500
v 0.29687500 0.09625836 0.25000000
v 0.29687500 0.10154936 0.26562500
v 0.29687500 0.10156317 0.28125000
v 0.29687500 0.10155719 0.29687500
v 0.30459920 -0.09375000 0.15625000
v 0.31250000 -0.10088223 0.15625000
v 0.31250000 -0.09375000 0.14911772
v 0.31250000 -0.10156247 0.17187500
v 0.31250000 -0.10156250 0.18750000
v 0.31250000 -0.10156250 0.20312500
v 0.31250000 -0.10156250 0.21875000
v 0.31250000 -0.10155851 0.23437500
v 0.30470576 -0.09375000 0.25000000
v 0.31250000 -0.09375000 0.24220177
v 0.30463306 -0.09375000 0.26562500
v 0.31250000 -0.08593702 0.12500000
v 0.31250000 -0.07812500 0.11718798
v 0.31250000 -0.08593755 0.14062500
v 0.31250000 -0.08595576 0.25000000
v 0.31250000 -0.08593750 0.26562500
v 0.31250000 -0.08593750 0.28125000
v 0.30830451 -0.07812500 0.29687500
v 0.31250000 -0.07812500 0.29267951
v 0.30417649 -0.07812500 0.31250000
v 0.31250000 -0.07031250 0.10937500
v 0.31250000 -0.06250000 0.10156250
v 0.31250000 -0.07392951 0.29687500
v 0.31250000 -0.07031090 0.31250000
v 0.29891576 -0.06250000 0.32812500
v 0.31250000 -0.06250000 0.32031212
v 0.31250000 -0.05468473 0.09375000
v 0.31250000 -0.04687500 0.08594027
v 0.31250000 -0.05396472 0.32812500
v 0.31250000 -0.04687500 0.33521351
v 0.30345941 -0.03125000 0.07812500
v 0.31250000 -0.03125000 0.08593539
v 0.30485520 -0.03125000 0.32812500
v 0.31250000 -0.03961989 0.32812500
v 0.31250000 -0.03125000 0.32048020
v 0.31250000 -0.02263357 0.07812500
v 0.31250000 -0.01562500 0.07111852
v 0.30516421 -0.01562500 0.32812500
v 0.31250000 -0.01562500 0.32078921
v 0.30460017 -0.01562500 0.34375000
v 0.31250000 0.00000000 0.07040801
v 0.31250000 -0.00828816 0.32812500
v 0.31250000 0.00000000 0.33621770
v 0.31250000 0.00792016 0.07812500
v 0.31250000 0.01562500 0.08573437
v 0.31250000 0.01562500 0.33599325
v 0.31250000 0.03125000 0.08593721
v 0.31250000 0.03125000 0.33596087
v 0.31250000 0.04687500 0.08594982
v 0.31250000 0.04687500 0.33586531
v 0.31250000 0.05467518 0.09375000
v 0.31250000 0.06250000 0.10156250
v 0.31250000 0.05461529 0.32812500
v 0.31250000 0.06250000 0.31969907
v 0.31250000 0.07031250 0.10937500
v 0.31250000 0.07812500 0.11718758
v 0.30474935 0.07812500 0.29687500
v 0.31250000 0.07060158 0.29687500
v 0.31250000 0.07812500 0.28935140
v 0.31250000 0.06969906 0.31250000
v 0.31250000 0.08593742 0.12500000
v 0.31250000 0.08593823 0.14062500
v 0.31250000 0.09375000 0.14844057
v 0.31250000 0.08699682 0.18750000
v 0.31250000 0.09375000 0.17917445
v 0.31250000 0.08649308 0.20312500
v 0.30463419 0.09375000 0.21875000
v 0.31250000 0.09042363 0.21875000
v 0.31027391 0.09375000 0.23437500
v 0.31250000 0.09170768 0.23437500
v 0.29937909 0.09375000 0.25000000
v 0.31250000 0.08593752 0.25000000
v 0.30467478 0.09375000 0.26562500
v 0.31250000 0.08593829 0.26562500
v 0.30564131 0.09375000 0.28125000
v 0.31250000 0.08689116 0.28125000
v 0.30798162 0.09375000 0.29687500
v 0.31250000 0.10155870 0.15625000
v 0.31250000 0.10000401 0.17187500
v 0.32366341 -0.09375000 0.15625000
v 0.32812500 -0.10156126 0.17187500
v 0.32812500 -0.09375000 0.16017739
v 0.32812500 -0.10156200 0.18750000
v 0.32812500 -0.10156165 0.20312500
v 0.32101731 -0.09375000 0.21875000
v 0.32812500 -0.09375000 0.21164147
v 0.32030851 -0.09375000 0.23437500
v 0.32812500 -0.08593678 0.12500000
v 0.32812500 -0.07812500 0.11718822
v 0.32812500 -0.08593752 0.14062500
v 0.32812500 -0.08982354 0.15625000
v 0.32812500 -0.08664231 0.21875000
v 0.32812500 -0.08593750 0.23437500
v 0.32812500 -0.08593750 0.25000000
v 0.32812500 -0.08593471 0.26562500
v 0.32031409 -0.07812500 0.28125000
v 0.32812500 -0.07812500 0.27343630
v 0.32812500 -0.07031243 0.10937500
v 0.32812500 -0.06250000 0.10156257
v 0.32812500 -0.07031409 0.28125000
v 0.32812500 -0.06964724 0.29687500
v 0.32031094 -0.06250000 0.31250000
v 0.32812500 -0.06250000 0.30402229
v 0.32812500 -0.04766654 0.09375000
v 0.32812500 -0.04687500 0.09295846
v 0.32812500 -0.04744195 0.31250000
v 0.31958852 -0.04687500 0.32812500
v 0.32812500 -0.04687500 0.31306694
v 0.32812500 -0.03125000 0.08593750
v 0.32812500 -0.03125000 0.32020903
v 0.31950664 -0.01562500 0.07812500
v 0.32812500 -0.01562500 0.08593734
v 0.32812500 -0.01562500 0.31905730
v 0.32022625 0.00000000 0.07812500
v 0.32812500 0.00000000 0.08592824
v 0.32031145 0.00000000 0.32812500
v 0.32812500 0.00000000 0.32017293
v 0.32812500 0.01562500 0.08593745
v 0.32048472 0.01562500 0.32812500
v 0.32812500 0.01562500 0.32048429
v 0.32812500 0.03125000 0.08593750
v 0.32270953 0.03125000 0.32812500
v 0.32812500 0.03125000 0.32270934
v 0.32812500 0.04687500 0.08724400
v 0.32128582 0.04687500 0.32812500
v 0.32812500 0.04687500 0.32130639
v 0.32812500 0.05338100 0.09375000
v 0.32812500 0.06250000 0.10156250
v 0.31970299 0.06250000 0.31250000
v 0.32812500 0.05464013 0.31250000
v 0.32812500 0.06250000 0.29930915
v 0.32812500 0.07031250 0.10937500
v 0.32812500 0.07812500 0.11722364
v 0.32812500 0.06493218 0.29687500
v 0.32812500 0.07812500 0.28801020
v 0.32812500 0.08590136 0.12500000
v 0.32812500 0.08593750 0.14062500
v 0.32042204 0.09375000 0.15625000
v 0.32812500 0.08605084 0.15625000
v 0.32046989 0.09375000 0.17187500
v 0.32812500 0.08764650 0.17187500
v 0.32812500 0.08605921 0.18750000
v 0.32812500 0.08594750 0.20312500
v 0.32812500 0.08594399 0.21875000
v 0.32812500 0.08594021 0.23437500
v 0.32812500 0.08593639 0.25000000
v 0.32812500 0.08592494 0.26562500
v 0.32812500 0.08488500 0.28125000
v 0.33604285 -0.09375000 0.17187500
v 0.33594833 -0.09375000 0.18750000
v 0.33593665 -0.09375000 0.20312500
v 0.33605018 -0.07812500 0.12500000
v 0.34375000 -0.08593563 0.14062500
v 0.34375000 -0.07812500 0.13270098
v 0.34375000 -0.08593820 0.15625000
v 0.34375000 -0.08604408 0.17187500
v 0.34375000 -0.08594883 0.18750000
v 0.34375000 -0.08593750 0.20312500
v 0.34375000 -0.08593750 0.21875000
v 0.34375000 -0.08593750 0.23437500
v 0.34375000 -0.08588653 0.25000000
v 0.33593474 -0.07812500 0.26562500
v 0.34375000 -0.07812500 0.25776156
v 0.33639162 -0.06250000 0.10937500
v 0.34375000 -0.07042590 0.12500000
v 0.34375000 -0.06250000 0.11673331
v 0.34375000 -0.07031242 0.26562500
v 0.33594715 -0.06250000 0.28125000
v 0.34375000 -0.06250000 0.27344704
v 0.33527224 -0.06250000 0.29687500
v 0.32891654 -0.04687500 0.09375000
v 0.34375000 -0.05514169 0.10937500
v 0.34375000 -0.04687500 0.10156250
v 0.34375000 -0.05469700 0.28125000
v 0.33598994 -0.04687500 0.29687500
v 0.34375000 -0.04687500 0.28911479
v 0.32869194 -0.04687500 0.31250000
v 0.33649570 -0.03125000 0.09375000
v 0.34375000 -0.03125000 0.10100430
v 0.34375000 -0.03910178 0.29687500
v 0.33583425 -0.03125000 0.31250000
v 0.34375000 -0.03125000 0.30467456
v 0.34375000 -0.02399544 0.09375000
v 0.34375000 -0.01562500 0.08593776
v 0.33468230 -0.01562500 0.31250000
v 0.34375000 -0.01562500 0.30468744
v 0.34375000 0.00000000 0.08593750
v 0.33579794 0.00000000 0.31250000
v 0.34375000 0.00000000 0.30468678
v 0.34375000 0.01562500 0.08593751
v 0.33593840 0.01562500 0.31250000
v 0.34375000 0.01562500 0.30468882
v 0.34375000 0.03125000 0.08593971
v 0.33597285 0.03125000 0.31250000
v 0.34375000 0.03125000 0.30472306
v 0.33474007 0.04687500 0.09375000
v 0.34375000 0.03917223 0.09375000
v 0.34375000 0.04687500 0.10145056
v 0.33666385 0.04687500 0.29687500
v 0.34375000 0.03978887 0.29687500
v 0.34375000 0.04687500 0.28978884
v 0.33588618 0.04687500 0.31250000
v 0.34375000 0.06250000 0.10370511
v 0.33641414 0.06250000 0.28125000
v 0.34375000 0.05516419 0.28125000
v 0.34375000 0.06250000 0.27391424
v 0.33055708 0.06250000 0.29687500
v 0.34375000 0.06816989 0.10937500
v 0.33590176 0.07812500 0.12500000
v 0.34375000 0.07031290 0.12500000
v 0.34375000 0.07812500 0.13362227
v 0.33624161 0.07812500 0.25000000
v 0.34375000 0.07061772 0.25000000
v 0.34375000 0.07812500 0.24248942
v 0.33607771 0.07812500 0.26562500
v 0.34375000 0.07046526 0.26562500
v 0.33488546 0.07812500 0.28125000
v 0.34375000 0.08512733 0.14062500
v 0.34375000 0.08593749 0.15625000
v 0.34375000 0.08593751 0.17187500
v 0.34375000 0.08593915 0.18750000
v 0.34375000 0.08593776 0.20312500
v 0.34375000 0.08593748 0.21875000
v 0.34375000 0.08593419 0.23437500
v 0.35156063 -0.07812500 0.14062500
v 0.35156264 -0.07812500 0.15625000
v 0.35251830 -0.07812500 0.17187500
v 0.35937500 -0.08593669 0.18750000
v 0.35937500 -0.07812500 0.17873250
v 0.35937500 -0.08593734 0.20312500
v 0.35937500 -0.08593490 0.21875000
v 0.35221757 -0.07812500 0.23437500
v 0.35937500 -0.07812500 0.22721499
v 0.35151153 -0.07812500 0.25000000
v 0.35156250 -0.06250000 0.12500000
v 0.35498739 -0.06250000 0.14062500
v 0.35937500 -0.07031263 0.15625000
v 0.35937500 -0.06250000 0.14501261
v 0.35937500 -0.07126830 0.17187500
v 0.35937500 -0.07096757 0.23437500
v 0.35937500 -0.07031122 0.25000000
v 0.35156267 -0.06250000 0.26562500
v 0.35937500 -0.06250000 0.25781150
v 0.35156275 -0.04687500 0.10937500
v 0.35937500 -0.05468750 0.12500000
v 0.35937500 -0.04687500 0.11718726
v 0.35937500 -0.05811239 0.14062500
v 0.35937500 -0.05468652 0.26562500
v 0.35156270 -0.04687500 0.28125000
v 0.35937500 -0.04687500 0.27343660
v 0.35295889 -0.03125000 0.10937500
v 0.35937500 -0.03125000 0.11579111
v 0.35937500 -0.03902866 0.28125000
v 0.35154972 -0.03125000 0.29687500
v 0.35937500 -0.03125000 0.28902869
v 0.35156225 -0.01562500 0.09375000
v 0.35937500 -0.02482979 0.10937500
v 0.35937500 -0.01562500 0.10156673
v 0.35221396 -0.01562500 0.29687500
v 0.35937500 -0.01562500 0.28971400
v 0.35156255 0.00000000 0.09375000
v 0.35937500 0.00000000 0.10156595
v 0.35156238 0.00000000 0.29687500
v 0.35937500 0.00000000 0.28906302
v 0.35156249 0.01562500 0.09375000
v 0.35937500 0.01562500 0.10156257
v 0.35161765 0.01562500 0.29687500
v 0.35937500 0.01562500 0.28911766
v 0.35156029 0.03125000 0.09375000
v 0.35937500 0.03125000 0.10157516
v 0.35493669 0.03125000 0.29687500
v 0.35937500 0.03125000 0.29243670
v 0.35166937 0.04687500 0.10937500
v 0.35937500 0.03915671 0.10937500
v 0.35937500 0.04687500 0.11708141
v 0.35224605 0.04687500 0.28125000
v 0.35937500 0.03974609 0.28125000
v 0.35937500 0.04687500 0.27412110
v 0.34941989 0.06250000 0.10937500
v 0.35160454 0.06250000 0.12500000
v 0.35937500 0.05472877 0.12500000
v 0.35937500 0.06250000 0.13916810
v 0.35937500 0.06250000 0.27336384
v 0.35075234 0.07812500 0.14062500
v 0.35937500 0.06394275 0.14062500
v 0.35159300 0.07812500 0.15625000
v 0.35937500 0.07034280 0.15625000
v 0.35937500 0.07812500 0.16405793
v 0.35916637 0.07812500 0.23437500
v 0.35937500 0.07791654 0.23437500
v 0.35937500 0.07812500 0.23416509
v 0.35937500 0.07031261 0.25000000
v 0.35937500 0.07023884 0.26562500
v 0.35937500 0.08591156 0.17187500
v 0.35937500 0.08593723 0.18750000
v 0.35937500 0.08593511 0.20312500
v 0.35937500 0.08591002 0.21875000
v 0.36718669 -0.07812500 0.18750000
v 0.36718734 -0.07812500 0.20312500
v 0.36718491 -0.07812500 0.21875000
v 0.36718750 -0.06250000 0.15625000
v 0.37500000 -0.07029543 0.17187500
v 0.37500000 -0.06250000 0.16407957
v 0.37500000 -0.07031250 0.18750000
v 0.37500000 -0.07031162 0.20312500
v 0.37500000 -0.07030965 0.21875000
v 0.37500000 -0.07013198 0.23437500
v 0.36718653 -0.06250000 0.25000000
v 0.37500000 -0.06250000 0.24200729
v 0.36718749 -0.04687500 0.12500000
v 0.36826224 -0.04687500 0.14062500
v 0.37500000 -0.05468749 0.15625000
v 0.37500000 -0.04687500 0.14736278
v 0.37500000 -0.05458395 0.25000000
v 0.36718694 -0.04687500 0.26562500
v 0.37500000 -0.04687500 0.25770934
v 0.36743420 -0.03125000 0.12500000
v 0.37500000 -0.04013724 0.14062500
v 0.37500000 -0.03125000 0.13256580
v 0.36720622 -0.03125000 0.26562500
v 0.37500000 -0.03125000 0.25783062
v 0.36715330 -0.03125000 0.28125000
v 0.36718326 -0.01562500 0.10937500
v 0.36877293 -0.01562500 0.12500000
v 0.37500000 -0.01562500 0.13122707
v 0.36759507 -0.01562500 0.26562500
v 0.37500000 -0.01562500 0.25821974
v 0.36718754 -0.01562500 0.28125000
v 0.36718400 0.00000000 0.10937500
v 0.37214813 0.00000000 0.12500000
v 0.37500000 0.00000000 0.12785187
v 0.37500000 -0.00151153 0.26562500
v 0.36718751 0.00000000 0.28125000
v 0.37500000 0.00000000 0.26699986
v 0.36718743 0.01562500 0.10937500
v 0.37500000 0.00285271 0.12500000
v 0.37500000 0.01562500 0.11718889
v 0.36719590 0.01562500 0.28125000
v 0.37500000 0.01562500 0.27344488
v 0.36717484 0.03125000 0.10937500
v 0.36739852 0.03125000 0.12500000
v 0.37500000 0.02364713 0.12500000
v 0.37500000 0.03125000 0.13260193
v 0.37042747 0.03125000 0.28125000
v 0.37500000 0.03125000 0.27667739
v 0.36718673 0.04687500 0.12500000
v 0.36718984 0.04687500 0.14062500
v 0.37500000 0.03906440 0.14062500
v 0.37500000 0.04687500 0.14896267
v 0.37500000 0.04687500 0.27060806
v 0.36081775 0.06250000 0.14062500
v 0.36718730 0.06250000 0.15625000
v 0.37500000 0.05416002 0.15625000
v 0.36816790 0.06250000 0.17187500
v 0.37500000 0.05566789 0.17187500
v 0.37500000 0.06250000 0.17871148
v 0.36711500 0.06250000 0.26562500
v 0.37500000 0.05185907 0.26562500
v 0.37500000 0.06250000 0.25718969
v 0.36716156 0.07812500 0.17187500
v 0.36719095 0.07812500 0.18750000
v 0.37500000 0.07031178 0.18750000
v 0.36718738 0.07812500 0.20312500
v 0.37500000 0.07031477 0.20312500
v 0.36716068 0.07812500 0.21875000
v 0.37500000 0.07031315 0.21875000
v 0.37500000 0.07031269 0.23437500
v 0.37500000 0.06968854 0.25000000
v 0.38279543 -0.06250000 0.17187500
v 0.38281250 -0.06250000 0.18750000
v 0.38281162 -0.06250000 0.20312500
v 0.38280964 -0.06250000 0.21875000
v 0.38263198 -0.06250000 0.23437500
v 0.38281251 -0.04687500 0.15625000
v 0.39062500 -0.05432513 0.17187500
v 0.39062500 -0.04687500 0.16442485
v 0.39062500 -0.05324312 0.18750000
v 0.38281403 -0.04687500 0.20312500
v 0.39062500 -0.04687500 0.19386960
v 0.38281252 -0.04687500 0.21875000
v 0.38281257 -0.04687500 0.23437500
v 0.38270864 -0.04687500 0.25000000
v 0.38306901 -0.03125000 0.14062500
v 0.39062500 -0.03805174 0.15625000
v 0.39062500 -0.03125000 0.14919499
v 0.39062500 -0.03894023 0.20312500
v 0.39062500 -0.03319849 0.21875000
v 0.38369348 -0.03125000 0.23437500
v 0.39062500 -0.03125000 0.22111870
v 0.38281190 -0.03125000 0.25000000
v 0.38281295 -0.01562500 0.14062500
v 0.39062500 -0.01562500 0.14848112
v 0.38378584 -0.01562500 0.23437500
v 0.39062500 -0.01562500 0.22700819
v 0.38281217 -0.01562500 0.25000000
v 0.38281500 0.00000000 0.14062500
v 0.39062500 0.00000000 0.14843500
v 0.39062500 -0.00660321 0.23437500
v 0.38281246 0.00000000 0.25000000
v 0.39062500 0.00000000 0.24004617
v 0.37637483 0.00000000 0.26562500
v 0.38281111 0.01562500 0.12500000
v 0.39062500 0.00835829 0.14062500
v 0.39062500 0.01562500 0.13336077
v 0.38356503 0.01562500 0.25000000
v 0.39062500 0.01562500 0.24293841
v 0.38281148 0.01562500 0.26562500
v 0.38281209 0.03125000 0.14062500
v 0.39062500 0.02288926 0.14062500
v 0.38351292 0.03125000 0.15625000
v 0.39062500 0.02413790 0.15625000
v 0.39062500 0.03125000 0.16339307
v 0.39062500 0.02271791 0.25000000
v 0.38281271 0.03125000 0.26562500
v 0.39062500 0.03125000 0.25777958
v 0.38228500 0.04687500 0.15625000
v 0.38281369 0.04687500 0.17187500
v 0.39062500 0.03903247 0.17187500
v 0.39062500 0.04687500 0.18129465
v 0.38286633 0.04687500 0.25000000
v 0.39062500 0.03908310 0.25000000
v 0.39062500 0.04687500 0.24223745
v 0.37998306 0.04687500 0.26562500
v 0.38280806 0.06250000 0.18750000
v 0.39062500 0.05307921 0.18750000
v 0.38299799 0.06250000 0.20312500
v 0.39062500 0.05486695 0.20312500
v 0.38374632 0.06250000 0.21875000
v 0.39062500 0.05562075 0.21875000
v 0.38289721 0.06250000 0.23437500
v 0.39062500 0.05476835 0.23437500
v 0.38218854 0.06250000 0.25000000
v 0.39807513 -0.04687500 0.17187500
v 0.39699312 -0.04687500 0.18750000
v 0.39742671 -0.03125000 0.15625000
v 0.39842781 -0.03125000 0.17187500
v 0.39843745 -0.03125000 0.18750000
v 0.39831369 -0.03125000 0.20312500
v 0.39257348 -0.03125000 0.21875000
v 0.39839343 -0.01562500 0.15625000
v 0.39843750 -0.01562500 0.17187500
v 0.39845330 -0.01562500 0.18750000
v 0.40625000 -0.02123485 0.20312500
v 0.40625000 -0.01562500 0.19750060
v 0.39790607 -0.01562500 0.21875000
v 0.40625000 -0.01562500 0.20873485
v 0.39843751 0.00000000 0.15625000
v 0.40625000 -0.00575232 0.17187500
v 0.40625000 0.00000000 0.16612267
v 0.40625000 -0.00656184 0.18750000
v 0.39979620 0.00000000 0.20312500
v 0.40625000 -0.00869997 0.20312500
v 0.40625000 0.00000000 0.19540783
v 0.39850404 0.00000000 0.21875000
v 0.39629616 0.00000000 0.23437500
v 0.39788923 0.01562500 0.14062500
v 0.39845140 0.01562500 0.15625000
v 0.39884443 0.01562500 0.17187500
v 0.40625000 0.00613622 0.17187500
v 0.39937106 0.01562500 0.18750000
v 0.40625000 0.00747344 0.18750000
v 0.39848637 0.01562500 0.20312500
v 0.39843864 0.01562500 0.21875000
v 0.39843589 0.01562500 0.23437500
v 0.39840627 0.03125000 0.17187500
v 0.39843745 0.03125000 0.18750000
v 0.39843705 0.03125000 0.20312500
v 0.39843739 0.03125000 0.21875000
v 0.39843686 0.03125000 0.23437500
v 0.39840427 0.03125000 0.25000000
v 0.39682921 0.04687500 0.18750000
v 0.39843149 0.04687500 0.20312500
v 0.39843701 0.04687500 0.21875000
v 0.39843376 0.04687500 0.23437500
v 0.41185985 -0.01562500 0.20312500
v 0.41200232 0.00000000 0.17187500
v 0.41279645 0.00000000 0.18750000
v -0.36662097 -0.01562500 0.03125000
v -0.35937500 -0.02287094 0.03125000
v -0.35937500 -0.01562500 0.02400398
v -0.36718631 -0.01562500 0.04687500
v -0.35937500 -0.02343881 0.04687500
v -0.35937500 -0.01562500 0.05524445
v -0.37226481 0.00000000 0.03125000
v -0.35937500 0.00000000 0.02343746
v -0.36718917 0.00000000 0.04687500
v -0.36708626 0.00000000 0.06250000
v -0.35937500 -0.00826982 0.06250000
v -0.35937500 0.00000000 0.07021126
v -0.36711303 0.01562500 0.03125000
v -0.35937500 0.01562500 0.02351200
v -0.36718330 0.01562500 0.04687500
v -0.35937500 0.00772212 0.06250000
v -0.35937500 0.01562500 0.05469416
v -0.35937500 0.02336300 0.03125000
v -0.35937500 0.02343330 0.04687500
v -0.34868383 -0.14062500 -0.26562500
v -0.34375000 -0.14555931 -0.26562500
v -0.34375000 -0.14062500 -0.27059682
v -0.34375000 -0.14062500 -0.25913254
v -0.34770185 -0.14062500 -0.23437500
v -0.34375000 -0.14459048 -0.23437500
v -0.34375000 -0.14062500 -0.23973066
v -0.34375000 -0.14062500 -0.23007915
v -0.34375000 -0.13566282 -0.26562500
v -0.34375000 -0.13655422 -0.23437500
v -0.35156094 -0.03125000 0.06250000
v -0.34375000 -0.03906094 0.06250000
v -0.34375000 -0.03125000 0.04763387
v -0.34797229 -0.03125000 0.07812500
v -0.34375000 -0.03547229 0.07812500
v -0.34375000 -0.03125000 0.08234730
v -0.34375000 -0.02343264 0.03125000
v -0.34375000 -0.01562500 0.02343956
v -0.34375000 -0.03049141 0.04687500
v -0.35212063 -0.01562500 0.06250000
v -0.35156242 -0.01562500 0.07812500
v -0.34375000 -0.01562500 0.08593888
v -0.34375000 0.00000000 0.02342372
v -0.35155681 0.00000000 0.07812500
v -0.34375000 0.00000000 0.08593181
v -0.34375000 0.01562500 0.02346229
v -0.35157335 0.01562500 0.06250000
v -0.34375000 0.00847996 0.07812500
v -0.34375000 0.01562500 0.07098560
v -0.34375000 0.02341647 0.03125000
v -0.34940226 0.03125000 0.04687500
v -0.34375000 0.03125000 0.04121923
v -0.34375000 0.02368138 0.06250000
v -0.34375000 0.03125000 0.05275446
v -0.34375000 0.03690225 0.04687500
v -0.33593785 -0.15625000 -0.26562500
v -0.32812500 -0.16406229 -0.26562500
v -0.32812500 -0.15625000 -0.27355338
v -0.33593648 -0.15625000 -0.25000000
v -0.32812500 -0.16406123 -0.25000000
v -0.33595542 -0.15625000 -0.23437500
v -0.32812500 -0.16406240 -0.23437500
v -0.33560568 -0.15625000 -0.21875000
v -0.32812500 -0.16373068 -0.21875000
v -0.32812500 -0.15625000 -0.21126874
v -0.33598136 -0.14062500 -0.28125000
v -0.32812500 -0.14855358 -0.28125000
v -0.32812500 -0.14062500 -0.28906349
v -0.33759960 -0.14062500 -0.25000000
v -0.33637992 -0.14062500 -0.21875000
v -0.33593750 -0.14062500 -0.20312500
v -0.32812500 -0.14843808 -0.20312500
v -0.33554426 -0.14062500 -0.18750000
v -0.32812500 -0.14804426 -0.18750000
v -0.32812500 -0.14062500 -0.18007413
v -0.33594015 -0.12500000 -0.28125000
v -0.32812500 -0.12500000 -0.28906600
v -0.33597025 -0.12500000 -0.26562500
v -0.33598210 -0.12500000 -0.25000000
v -0.33609331 -0.12500000 -0.23437500
v -0.33700899 -0.12500000 -0.21875000
v -0.33593903 -0.12500000 -0.20312500
v -0.33593750 -0.12500000 -0.18750000
v -0.33593719 -0.12500000 -0.17187500
v -0.32812500 -0.13281881 -0.17187500
v -0.33375271 -0.12500000 -0.15625000
v -0.32812500 -0.13062771 -0.15625000
v -0.32812500 -0.12500000 -0.15059003
v -0.33552777 -0.10937500 -0.28125000
v -0.32812500 -0.10937500 -0.28865278
v -0.33593720 -0.10937500 -0.26562500
v -0.33593744 -0.10937500 -0.25000000
v -0.33593731 -0.10937500 -0.23437500
v -0.33593623 -0.10937500 -0.21875000
v -0.33593749 -0.10937500 -0.20312500
v -0.33593750 -0.10937500 -0.18750000
v -0.33593747 -0.10937500 -0.17187500
v -0.33592985 -0.10937500 -0.15625000
v -0.33132305 -0.10937500 -0.14062500
v -0.32812500 -0.11259587 -0.14062500
v -0.32812500 -0.10937500 -0.13742073
v -0.32812500 -0.10197223 -0.28125000
v -0.32812500 -0.10156275 -0.26562500
v -0.32812500 -0.10156218 -0.25000000
v -0.32812500 -0.10156268 -0.23437500
v -0.32812500 -0.10156376 -0.21875000
v -0.32812500 -0.10156244 -0.20312500
v -0.32812500 -0.10156242 -0.18750000
v -0.32812500 -0.10156146 -0.17187500
v -0.32812500 -0.10154026 -0.15625000
v -0.32812500 -0.10605779 -0.14062500
v -0.34296559 -0.03125000 0.04687500
v -0.32812500 -0.03892495 0.04687500
v -0.32812500 -0.03125000 0.03919924
v -0.32812500 -0.03907864 0.06250000
v -0.32812500 -0.03906951 0.07812500
v -0.33593481 -0.03125000 0.09375000
v -0.32812500 -0.03905981 0.09375000
v -0.32812500 -0.03125000 0.10155983
v -0.32812500 -0.02342866 0.03125000
v -0.32812500 -0.01562500 0.02344656
v -0.33593897 -0.01562500 0.09375000
v -0.32812500 -0.01562500 0.10156255
v -0.32812500 0.00000000 0.02342537
v -0.33593643 0.00000000 0.09375000
v -0.32812500 0.00000000 0.10156143
v -0.32812500 0.01562500 0.02345188
v -0.33661061 0.01562500 0.07812500
v -0.32812500 0.01517248 0.09375000
v -0.32812500 0.01562500 0.09329760
v -0.32812500 0.02344726 0.03125000
v -0.32812500 0.03125000 0.03904342
v -0.33618136 0.03125000 0.06250000
v -0.33575632 0.03125000 0.07812500
v -0.32812500 0.03125000 0.08575653
v -0.32812500 0.03999702 0.04687500
v -0.32812500 0.03929681 0.06250000
v -0.32812500 0.03888138 0.07812500
v -0.33556593 0.09375000 -0.14062500
v -0.32812500 0.08630907 -0.14062500
v -0.32812500 0.09375000 -0.14863811
v -0.33589992 0.09375000 -0.12500000
v -0.32812500 0.08597508 -0.12500000
v -0.32812500 0.09375000 -0.11710227
v -0.33139681 0.10937500 -0.25000000
v -0.32812500 0.10610319 -0.25000000
v -0.32812500 0.10937500 -0.25355935
v -0.33591725 0.10937500 -0.23437500
v -0.32812500 0.10158276 -0.23437500
v -0.33593880 0.10937500 -0.21875000
v -0.32812500 0.10156261 -0.21875000
v -0.33593974 0.10937500 -0.20312500
v -0.32812500 0.10156210 -0.20312500
v -0.33593712 0.10937500 -0.18750000
v -0.32812500 0.10156268 -0.18750000
v -0.33030882 0.10937500 -0.17187500
v -0.32812500 0.10719115 -0.17187500
v -0.33578458 0.10937500 -0.15625000
v -0.32812500 0.10114334 -0.15625000
v -0.33592452 0.10937500 -0.14062500
v -0.33593422 0.10937500 -0.12500000
v -0.32812500 0.10937500 -0.10997461
v -0.33593667 0.12500000 -0.28125000
v -0.32812500 0.11718033 -0.28125000
v -0.32812500 0.12500000 -0.28908069
v -0.33595324 0.12500000 -0.26562500
v -0.32812500 0.11676686 -0.26562500
v -0.33642575 0.12500000 -0.25000000
v -0.33743478 0.12500000 -0.23437500
v -0.33851964 0.12500000 -0.21875000
v -0.33732064 0.12500000 -0.20312500
v -0.33593764 0.12500000 -0.18750000
v -0.33587064 0.12500000 -0.17187500
v -0.33494215 0.12500000 -0.15625000
v -0.33541149 0.12500000 -0.14062500
v -0.32812500 0.11739243 -0.12500000
v -0.32812500 0.12500000 -0.13313088
v -0.33593750 0.14062500 -0.28125000
v -0.32812500 0.14062500 -0.29003971
v -0.33596163 0.14062500 -0.26562500
v -0.34009785 0.14062500 -0.25000000
v -0.33879572 0.14062500 -0.23437500
v -0.33750297 0.14062500 -0.21875000
v -0.33598294 0.14062500 -0.20312500
v -0.33525921 0.14062500 -0.18750000
v -0.32812500 0.13303228 -0.17187500
v -0.32812500 0.14062500 -0.18008047
v -0.32812500 0.13181733 -0.15625000
v -0.32812500 0.13228649 -0.14062500
v -0.33482790 0.15625000 -0.28125000
v -0.32812500 0.15625000 -0.28795290
v -0.33593749 0.15625000 -0.26562500
v -0.33618860 0.15625000 -0.25000000
v -0.33598421 0.15625000 -0.23437500
v -0.33593771 0.15625000 -0.21875000
v -0.33589361 0.15625000 -0.20312500
v -0.32812500 0.14775958 -0.18750000
v -0.32812500 0.15625000 -0.19535602
v -0.32812500 0.16295290 -0.28125000
v -0.32812500 0.16407968 -0.26562500
v -0.33593172 0.17187500 -0.25000000
v -0.32812500 0.17187500 -0.25782391
v -0.33542079 0.17187500 -0.23437500
v -0.32812500 0.16408535 -0.21875000
v -0.32812500 0.17187500 -0.22705641
v -0.32812500 0.16401861 -0.20312500
v -0.32812500 0.17968172 -0.25000000
v -0.32812500 0.17917079 -0.23437500
v -0.31999046 -0.17187500 -0.26562500
v -0.31250000 -0.17936546 -0.26562500
v -0.31250000 -0.17187500 -0.27311548
v -0.32031208 -0.17187500 -0.25000000
v -0.31250000 -0.17968759 -0.25000000
v -0.31855391 -0.17187500 -0.23437500
v -0.31250000 -0.17792891 -0.23437500
v -0.31250000 -0.17187500 -0.22832109
v -0.32042857 -0.15625000 -0.28125000
v -0.31250000 -0.16406250 -0.28125000
v -0.31250000 -0.15625000 -0.28907066
v -0.31250000 -0.16406247 -0.21875000
v -0.32018262 -0.15625000 -0.20312500
v -0.31250000 -0.16393204 -0.20312500
v -0.31250000 -0.15625000 -0.19543975
v -0.32021087 -0.14062500 -0.29687500
v -0.31250000 -0.14834304 -0.29687500
v -0.31250000 -0.14062500 -0.30458487
v -0.31250000 -0.14844071 -0.18750000
v -0.32031912 -0.14062500 -0.17187500
v -0.31250000 -0.14843750 -0.17187500
v -0.32031247 -0.14062500 -0.15625000
v -0.31250000 -0.14843747 -0.15625000
v -0.32026898 -0.14062500 -0.14062500
v -0.31250000 -0.14839398 -0.14062500
v -0.31250000 -0.14062500 -0.13285594
v -0.32026381 -0.12500000 -0.29687500
v -0.31250000 -0.12500000 -0.30463531
v -0.32034746 -0.12500000 -0.14062500
v -0.32031252 -0.12500000 -0.12500000
v -0.31250000 -0.13281258 -0.12500000
v -0.31932807 -0.12500000 -0.10937500
v -0.31250000 -0.13182807 -0.10937500
v -0.31250000 -0.12500000 -0.10254693
v -0.32023475 -0.10937500 -0.29687500
v -0.31250000 -0.10937500 -0.30460973
v -0.32032205 -0.10937500 -0.12500000
v -0.32031087 -0.10937500 -0.10937500
v -0.31250000 -0.10937500 -0.10156003
v -0.31250000 -0.10163267 -0.29687500
v -0.31308412 -0.09375000 -0.28125000
v -0.31250000 -0.09375000 -0.28183521
v -0.31980155 -0.09375000 -0.26562500
v -0.31250000 -0.09698841 -0.25000000
v -0.31250000 -0.09375000 -0.25358762
v -0.31250000 -0.10142423 -0.23437500
v -0.31250000 -0.10154286 -0.21875000
v -0.31612096 -0.09375000 -0.20312500
v -0.31250000 -0.09375000 -0.20675991
v -0.32031200 -0.09375000 -0.18750000
v -0.32031357 -0.09375000 -0.17187500
v -0.32034239 -0.09375000 -0.15625000
v -0.32049301 -0.09375000 -0.14062500
v -0.32031268 -0.09375000 -0.12500000
v -0.32026186 -0.09375000 -0.10937500
v -0.31250000 -0.09375000 -0.10161303
v -0.31250000 -0.09316588 -0.28125000
v -0.31250000 -0.08644850 -0.26562500
v -0.31250000 -0.09012909 -0.20312500
v -0.31250000 -0.08593809 -0.18750000
v -0.31250000 -0.08593750 -0.17187500
v -0.31250000 -0.08593748 -0.15625000
v -0.31250000 -0.08593312 -0.14062500
v -0.31250000 -0.08593019 -0.12500000
v -0.31250000 -0.08598783 -0.10937500
v -0.31921178 -0.06250000 0.00000000
v -0.31250000 -0.06960374 0.00000000
v -0.31250000 -0.06250000 -0.00676153
v -0.31803798 -0.06250000 0.01562500
v -0.31250000 -0.06809894 0.01562500
v -0.31946456 -0.06250000 0.03125000
v -0.31250000 -0.06946514 0.03125000
v -0.31410460 -0.06250000 0.04687500
v -0.31250000 -0.06410460 0.04687500
v -0.31250000 -0.06250000 0.04848144
v -0.31995664 -0.04687500 0.00000000
v -0.31250000 -0.04687500 -0.01076963
v -0.31873862 -0.04687500 0.01562500
v -0.31466352 -0.04687500 0.03125000
v -0.31250000 -0.06041702 0.04687500
v -0.31250000 -0.04687500 0.03402555
v -0.32027050 -0.04687500 0.07812500
v -0.31250000 -0.05463849 0.07812500
v -0.31250000 -0.04687500 0.07011741
v -0.32022917 -0.04687500 0.09375000
v -0.31250000 -0.05460416 0.09375000
v -0.31250000 -0.04687500 0.10404278
v -0.31250000 -0.03560437 0.00000000
v -0.31854115 -0.03125000 0.01562500
v -0.31250000 -0.03125000 0.00560581
v -0.32029943 -0.03125000 0.03125000
v -0.31250000 -0.04020878 0.04687500
v -0.31250000 -0.03930655 0.06250000
v -0.32031242 -0.03125000 0.10937500
v -0.31250000 -0.04161738 0.10937500
v -0.31250000 -0.03125000 0.11731340
v -0.31965713 -0.01562500 0.00000000
v -0.31250000 -0.02664969 0.00000000
v -0.31250000 -0.01562500 -0.00715718
v -0.32030787 -0.01562500 0.01562500
v -0.32031245 -0.01562500 0.10937500
v -0.31250000 -0.01562500 0.11718740
v -0.31792374 0.00000000 0.00000000
v -0.31250000 0.00000000 -0.00543396
v -0.32032359 0.00000000 0.01562500
v -0.32000543 0.00000000 0.10937500
v -0.31250000 0.00000000 0.11688043
v -0.31250000 0.00749526 0.00000000
v -0.32030418 0.01562500 0.01562500
v -0.31250000 0.01562500 0.00572278
v -0.32767260 0.01562500 0.09375000
v -0.31271266 0.01562500 0.10937500
v -0.31250000 0.01562500 0.10958766
v -0.32030426 0.03125000 0.01562500
v -0.31250000 0.03125000 0.00470242
v -0.32033677 0.03125000 0.03125000
v -0.32031271 0.03125000 0.09375000
v -0.32029469 0.03125000 0.10937500
v -0.31250000 0.03125000 0.11716969
v -0.32027010 0.04687500 0.01562500
v -0.31250000 0.04687500 0.00707849
v -0.32031309 0.04687500 0.03125000
v -0.32125214 0.04687500 0.04687500
v -0.32054685 0.04687500 0.06250000
v -0.32031257 0.04687500 0.07812500
v -0.32031246 0.04687500 0.09375000
v -0.31250000 0.03922727 0.10937500
v -0.31250000 0.04687500 0.10174504
v -0.32004489 0.06250000 0.01562500
v -0.31250000 0.06250000 0.00798564
v -0.32031226 0.06250000 0.03125000
v -0.32031250 0.06250000 0.04687500
v -0.32031250 0.06250000 0.06250000
v -0.32031163 0.06250000 0.07812500
v -0.31250000 0.05468751 0.09375000
v -0.31250000 0.06250000 0.08593667
v -0.31570535 0.07812500 -0.14062500
v -0.31250000 0.07491965 -0.14062500
v -0.31250000 0.07812500 -0.14383038
v -0.32029842 0.07812500 -0.12500000
v -0.31250000 0.07032658 -0.12500000
v -0.31887952 0.07812500 -0.10937500
v -0.31250000 0.07174548 -0.10937500
v -0.31250000 0.07812500 -0.10299059
v -0.31250000 0.07004496 0.01562500
v -0.31250000 0.07031456 0.03125000
v -0.31250000 0.07033950 0.04687500
v -0.31250000 0.07031303 0.06250000
v -0.31250000 0.07031163 0.07812500
v -0.31949327 0.09375000 -0.18750000
v -0.31250000 0.08675692 -0.18750000
v -0.31250000 0.09375000 -0.19604257
v -0.32031235 0.09375000 -0.17187500
v -0.31250000 0.08593772 -0.17187500
v -0.32088398 0.09375000 -0.15625000
v -0.31250000 0.08593746 -0.15625000
v -0.32043530 0.09375000 -0.10937500
v -0.32031246 0.09375000 -0.09375000
v -0.31250000 0.08593248 -0.09375000
v -0.31250000 0.09375000 -0.08588301
v -0.32031190 0.10937500 -0.29687500
v -0.31250000 0.10156305 -0.29687500
v -0.31250000 0.10937500 -0.30468690
v -0.32032050 0.10937500 -0.28125000
v -0.31250000 0.10155267 -0.28125000
v -0.32073314 0.10937500 -0.26562500
v -0.31250000 0.10150435 -0.26562500
v -0.31250000 0.10152870 -0.25000000
v -0.31250000 0.10155880 -0.23437500
v -0.31250000 0.10152868 -0.21875000
v -0.31250000 0.10002805 -0.20312500
v -0.32752588 0.10937500 -0.10937500
v -0.32029260 0.10937500 -0.09375000
v -0.31250000 0.10937500 -0.08595739
v -0.32033152 0.12500000 -0.29687500
v -0.31250000 0.12500000 -0.30468835
v -0.32052070 0.12500000 -0.12500000
v -0.32031229 0.12500000 -0.10937500
v -0.31250000 0.11724657 -0.09375000
v -0.31250000 0.12500000 -0.10148380
v -0.32128971 0.14062500 -0.29687500
v -0.31250000 0.14062500 -0.30468761
v -0.32059907 0.14062500 -0.17187500
v -0.32031267 0.14062500 -0.15625000
v -0.32018463 0.14062500 -0.14062500
v -0.31250000 0.13291492 -0.12500000
v -0.31250000 0.14062500 -0.13283796
v -0.31250000 0.13281225 -0.10937500
v -0.32029326 0.15625000 -0.29687500
v -0.31250000 0.15625000 -0.30466826
v -0.32013098 0.15625000 -0.18750000
v -0.31250000 0.14844843 -0.17187500
v -0.31250000 0.15625000 -0.17985847
v -0.31250000 0.14843749 -0.15625000
v -0.31250000 0.14830963 -0.14062500
v -0.31250000 0.16404326 -0.29687500
v -0.31978773 0.17187500 -0.28125000
v -0.31250000 0.17187500 -0.28853773
v -0.32032969 0.17187500 -0.26562500
v -0.31250000 0.16435245 -0.21875000
v -0.31250000 0.17187500 -0.22627283
v -0.31250000 0.16406250 -0.20312500
v -0.31250000 0.16388061 -0.18750000
v -0.31250000 0.17916273 -0.28125000
v -0.31250000 0.17968750 -0.26562500
v -0.31250000 0.17968752 -0.25000000
v -0.31250000 0.17968722 -0.23437500
v -0.30440872 -0.17187500 -0.28125000
v -0.29687500 -0.17940870 -0.28125000
v -0.29687500 -0.17187500 -0.28878374
v -0.29687500 -0.17968911 -0.26562500
v -0.29687500 -0.18160257 -0.25000000
v -0.29687500 -0.17716759 -0.23437500
v -0.29687500 -0.17187500 -0.22908240
v -0.30432664 -0.15625000 -0.29687500
v -0.29687500 -0.16369353 -0.29687500
v -0.29687500 -0.15625000 -0.30431849
v -0.29687500 -0.16406238 -0.21875000
v -0.29687500 -0.16331783 -0.20312500
v -0.29687500 -0.15625000 -0.19470937
v -0.29687500 -0.14062500 -0.30468762
v -0.29687500 -0.14977545 -0.18750000
v -0.29687500 -0.14843750 -0.17187500
v -0.29687500 -0.14843750 -0.15625000
v -0.29687500 -0.14843748 -0.14062500
v -0.30468651 -0.14062500 -0.12500000
v -0.29687500 -0.14843643 -0.12500000
v -0.29687500 -0.14062500 -0.11712293
v -0.29687500 -0.12500000 -0.30468732
v -0.29687500 -0.13287814 -0.10937500
v -0.30465688 -0.12500000 -0.09375000
v -0.29687500 -0.13278188 -0.09375000
v -0.29687500 -0.12500000 -0.08595069
v -0.29687500 -0.10937500 -0.30468718
v -0.30469159 -0.10937500 -0.09375000
v -0.29687500 -0.10937500 -0.08409831
v -0.30444192 -0.09375000 -0.29687500
v -0.29687500 -0.09375000 -0.30443433
v -0.30923892 -0.09375000 -0.25000000
v -0.30346084 -0.09375000 -0.23437500
v -0.29687500 -0.10060269 -0.21875000
v -0.29687500 -0.09375000 -0.22697262
v -0.29687500 -0.09375000 -0.20995115
v -0.30468761 -0.09375000 -0.09375000
v -0.30369547 -0.09375000 -0.07812500
v -0.29687500 -0.10243576 -0.07812500
v -0.29687500 -0.09375000 -0.07130390
v -0.30465202 -0.09375000 0.00000000
v -0.29687500 -0.10152702 0.00000000
v -0.29687500 -0.09375000 -0.00986672
v -0.30318856 -0.09375000 0.01562500
v -0.29687500 -0.10006356 0.01562500
v -0.29687500 -0.09375000 0.02194738
v -0.29687500 -0.08619066 -0.29687500
v -0.29687500 -0.08593756 -0.28125000
v -0.29687500 -0.08593780 -0.26562500
v -0.29687500 -0.08597191 -0.25000000
v -0.29687500 -0.08729865 -0.23437500
v -0.29687500 -0.08785393 -0.20312500
v -0.29687500 -0.08593751 -0.18750000
v -0.29687500 -0.08593734 -0.17187500
v -0.29687500 -0.08433888 -0.15625000
v -0.30468102 -0.07812500 -0.14062500
v -0.29687500 -0.07812500 -0.15002570
v -0.30469465 -0.07812500 -0.12500000
v -0.30468709 -0.07812500 -0.10937500
v -0.30463046 -0.07812500 -0.09375000
v -0.30443140 -0.07812500 -0.07812500
v -0.30376440 -0.07812500 -0.06250000
v -0.29687500 -0.08501503 -0.06250000
v -0.30468263 -0.07812500 -0.04687500
v -0.29687500 -0.08593266 -0.04687500
v -0.30468679 -0.07812500 -0.03125000
v -0.29687500 -0.08594125 -0.03125000
v -0.30468753 -0.07812500 -0.01562500
v -0.29687500 -0.08802471 -0.01562500
v -0.30508454 -0.07812500 0.00000000
v -0.30475393 -0.07812500 0.01562500
v -0.30468809 -0.07812500 0.03125000
v -0.29687500 -0.08594665 0.03125000
v -0.30468752 -0.07812500 0.04687500
v -0.29687500 -0.08593750 0.04687500
v -0.30468737 -0.07812500 0.06250000
v -0.29687500 -0.08593737 0.06250000
v -0.29687500 -0.07812500 0.07234015
v -0.29687500 -0.07032337 -0.14062500
v -0.29687500 -0.07031266 -0.12500000
v -0.29687500 -0.07031322 -0.10937500
v -0.29687500 -0.07036954 -0.09375000
v -0.29687500 -0.07056860 -0.07812500
v -0.29687500 -0.07123349 -0.06250000
v -0.30454442 -0.06250000 -0.04687500
v -0.29687500 -0.06250000 -0.05454657
v -0.30468748 -0.06250000 -0.03125000
v -0.30473821 -0.06250000 -0.01562500
v -0.30469251 -0.06250000 0.06250000
v -0.30468743 -0.06250000 0.07812500
v -0.29687500 -0.07234021 0.07812500
v -0.30020623 -0.06250000 0.09375000
v -0.29687500 -0.06583123 0.09375000
v -0.29687500 -0.06250000 0.09708183
v -0.29687500 -0.05482529 -0.04687500
v -0.30468701 -0.04687500 -0.03125000
v -0.29687500 -0.04687500 -0.03906730
v -0.30794434 -0.04687500 -0.01562500
v -0.30583402 -0.04687500 0.04687500
v -0.30493155 -0.04687500 0.06250000
v -0.30724240 -0.04687500 0.10937500
v -0.29687500 -0.05468832 0.10937500
v -0.30402467 -0.04687500 0.12500000
v -0.29687500 -0.05402464 0.12500000
v -0.29687500 -0.04687500 0.13214971
v -0.30351344 -0.03125000 -0.03125000
v -0.29687500 -0.03125000 -0.03788844
v -0.30469150 -0.03125000 -0.01562500
v -0.30842611 -0.03125000 0.00000000
v -0.30481349 -0.03125000 0.12500000
v -0.29687500 -0.03125000 0.13746464
v -0.29687500 -0.02460678 -0.03125000
v -0.30468741 -0.01562500 -0.01562500
v -0.29687500 -0.01562500 -0.02344227
v -0.30468750 -0.01562500 0.12500000
v -0.29687500 -0.01562500 0.13281556
v -0.30469876 0.00000000 -0.01562500
v -0.29687500 0.00000000 -0.02584544
v -0.30468674 0.00000000 0.12500000
v -0.29687500 0.00000000 0.13281174
v -0.30463758 0.01562500 -0.03125000
v -0.29687500 0.00544982 -0.03125000
v -0.29687500 0.01562500 -0.03901258
v -0.30468797 0.01562500 -0.01562500
v -0.30678506 0.01562500 0.00000000
v -0.30468121 0.01562500 0.12500000
v -0.29687500 0.01562500 0.13280621
v -0.30468745 0.03125000 -0.03125000
v -0.29687500 0.03125000 -0.03906343
v -0.30468833 0.03125000 -0.01562500
v -0.30780451 0.03125000 0.00000000
v -0.30468750 0.03125000 0.12500000
v -0.29687500 0.03125000 0.13281251
v -0.30468729 0.04687500 -0.03125000
v -0.29687500 0.04687500 -0.03914586
v -0.30468778 0.04687500 -0.01562500
v -0.30546351 0.04687500 0.00000000
v -0.30487007 0.04687500 0.10937500
v -0.30421154 0.04687500 0.12500000
v -0.29687500 0.04687500 0.13233654
v -0.30468525 0.06250000 -0.03125000
v -0.29687500 0.06250000 -0.03907720
v -0.30468752 0.06250000 -0.01562500
v -0.30478204 0.06250000 0.00000000
v -0.30468754 0.06250000 0.09375000
v -0.29687500 0.05468778 0.10937500
v -0.29687500 0.06250000 0.10156278
v -0.29687500 0.05421154 0.12500000
v -0.29687500 0.07031251 -0.14062500
v -0.29687500 0.07812500 -0.15395142
v -0.29687500 0.07031250 -0.12500000
v -0.29687500 0.07031250 -0.10937500
v -0.30469256 0.07812500 -0.09375000
v -0.29687500 0.07031250 -0.09375000
v -0.30468748 0.07812500 -0.07812500
v -0.29687500 0.07031252 -0.07812500
v -0.30468740 0.07812500 -0.06250000
v -0.29687500 0.07031249 -0.06250000
v -0.30468750 0.07812500 -0.04687500
v -0.29687500 0.07029555 -0.04687500
v -0.30468757 0.07812500 -0.03125000
v -0.30468792 0.07812500 -0.01562500
v -0.30468697 0.07812500 0.00000000
v -0.30468717 0.07812500 0.01562500
v -0.30468978 0.07812500 0.03125000
v -0.30471450 0.07812500 0.04687500
v -0.30468803 0.07812500 0.06250000
v -0.30468728 0.07812500 0.07812500
v -0.29687500 0.07031250 0.09375000
v -0.29687500 0.07812500 0.08593728
v -0.30468858 0.09375000 -0.28125000
v -0.29687500 0.08594626 -0.28125000
v -0.29687500 0.09375000 -0.28927713
v -0.30474400 0.09375000 -0.26562500
v -0.29687500 0.08593915 -0.26562500
v -0.30452931 0.09375000 -0.25000000
v -0.29687500 0.08612947 -0.25000000
v -0.29687500 0.09375000 -0.24086542
v -0.30003466 0.09375000 -0.18750000
v -0.29687500 0.08593750 -0.17187500
v -0.29687500 0.09375000 -0.18483803
v -0.29687500 0.08042358 -0.15625000
v -0.30474203 0.09375000 -0.07812500
v -0.30468743 0.09375000 -0.06250000
v -0.30468733 0.09375000 -0.04687500
v -0.30468726 0.09375000 -0.03125000
v -0.30468555 0.09375000 -0.01562500
v -0.29687500 0.09100011 0.00000000
v -0.29687500 0.09375000 -0.00275072
v -0.29687500 0.08593895 0.01562500
v -0.29687500 0.08594139 0.03125000
v -0.29687500 0.08594880 0.04687500
v -0.29687500 0.08593750 0.06250000
v -0.29687500 0.08593728 0.07812500
v -0.29687500 0.10133912 -0.29687500
v -0.29687500 0.10937500 -0.30469820
v -0.29687500 0.10005472 -0.23437500
v -0.29687500 0.10143408 -0.21875000
v -0.29687500 0.10148227 -0.20312500
v -0.29687500 0.09641197 -0.18750000
v -0.30468750 0.10937500 -0.07812500
v -0.30467211 0.10937500 -0.06250000
v -0.30451758 0.10937500 -0.04687500
v -0.30448383 0.10937500 -0.03125000
v -0.30416562 0.10937500 -0.01562500
v -0.29687500 0.10937500 -0.00831181
v -0.29687500 0.12500000 -0.30470514
v -0.30476647 0.12500000 -0.09375000
v -0.30461899 0.12500000 -0.07812500
v -0.29687500 0.12379529 -0.06250000
v -0.29687500 0.12500000 -0.06371992
v -0.29687500 0.11713662 -0.04687500
v -0.29687500 0.11704481 -0.03125000
v -0.29687500 0.11667665 -0.01562500
v -0.29687500 0.14062500 -0.30468270
v -0.29687500 0.13814257 -0.12500000
v -0.29687500 0.14062500 -0.12751735
v -0.29687500 0.13283533 -0.10937500
v -0.29687500 0.13281253 -0.09375000
v -0.29687500 0.13274399 -0.07812500
v -0.29984174 0.15625000 -0.29687500
v -0.29687500 0.15329213 -0.29687500
v -0.29687500 0.15625000 -0.29392008
v -0.30457286 0.15625000 -0.20312500
v -0.29687500 0.14855214 -0.20312500
v -0.29687500 0.15625000 -0.21082336
v -0.30486643 0.15625000 -0.18750000
v -0.29687500 0.14844047 -0.18750000
v -0.29687500 0.14843750 -0.17187500
v -0.29687500 0.14843748 -0.15625000
v -0.29687500 0.14837255 -0.14062500
v -0.29687500 0.17187500 -0.28906075
v -0.30468620 0.17187500 -0.23437500
v -0.29687500 0.16406408 -0.23437500
v -0.29687500 0.17187500 -0.24223492
v -0.29687500 0.16406200 -0.21875000
v -0.29687500 0.17968574 -0.28125000
v -0.29687500 0.17968750 -0.26562500
v -0.29687500 0.17963850 -0.25000000
v -0.28930891 -0.17187500 -0.28125000
v -0.28125000 -0.17967877 -0.26562500
v -0.28125000 -0.17187500 -0.27346118
v -0.28125000 -0.17949892 -0.25000000
v -0.29158241 -0.17187500 -0.23437500
v -0.28125000 -0.17187500 -0.24237608
v -0.28939872 -0.15625000 -0.29687500
v -0.28125000 -0.16409492 -0.28125000
v -0.28125000 -0.15625000 -0.28909536
v -0.28125000 -0.16403856 -0.23437500
v -0.28905823 -0.15625000 -0.21875000
v -0.28125000 -0.15625000 -0.22658204
v -0.28980717 -0.15625000 -0.20312500
v -0.28125000 -0.14842133 -0.29687500
v -0.28125000 -0.14062500 -0.30463847
v -0.28125000 -0.14840366 -0.21875000
v -0.28854659 -0.14062500 -0.20312500
v -0.28125000 -0.14062500 -0.21045967
v -0.28903060 -0.14062500 -0.18750000
v -0.28892588 -0.14062500 -0.17187500
v -0.28125000 -0.14825351 -0.15625000
v -0.28125000 -0.14062500 -0.16401510
v -0.28125000 -0.14843746 -0.14062500
v -0.28125000 -0.14843750 -0.12500000
v -0.28912814 -0.14062500 -0.10937500
v -0.28125000 -0.14843750 -0.10937500
v -0.28905040 -0.14062500 -0.09375000
v -0.28125000 -0.14842540 -0.09375000
v -0.28125000 -0.14062500 -0.08590648
v -0.28125000 -0.12500000 -0.30441686
v -0.28762703 -0.12500000 -0.20312500
v -0.28125000 -0.12500000 -0.20957489
v -0.28513187 -0.12500000 -0.18750000
v -0.28125000 -0.13293954 -0.17187500
v -0.28125000 -0.12500000 -0.18361096
v -0.28907993 -0.12500000 -0.07812500
v -0.28125000 -0.13285562 -0.07812500
v -0.28904084 -0.12500000 -0.06250000
v -0.28125000 -0.13279084 -0.06250000
v -0.28125000 -0.12500000 -0.05469364
v -0.28125000 -0.10937500 -0.30428864
v -0.28626346 -0.10937500 -0.23437500
v -0.28125000 -0.11438863 -0.23437500
v -0.28125000 -0.10937500 -0.23938922
v -0.28892460 -0.10937500 -0.21875000
v -0.28125000 -0.11712487 -0.21875000
v -0.28898116 -0.10937500 -0.20312500
v -0.28125000 -0.12079267 -0.18750000
v -0.28125000 -0.10937500 -0.19496978
v -0.29090169 -0.10937500 -0.07812500
v -0.28906245 -0.10937500 -0.06250000
v -0.28905436 -0.10937500 -0.04687500
v -0.28125000 -0.11719489 -0.04687500
v -0.28906245 -0.10937500 -0.03125000
v -0.28125000 -0.11720499 -0.03125000
v -0.28906250 -0.10937500 -0.01562500
v -0.28125000 -0.11720086 -0.01562500
v -0.28906247 -0.10937500 0.00000000
v -0.28125000 -0.11718748 0.00000000
v -0.28896693 -0.10937500 0.01562500
v -0.28125000 -0.11709193 0.01562500
v -0.28125000 -0.10937500 0.02512182
v -0.28925560 -0.09375000 -0.29687500
v -0.28125000 -0.10190137 -0.29687500
v -0.28748105 -0.09375000 -0.28125000
v -0.28125000 -0.09998098 -0.28125000
v -0.28791395 -0.09375000 -0.26562500
v -0.28125000 -0.10041366 -0.26562500
v -0.28904992 -0.09375000 -0.25000000
v -0.28125000 -0.10151638 -0.25000000
v -0.29042364 -0.09375000 -0.23437500
v -0.29097893 -0.09375000 -0.20312500
v -0.28904073 -0.09375000 -0.18750000
v -0.28125000 -0.10196465 -0.18750000
v -0.28125000 -0.09375000 -0.17970672
v -0.28906313 -0.09375000 -0.06250000
v -0.28906254 -0.09375000 -0.04687500
v -0.28906696 -0.09375000 -0.03125000
v -0.29114971 -0.09375000 -0.01562500
v -0.28907165 -0.09375000 0.03125000
v -0.28125000 -0.10333770 0.03125000
v -0.28906249 -0.09375000 0.04687500
v -0.28125000 -0.10156250 0.04687500
v -0.28125000 -0.09375000 0.05843994
v -0.28125000 -0.08594006 -0.17187500
v -0.28998898 -0.07812500 -0.15625000
v -0.28125000 -0.07812500 -0.16337365
v -0.28125000 -0.08968994 0.06250000
v -0.29109027 -0.07812500 0.07812500
v -0.28125000 -0.08594097 0.07812500
v -0.28905654 -0.07812500 0.09375000
v -0.28125000 -0.08593153 0.09375000
v -0.28125000 -0.07812500 0.10155661
v -0.28125000 -0.07100135 -0.15625000
v -0.28125000 -0.07031253 -0.14062500
v -0.28125000 -0.07031248 -0.12500000
v -0.28125000 -0.07031038 -0.10937500
v -0.28125000 -0.07031084 -0.09375000
v -0.28677805 -0.06250000 -0.07812500
v -0.28125000 -0.06250000 -0.08365457
v -0.28906464 -0.06250000 -0.06250000
v -0.28906338 -0.06250000 0.10937500
v -0.28125000 -0.07031256 0.10937500
v -0.28125000 -0.06250000 0.12281914
v -0.28125000 -0.05697193 -0.07812500
v -0.28756481 -0.04687500 -0.06250000
v -0.28125000 -0.04687500 -0.06881484
v -0.28906778 -0.04687500 -0.04687500
v -0.28125000 -0.06031914 0.12500000
v -0.28906167 -0.04687500 0.14062500
v -0.28125000 -0.05468660 0.14062500
v -0.28125000 -0.04687500 0.14843661
v -0.28125000 -0.04055957 -0.06250000
v -0.28904523 -0.03125000 -0.04687500
v -0.28125000 -0.03125000 -0.05467087
v -0.29371464 -0.03125000 0.14062500
v -0.28705695 -0.03125000 0.15625000
v -0.28125000 -0.03705696 0.15625000
v -0.28125000 -0.03125000 0.16205695
v -0.28125000 -0.02343595 -0.04687500
v -0.28906739 -0.01562500 -0.03125000
v -0.28125000 -0.01562500 -0.03908131
v -0.28906556 -0.01562500 0.14062500
v -0.28125000 -0.02521482 0.15625000
v -0.28125000 -0.01562500 0.14867988
v -0.29147044 0.00000000 -0.03125000
v -0.28125000 0.00000000 -0.03907110
v -0.28906250 0.00000000 0.14062500
v -0.28125000 0.00000000 0.14843821
v -0.28853209 0.01562500 -0.04687500
v -0.28125000 0.00833434 -0.04687500
v -0.28125000 0.01562500 -0.05415709
v -0.28906250 0.01562500 0.14062500
v -0.28125000 0.01562500 0.14843761
v -0.28906348 0.03125000 -0.04687500
v -0.28125000 0.03125000 -0.05468784
v -0.28906251 0.03125000 0.14062500
v -0.28125000 0.03125000 0.14843757
v -0.28233283 0.04687500 -0.06250000
v -0.28125000 0.04579208 -0.06250000
v -0.28125000 0.04687500 -0.06358283
v -0.28914607 0.04687500 -0.04687500
v -0.28125000 0.03913698 0.14062500
v -0.28125000 0.04687500 0.13288698
v -0.28788255 0.06250000 -0.09375000
v -0.28125000 0.05586745 -0.09375000
v -0.28125000 0.06250000 -0.10050507
v -0.28905751 0.06250000 -0.07812500
v -0.28125000 0.05469249 -0.07812500
v -0.28906260 0.06250000 -0.06250000
v -0.28907945 0.06250000 -0.04687500
v -0.28906278 0.06250000 0.10937500
v -0.28125000 0.05468771 0.12500000
v -0.28125000 0.06250000 0.11718771
v -0.28125000 0.07031250 -0.14062500
v -0.28125000 0.07812500 -0.14856038
v -0.28125000 0.07031246 -0.12500000
v -0.28125000 0.07018742 -0.10937500
v -0.28906250 0.07812500 0.09375000
v -0.28125000 0.07031250 0.10937500
v -0.28125000 0.07812500 0.10156250
v -0.28125000 0.08649793 -0.28125000
v -0.28125000 0.09375000 -0.28850413
v -0.28125000 0.08593932 -0.26562500
v -0.28125000 0.08607916 -0.25000000
v -0.28125000 0.09375000 -0.24218274
v -0.28125000 0.08833343 -0.17187500
v -0.28125000 0.09375000 -0.17729157
v -0.28125000 0.08581462 -0.15625000
v -0.29412542 0.09375000 0.00000000
v -0.28906433 0.09375000 0.01562500
v -0.28906638 0.09375000 0.03125000
v -0.28907380 0.09375000 0.04687500
v -0.28906210 0.09375000 0.06250000
v -0.28125000 0.08661933 0.07812500
v -0.28125000 0.09375000 0.07099393
v -0.28125000 0.08593750 0.09375000
v -0.28125000 0.10156086 -0.29687500
v -0.28125000 0.10937500 -0.30468915
v -0.28125000 0.10632706 -0.23437500
v -0.28906125 0.10937500 -0.21875000
v -0.28125000 0.10937500 -0.23141722
v -0.28906250 0.10937500 -0.20312500
v -0.28891468 0.10937500 -0.18750000
v -0.28125000 0.10937500 -0.17983532
v -0.28908517 0.10937500 0.00000000
v -0.28905728 0.10937500 0.01562500
v -0.28125000 0.10156302 0.03125000
v -0.28125000 0.10937500 0.02343284
v -0.28125000 0.10156250 0.04687500
v -0.28125000 0.10156210 0.06250000
v -0.28125000 0.12500000 -0.30468231
v -0.28733648 0.12500000 -0.21875000
v -0.28125000 0.12500000 -0.22598294
v -0.28849604 0.12500000 -0.20312500
v -0.28125000 0.11704400 -0.18750000
v -0.28125000 0.12500000 -0.19587467
v -0.29567466 0.12500000 -0.06250000
v -0.28918156 0.12500000 -0.04687500
v -0.28912351 0.12500000 -0.03125000
v -0.28907352 0.12500000 -0.01562500
v -0.28125000 0.11743961 0.00000000
v -0.28125000 0.12500000 -0.00756045
v -0.28125000 0.11718228 0.01562500
v -0.28633779 0.14062500 -0.29687500
v -0.28125000 0.13553686 -0.29687500
v -0.28125000 0.14062500 -0.29179142
v -0.28125000 0.13128551 -0.21875000
v -0.28125000 0.13320446 -0.20312500
v -0.28125000 0.13309723 -0.12500000
v -0.28125000 0.14062500 -0.13878704
v -0.28125000 0.13282695 -0.10937500
v -0.28125000 0.13292755 -0.09375000
v -0.28125000 0.13288617 -0.07812500
v -0.28125000 0.13520064 -0.06250000
v -0.28727610 0.14062500 -0.04687500
v -0.28125000 0.14062500 -0.05533446
v -0.28125000 0.13287207 -0.03125000
v -0.28125000 0.14062500 -0.04079234
v -0.28125000 0.13281244 -0.01562500
v -0.28125000 0.15625000 -0.28906464
v -0.28906281 0.15625000 -0.21875000
v -0.28125000 0.14822968 -0.21875000
v -0.28125000 0.15625000 -0.22717440
v -0.28125000 0.14748254 -0.20312500
v -0.28125000 0.14398833 -0.18750000
v -0.28125000 0.14289056 -0.17187500
v -0.28125000 0.14538753 -0.15625000
v -0.28125000 0.14234795 -0.14062500
v -0.28125000 0.14665110 -0.04687500
v -0.28125000 0.17187500 -0.28885480
v -0.28911146 0.17187500 -0.25000000
v -0.28125000 0.16406155 -0.25000000
v -0.28125000 0.17187500 -0.25782137
v -0.28125000 0.16345041 -0.23437500
v -0.28125000 0.17947980 -0.28125000
v -0.28125000 0.17967859 -0.26562500
v -0.27344617 -0.17187500 -0.26562500
v -0.27362608 -0.17187500 -0.25000000
v -0.27169324 -0.15625000 -0.28125000
v -0.26562500 -0.16406253 -0.26562500
v -0.26562500 -0.15625000 -0.27518173
v -0.26562500 -0.16394189 -0.25000000
v -0.27346138 -0.15625000 -0.23437500
v -0.26562500 -0.15625000 -0.24230805
v -0.27346103 -0.14062500 -0.29687500
v -0.26562500 -0.15018175 -0.28125000
v -0.26562500 -0.14062500 -0.28908799
v -0.27342752 -0.14062500 -0.23437500
v -0.26562500 -0.14062500 -0.24221362
v -0.27347574 -0.14062500 -0.21875000
v -0.27362123 -0.14062500 -0.15625000
v -0.26562500 -0.14349840 -0.14062500
v -0.26562500 -0.14062500 -0.14349855
v -0.26562500 -0.14843510 -0.12500000
v -0.26562500 -0.14843724 -0.10937500
v -0.26562500 -0.14843734 -0.09375000
v -0.27329827 -0.14062500 -0.07812500
v -0.26562500 -0.14825517 -0.07812500
v -0.26562500 -0.14062500 -0.07049222
v -0.27369840 -0.12500000 -0.29687500
v -0.26562500 -0.12500000 -0.28907102
v -0.27343598 -0.12500000 -0.25000000
v -0.26562500 -0.13284708 -0.25000000
v -0.26562500 -0.12500000 -0.26002482
v -0.27343769 -0.12500000 -0.23437500
v -0.27351278 -0.12500000 -0.21875000
v -0.27344706 -0.12500000 -0.17187500
v -0.27085689 -0.12500000 -0.15625000
v -0.26562500 -0.12500000 -0.15101811
v -0.26562500 -0.13281512 -0.06250000
v -0.27345303 -0.12500000 -0.04687500
v -0.26562500 -0.13281250 -0.04687500
v -0.27345504 -0.12500000 -0.03125000
v -0.26562500 -0.13281250 -0.03125000
v -0.27345086 -0.12500000 -0.01562500
v -0.26562500 -0.13281250 -0.01562500
v -0.27343751 -0.12500000 0.00000000
v -0.26562500 -0.13281250 0.00000000
v -0.27342992 -0.12500000 0.01562500
v -0.26562500 -0.13280492 0.01562500
v -0.26562500 -0.12500000 0.02342992
v -0.27382956 -0.10937500 -0.29687500
v -0.27236649 -0.10937500 -0.28125000
v -0.26562500 -0.11611769 -0.28125000
v -0.27343577 -0.10937500 -0.26562500
v -0.26562500 -0.11939963 -0.26562500
v -0.27343837 -0.10937500 -0.25000000
v -0.27386137 -0.10937500 -0.18750000
v -0.27335873 -0.10937500 -0.17187500
v -0.26562500 -0.11976805 -0.15625000
v -0.26562500 -0.10937500 -0.16414121
v -0.27521270 -0.10937500 0.03125000
v -0.26562500 -0.11718750 0.03125000
v -0.27226800 -0.10937500 0.04687500
v -0.26562500 -0.11601799 0.04687500
v -0.26562500 -0.10937500 0.05351799
v -0.27344005 -0.09375000 -0.17187500
v -0.26562500 -0.09375000 -0.16405313
v -0.27718994 -0.09375000 0.06250000
v -0.26562500 -0.10156250 0.06250000
v -0.27343982 -0.09375000 0.07812500
v -0.26562500 -0.10156135 0.07812500
v -0.26562500 -0.09375000 0.08942193
v -0.27412635 -0.07812500 -0.15625000
v -0.26562500 -0.08594687 -0.15625000
v -0.26562500 -0.07812500 -0.14843522
v -0.26562500 -0.08942285 0.09375000
v -0.27343686 -0.07812500 0.10937500
v -0.26562500 -0.08593679 0.10937500
v -0.26562500 -0.07812500 0.11718809
v -0.26562500 -0.07031478 -0.14062500
v -0.26562500 -0.07031034 -0.12500000
v -0.26562500 -0.07019916 -0.10937500
v -0.27297887 -0.06250000 -0.09375000
v -0.26562500 -0.06250000 -0.10121525
v -0.27906596 -0.06250000 0.12500000
v -0.26562500 -0.07030718 0.12500000
v -0.26562500 -0.06250000 0.13280612
v -0.26562500 -0.05514764 -0.09375000
v -0.27332821 -0.04687500 -0.07812500
v -0.26562500 -0.04687500 -0.08582833
v -0.26562500 -0.05468729 0.14062500
v -0.26562500 -0.04687500 0.14843742
v -0.26562500 -0.03917106 -0.07812500
v -0.27343149 -0.03125000 -0.06250000
v -0.26562500 -0.03125000 -0.07030661
v -0.26562500 -0.03906274 0.15625000
v -0.26562500 -0.03125000 0.16406237
v -0.26562500 -0.02344318 -0.06250000
v -0.27345604 -0.01562500 -0.04687500
v -0.26562500 -0.01562500 -0.05468820
v -0.27367988 -0.01562500 0.15625000
v -0.26562500 -0.01562500 0.16409856
v -0.27341392 0.00000000 -0.04687500
v -0.26562500 0.00000000 -0.05465531
v -0.27343821 0.00000000 0.15625000
v -0.26562500 0.00000000 0.16407483
v -0.26562500 0.01562500 -0.05468765
v -0.27343761 0.01562500 0.15625000
v -0.26562500 0.01562500 0.16406329
v -0.27317537 0.03125000 -0.06250000
v -0.26562500 0.02369983 -0.06250000
v -0.26562500 0.03125000 -0.07005002
v -0.27343757 0.03125000 0.15625000
v -0.26562500 0.03125000 0.16406250
v -0.26562500 0.04687500 -0.07042017
v -0.27351198 0.04687500 0.14062500
v -0.26562500 0.03906466 0.15625000
v -0.26562500 0.04687500 0.14843966
v -0.27356257 0.06250000 -0.10937500
v -0.26562500 0.05468751 -0.10937500
v -0.26562500 0.06250000 -0.11782799
v -0.26562500 0.05468750 -0.09375000
v -0.26562500 0.05457983 -0.07812500
v -0.27343771 0.06250000 0.12500000
v -0.26562500 0.05468750 0.14062500
v -0.26562500 0.06250000 0.13281250
v -0.26562500 0.07222899 -0.14062500
v -0.26562500 0.07812500 -0.14652101
v -0.26562500 0.06967201 -0.12500000
v -0.27343750 0.07812500 0.10937500
v -0.26562500 0.07031250 0.12500000
v -0.26562500 0.07812500 0.11718750
v -0.27398848 0.09375000 -0.28125000
v -0.27208146 0.09375000 -0.26562500
v -0.27355359 0.09375000 -0.25000000
v -0.27583343 0.09375000 -0.17187500
v -0.27319637 0.09375000 -0.15625000
v -0.26562500 0.09375000 -0.14867863
v -0.27411933 0.09375000 0.07812500
v -0.27343563 0.09375000 0.09375000
v -0.26562500 0.08593750 0.10937500
v -0.26562500 0.09375000 0.10156063
v -0.27305398 0.10937500 -0.29687500
v -0.26562500 0.10190460 -0.28125000
v -0.26562500 0.10937500 -0.28909495
v -0.26562500 0.10025170 -0.26562500
v -0.27339282 0.10937500 -0.25000000
v -0.26562500 0.10937500 -0.25781622
v -0.27829298 0.10937500 -0.23437500
v -0.27343750 0.10937500 -0.17187500
v -0.26562500 0.10132191 -0.15625000
v -0.26562500 0.10937500 -0.16406195
v -0.27342394 0.10937500 0.03125000
v -0.26562500 0.10156613 0.04687500
v -0.26562500 0.10937500 0.03905202
v -0.26562500 0.10156250 0.06250000
v -0.26562500 0.10156250 0.07812500
v -0.26562500 0.10156063 0.09375000
v -0.27342980 0.12500000 -0.29687500
v -0.26562500 0.12500000 -0.28850582
v -0.27343638 0.12500000 -0.25000000
v -0.26562500 0.12500000 -0.25921825
v -0.27460306 0.12500000 -0.23437500
v -0.27344182 0.12500000 -0.18750000
v -0.27343750 0.12500000 -0.17187500
v -0.26562500 0.12500000 -0.16400458
v -0.27368947 0.12500000 0.00000000
v -0.26562500 0.11718767 0.01562500
v -0.26562500 0.12500000 0.00781254
v -0.26562500 0.11717339 0.03125000
v -0.26896387 0.14062500 -0.28125000
v -0.26562500 0.13688670 -0.28125000
v -0.27179566 0.14062500 -0.26562500
v -0.26562500 0.13305672 -0.26562500
v -0.27343713 0.14062500 -0.25000000
v -0.27349499 0.14062500 -0.23437500
v -0.27364551 0.14062500 -0.21875000
v -0.27439246 0.14062500 -0.20312500
v -0.27788667 0.14062500 -0.18750000
v -0.27898444 0.14062500 -0.17187500
v -0.27648747 0.14062500 -0.15625000
v -0.26562500 0.13275458 -0.15625000
v -0.27952705 0.14062500 -0.14062500
v -0.26562500 0.13281250 -0.14062500
v -0.26562500 0.13281512 -0.12500000
v -0.26562500 0.13489839 -0.10937500
v -0.27300868 0.14062500 -0.09375000
v -0.26562500 0.14062500 -0.10313414
v -0.26895556 0.14062500 -0.07812500
v -0.27328659 0.14062500 -0.06250000
v -0.27346336 0.14062500 -0.03125000
v -0.26562500 0.13281255 -0.01562500
v -0.26562500 0.14062500 -0.02347116
v -0.26562500 0.13281237 0.00000000
v -0.27333604 0.15625000 -0.28125000
v -0.27338537 0.15625000 -0.26562500
v -0.27343847 0.15625000 -0.25000000
v -0.27404959 0.15625000 -0.23437500
v -0.26562500 0.14789407 -0.09375000
v -0.26562500 0.14390640 -0.07812500
v -0.26562500 0.14591336 -0.06250000
v -0.26562500 0.14841978 -0.04687500
v -0.26562500 0.14840379 -0.03125000
v -0.27364519 0.17187500 -0.28125000
v -0.27344640 0.17187500 -0.26562500
v -0.25781243 -0.15625000 -0.26562500
v -0.25793311 -0.15625000 -0.25000000
v -0.25781210 -0.14062500 -0.28125000
v -0.25781247 -0.14062500 -0.26562500
v -0.25784860 -0.14062500 -0.25000000
v -0.26275158 -0.14062500 -0.14062500
v -0.25771523 -0.14062500 -0.12500000
v -0.25758581 -0.14062500 -0.10937500
v -0.25546504 -0.14062500 -0.09375000
v -0.25000000 -0.14726818 -0.07812500
v -0.25000000 -0.14062500 -0.08717127
v -0.25000000 -0.14062500 -0.07065559
v -0.25781373 -0.12500000 -0.28125000
v -0.26002622 -0.12500000 -0.26562500
v -0.25710253 -0.12500000 -0.14062500
v -0.25000000 -0.13291216 -0.12500000
v -0.25000000 -0.12500000 -0.13352247
v -0.25000000 -0.13303945 -0.10937500
v -0.25000000 -0.13516011 -0.09375000
v -0.25000000 -0.13364420 -0.06250000
v -0.25000000 -0.13284692 -0.04687500
v -0.25000000 -0.13286556 -0.03125000
v -0.25000000 -0.13281250 -0.01562500
v -0.25000000 -0.13281250 0.00000000
v -0.25000000 -0.12777965 0.01562500
v -0.25000000 -0.12500000 0.01840465
v -0.25781222 -0.10937500 -0.15625000
v -0.25000000 -0.11777841 -0.14062500
v -0.25000000 -0.10937500 -0.14831795
v -0.25000000 -0.11718750 0.03125000
v -0.25000000 -0.11718749 0.04687500
v -0.25000000 -0.10937500 0.05473439
v -0.25782181 -0.09375000 -0.15625000
v -0.25000000 -0.09375000 -0.14835788
v -0.25000000 -0.10160940 0.06250000
v -0.25000000 -0.10156250 0.07812500
v -0.26129785 -0.09375000 0.09375000
v -0.25000000 -0.10156249 0.09375000
v -0.25000000 -0.09375000 0.10293172
v -0.25781478 -0.07812500 -0.14062500
v -0.25000000 -0.08601718 -0.14062500
v -0.25000000 -0.07812500 -0.13228832
v -0.25000000 -0.08730673 0.10937500
v -0.25781354 -0.07812500 0.12500000
v -0.25000000 -0.08593723 0.12500000
v -0.25000000 -0.07812500 0.13281224
v -0.25000000 -0.07083668 -0.12500000
v -0.25000000 -0.07030430 -0.10937500
v -0.25000000 -0.06250000 -0.10157046
v -0.25000000 -0.06250000 0.13743518
v -0.25000000 -0.05445468 -0.09375000
v -0.25000000 -0.04687500 -0.08617056
v -0.25000000 -0.05931017 0.14062500
v -0.25000000 -0.04687500 0.14847308
v -0.25776332 -0.03125000 -0.07812500
v -0.25000000 -0.03125000 -0.08588756
v -0.25000000 -0.03909806 0.15625000
v -0.25000000 -0.03125000 0.16406329
v -0.25000000 -0.02348725 -0.07812500
v -0.25780979 -0.01562500 -0.06250000
v -0.25000000 -0.01562500 -0.07030901
v -0.25784829 -0.01562500 0.17187500
v -0.25000000 -0.02343806 0.17187500
v -0.25000000 -0.01562500 0.17968723
v -0.25000000 -0.00781357 -0.06250000
v -0.25000000 0.00000000 -0.05469004
v -0.25782483 0.00000000 0.17187500
v -0.25000000 0.00000000 0.17968750
v -0.25542145 0.01562500 -0.06250000
v -0.25000000 0.01020133 -0.06250000
v -0.25000000 0.01562500 -0.06792131
v -0.25781329 0.01562500 0.17187500
v -0.25000000 0.01562500 0.17968750
v -0.25000000 0.03125000 -0.07033996
v -0.25739491 0.03125000 0.17187500
v -0.25000000 0.03125000 0.17926991
v -0.25791960 0.04687500 -0.07812500
v -0.25000000 0.03903561 -0.07812500
v -0.25000000 0.04687500 -0.08594304
v -0.25781466 0.04687500 0.15625000
v -0.25000000 0.03864491 0.17187500
v -0.25000000 0.04687500 0.16406250
v -0.25000000 0.05469142 -0.10937500
v -0.25000000 0.06250000 -0.11718358
v -0.25000000 0.05468138 -0.09375000
v -0.25781243 0.06250000 0.14062500
v -0.25000000 0.05468750 0.15625000
v -0.25000000 0.06250000 0.14843743
v -0.25972899 0.07812500 -0.14062500
v -0.25000000 0.07031260 -0.12500000
v -0.25000000 0.07812500 -0.13281240
v -0.25778390 0.07812500 0.12500000
v -0.25000000 0.07031243 0.14062500
v -0.25000000 0.07812500 0.13278390
v -0.25000000 0.08599720 -0.14062500
v -0.25000000 0.09375000 -0.14837780
v -0.25000000 0.08639792 0.10937500
v -0.25000000 0.09375000 0.10202292
v -0.25000000 0.08590890 0.12500000
v -0.25816408 0.10937500 -0.28125000
v -0.25786091 0.10937500 -0.26562500
v -0.25781305 0.10937500 -0.15625000
v -0.25000000 0.10937500 -0.14842841
v -0.25165882 0.10937500 0.04687500
v -0.25000000 0.10156446 0.06250000
v -0.25000000 0.10937500 0.04853319
v -0.25000000 0.10156250 0.07812500
v -0.25000000 0.10156250 0.09375000
v -0.25838200 0.12500000 -0.28125000
v -0.25921936 0.12500000 -0.26562500
v -0.25787042 0.12500000 -0.15625000
v -0.25773133 0.12500000 -0.14062500
v -0.25000000 0.11725958 -0.14062500
v -0.25000000 0.12500000 -0.13289367
v -0.25000000 0.11783001 0.01562500
v -0.25000000 0.12500000 0.00845500
v -0.25000000 0.11718739 0.03125000
v -0.25000000 0.11103245 0.04687500
v -0.25000000 0.13281250 -0.12500000
v -0.25000000 0.13281314 -0.10937500
v -0.25829837 0.14062500 -0.09375000
v -0.25000000 0.13287031 -0.09375000
v -0.25842844 0.14062500 -0.07812500
v -0.25000000 0.13691526 -0.07812500
v -0.25000000 0.14062500 -0.07275295
v -0.25480794 0.14062500 -0.03125000
v -0.25000000 0.13584573 -0.03125000
v -0.25000000 0.14062500 -0.03687473
v -0.25000000 0.13281340 -0.01562500
v -0.25000000 0.13281250 0.00000000
v -0.25000000 0.14644898 -0.06250000
v -0.25000000 0.14748890 -0.04687500
v -0.24335682 -0.14062500 -0.07812500
v -0.23803843 -0.14062500 -0.04687500
v -0.23437500 -0.14426377 -0.04687500
v -0.23437500 -0.14062500 -0.05051426
v -0.23437500 -0.14062500 -0.03855470
v -0.24217608 -0.12500000 -0.12500000
v -0.23437500 -0.13281219 -0.10937500
v -0.23437500 -0.12500000 -0.11719861
v -0.23437500 -0.13281250 -0.09375000
v -0.23437500 -0.13281251 -0.07812500
v -0.23437500 -0.13281317 -0.06250000
v -0.23437500 -0.13733692 -0.03125000
v -0.23437500 -0.13281250 -0.01562500
v -0.23437500 -0.13281250 0.00000000
v -0.24720016 -0.12500000 0.01562500
v -0.23437500 -0.12500000 0.00784692
v -0.24230739 -0.10937500 -0.14062500
v -0.23437500 -0.11517305 -0.12500000
v -0.23437500 -0.10937500 -0.13078739
v -0.23437500 -0.11722192 0.01562500
v -0.23437500 -0.11718750 0.03125000
v -0.23437500 -0.11718715 0.04687500
v -0.23437500 -0.10937500 0.05468825
v -0.24226718 -0.09375000 -0.14062500
v -0.23437500 -0.09375000 -0.13147749
v -0.23437500 -0.10156360 0.06250000
v -0.23437500 -0.10156250 0.07812500
v -0.23437500 -0.10156250 0.09375000
v -0.24354988 -0.09375000 0.10937500
v -0.23437500 -0.10155544 0.10937500
v -0.23437500 -0.09375000 0.11718060
v -0.24271168 -0.07812500 -0.12500000
v -0.23437500 -0.08727251 -0.12500000
v -0.23437500 -0.07812500 -0.11574787
v -0.23437500 -0.08593767 0.12500000
v -0.24146977 -0.07812500 0.14062500
v -0.23437500 -0.08521976 0.14062500
v -0.23437500 -0.07812500 0.14771976
v -0.23437500 -0.07175213 -0.10937500
v -0.23437500 -0.06250000 -0.10155029
v -0.24681006 -0.06250000 0.14062500
v -0.23437500 -0.06250000 0.14847550
v -0.23437500 -0.05469575 -0.09375000
v -0.23437500 -0.04687500 -0.08594146
v -0.24220562 -0.04687500 0.15625000
v -0.23437500 -0.05470821 0.15625000
v -0.23437500 -0.04687500 0.16404592
v -0.23437500 -0.03125000 -0.08593162
v -0.23437500 -0.03125000 0.16476102
v -0.23437500 -0.02344065 -0.07812500
v -0.23437500 -0.01562500 -0.07031523
v -0.23437500 -0.02413602 0.17187500
v -0.23437500 -0.01562500 0.17970263
v -0.23437500 -0.00732077 -0.06250000
v -0.23437500 0.00000000 -0.05517923
v -0.23437500 0.00000000 0.17983531
v -0.23437500 0.00738680 -0.06250000
v -0.23437500 0.01562500 -0.07024628
v -0.23437500 0.01562500 0.17968776
v -0.24176190 0.03125000 -0.07812500
v -0.23437500 0.02389043 -0.07812500
v -0.23437500 0.03125000 -0.08548453
v -0.23437500 0.03125000 0.17968750
v -0.23437500 0.04687500 -0.08593750
v -0.23437500 0.04209761 0.17187500
v -0.23437500 0.04687500 0.16709761
v -0.24219072 0.06250000 -0.10937500
v -0.23437500 0.05468750 -0.09375000
v -0.23437500 0.06250000 -0.10156320
v -0.23437500 0.05874805 0.15625000
v -0.23437500 0.06250000 0.15249805
v -0.24188091 0.07812500 -0.12500000
v -0.23437500 0.07031180 -0.10937500
v -0.23437500 0.07812500 -0.11749419
v -0.23437500 0.07081117 0.14062500
v -0.23437500 0.07812500 0.13331117
v -0.24224720 0.09375000 -0.14062500
v -0.23437500 0.08563418 -0.12500000
v -0.23437500 0.09375000 -0.13280912
v -0.24061399 0.09375000 0.10937500
v -0.23437500 0.08593750 0.12500000
v -0.23437500 0.09375000 0.11517743
v -0.24219659 0.10937500 -0.14062500
v -0.23437500 0.10937500 -0.13261641
v -0.23437500 0.10158624 0.06250000
v -0.23437500 0.10937500 0.05470711
v -0.23437500 0.10156250 0.07812500
v -0.23437500 0.10156250 0.09375000
v -0.23437500 0.09955243 0.10937500
v -0.24218695 0.12500000 -0.12500000
v -0.23437500 0.11699196 -0.12500000
v -0.23437500 0.12500000 -0.11718797
v -0.24253782 0.12500000 0.01562500
v -0.23437500 0.11718749 0.03125000
v -0.23437500 0.12500000 0.02314423
v -0.23437500 0.11718337 0.04687500
v -0.23437500 0.13281242 -0.10937500
v -0.23437500 0.13281250 -0.09375000
v -0.23437500 0.13281262 -0.07812500
v -0.24417273 0.14062500 -0.06250000
v -0.23437500 0.13281602 -0.06250000
v -0.24313576 0.14062500 -0.04687500
v -0.23437500 0.13281285 -0.04687500
v -0.23437500 0.13281296 -0.03125000
v -0.23437500 0.13281252 -0.01562500
v -0.23437500 0.13281244 0.00000000
v -0.23437500 0.13251923 0.01562500
v -0.23073623 -0.14062500 -0.04687500
v -0.22656263 -0.12500000 -0.10937500
v -0.21875000 -0.12977315 -0.09375000
v -0.21875000 -0.12500000 -0.09852330
v -0.21875000 -0.13280381 -0.07812500
v -0.21875000 -0.13281248 -0.06250000
v -0.21875000 -0.13281250 -0.04687500
v -0.21875000 -0.13281250 -0.03125000
v -0.21875000 -0.13281250 -0.01562500
v -0.21875000 -0.13221586 0.00000000
v -0.21875000 -0.12500000 0.00721587
v -0.22858761 -0.10937500 -0.12500000
v -0.22573455 -0.10937500 -0.10937500
v -0.21875000 -0.10937500 -0.10239045
v -0.21875000 -0.11718751 0.01562500
v -0.21875000 -0.11718749 0.03125000
v -0.21875000 -0.11713578 0.04687500
v -0.21875000 -0.10937500 0.05463595
v -0.22789751 -0.09375000 -0.12500000
v -0.22014293 -0.09375000 -0.10937500
v -0.21875000 -0.09375000 -0.10798207
v -0.21875000 -0.10156266 0.06250000
v -0.21875000 -0.10156250 0.07812500
v -0.21875000 -0.10156250 0.09375000
v -0.21875000 -0.09565413 0.10937500
v -0.21875000 -0.09375000 0.11127914
v -0.22800213 -0.07812500 -0.10937500
v -0.21875000 -0.07812500 -0.10156224
v -0.21875000 -0.08593752 0.12500000
v -0.21875000 -0.08593678 0.14062500
v -0.21875000 -0.07812500 0.14843678
v -0.21875000 -0.06250000 -0.10089844
v -0.22660002 -0.06250000 0.15625000
v -0.21875000 -0.07031184 0.15625000
v -0.21875000 -0.06250000 0.16406199
v -0.21875000 -0.05535155 -0.09375000
v -0.21875000 -0.04687500 -0.08593751
v -0.22635198 -0.04687500 0.17187500
v -0.21875000 -0.05447623 0.17187500
v -0.21875000 -0.04687500 0.17947609
v -0.21875000 -0.03125000 -0.07843968
v -0.22725942 -0.03125000 0.17187500
v -0.21875000 -0.03125000 0.17968777
v -0.21875000 -0.03093532 -0.07812500
v -0.21875000 -0.01562500 -0.07031248
v -0.21875000 -0.01562500 0.18022168
v -0.21875000 -0.00739061 -0.06250000
v -0.21875000 0.00000000 -0.05510915
v -0.22075015 0.00000000 0.18750000
v -0.21875000 -0.00217949 0.18750000
v -0.21875000 0.00000000 0.18943507
v -0.21875000 0.00742791 -0.06250000
v -0.21875000 0.01562500 -0.07027508
v -0.22642365 0.01562500 0.18750000
v -0.21875000 0.01562500 0.19517339
v -0.22656556 0.03125000 -0.07812500
v -0.21875000 0.03125000 -0.07076242
v -0.21875000 0.02333626 0.18750000
v -0.21875000 0.03125000 0.17972538
v -0.21875000 0.03863498 -0.07812500
v -0.21875000 0.04687500 -0.08591503
v -0.22959761 0.04687500 0.17187500
v -0.21875000 0.04687500 0.17968750
v -0.21875000 0.05491628 -0.09375000
v -0.21875000 0.06250000 -0.10133372
v -0.23062305 0.06250000 0.15625000
v -0.21875000 0.05468755 0.17187500
v -0.21875000 0.06250000 0.16406255
v -0.21875000 0.07032184 -0.10937500
v -0.21875000 0.07812500 -0.11717816
v -0.22706116 0.07812500 0.14062500
v -0.21875000 0.07031250 0.15625000
v -0.21875000 0.07812500 0.14843749
v -0.22656588 0.09375000 -0.12500000
v -0.21875000 0.09375000 -0.11713679
v -0.21875000 0.08593752 0.12500000
v -0.21875000 0.09375000 0.11716864
v -0.21875000 0.08593749 0.14062500
v -0.22675859 0.10937500 -0.12500000
v -0.22493105 0.10937500 -0.10937500
v -0.21875000 0.10314538 -0.10937500
v -0.21875000 0.10937500 -0.10319395
v -0.21875000 0.10178961 0.06250000
v -0.21875000 0.10937500 0.05491277
v -0.21875000 0.10156250 0.07812500
v -0.21875000 0.10156250 0.09375000
v -0.21875000 0.10154362 0.10937500
v -0.22656258 0.12500000 -0.10937500
v -0.21875000 0.12500000 -0.10149960
v -0.22658458 0.12500000 0.01562500
v -0.21875000 0.11745872 0.01562500
v -0.21875000 0.12500000 0.00805928
v -0.21875000 0.11718741 0.03125000
v -0.21875000 0.11718566 0.04687500
v -0.21875000 0.13274960 -0.09375000
v -0.21875000 0.13281250 -0.07812500
v -0.21875000 0.13281250 -0.06250000
v -0.21875000 0.13281238 -0.04687500
v -0.21875000 0.13281104 -0.03125000
v -0.21875000 0.13281190 -0.01562500
v -0.21875000 0.13278803 0.00000000
v -0.21397685 -0.12500000 -0.09375000
v -0.21094619 -0.12500000 -0.07812500
v -0.21093752 -0.12500000 -0.06250000
v -0.21093745 -0.12500000 -0.04687500
v -0.21093689 -0.12500000 -0.03125000
v -0.21093749 -0.12500000 -0.01562500
v -0.21153414 -0.12500000 0.00000000
v -0.21091903 -0.10937500 -0.09375000
v -0.20312500 -0.11690647 -0.07812500
v -0.20312500 -0.10937500 -0.08567492
v -0.20312500 -0.11718750 -0.06250000
v -0.20312500 -0.11718755 -0.04687500
v -0.20312500 -0.11718811 -0.03125000
v -0.20312500 -0.11718751 -0.01562500
v -0.20312500 -0.11718750 0.00000000
v -0.20312500 -0.11718566 0.01562500
v -0.20312500 -0.11066448 0.03125000
v -0.21095854 -0.10937500 0.04687500
v -0.20312500 -0.10937500 0.03254880
v -0.21084866 -0.09375000 -0.09375000
v -0.20312500 -0.09375000 -0.08602634
v -0.20312500 -0.10159318 0.04687500
v -0.20312500 -0.10156264 0.06250000
v -0.20312500 -0.10156250 0.07812500
v -0.20312500 -0.10156230 0.09375000
v -0.21684528 -0.09375000 0.10937500
v -0.20312500 -0.09375000 0.10156366
v -0.21092541 -0.07812500 -0.09375000
v -0.20312500 -0.07812500 -0.08594986
v -0.20312500 -0.08593886 0.10937500
v -0.20312500 -0.08593750 0.12500000
v -0.20919729 -0.07812500 0.14062500
v -0.20312500 -0.07812500 0.13455339
v -0.21160155 -0.06250000 -0.09375000
v -0.20312500 -0.06250000 -0.08593750
v -0.20312500 -0.07205336 0.14062500
v -0.20312500 -0.07002945 0.15625000
v -0.20312500 -0.06250000 0.16377945
v -0.20312500 -0.04687500 -0.08558929
v -0.20312500 -0.05468728 0.17187500
v -0.20312500 -0.04687500 0.17968730
v -0.21843532 -0.03125000 -0.07812500
v -0.20312500 -0.03941071 -0.07812500
v -0.20312500 -0.03125000 -0.07030654
v -0.20940009 -0.03125000 0.18750000
v -0.20312500 -0.03752330 0.18750000
v -0.20312500 -0.03125000 0.19377328
v -0.21093547 -0.01562500 -0.06250000
v -0.20312500 -0.02344141 -0.06250000
v -0.20312500 -0.01562500 -0.05468953
v -0.20312500 -0.02280401 0.18750000
v -0.20312500 -0.01562500 0.18182605
v -0.20907055 0.00000000 -0.04687500
v -0.20312500 -0.00594531 -0.04687500
v -0.20312500 0.00000000 -0.04092968
v -0.21593859 0.00000000 0.18750000
v -0.20312500 0.00000000 0.18137792
v -0.21087241 0.01562500 -0.06250000
v -0.20312500 0.00594530 -0.04687500
v -0.20312500 0.01562500 -0.05479001
v -0.20312500 0.00613251 0.18750000
v -0.20312500 0.01562500 0.19530156
v -0.20312500 0.02334723 -0.06250000
v -0.20312500 0.03125000 -0.07030026
v -0.21097524 0.03125000 0.18750000
v -0.20312500 0.03125000 0.19531235
v -0.21095993 0.04687500 -0.07812500
v -0.20312500 0.04687500 -0.07031249
v -0.20312500 0.03907471 0.18750000
v -0.20312500 0.04687500 0.17969985
v -0.21116439 0.06250000 -0.09375000
v -0.20312500 0.05470955 -0.07812500
v -0.20312500 0.06250000 -0.08591730
v -0.21089037 0.06250000 0.17187500
v -0.20312500 0.06250000 0.17964032
v -0.21094667 0.07812500 -0.10937500
v -0.20312500 0.07031144 -0.09375000
v -0.20312500 0.07812500 -0.10156184
v -0.20312500 0.07049318 0.15625000
v -0.20312500 0.07812500 0.14861818
v -0.20312500 0.07026532 0.17187500
v -0.21098821 0.09375000 -0.10937500
v -0.20312500 0.09375000 -0.10143668
v -0.21082388 0.09375000 0.12500000
v -0.20312500 0.08593750 0.14062500
v -0.20312500 0.09375000 0.13269886
v -0.21089796 0.10937500 -0.09375000
v -0.20312500 0.10147622 -0.09375000
v -0.20312500 0.10937500 -0.08597475
v -0.21110913 0.10937500 0.06250000
v -0.20312500 0.10156710 0.07812500
v -0.20312500 0.10937500 0.07026158
v -0.20312500 0.10156250 0.09375000
v -0.20312500 0.10156250 0.10937500
v -0.20312500 0.10144886 0.12500000
v -0.21100040 0.12500000 -0.09375000
v -0.21093313 0.12500000 -0.07812500
v -0.20312500 0.11718958 -0.07812500
v -0.20312500 0.12500000 -0.07005892
v -0.21074529 0.12500000 -0.03125000
v -0.20312500 0.11738117 -0.03125000
v -0.20312500 0.12500000 -0.04501556
v -0.21093066 0.12500000 -0.01562500
v -0.20312500 0.11719494 -0.01562500
v -0.21096193 0.12500000 0.00000000
v -0.20312500 0.11718754 0.00000000
v -0.20312500 0.11718485 0.01562500
v -0.20312500 0.11175108 0.03125000
v -0.20312500 0.11709319 0.04687500
v -0.20312500 0.11713198 0.06250000
v -0.20312500 0.13255455 -0.06250000
v -0.20312500 0.12677973 -0.04687500
v -0.19559353 -0.10937500 -0.07812500
v -0.19531246 -0.10937500 -0.06250000
v -0.19509455 -0.10937500 -0.04687500
v -0.19296875 -0.10937500 -0.03125000
v -0.19513033 -0.10937500 -0.01562500
v -0.19530977 -0.10937500 0.00000000
v -0.19530635 -0.10937500 0.01562500
v -0.20183548 -0.10937500 0.03125000
v -0.19531250 -0.09375000 -0.07812500
v -0.18750000 -0.10153833 -0.06250000
v -0.18750000 -0.09375000 -0.07028828
v -0.18750000 -0.10178045 -0.04687500
v -0.18750000 -0.10390625 -0.03125000
v -0.18750000 -0.10174467 -0.01562500
v -0.18750000 -0.10156523 0.00000000
v -0.18750000 -0.10157050 0.01562500
v -0.18750000 -0.10156264 0.03125000
v -0.18750000 -0.10156250 0.04687500
v -0.18750000 -0.10156249 0.06250000
v -0.18750000 -0.10155101 0.07812500
v -0.19531270 -0.09375000 0.09375000
v -0.18750000 -0.09375000 0.08592601
v -0.19531209 -0.07812500 -0.07812500
v -0.18750000 -0.07812500 -0.07030287
v -0.18750000 -0.08592486 0.09375000
v -0.19531250 -0.07812500 0.10937500
v -0.18750000 -0.07812500 0.10154986
v -0.19531250 -0.07812500 0.12500000
v -0.19531250 -0.06250000 -0.07812500
v -0.18750000 -0.06250000 -0.06899009
v -0.18750000 -0.07029674 0.10937500
v -0.18953881 -0.06250000 0.12500000
v -0.18750000 -0.06250000 0.12295403
v -0.19531253 -0.06250000 0.14062500
v -0.19559555 -0.06250000 0.15625000
v -0.19566071 -0.04687500 -0.07812500
v -0.19502889 -0.04687500 -0.06250000
v -0.18750000 -0.05573272 -0.06250000
v -0.18750000 -0.04687500 -0.05497111
v -0.18750000 -0.06046069 0.12500000
v -0.18750000 -0.05463893 0.14062500
v -0.19531250 -0.04687500 0.15625000
v -0.18750000 -0.04687500 0.14838893
v -0.19531272 -0.04687500 0.17187500
v -0.19531846 -0.03125000 -0.06250000
v -0.18750000 -0.03125000 -0.05468654
v -0.18750000 -0.03906249 0.15625000
v -0.18750000 -0.03904646 0.17187500
v -0.19685172 -0.03125000 0.18750000
v -0.18750000 -0.03125000 0.17967146
v -0.19529558 -0.01562500 -0.04687500
v -0.18750000 -0.02342153 -0.04687500
v -0.18750000 -0.01562500 -0.03907942
v -0.18750000 -0.01562500 0.17968652
v -0.19489079 0.00000000 -0.03125000
v -0.18750000 -0.00739079 -0.03125000
v -0.18750000 0.00000000 -0.02385923
v -0.18750000 0.00000000 0.18022437
v -0.19491178 0.01562500 -0.04687500
v -0.18750000 0.00739078 -0.03125000
v -0.18750000 0.01562500 -0.03946321
v -0.18750000 0.00842780 0.18750000
v -0.18750000 0.01562500 0.19416616
v -0.19532465 0.03125000 -0.06250000
v -0.18750000 0.02303678 -0.04687500
v -0.18750000 0.03125000 -0.05468759
v -0.18750000 0.03125000 0.19531108
v -0.19529389 0.04687500 -0.06250000
v -0.18750000 0.04687500 -0.05470615
v -0.18750000 0.03906109 0.18750000
v -0.18750000 0.04687500 0.17968752
v -0.19533459 0.06250000 -0.07812500
v -0.19529743 0.06250000 -0.06250000
v -0.18750000 0.06250000 -0.05469267
v -0.19444819 0.06250000 0.17187500
v -0.18750000 0.05559839 0.17187500
v -0.18750000 0.06250000 0.16497339
v -0.19531332 0.07812500 -0.09375000
v -0.19530413 0.07812500 -0.07812500
v -0.18750000 0.07045914 -0.06250000
v -0.18750000 0.07812500 -0.07015916
v -0.19548179 0.07812500 0.15625000
v -0.18750000 0.07812500 0.16405111
v -0.19543832 0.09375000 -0.09375000
v -0.19531245 0.09375000 -0.07812500
v -0.18750000 0.09375000 -0.06330929
v -0.18750000 0.08611168 0.14062500
v -0.18750000 0.09375000 0.13298668
v -0.18750000 0.08592611 0.15625000
v -0.19531479 0.10937500 -0.07812500
v -0.19530902 0.10937500 -0.06250000
v -0.18750000 0.09455996 -0.06250000
v -0.18750000 0.10937500 -0.05392433
v -0.19051516 0.10937500 0.00000000
v -0.18750000 0.10635983 0.00000000
v -0.18750000 0.10937500 -0.00303158
v -0.19528528 0.10937500 0.01562500
v -0.18750000 0.10159237 0.01562500
v -0.20068926 0.10937500 0.03125000
v -0.18750000 0.10167698 0.03125000
v -0.19201686 0.10937500 0.04687500
v -0.18750000 0.10493528 0.04687500
v -0.18750000 0.10937500 0.05151516
v -0.19527870 0.10937500 0.07812500
v -0.19436545 0.10937500 0.09375000
v -0.18750000 0.10158712 0.10937500
v -0.18750000 0.10937500 0.10063971
v -0.18750000 0.10156250 0.12500000
v -0.19557045 0.12500000 -0.06250000
v -0.20134527 0.12500000 -0.04687500
v -0.18750000 0.11642091 -0.04687500
v -0.18750000 0.11713338 -0.03125000
v -0.18750000 0.11716119 -0.01562500
v -0.18750000 0.11694446 0.06250000
v -0.18750000 0.11714911 0.07812500
v -0.18750000 0.11624045 0.09375000
v -0.17971172 -0.09375000 -0.06250000
v -0.17968750 -0.09375000 -0.04687500
v -0.17932087 -0.09375000 -0.03125000
v -0.17187500 -0.10156247 -0.01562500
v -0.17187500 -0.09375000 -0.02380410
v -0.17187500 -0.10156248 0.00000000
v -0.17187500 -0.10156249 0.01562500
v -0.17187500 -0.10156031 0.03125000
v -0.17187500 -0.10014172 0.04687500
v -0.17968751 -0.09375000 0.06250000
v -0.17187500 -0.09375000 0.05326672
v -0.17969899 -0.09375000 0.07812500
v -0.17969754 -0.07812500 -0.06250000
v -0.17968715 -0.07812500 -0.04687500
v -0.17187500 -0.08630347 -0.03125000
v -0.17187500 -0.07812500 -0.03906219
v -0.17187500 -0.08493079 0.06250000
v -0.17968750 -0.07812500 0.07812500
v -0.17187500 -0.07812500 0.06930579
v -0.17970014 -0.07812500 0.09375000
v -0.18100991 -0.06250000 -0.06250000
v -0.17967076 -0.06250000 -0.04687500
v -0.17187500 -0.06250000 -0.03907923
v -0.17187500 -0.06930079 0.07812500
v -0.17968751 -0.06250000 0.09375000
v -0.17187500 -0.06250000 0.08492579
v -0.17970326 -0.06250000 0.10937500
v -0.17968254 -0.04687500 -0.04687500
v -0.17187500 -0.04687500 -0.03906738
v -0.17187500 -0.05327202 0.09375000
v -0.17968797 -0.04687500 0.10937500
v -0.17187500 -0.04687500 0.10014702
v -0.17968861 -0.04687500 0.12500000
v -0.17973607 -0.04687500 0.14062500
v -0.17968845 -0.03125000 -0.04687500
v -0.17187500 -0.03125000 -0.03905357
v -0.17187500 -0.03859486 0.10937500
v -0.17968750 -0.03125000 0.12500000
v -0.17187500 -0.03125000 0.11671986
v -0.17968750 -0.03125000 0.14062500
v -0.17968751 -0.03125000 0.15625000
v -0.17970354 -0.03125000 0.17187500
v -0.17888178 -0.01562500 -0.03125000
v -0.17187500 -0.02264061 -0.03125000
v -0.17187500 -0.01562500 -0.02424323
v -0.17187500 -0.02343736 0.12500000
v -0.17187500 -0.02312878 0.14062500
v -0.17968750 -0.01562500 0.15625000
v -0.17187500 -0.01562500 0.14812878
v -0.17968848 -0.01562500 0.17187500
v -0.17187500 0.00000000 -0.01992770
v -0.17968750 0.00000000 0.15625000
v -0.17187500 0.00000000 0.14803238
v -0.17968788 0.00000000 0.17187500
v -0.17187500 0.00852992 -0.03125000
v -0.17187500 0.01562500 -0.03834508
v -0.17968750 0.01562500 0.15625000
v -0.17187500 0.01562500 0.14843479
v -0.17968750 0.01562500 0.17187500
v -0.18083384 0.01562500 0.18750000
v -0.17968684 0.03125000 -0.04687500
v -0.17187500 0.03125000 -0.03906313
v -0.17187500 0.02344892 0.15625000
v -0.17968750 0.03125000 0.17187500
v -0.17187500 0.03125000 0.16405108
v -0.17968892 0.03125000 0.18750000
v -0.17952394 0.04687500 -0.04687500
v -0.17187500 0.04687500 -0.03922606
v -0.17187500 0.04092408 0.17187500
v -0.17187500 0.04687500 0.17782592
v -0.17969735 0.06250000 -0.04687500
v -0.17187500 0.06250000 -0.03905089
v -0.17187500 0.05282653 0.17187500
v -0.17187500 0.06250000 0.16406300
v -0.17984920 0.07812500 -0.06250000
v -0.17968715 0.07812500 -0.04687500
v -0.17187500 0.07812500 -0.03780020
v -0.17662527 0.07812500 0.15625000
v -0.17187500 0.07338424 0.15625000
v -0.17187500 0.07812500 0.15150937
v -0.18669072 0.09375000 -0.06250000
v -0.17968756 0.09375000 -0.04687500
v -0.17942691 0.09375000 -0.03125000
v -0.17187500 0.08493000 -0.03125000
v -0.17911795 0.09375000 -0.01562500
v -0.17187500 0.08641076 -0.01562500
v -0.17947338 0.09375000 0.00000000
v -0.17187500 0.08615158 0.00000000
v -0.17187500 0.09375000 0.00789987
v -0.17981585 0.09375000 0.14062500
v -0.17187500 0.09375000 0.14839166
v -0.18045412 0.10937500 -0.04687500
v -0.17974162 0.10937500 -0.03125000
v -0.17971381 0.10937500 -0.01562500
v -0.17187500 0.10126108 0.01562500
v -0.17187500 0.10156243 0.03125000
v -0.17187500 0.10157586 0.04687500
v -0.17187500 0.10937500 0.05681018
v -0.17971187 0.10937500 0.10937500
v -0.17187500 0.10169803 0.12500000
v -0.17187500 0.10937500 0.11732278
v -0.17187500 0.10151666 0.14062500
v -0.17187500 0.11505245 0.06250000
v -0.17187500 0.11718737 0.07812500
v -0.17187500 0.11718750 0.09375000
v -0.17187500 0.11718725 0.10937500
v -0.16406253 -0.09375000 -0.01562500
v -0.16406070 -0.09375000 0.00000000
v -0.16406223 -0.09375000 0.01562500
v -0.16406469 -0.09375000 0.03125000
v -0.16548328 -0.09375000 0.04687500
v -0.16406316 -0.07812500 -0.03125000
v -0.16339186 -0.07812500 -0.01562500
v -0.15625000 -0.08593863 0.00000000
v -0.15625000 -0.07812500 -0.00848245
v -0.15625000 -0.08593777 0.01562500
v -0.15625000 -0.08467143 0.03125000
v -0.16406253 -0.07812500 0.04687500
v -0.15625000 -0.07812500 0.03779643
v -0.16506921 -0.07812500 0.06250000
v -0.16406250 -0.06250000 -0.03125000
v -0.15625000 -0.07090129 -0.01562500
v -0.15625000 -0.06250000 -0.02335512
v -0.16406250 -0.06250000 0.04687500
v -0.15625000 -0.06250000 0.03900618
v -0.16406251 -0.06250000 0.06250000
v -0.16507421 -0.06250000 0.07812500
v -0.16406257 -0.04687500 -0.03125000
v -0.15625000 -0.04687500 -0.02343647
v -0.16406250 -0.04687500 0.04687500
v -0.15625000 -0.04687500 0.03893544
v -0.16406250 -0.04687500 0.06250000
v -0.16406251 -0.04687500 0.07812500
v -0.16547798 -0.04687500 0.09375000
v -0.16407144 -0.03125000 -0.03125000
v -0.15625000 -0.03125000 -0.02338440
v -0.16406250 -0.03125000 0.04687500
v -0.15625000 -0.03125000 0.03849990
v -0.16406250 -0.03125000 0.06250000
v -0.16406270 -0.03125000 0.07812500
v -0.16409722 -0.03125000 0.09375000
v -0.16453014 -0.03125000 0.10937500
v -0.16406251 -0.01562500 -0.01562500
v -0.15625000 -0.02349060 -0.01562500
v -0.16406250 -0.01562500 0.00000000
v -0.15625000 -0.02344035 0.00000000
v -0.16406250 -0.01562500 0.01562500
v -0.15625000 -0.02346802 0.01562500
v -0.16406250 -0.01562500 0.03125000
v -0.15625000 -0.02400010 0.03125000
v -0.16406252 -0.01562500 0.04687500
v -0.16406252 -0.01562500 0.06250000
v -0.16406251 -0.01562500 0.07812500
v -0.16406250 -0.01562500 0.09375000
v -0.16406251 -0.01562500 0.10937500
v -0.16406264 -0.01562500 0.12500000
v -0.16437122 -0.01562500 0.14062500
v -0.16757231 0.00000000 -0.01562500
v -0.16406251 0.00000000 0.00000000
v -0.16406250 0.00000000 0.01562500
v -0.16406250 0.00000000 0.03125000
v -0.15625000 -0.00603890 0.04687500
v -0.15625000 0.00000000 0.04083610
v -0.16406250 0.00000000 0.06250000
v -0.15625000 0.00000000 0.05291390
v -0.16406250 0.00000000 0.07812500
v -0.16406250 0.00000000 0.09375000
v -0.16406250 0.00000000 0.10937500
v -0.16406251 0.00000000 0.12500000
v -0.16446762 0.00000000 0.14062500
v -0.16477992 0.01562500 -0.03125000
v -0.16406250 0.01562500 -0.01562500
v -0.15625000 0.00784443 0.00000000
v -0.15625000 0.01562500 -0.00778057
v -0.15625000 0.00781323 0.01562500
v -0.15625000 0.00781263 0.03125000
v -0.15625000 0.00782028 0.06250000
v -0.15625000 0.00785103 0.07812500
v -0.15625000 0.01418394 0.09375000
v -0.16406250 0.01562500 0.10937500
v -0.15625000 0.01562500 0.09519106
v -0.16406250 0.01562500 0.12500000
v -0.16406521 0.01562500 0.14062500
v -0.16406250 0.03125000 -0.03125000
v -0.15625000 0.02343979 -0.01562500
v -0.15625000 0.03125000 -0.02343523
v -0.15625000 0.02450678 0.10937500
v -0.16406250 0.03125000 0.12500000
v -0.15625000 0.03125000 0.11611822
v -0.16406250 0.03125000 0.14062500
v -0.16407392 0.03125000 0.15625000
v -0.16406248 0.04687500 -0.03125000
v -0.15625000 0.04687500 -0.02335661
v -0.16406250 0.04687500 0.12500000
v -0.15625000 0.04687500 0.11714813
v -0.16406250 0.04687500 0.14062500
v -0.16406277 0.04687500 0.15625000
v -0.16592408 0.04687500 0.17187500
v -0.16407415 0.06250000 -0.03125000
v -0.15625000 0.06250000 -0.02229898
v -0.15625000 0.05664812 0.12500000
v -0.16406250 0.06250000 0.14062500
v -0.15625000 0.06250000 0.13085188
v -0.16406266 0.06250000 0.15625000
v -0.16532516 0.07812500 -0.03125000
v -0.16415892 0.07812500 -0.01562500
v -0.15625000 0.06917428 -0.01562500
v -0.15625000 0.07812500 -0.00213667
v -0.15625000 0.07032365 0.14062500
v -0.15625000 0.07812500 0.14842644
v -0.15625000 0.08026153 0.00000000
v -0.16436224 0.09375000 0.01562500
v -0.15625000 0.08593916 0.01562500
v -0.15625000 0.09375000 0.02345679
v -0.15970894 0.09375000 0.14062500
v -0.15625000 0.09031491 0.14062500
v -0.15625000 0.09375000 0.13719756
v -0.15625000 0.10154153 0.03125000
v -0.15625000 0.10156621 0.04687500
v -0.15625000 0.10937500 0.05636799
v -0.16351307 0.10937500 0.12500000
v -0.15625000 0.10937500 0.13212838
v -0.15625000 0.11550348 0.06250000
v -0.15625000 0.11718566 0.07812500
v -0.15625000 0.11718750 0.09375000
v -0.15625000 0.11718750 0.10937500
v -0.15625000 0.11650338 0.12500000
v -0.14843819 -0.07812500 0.00000000
v -0.14843750 -0.07812500 0.01562500
v -0.14970357 -0.07812500 0.03125000
v -0.14851988 -0.06250000 -0.01562500
v -0.14843750 -0.06250000 0.00000000
v -0.14843756 -0.06250000 0.01562500
v -0.14849382 -0.06250000 0.03125000
v -0.14843854 -0.04687500 -0.01562500
v -0.14843752 -0.04687500 0.00000000
v -0.14843817 -0.04687500 0.01562500
v -0.14856456 -0.04687500 0.03125000
v -0.14849060 -0.03125000 -0.01562500
v -0.14844035 -0.03125000 0.00000000
v -0.14846802 -0.03125000 0.01562500
v -0.14900010 -0.03125000 0.03125000
v -0.15021110 0.00000000 0.04687500
v -0.14846943 0.01562500 0.00000000
v -0.14843823 0.01562500 0.01562500
v -0.14843763 0.01562500 0.03125000
v -0.14843834 0.01562500 0.04687500
v -0.14844528 0.01562500 0.06250000
v -0.14847603 0.01562500 0.07812500
v -0.15480894 0.01562500 0.09375000
v -0.14843979 0.03125000 -0.01562500
v -0.14843751 0.03125000 0.00000000
v -0.14843751 0.03125000 0.01562500
v -0.14843750 0.03125000 0.03125000
v -0.14843751 0.03125000 0.04687500
v -0.14843770 0.03125000 0.06250000
v -0.14844049 0.03125000 0.07812500
v -0.14846186 0.03125000 0.09375000
v -0.14950678 0.03125000 0.10937500
v -0.14851841 0.04687500 -0.01562500
v -0.14843750 0.04687500 0.00000000
v -0.14843750 0.04687500 0.01562500
v -0.14843750 0.04687500 0.03125000
v -0.14843750 0.04687500 0.04687500
v -0.14843750 0.04687500 0.06250000
v -0.14843759 0.04687500 0.07812500
v -0.14843798 0.04687500 0.09375000
v -0.14847687 0.04687500 0.10937500
v -0.14957603 0.06250000 -0.01562500
v -0.14843751 0.06250000 0.00000000
v -0.14843750 0.06250000 0.01562500
v -0.14843750 0.06250000 0.03125000
v -0.14843750 0.06250000 0.04687500
v -0.14843750 0.06250000 0.06250000
v -0.14843750 0.06250000 0.07812500
v -0.14843751 0.06250000 0.09375000
v -0.14845738 0.06250000 0.10937500
v -0.15039812 0.06250000 0.12500000
v -0.15411347 0.07812500 0.00000000
v -0.14843752 0.07812500 0.01562500
v -0.14843750 0.07812500 0.03125000
v -0.14843750 0.07812500 0.04687500
v -0.14843750 0.07812500 0.06250000
v -0.14843750 0.07812500 0.07812500
v -0.14843750 0.07812500 0.09375000
v -0.14843750 0.07812500 0.10937500
v -0.14843799 0.07812500 0.12500000
v -0.14844865 0.07812500 0.14062500
v -0.14644724 0.09375000 0.03125000
v -0.14062500 0.08596072 0.04687500
v -0.14062500 0.09375000 0.03707435
v -0.14062500 0.08593975 0.06250000
v -0.14062500 0.08604897 0.07812500
v -0.14062500 0.08707083 0.09375000
v -0.14843750 0.09375000 0.10937500
v -0.14062500 0.09375000 0.10042917
v -0.14843750 0.09375000 0.12500000
v -0.14062500 0.10153939 0.04687500
v -0.14511782 0.10937500 0.06250000
v -0.14062500 0.10614488 0.06250000
v -0.14062500 0.10937500 0.06576447
v -0.14062500 0.10221479 0.10937500
v -0.14912153 0.10937500 0.12500000
v -0.14062500 0.10937500 0.11653531
v -0.14062500 0.11713310 0.07812500
v -0.14062500 0.11714302 0.09375000
v -0.14062500 0.11653521 0.10937500
v -0.13283572 0.09375000 0.04687500
v -0.13281475 0.09375000 0.06250000
v -0.13292397 0.09375000 0.07812500
v -0.13394583 0.09375000 0.09375000
v -0.13286690 0.10937500 0.07812500
v -0.13285698 0.10937500 0.09375000
v -0.13346479 0.10937500 0.10937500
v 0.00815917 0.04687500 0.14062500
v 0.01562500 0.03940917 0.14062500
v 0.01562500 0.04687500 0.13315917
v 0.00820014 0.04687500 0.15625000
v 0.01562500 0.03945014 0.15625000
v 0.00820911 0.04687500 0.17187500
v 0.01562500 0.03945911 0.17187500
v 0.00863843 0.04687500 0.18750000
v 0.01562500 0.03988843 0.18750000
v 0.01562500 0.04687500 0.19448657
v 0.00801426 0.06250000 0.10937500
v 0.01562500 0.05488926 0.10937500
v 0.01562500 0.06250000 0.10176426
v 0.00781487 0.06250000 0.12500000
v 0.01562500 0.05468987 0.12500000
v 0.00781258 0.06250000 0.14062500
v 0.00781251 0.06250000 0.15625000
v 0.00781250 0.06250000 0.17187500
v 0.00824106 0.06250000 0.18750000
v 0.01562500 0.06250000 0.19488394
v 0.00781339 0.07812500 0.10937500
v 0.01562500 0.07812500 0.10156339
v 0.00781250 0.07812500 0.12500000
v 0.00781250 0.07812500 0.14062500
v 0.00781250 0.07812500 0.15625000
v 0.00781252 0.07812500 0.17187500
v 0.01562500 0.06989328 0.18750000
v 0.01562500 0.07812500 0.17969685
v 0.00781271 0.09375000 0.10937500
v 0.01562500 0.09375000 0.09464098
v 0.00781250 0.09375000 0.12500000
v 0.00781250 0.09375000 0.14062500
v 0.00781250 0.09375000 0.15625000
v 0.00893254 0.09375000 0.17187500
v 0.01562500 0.09375000 0.17856746
v 0.00782142 0.10937500 0.09375000
v 0.01562500 0.09464286 0.09375000
v 0.01562500 0.10937500 0.08594642
v 0.00781250 0.10937500 0.10937500
v 0.00781250 0.10937500 0.12500000
v 0.00781250 0.10937500 0.14062500
v 0.01455766 0.10937500 0.15625000
v 0.01562500 0.10044246 0.17187500
v 0.01562500 0.10937500 0.15731734
v 0.00784741 0.12500000 0.07812500
v 0.01562500 0.11722241 0.07812500
v 0.01562500 0.12500000 0.07034741
v 0.00781279 0.12500000 0.09375000
v 0.00782296 0.12500000 0.10937500
v 0.01148293 0.12500000 0.12500000
v 0.01562500 0.11719727 0.14062500
v 0.01562500 0.12500000 0.12914968
v 0.01562500 0.11044234 0.15625000
v 0.01562500 0.13277759 0.07812500
v 0.01562500 0.13281221 0.09375000
v 0.01562500 0.13280204 0.10937500
v 0.01562500 0.12914207 0.12500000
v 0.02496784 -0.10937500 -0.29687500
v 0.03125000 -0.11568794 -0.29687500
v 0.03125000 -0.10937500 -0.30315751
v 0.02408382 -0.10937500 -0.28125000
v 0.03125000 -0.11656258 -0.28125000
v 0.02366982 -0.10937500 -0.26562500
v 0.03125000 -0.11695662 -0.26562500
v 0.02363428 -0.10937500 -0.25000000
v 0.03125000 -0.11699072 -0.25000000
v 0.02381016 -0.10937500 -0.23437500
v 0.03125000 -0.11681484 -0.23437500
v 0.02358773 -0.10937500 -0.21875000
v 0.03125000 -0.11703727 -0.21875000
v 0.03125000 -0.10937500 -0.21100612
v 0.03125000 -0.10119396 -0.29687500
v 0.03125000 -0.10007337 -0.28125000
v 0.03125000 -0.09554515 -0.26562500
v 0.02801071 -0.09375000 -0.25000000
v 0.03125000 -0.09375000 -0.26064629
v 0.02528943 -0.09375000 -0.23437500
v 0.03125000 -0.10149371 -0.21875000
v 0.03125000 -0.09375000 -0.22820638
v 0.03125000 -0.09051069 -0.25000000
v 0.03125000 -0.08778943 -0.23437500
v 0.02531438 -0.04687500 0.18750000
v 0.03125000 -0.05281062 0.18750000
v 0.03125000 -0.04687500 0.18156438
v 0.03125000 -0.04687500 0.19345553
v 0.02375033 -0.03125000 0.04687500
v 0.03125000 -0.03874967 0.04687500
v 0.03125000 -0.03125000 0.03937533
v 0.02822313 -0.03125000 0.06250000
v 0.03125000 -0.03427687 0.06250000
v 0.03125000 -0.03125000 0.06552687
v 0.02355814 -0.03125000 0.15625000
v 0.03125000 -0.03894186 0.15625000
v 0.03125000 -0.03125000 0.14137300
v 0.02344766 -0.03125000 0.17187500
v 0.03125000 -0.03905234 0.17187500
v 0.02343754 -0.03125000 0.18750000
v 0.02343752 -0.03125000 0.20312500
v 0.03125000 -0.03908359 0.20312500
v 0.03125000 -0.03125000 0.21094986
v 0.02351090 -0.01562500 0.03125000
v 0.03125000 -0.02336410 0.03125000
v 0.03125000 -0.01562500 0.02351090
v 0.02344178 -0.01562500 0.04687500
v 0.02535485 -0.01562500 0.06250000
v 0.03125000 -0.01562500 0.06839515
v 0.02636250 -0.01562500 0.12500000
v 0.03125000 -0.02051250 0.12500000
v 0.03125000 -0.01562500 0.11491319
v 0.02352149 -0.01562500 0.14062500
v 0.03125000 -0.03050865 0.14062500
v 0.02343796 -0.01562500 0.15625000
v 0.02343750 -0.01562500 0.17187500
v 0.02343750 -0.01562500 0.18750000
v 0.02343750 -0.01562500 0.20312500
v 0.02353246 -0.01562500 0.21875000
v 0.03125000 -0.02335492 0.21875000
v 0.03125000 -0.01562500 0.22646754
v 0.02350396 0.00000000 0.03125000
v 0.03125000 0.00000000 0.02350396
v 0.02344135 0.00000000 0.04687500
v 0.02343908 0.00000000 0.06250000
v 0.02343878 0.00000000 0.07812500
v 0.03125000 -0.00781122 0.07812500
v 0.02343778 0.00000000 0.09375000
v 0.03125000 -0.00781222 0.09375000
v 0.02343754 0.00000000 0.10937500
v 0.03125000 -0.01250079 0.10937500
v 0.02343750 0.00000000 0.12500000
v 0.02343750 0.00000000 0.14062500
v 0.02343750 0.00000000 0.15625000
v 0.02343750 0.00000000 0.17187500
v 0.02343750 0.00000000 0.18750000
v 0.02343750 0.00000000 0.20312500
v 0.02344141 0.00000000 0.21875000
v 0.03125000 0.00000000 0.22655859
v 0.02346086 0.01562500 0.01562500
v 0.03125000 0.00783586 0.01562500
v 0.03125000 0.01562500 0.00783586
v 0.02343752 0.01562500 0.03125000
v 0.02343750 0.01562500 0.04687500
v 0.02343750 0.01562500 0.06250000
v 0.02343750 0.01562500 0.07812500
v 0.02343750 0.01562500 0.09375000
v 0.02343750 0.01562500 0.10937500
v 0.02343750 0.01562500 0.12500000
v 0.02343750 0.01562500 0.14062500
v 0.02343750 0.01562500 0.15625000
v 0.02343750 0.01562500 0.17187500
v 0.02343750 0.01562500 0.18750000
v 0.02343750 0.01562500 0.20312500
v 0.03125000 0.00800339 0.21875000
v 0.03125000 0.01562500 0.21113230
v 0.02343784 0.03125000 0.01562500
v 0.03125000 0.03125000 0.00781284
v 0.02343750 0.03125000 0.03125000
v 0.02343750 0.03125000 0.04687500
v 0.02343750 0.03125000 0.06250000
v 0.02343750 0.03125000 0.07812500
v 0.02343750 0.03125000 0.09375000
v 0.02343750 0.03125000 0.10937500
v 0.02343750 0.03125000 0.12500000
v 0.02343750 0.03125000 0.14062500
v 0.02343750 0.03125000 0.15625000
v 0.02343750 0.03125000 0.17187500
v 0.02343750 0.03125000 0.18750000
v 0.02343820 0.03125000 0.20312500
v 0.03125000 0.03125000 0.21093680
v 0.02431543 0.04687500 0.00000000
v 0.03125000 0.03994043 0.00000000
v 0.03125000 0.04687500 -0.00693457
v 0.02343751 0.04687500 0.01562500
v 0.02343750 0.04687500 0.03125000
v 0.02343750 0.04687500 0.04687500
v 0.02343750 0.04687500 0.06250000
v 0.02343750 0.04687500 0.07812500
v 0.02343750 0.04687500 0.09375000
v 0.02343750 0.04687500 0.10937500
v 0.02343750 0.04687500 0.12500000
v 0.02699163 0.04687500 0.20312500
v 0.03125000 0.04687500 0.20738337
v 0.02358613 0.06250000 0.00000000
v 0.03125000 0.06250000 -0.00766387
v 0.02343755 0.06250000 0.01562500
v 0.02343750 0.06250000 0.03125000
v 0.02343750 0.06250000 0.04687500
v 0.02343750 0.06250000 0.06250000
v 0.02343750 0.06250000 0.07812500
v 0.02343750 0.06250000 0.09375000
v 0.03125000 0.05117023 0.20312500
v 0.03125000 0.06250000 0.19535885
v 0.02349918 0.07812500 0.00000000
v 0.03125000 0.07812500 -0.00775082
v 0.02343752 0.07812500 0.01562500
v 0.02343750 0.07812500 0.03125000
v 0.02343750 0.07812500 0.04687500
v 0.02343750 0.07812500 0.06250000
v 0.02343750 0.07812500 0.07812500
v 0.02343750 0.07812500 0.09375000
v 0.02342873 0.07812500 0.18750000
v 0.03125000 0.07812500 0.19531190
v 0.02414401 0.09375000 -0.31250000
v 0.03125000 0.08664400 -0.31250000
v 0.03125000 0.09375000 -0.32003433
v 0.02355083 0.09375000 -0.29687500
v 0.03125000 0.08605048 -0.29687500
v 0.02460072 0.09375000 -0.28125000
v 0.03125000 0.08710069 -0.28125000
v 0.03125000 0.09375000 -0.27460044
v 0.02343838 0.09375000 0.00000000
v 0.03125000 0.09375000 -0.00781162
v 0.02343750 0.09375000 0.01562500
v 0.02343750 0.09375000 0.03125000
v 0.02343750 0.09375000 0.04687500
v 0.02343750 0.09375000 0.06250000
v 0.02343750 0.09375000 0.07812500
v 0.01651594 0.09375000 0.09375000
v 0.03125000 0.08593690 0.18750000
v 0.03125000 0.09375000 0.17968743
v 0.02345309 0.10937500 -0.31250000
v 0.03125000 0.10937500 -0.32586569
v 0.02344319 0.10937500 -0.29687500
v 0.02344419 0.10937500 -0.28125000
v 0.03125000 0.10937500 -0.27322753
v 0.02536797 0.10937500 -0.03125000
v 0.03125000 0.10349297 -0.03125000
v 0.03125000 0.10937500 -0.03713567
v 0.02343765 0.10937500 -0.01562500
v 0.03125000 0.10156265 -0.01562500
v 0.02343750 0.10937500 0.00000000
v 0.02343750 0.10937500 0.01562500
v 0.02343750 0.10937500 0.03125000
v 0.02343750 0.10937500 0.04687500
v 0.02343750 0.10937500 0.06250000
v 0.02343750 0.10937500 0.07812500
v 0.03125000 0.10156243 0.17187500
v 0.03125000 0.10937500 0.16405819
v 0.02350132 0.12500000 -0.31250000
v 0.03125000 0.12500000 -0.32236348
v 0.02355319 0.12500000 -0.29687500
v 0.02406836 0.12500000 -0.28125000
v 0.03125000 0.12500000 -0.27343477
v 0.03125000 0.11530796 -0.03125000
v 0.02425955 0.12500000 -0.01562500
v 0.03125000 0.12500000 -0.02266903
v 0.02343761 0.12500000 0.00000000
v 0.02343750 0.12500000 0.01562500
v 0.02343750 0.12500000 0.03125000
v 0.02343750 0.12500000 0.04687500
v 0.02343750 0.12500000 0.06250000
v 0.03125000 0.11718750 0.14062500
v 0.03125000 0.12500000 0.13280747
v 0.03125000 0.11718319 0.15625000
v 0.03125000 0.13274935 -0.31250000
v 0.03125000 0.13270389 -0.29687500
v 0.03125000 0.13232693 -0.28125000
v 0.03125000 0.13199045 -0.01562500
v 0.03125000 0.13281239 0.00000000
v 0.03125000 0.13281250 0.01562500
v 0.03125000 0.13281252 0.03125000
v 0.03125000 0.13281254 0.04687500
v 0.03125000 0.13281257 0.06250000
v 0.03125000 0.13281250 0.07812500
v 0.03125000 0.13281250 0.09375000
v 0.03125000 0.13281250 0.10937500
v 0.03125000 0.13280747 0.12500000
v 0.03925044 -0.14062500 -0.31250000
v 0.04687500 -0.14824956 -0.31250000
v 0.04687500 -0.14062500 -0.32012456
v 0.04687500 -0.14062500 -0.30486716
v 0.03906400 -0.12500000 -0.31250000
v 0.04687500 -0.12500000 -0.32032267
v 0.03903056 -0.12500000 -0.29687500
v 0.04687500 -0.13282074 -0.29687500
v 0.03904098 -0.12500000 -0.28125000
v 0.04687500 -0.13281272 -0.28125000
v 0.03906107 -0.12500000 -0.26562500
v 0.04687500 -0.13281250 -0.26562500
v 0.03906427 -0.12500000 -0.25000000
v 0.04687500 -0.13281073 -0.25000000
v 0.03907945 -0.12500000 -0.23437500
v 0.04687500 -0.13279555 -0.23437500
v 0.03907583 -0.12500000 -0.21875000
v 0.04687500 -0.13279917 -0.21875000
v 0.03911691 -0.12500000 -0.20312500
v 0.04687500 -0.13275809 -0.20312500
v 0.03925890 -0.12500000 -0.18750000
v 0.04687500 -0.13261610 -0.18750000
v 0.03908379 -0.12500000 -0.17187500
v 0.04687500 -0.13279121 -0.17187500
v 0.03910311 -0.12500000 -0.15625000
v 0.04687500 -0.13277189 -0.15625000
v 0.04202008 -0.12500000 -0.14062500
v 0.04687500 -0.12985492 -0.14062500
v 0.04687500 -0.12500000 -0.13551750
v 0.03917666 -0.12500000 -0.01562500
v 0.04687500 -0.13269834 -0.01562500
v 0.04687500 -0.12500000 -0.02352255
v 0.03906252 -0.12500000 0.00000000
v 0.04687500 -0.13281248 0.00000000
v 0.03906250 -0.12500000 0.01562500
v 0.04687500 -0.13281250 0.01562500
v 0.03906250 -0.12500000 0.03125000
v 0.04687500 -0.13281252 0.03125000
v 0.03906250 -0.12500000 0.04687500
v 0.04687500 -0.13281351 0.04687500
v 0.03906250 -0.12500000 0.06250000
v 0.04687500 -0.13281596 0.06250000
v 0.03906250 -0.12500000 0.07812500
v 0.04687500 -0.13281299 0.07812500
v 0.03906250 -0.12500000 0.09375000
v 0.04687500 -0.13281250 0.09375000
v 0.03906259 -0.12500000 0.10937500
v 0.04687500 -0.13281241 0.10937500
v 0.04687500 -0.12500000 0.11840589
v 0.03906213 -0.10937500 -0.31250000
v 0.04687500 -0.10937500 -0.32033204
v 0.03898088 -0.10937500 -0.20312500
v 0.03906250 -0.10937500 -0.18750000
v 0.03906250 -0.10937500 -0.17187500
v 0.03906250 -0.10937500 -0.15625000
v 0.03906276 -0.10937500 -0.14062500
v 0.03958170 -0.10937500 -0.12500000
v 0.04687500 -0.11695840 -0.12500000
v 0.04687500 -0.10937500 -0.11764670
v 0.03908292 -0.10937500 -0.04687500
v 0.04687500 -0.11716708 -0.04687500
v 0.04687500 -0.10937500 -0.05466875
v 0.03906250 -0.10937500 -0.03125000
v 0.04687500 -0.11738668 -0.03125000
v 0.03906250 -0.10937500 -0.01562500
v 0.03906250 -0.10937500 0.00000000
v 0.03906250 -0.10937500 0.01562500
v 0.03906250 -0.10937500 0.03125000
v 0.03906250 -0.10937500 0.04687500
v 0.03906250 -0.10937500 0.06250000
v 0.03906250 -0.10937500 0.07812500
v 0.03906250 -0.10937500 0.09375000
v 0.03906250 -0.10937500 0.10937500
v 0.03906250 -0.10937500 0.12500000
v 0.04687500 -0.11840598 0.12500000
v 0.03906252 -0.10937500 0.14062500
v 0.04687500 -0.11718748 0.14062500
v 0.04687500 -0.10937500 0.14843790
v 0.03905705 -0.09375000 -0.31250000
v 0.04687500 -0.09375000 -0.32034733
v 0.03718101 -0.09375000 -0.29687500
v 0.03696020 -0.09375000 -0.28125000
v 0.03295277 -0.09375000 -0.26562500
v 0.03884353 -0.09375000 -0.21875000
v 0.03906135 -0.09375000 -0.20312500
v 0.03906250 -0.09375000 -0.18750000
v 0.03906250 -0.09375000 -0.17187500
v 0.03906250 -0.09375000 -0.15625000
v 0.03906253 -0.09375000 -0.14062500
v 0.03906598 -0.09375000 -0.12500000
v 0.03989450 -0.09375000 -0.10937500
v 0.04687500 -0.10079011 -0.10937500
v 0.04687500 -0.09375000 -0.09965267
v 0.03921867 -0.09375000 -0.07812500
v 0.04687500 -0.10140634 -0.07812500
v 0.04687500 -0.09375000 -0.08847091
v 0.03906251 -0.09375000 -0.06250000
v 0.04687500 -0.10156416 -0.06250000
v 0.03906250 -0.09375000 -0.04687500
v 0.03906250 -0.09375000 -0.03125000
v 0.03906250 -0.09375000 -0.01562500
v 0.03906250 -0.09375000 0.00000000
v 0.03906250 -0.09375000 0.01562500
v 0.03906250 -0.09375000 0.03125000
v 0.03906250 -0.09375000 0.04687500
v 0.03906250 -0.09375000 0.06250000
v 0.03906250 -0.09375000 0.07812500
v 0.03906250 -0.09375000 0.09375000
v 0.03906250 -0.09375000 0.10937500
v 0.03906250 -0.09375000 0.12500000
v 0.03906250 -0.09375000 0.14062500
v 0.03906251 -0.09375000 0.15625000
v 0.04687500 -0.10156291 0.15625000
v 0.04687500 -0.09375000 0.16406251
v 0.03906263 -0.07812500 -0.31250000
v 0.04687500 -0.07812500 -0.32031155
v 0.03903335 -0.07812500 -0.29687500
v 0.03906250 -0.07812500 -0.28125000
v 0.03908600 -0.07812500 -0.26562500
v 0.04083739 -0.07812500 -0.25000000
v 0.04687500 -0.08459455 -0.23437500
v 0.04687500 -0.07812500 -0.24263703
v 0.04530000 -0.07812500 -0.21875000
v 0.04687500 -0.07812500 -0.22088935
v 0.04687500 -0.08593091 -0.20312500
v 0.04687500 -0.07812500 -0.21717261
v 0.04687500 -0.08593748 -0.18750000
v 0.04687500 -0.08593747 -0.17187500
v 0.04687500 -0.08591006 -0.15625000
v 0.04038743 -0.07812500 -0.14062500
v 0.04687500 -0.07812500 -0.14713923
v 0.03986285 -0.07812500 -0.12500000
v 0.04687500 -0.08293193 -0.10937500
v 0.04687500 -0.07812500 -0.11415471
v 0.03931166 -0.07812500 -0.07812500
v 0.04687500 -0.07812500 -0.08769126
v 0.03906251 -0.07812500 -0.06250000
v 0.03906250 -0.07812500 -0.04687500
v 0.03906250 -0.07812500 -0.03125000
v 0.03906250 -0.07812500 -0.01562500
v 0.03906250 -0.07812500 0.00000000
v 0.03906250 -0.07812500 0.01562500
v 0.03906250 -0.07812500 0.03125000
v 0.03906250 -0.07812500 0.04687500
v 0.03906250 -0.07812500 0.06250000
v 0.03906250 -0.07812500 0.07812500
v 0.03906250 -0.07812500 0.09375000
v 0.03906250 -0.07812500 0.10937500
v 0.03906250 -0.07812500 0.12500000
v 0.03906250 -0.07812500 0.14062500
v 0.03906250 -0.07812500 0.15625000
v 0.03906250 -0.07812500 0.17187500
v 0.04687500 -0.08593752 0.17187500
v 0.04687500 -0.07812500 0.17968755
v 0.04687500 -0.07031353 -0.31250000
v 0.04687500 -0.07031276 -0.29687500
v 0.04687500 -0.07031518 -0.28125000
v 0.04687500 -0.07033649 -0.26562500
v 0.04687500 -0.07208743 -0.25000000
v 0.04687500 -0.07655000 -0.21875000
v 0.04687500 -0.07163743 -0.14062500
v 0.04687500 -0.07111285 -0.12500000
v 0.04350724 -0.06250000 -0.07812500
v 0.04687500 -0.06250000 -0.08149303
v 0.03906256 -0.06250000 -0.06250000
v 0.03906250 -0.06250000 -0.04687500
v 0.03906250 -0.06250000 -0.03125000
v 0.03906250 -0.06250000 -0.01562500
v 0.03906250 -0.06250000 0.00000000
v 0.03906250 -0.06250000 0.01562500
v 0.03906250 -0.06250000 0.03125000
v 0.03906250 -0.06250000 0.04687500
v 0.03906250 -0.06250000 0.06250000
v 0.03906250 -0.06250000 0.07812500
v 0.03906250 -0.06250000 0.09375000
v 0.03906250 -0.06250000 0.10937500
v 0.03906250 -0.06250000 0.12500000
v 0.03906250 -0.06250000 0.14062500
v 0.03906250 -0.06250000 0.15625000
v 0.03906250 -0.06250000 0.17187500
v 0.03937354 -0.06250000 0.18750000
v 0.04687500 -0.07000151 0.18750000
v 0.04687500 -0.06250000 0.19500146
v 0.04687500 -0.05913213 -0.07812500
v 0.03910753 -0.04687500 -0.06250000
v 0.04687500 -0.04687500 -0.07026764
v 0.03906250 -0.04687500 -0.04687500
v 0.03906250 -0.04687500 -0.03125000
v 0.03906250 -0.04687500 -0.01562500
v 0.03906250 -0.04687500 0.00000000
v 0.03906250 -0.04687500 0.01562500
v 0.03906250 -0.04687500 0.03125000
v 0.03906250 -0.04687500 0.04687500
v 0.03906250 -0.04687500 0.06250000
v 0.03906250 -0.04687500 0.07812500
v 0.03906250 -0.04687500 0.09375000
v 0.03906250 -0.04687500 0.10937500
v 0.03906250 -0.04687500 0.12500000
v 0.03906250 -0.04687500 0.14062500
v 0.03906250 -0.04687500 0.15625000
v 0.03906250 -0.04687500 0.17187500
v 0.04045446 -0.04687500 0.20312500
v 0.04687500 -0.05327510 0.20312500
v 0.04687500 -0.04687500 0.20952510
v 0.04687500 -0.03833617 -0.06250000
v 0.03906250 -0.03125000 -0.04687500
v 0.04687500 -0.03125000 -0.05545844
v 0.03906250 -0.03125000 -0.03125000
v 0.03906250 -0.03125000 -0.01562500
v 0.03906250 -0.03125000 0.00000000
v 0.03906250 -0.03125000 0.01562500
v 0.03906250 -0.03125000 0.03125000
v 0.03906250 -0.03125000 0.07812500
v 0.03906250 -0.03125000 0.09375000
v 0.03906250 -0.03125000 0.10937500
v 0.03906250 -0.03125000 0.12500000
v 0.03197631 -0.03125000 0.14062500
v 0.04687500 -0.03125000 0.21093736
v 0.03906254 -0.01562500 -0.04687500
v 0.04687500 -0.01562500 -0.05470095
v 0.03906250 -0.01562500 -0.03125000
v 0.03906250 -0.01562500 -0.01562500
v 0.03906250 -0.01562500 0.00000000
v 0.03906250 -0.01562500 0.01562500
v 0.03906250 -0.01562500 0.07812500
v 0.03906250 -0.01562500 0.09375000
v 0.03437418 -0.01562500 0.10937500
v 0.03896755 -0.01562500 0.21875000
v 0.04687500 -0.01562500 0.21093751
v 0.03906262 0.00000000 -0.04687500
v 0.04687500 0.00000000 -0.05468761
v 0.03906250 0.00000000 -0.03125000
v 0.03906250 0.00000000 -0.01562500
v 0.03906250 0.00000000 0.00000000
v 0.03906250 0.00000000 0.01562500
v 0.03909243 0.00000000 0.21875000
v 0.04687500 0.00000000 0.21097132
v 0.03906251 0.01562500 -0.04687500
v 0.04687500 0.01562500 -0.05483163
v 0.03906250 0.01562500 -0.03125000
v 0.03906250 0.01562500 -0.01562500
v 0.03906250 0.01562500 0.00000000
v 0.04687500 0.01562500 0.21091100
v 0.03936472 0.03125000 -0.06250000
v 0.04687500 0.02359569 -0.06250000
v 0.04687500 0.03125000 -0.07001028
v 0.03906250 0.03125000 -0.04687500
v 0.03906250 0.03125000 -0.03125000
v 0.03906250 0.03125000 -0.01562500
v 0.03906250 0.03125000 0.00000000
v 0.04158195 0.03125000 0.20312500
v 0.04687500 0.02593381 0.20312500
v 0.04687500 0.03125000 0.19783259
v 0.03906257 0.04687500 -0.06250000
v 0.04687500 0.04687500 -0.07031276
v 0.03906250 0.04687500 -0.04687500
v 0.03906250 0.04687500 -0.03125000
v 0.03906250 0.04687500 -0.01562500
v 0.03550857 0.04687500 0.20312500
v 0.04687500 0.04687500 0.19531270
v 0.03906475 0.06250000 -0.06250000
v 0.04687500 0.06250000 -0.07031031
v 0.03906250 0.06250000 -0.04687500
v 0.03906250 0.06250000 -0.03125000
v 0.03906250 0.06250000 -0.01562500
v 0.04687500 0.06250000 0.19530147
v 0.04008129 0.07812500 -0.29687500
v 0.04687500 0.07133163 -0.29687500
v 0.04687500 0.07812500 -0.30369119
v 0.03924844 0.07812500 -0.28125000
v 0.04687500 0.07049847 -0.28125000
v 0.03976226 0.07812500 -0.26562500
v 0.04687500 0.07101226 -0.26562500
v 0.04687500 0.07812500 -0.25850840
v 0.03906331 0.07812500 -0.06250000
v 0.04687500 0.07812500 -0.07031179
v 0.03906250 0.07812500 -0.04687500
v 0.03906250 0.07812500 -0.03125000
v 0.03906250 0.07812500 -0.01562500
v 0.03923842 0.07812500 0.18750000
v 0.04687500 0.07047800 0.18750000
v 0.04687500 0.07812500 0.17986402
v 0.03975824 0.09375000 -0.32812500
v 0.04687500 0.08705746 -0.32812500
v 0.04687500 0.09375000 -0.33481753
v 0.04687500 0.08591465 -0.31250000
v 0.03906221 0.09375000 -0.26562500
v 0.03910641 0.09375000 -0.25000000
v 0.04687500 0.08597752 -0.25000000
v 0.03906313 0.09375000 -0.23437500
v 0.04687500 0.08593791 -0.23437500
v 0.03906250 0.09375000 -0.21875000
v 0.04687500 0.08591083 -0.21875000
v 0.03906246 0.09375000 -0.20312500
v 0.04687500 0.08545444 -0.20312500
v 0.03906258 0.09375000 -0.18750000
v 0.04687500 0.08554438 -0.18750000
v 0.03911642 0.09375000 -0.17187500
v 0.04687500 0.08586132 -0.17187500
v 0.04687500 0.09375000 -0.16281043
v 0.03906257 0.09375000 -0.06250000
v 0.04687500 0.09375000 -0.07378076
v 0.03906250 0.09375000 -0.04687500
v 0.03906250 0.09375000 -0.03125000
v 0.03906250 0.09375000 -0.01562500
v 0.04687500 0.09375000 0.17545692
v 0.03350168 0.10937500 -0.32812500
v 0.04687500 0.10937500 -0.33594100
v 0.03884585 0.10937500 -0.26562500
v 0.03906241 0.10937500 -0.25000000
v 0.03906247 0.10937500 -0.23437500
v 0.03906234 0.10937500 -0.21875000
v 0.03906247 0.10937500 -0.20312500
v 0.03906303 0.10937500 -0.18750000
v 0.03909398 0.10937500 -0.17187500
v 0.04059513 0.10937500 -0.15625000
v 0.04687500 0.10179831 -0.15625000
v 0.04687500 0.10937500 -0.14823480
v 0.03996355 0.10937500 -0.12500000
v 0.04687500 0.09487872 -0.12500000
v 0.04687500 0.10937500 -0.13365958
v 0.04033424 0.10937500 -0.10937500
v 0.04687500 0.10018354 -0.10937500
v 0.04620915 0.10937500 -0.09375000
v 0.04687500 0.10866267 -0.09375000
v 0.03953392 0.10937500 -0.07812500
v 0.04687500 0.09848312 -0.07812500
v 0.03906251 0.10937500 -0.06250000
v 0.03905863 0.10937500 -0.04687500
v 0.03949608 0.10937500 0.15625000
v 0.04687500 0.10200038 0.15625000
v 0.04687500 0.10937500 0.14887538
v 0.04687500 0.09733192 0.17187500
v 0.04011598 0.12500000 -0.34375000
v 0.04687500 0.11823741 -0.34375000
v 0.04687500 0.12500000 -0.35050902
v 0.03695223 0.12500000 -0.32812500
v 0.03842892 0.12500000 -0.26562500
v 0.03905233 0.12500000 -0.25000000
v 0.03906248 0.12500000 -0.23437500
v 0.03907357 0.12500000 -0.21875000
v 0.03920826 0.12500000 -0.20312500
v 0.04631775 0.12500000 -0.18750000
v 0.04687500 0.11722058 -0.17187500
v 0.04687500 0.12500000 -0.18693380
v 0.04687500 0.11565539 -0.15625000
v 0.04687500 0.11628645 -0.12500000
v 0.04687500 0.11591576 -0.10937500
v 0.04687500 0.11004085 -0.09375000
v 0.04687500 0.11671608 -0.07812500
v 0.04687500 0.11718749 -0.06250000
v 0.04664993 0.12500000 -0.04687500
v 0.04687500 0.12500000 -0.04710007
v 0.03900837 0.12500000 -0.03125000
v 0.04687500 0.11718750 0.14062500
v 0.04687500 0.12500000 0.13281243
v 0.04012501 0.14062500 -0.34375000
v 0.04687500 0.14062500 -0.35049999
v 0.03906250 0.14062500 -0.32812500
v 0.03906183 0.14062500 -0.31250000
v 0.03905542 0.14062500 -0.29687500
v 0.03891686 0.14062500 -0.28125000
v 0.04687500 0.13999794 -0.26562500
v 0.04687500 0.14062500 -0.26625212
v 0.04687500 0.13281848 -0.25000000
v 0.04687500 0.13281272 -0.23437500
v 0.04687500 0.13280143 -0.21875000
v 0.04687500 0.13266674 -0.20312500
v 0.04687500 0.12555725 -0.18750000
v 0.04687500 0.12522507 -0.04687500
v 0.04687500 0.13281250 -0.03125000
v 0.04687500 0.13281250 -0.01562500
v 0.04687500 0.13281281 0.00000000
v 0.04687500 0.13288849 0.01562500
v 0.04277730 0.14062500 0.03125000
v 0.04687500 0.14062500 0.02709324
v 0.03909524 0.14062500 0.04687500
v 0.03932967 0.14062500 0.06250000
v 0.04064605 0.14062500 0.07812500
v 0.04687500 0.13286599 0.09375000
v 0.04687500 0.14062500 0.08440532
v 0.04687500 0.13281250 0.10937500
v 0.04687500 0.13281243 0.12500000
v 0.04687500 0.14737848 -0.34375000
v 0.03909758 0.15625000 -0.32812500
v 0.04687500 0.15625000 -0.33590598
v 0.03957873 0.15625000 -0.31250000
v 0.04687500 0.14843750 -0.29687500
v 0.04687500 0.15625000 -0.30520373
v 0.04687500 0.14843712 -0.28125000
v 0.04687500 0.14472268 0.03125000
v 0.04687500 0.14840472 0.04687500
v 0.04687500 0.14817026 0.06250000
v 0.04687500 0.14685395 0.07812500
v 0.04687500 0.16402742 -0.32812500
v 0.04687500 0.16354627 -0.31250000
v 0.05468900 -0.15625000 -0.32812500
v 0.06250000 -0.16406100 -0.32812500
v 0.06250000 -0.15625000 -0.33593600
v 0.05468752 -0.15625000 -0.31250000
v 0.06250000 -0.16406248 -0.31250000
v 0.06250000 -0.15625000 -0.30467137
v 0.05468750 -0.14062500 -0.32812500
v 0.06250000 -0.14062500 -0.33771564
v 0.05467921 -0.14062500 -0.29687500
v 0.06250000 -0.14845366 -0.29687500
v 0.05512545 -0.14062500 -0.28125000
v 0.06250000 -0.14799931 -0.28125000
v 0.06250000 -0.14062500 -0.27312712
v 0.05471599 -0.14062500 0.04687500
v 0.06250000 -0.14840799 0.04687500
v 0.06250000 -0.14062500 0.03751887
v 0.05468438 -0.14062500 0.06250000
v 0.06250000 -0.14843716 0.06250000
v 0.05468942 -0.14062500 0.07812500
v 0.06250000 -0.14843509 0.07812500
v 0.06250000 -0.14062500 0.08635191
v 0.05468750 -0.12500000 -0.34375000
v 0.06250000 -0.13459064 -0.34375000
v 0.06250000 -0.12500000 -0.35177202
v 0.05467583 -0.12500000 -0.32812500
v 0.06250000 -0.13355940 -0.26562500
v 0.06250000 -0.13281398 -0.25000000
v 0.06250000 -0.13281300 -0.23437500
v 0.06250000 -0.13281260 -0.21875000
v 0.06250000 -0.13281261 -0.20312500
v 0.06250000 -0.13281268 -0.18750000
v 0.06250000 -0.13281252 -0.17187500
v 0.06250000 -0.13281250 -0.15625000
v 0.06250000 -0.13281250 -0.14062500
v 0.05439684 -0.12500000 -0.12500000
v 0.06250000 -0.13281249 -0.12500000
v 0.05475152 -0.12500000 -0.10937500
v 0.06250000 -0.13274836 -0.10937500
v 0.06250000 -0.12500000 -0.10162497
v 0.05450995 -0.12500000 -0.03125000
v 0.06250000 -0.13279087 -0.03125000
v 0.06250000 -0.12500000 -0.03905641
v 0.06250000 -0.13281250 -0.01562500
v 0.06250000 -0.13281250 0.00000000
v 0.06250000 -0.13281423 0.01562500
v 0.06250000 -0.13438446 0.03125000
v 0.06250000 -0.13322931 0.09375000
v 0.06250000 -0.13281250 0.10937500
v 0.06250000 -0.12500000 0.11732546
v 0.05468750 -0.10937500 -0.34375000
v 0.06250000 -0.10937500 -0.35158707
v 0.05466796 -0.10937500 -0.32812500
v 0.05462727 -0.10937500 -0.10937500
v 0.05507765 -0.10937500 -0.09375000
v 0.06250000 -0.11679898 -0.09375000
v 0.06250000 -0.10937500 -0.08521746
v 0.05479227 -0.10937500 -0.06250000
v 0.06250000 -0.11708106 -0.06250000
v 0.06250000 -0.10937500 -0.07131312
v 0.06250000 -0.11720304 -0.04687500
v 0.06250000 -0.11732546 0.12500000
v 0.06250000 -0.11718263 0.14062500
v 0.06250000 -0.10937500 0.14843263
v 0.05472550 -0.09375000 -0.34375000
v 0.06250000 -0.09375000 -0.35152479
v 0.05465267 -0.09375000 -0.32812500
v 0.05201524 -0.09375000 -0.09375000
v 0.06250000 -0.10266764 -0.07812500
v 0.06250000 -0.10156224 0.15625000
v 0.06250000 -0.09375000 0.16406223
v 0.06250000 -0.08597550 -0.34375000
v 0.05802332 -0.07812500 -0.32812500
v 0.06250000 -0.07812500 -0.33260162
v 0.05554012 -0.07812500 -0.25000000
v 0.06250000 -0.08337353 -0.25000000
v 0.06250000 -0.07812500 -0.25527903
v 0.06250000 -0.08589027 -0.23437500
v 0.04867712 -0.07812500 -0.21875000
v 0.06250000 -0.08534875 -0.21875000
v 0.05978949 -0.07812500 -0.20312500
v 0.06250000 -0.07812500 -0.20618649
v 0.05470027 -0.07812500 -0.18750000
v 0.05468752 -0.07812500 -0.17187500
v 0.05466006 -0.07812500 -0.15625000
v 0.05100097 -0.07812500 -0.10937500
v 0.05269882 -0.07812500 -0.09375000
v 0.06250000 -0.08593747 0.17187500
v 0.06250000 -0.07812500 0.17968747
v 0.06250000 -0.07364838 -0.32812500
v 0.06250000 -0.07031699 -0.31250000
v 0.06250000 -0.07031489 -0.29687500
v 0.06250000 -0.07032154 -0.28125000
v 0.06250000 -0.07034663 -0.26562500
v 0.06250000 -0.07541827 -0.20312500
v 0.06250000 -0.07032529 -0.18750000
v 0.06250000 -0.07031254 -0.17187500
v 0.06250000 -0.07031134 -0.15625000
v 0.06250000 -0.07016213 -0.14062500
v 0.05904843 -0.06250000 -0.12500000
v 0.06250000 -0.06250000 -0.12855622
v 0.05471943 -0.06250000 -0.10937500
v 0.05468713 -0.06250000 -0.09375000
v 0.05666294 -0.06250000 0.18750000
v 0.06250000 -0.06250000 0.18195116
v 0.06250000 -0.05904843 -0.12500000
v 0.06250000 -0.05471943 -0.10937500
v 0.06250000 -0.05408299 -0.09375000
v 0.05468733 -0.04687500 -0.07812500
v 0.06250000 -0.04687500 -0.08654204
v 0.06250000 -0.05695119 0.18750000
v 0.06250000 -0.05127269 0.20312500
v 0.06250000 -0.04687500 0.20752269
v 0.05468783 -0.03125000 -0.07812500
v 0.06250000 -0.03125000 -0.08593730
v 0.05391656 -0.03125000 -0.06250000
v 0.06250000 -0.03125000 0.20625886
v 0.05488234 -0.01562500 -0.07812500
v 0.06250000 -0.01562500 -0.08574266
v 0.05467401 -0.01562500 -0.06250000
v 0.06250000 -0.01562500 0.20836211
v 0.06250000 -0.00794782 -0.07812500
v 0.05468727 0.00000000 -0.06250000
v 0.06250000 0.00000000 -0.07037205
v 0.05938706 0.00000000 0.20312500
v 0.06250000 -0.00516291 0.20312500
v 0.06250000 0.00000000 0.20001207
v 0.05454336 0.01562500 -0.06250000
v 0.06250000 0.01562500 -0.07031311
v 0.05505406 0.01562500 0.20312500
v 0.06250000 0.01562500 0.19570550
v 0.06250000 0.03125000 -0.07031271
v 0.06250000 0.03125000 0.19543789
v 0.05501284 0.04687500 -0.07812500
v 0.06250000 0.03938796 -0.07812500
v 0.06250000 0.04687500 -0.08561191
v 0.06250000 0.04687500 0.19530960
v 0.05802580 0.06250000 -0.14062500
v 0.06250000 0.05802580 -0.14062500
v 0.06250000 0.06250000 -0.14523775
v 0.05536998 0.06250000 -0.12500000
v 0.06250000 0.05536998 -0.12500000
v 0.06250000 0.06250000 -0.11340737
v 0.05476750 0.06250000 -0.07812500
v 0.06250000 0.06250000 -0.08594744
v 0.06250000 0.06250000 0.19501934
v 0.05387790 0.07812500 -0.29687500
v 0.06250000 0.07758556 -0.28125000
v 0.06250000 0.07812500 -0.28181849
v 0.06250000 0.07207807 -0.26562500
v 0.05527909 0.07812500 -0.25000000
v 0.06250000 0.07090796 -0.25000000
v 0.05470123 0.07812500 -0.23437500
v 0.06250000 0.07032645 -0.23437500
v 0.05466162 0.07812500 -0.21875000
v 0.06250000 0.07031329 -0.21875000
v 0.05420458 0.07812500 -0.20312500
v 0.06250000 0.07031264 -0.20312500
v 0.05429435 0.07812500 -0.18750000
v 0.06250000 0.07031258 -0.18750000
v 0.05455744 0.07812500 -0.17187500
v 0.06250000 0.07031254 -0.17187500
v 0.05468424 0.07812500 -0.15625000
v 0.06250000 0.07014457 -0.15625000
v 0.05468316 0.07812500 -0.14062500
v 0.05468717 0.07812500 -0.12500000
v 0.05468754 0.07812500 -0.10937500
v 0.06250000 0.06603092 -0.10937500
v 0.05469280 0.07812500 -0.09375000
v 0.06250000 0.07022780 -0.09375000
v 0.05469023 0.07812500 -0.07812500
v 0.06250000 0.07096587 0.18750000
v 0.06250000 0.07812500 0.18063107
v 0.05477091 0.09375000 -0.34375000
v 0.06250000 0.08602091 -0.34375000
v 0.06250000 0.09375000 -0.35147910
v 0.06250000 0.08587482 -0.32812500
v 0.06250000 0.08211564 -0.31250000
v 0.06250000 0.08572670 -0.29687500
v 0.05338296 0.09375000 -0.15625000
v 0.05314992 0.09375000 -0.14062500
v 0.04778386 0.09375000 -0.12500000
v 0.05211083 0.09375000 -0.10937500
v 0.05441190 0.09375000 -0.09375000
v 0.05121919 0.09375000 -0.07812500
v 0.05045998 0.09375000 0.17187500
v 0.06250000 0.08594183 0.17187500
v 0.06250000 0.09375000 0.16406683
v 0.05468386 0.10937500 -0.34375000
v 0.06250000 0.10937500 -0.35166125
v 0.05296096 0.10937500 -0.14062500
v 0.06250000 0.10156250 0.15625000
v 0.06250000 0.10937500 0.14841185
v 0.05637270 0.12500000 -0.35937500
v 0.06250000 0.11877829 -0.35937500
v 0.06250000 0.12500000 -0.36550230
v 0.05462294 0.12500000 -0.17187500
v 0.05468708 0.12500000 -0.15625000
v 0.05515930 0.12500000 -0.14062500
v 0.06250000 0.12095561 -0.12500000
v 0.06250000 0.12500000 -0.12941730
v 0.06250000 0.11730524 -0.10937500
v 0.06250000 0.11718777 -0.09375000
v 0.06250000 0.11718749 -0.07812500
v 0.06250000 0.11719018 -0.06250000
v 0.06250000 0.12500000 -0.05467934
v 0.05468743 0.12500000 0.12500000
v 0.06250000 0.11718750 0.12500000
v 0.06250000 0.12500000 0.11718745
v 0.06250000 0.11716185 0.14062500
v 0.06203837 0.14062500 -0.35937500
v 0.06250000 0.14062500 -0.35983663
v 0.06250000 0.13303037 -0.26562500
v 0.06250000 0.14062500 -0.27365630
v 0.06160897 0.14062500 -0.25000000
v 0.06250000 0.14062500 -0.25093773
v 0.05469146 0.14062500 -0.23437500
v 0.05468756 0.14062500 -0.21875000
v 0.05469362 0.14062500 -0.20312500
v 0.05806959 0.14062500 -0.18750000
v 0.06250000 0.13281647 -0.17187500
v 0.06250000 0.14062500 -0.18306637
v 0.06250000 0.13281238 -0.15625000
v 0.06250000 0.13234070 -0.14062500
v 0.06250000 0.13280166 -0.04687500
v 0.06250000 0.13281250 -0.03125000
v 0.06250000 0.13283248 -0.01562500
v 0.06250000 0.13904460 0.00000000
v 0.05471520 0.14062500 0.01562500
v 0.06250000 0.14062500 0.00161851
v 0.05444224 0.14062500 0.06250000
v 0.06250000 0.13283450 0.06250000
v 0.06250000 0.14062500 0.05282755
v 0.05310397 0.14062500 0.07812500
v 0.06250000 0.13281252 0.07812500
v 0.06250000 0.13281250 0.09375000
v 0.06250000 0.13281245 0.10937500
v 0.06250000 0.14109119 -0.35937500
v 0.05468394 0.15625000 -0.34375000
v 0.06250000 0.15625000 -0.35160202
v 0.06250000 0.14914308 -0.29687500
v 0.06250000 0.15625000 -0.30398192
v 0.06250000 0.14800117 -0.28125000
v 0.06250000 0.14151475 -0.25000000
v 0.06250000 0.14843324 -0.23437500
v 0.06250000 0.14843742 -0.21875000
v 0.06250000 0.14843138 -0.20312500
v 0.06250000 0.14505541 -0.18750000
v 0.06250000 0.14833382 0.01562500
v 0.06250000 0.14843490 0.03125000
v 0.06250000 0.14655680 0.04687500
v 0.06250000 0.16406250 -0.34375000
v 0.06250000 0.16406250 -0.32812500
v 0.06250000 0.16406250 -0.31250000
v 0.07040334 -0.15625000 -0.34375000
v 0.07812500 -0.16397166 -0.34375000
v 0.07812500 -0.15625000 -0.35147166
v 0.07812500 -0.16417563 -0.32812500
v 0.07812500 -0.16406251 -0.31250000
v 0.07046696 -0.15625000 -0.29687500
v 0.07812500 -0.16389189 -0.29687500
v 0.07812500 -0.15625000 -0.28923311
v 0.06853436 -0.14062500 -0.34375000
v 0.07812500 -0.14062500 -0.35210987
v 0.06991918 -0.14062500 -0.28125000
v 0.07812500 -0.14062500 -0.28901750
v 0.07036227 -0.14062500 0.01562500
v 0.07812500 -0.14838599 0.01562500
v 0.07812500 -0.14062500 0.00690178
v 0.06874102 -0.14062500 0.03125000
v 0.07812500 -0.14843700 0.03125000
v 0.07812500 -0.14842702 0.04687500
v 0.07812500 -0.14278728 0.06250000
v 0.07043598 -0.14062500 0.07812500
v 0.07812500 -0.14062500 0.06472303
v 0.07010298 -0.12500000 -0.35937500
v 0.07812500 -0.13335986 -0.35937500
v 0.07812500 -0.12500000 -0.36720185
v 0.07812500 -0.13285036 -0.28125000
v 0.07125730 -0.12500000 -0.26562500
v 0.07812500 -0.12500000 -0.27249974
v 0.07031584 -0.12500000 -0.25000000
v 0.07031818 -0.12500000 -0.23437500
v 0.07340936 -0.12500000 -0.21875000
v 0.07812500 -0.13276419 -0.20312500
v 0.07812500 -0.12500000 -0.21399354
v 0.07812500 -0.13281215 -0.18750000
v 0.07812500 -0.13281242 -0.17187500
v 0.07812500 -0.13281243 -0.15625000
v 0.07812500 -0.13281244 -0.14062500
v 0.07812500 -0.13281244 -0.12500000
v 0.07812500 -0.13281115 -0.10937500
v 0.07335610 -0.12500000 -0.09375000
v 0.07812500 -0.12976748 -0.09375000
v 0.07812500 -0.12500000 -0.08897083
v 0.07099239 -0.12500000 -0.04687500
v 0.07812500 -0.13211718 -0.04687500
v 0.07812500 -0.12500000 -0.05399375
v 0.07812500 -0.13281249 -0.03125000
v 0.07812500 -0.13281254 -0.01562500
v 0.07812500 -0.13377399 0.00000000
v 0.07812500 -0.13293840 0.07812500
v 0.07812500 -0.13281259 0.09375000
v 0.07812500 -0.13281250 0.10937500
v 0.07812500 -0.12500000 0.11775375
v 0.07028908 -0.10937500 -0.35937500
v 0.07812500 -0.10937500 -0.36718635
v 0.07812500 -0.11812895 -0.26562500
v 0.07812500 -0.11059415 -0.25000000
v 0.07632053 -0.10937500 -0.23437500
v 0.07812500 -0.10937500 -0.24385834
v 0.07812500 -0.12028330 -0.21875000
v 0.07812500 -0.10937500 -0.23257002
v 0.06920738 -0.10937500 -0.07812500
v 0.07812500 -0.11720126 -0.07812500
v 0.07812500 -0.11718908 -0.06250000
v 0.07812500 -0.11775375 0.12500000
v 0.07812500 -0.11484649 0.14062500
v 0.07812500 -0.10937500 0.14609649
v 0.07797345 -0.09375000 -0.35937500
v 0.07812500 -0.09375000 -0.35952653
v 0.07034328 -0.09375000 -0.25000000
v 0.07812500 -0.10814793 -0.25000000
v 0.07812500 -0.09375000 -0.25854977
v 0.07031400 -0.09375000 -0.23437500
v 0.07451379 -0.09375000 -0.21875000
v 0.07812500 -0.09736210 -0.21875000
v 0.07812500 -0.09375000 -0.21513866
v 0.07812500 -0.10021539 0.15625000
v 0.07812500 -0.09375000 0.16271539
v 0.07812500 -0.09359847 -0.35937500
v 0.07812500 -0.08560940 -0.34375000
v 0.07812500 -0.07812500 -0.33626559
v 0.07071635 -0.07812500 -0.29687500
v 0.07812500 -0.08553128 -0.29687500
v 0.07812500 -0.07812500 -0.30428128
v 0.07031492 -0.07812500 -0.28125000
v 0.07812500 -0.08593029 -0.28125000
v 0.07027838 -0.07812500 -0.26562500
v 0.07812500 -0.08670524 -0.26562500
v 0.06520780 -0.07812500 -0.20312500
v 0.07812500 -0.08593581 -0.20312500
v 0.07812500 -0.07812500 -0.19439961
v 0.07812500 -0.08593480 0.17187500
v 0.07812500 -0.07812500 0.17968480
v 0.07812500 -0.07031251 -0.32812500
v 0.07812500 -0.07031251 -0.31250000
v 0.07812500 -0.07122723 -0.18750000
v 0.07812500 -0.07030632 -0.17187500
v 0.07812500 -0.06811698 -0.15625000
v 0.07047671 -0.06250000 -0.14062500
v 0.07812500 -0.06250000 -0.15034008
v 0.07812500 -0.06250000 0.17997756
v 0.07812500 -0.05500196 -0.14062500
v 0.07812500 -0.05469017 -0.12500000
v 0.07812500 -0.05468753 -0.10937500
v 0.07812500 -0.05352439 -0.09375000
v 0.07812500 -0.04687500 -0.08710060
v 0.07812500 -0.05498197 0.18750000
v 0.07812500 -0.05043605 0.20312500
v 0.07812500 -0.04687500 0.20668605
v 0.07812500 -0.03125000 -0.08070547
v 0.07812500 -0.03125000 0.20484909
v 0.07012120 -0.01562500 -0.07812500
v 0.07812500 -0.02866757 -0.07812500
v 0.07812500 -0.01562500 -0.07031605
v 0.07326952 -0.01562500 0.20312500
v 0.07812500 -0.02573398 0.20312500
v 0.07812500 -0.01562500 0.20023120
v 0.07812500 0.00000000 -0.07031250
v 0.07812500 0.00000000 0.19539147
v 0.07812500 0.01562500 -0.07031250
v 0.07812500 0.01562500 0.19563338
v 0.07812500 0.03125000 -0.07210149
v 0.07130140 0.03125000 0.20312500
v 0.07812500 0.02423330 0.20312500
v 0.07812500 0.03125000 0.20982550
v 0.07812500 0.03727351 -0.07812500
v 0.07812500 0.04687500 -0.08989314
v 0.07812500 0.03834542 0.20312500
v 0.07812500 0.04687500 0.19571219
v 0.07409608 0.06250000 -0.15625000
v 0.07812500 0.05859831 -0.15625000
v 0.07812500 0.06250000 -0.16015177
v 0.07812500 0.05469546 -0.14062500
v 0.07812500 0.05468820 -0.12500000
v 0.06603123 0.06250000 -0.10937500
v 0.07812500 0.05468802 -0.10937500
v 0.07022741 0.06250000 -0.09375000
v 0.07812500 0.05073551 -0.09375000
v 0.07812500 0.06250000 0.19416950
v 0.07666129 0.07812500 -0.32812500
v 0.07812500 0.07668244 -0.32812500
v 0.07812500 0.07812500 -0.32965713
v 0.06653706 0.07812500 -0.31250000
v 0.07812500 0.07037328 -0.31250000
v 0.07812500 0.07812500 -0.30473881
v 0.06303944 0.07812500 -0.28125000
v 0.06854693 0.07812500 -0.26562500
v 0.06971704 0.07812500 -0.25000000
v 0.07029855 0.07812500 -0.23437500
v 0.07812500 0.07304079 -0.21875000
v 0.07812500 0.07812500 -0.22383421
v 0.07812500 0.07031608 -0.20312500
v 0.07812500 0.07031484 -0.18750000
v 0.07812500 0.07031242 -0.17187500
v 0.07812500 0.07265411 0.18750000
v 0.07812500 0.07812500 0.18302597
v 0.07812500 0.08567754 -0.34375000
v 0.07812500 0.09375000 -0.35158544
v 0.07812500 0.08592829 -0.29687500
v 0.07031275 0.09375000 -0.28125000
v 0.07812500 0.09375000 -0.28906241
v 0.07031484 0.09375000 -0.26562500
v 0.07034528 0.09375000 -0.25000000
v 0.07812500 0.08619440 -0.23437500
v 0.07812500 0.09375000 -0.24196336
v 0.07812500 0.08593745 0.17187500
v 0.07812500 0.09375000 0.16406198
v 0.07023048 0.10937500 -0.35937500
v 0.07812500 0.10155629 -0.35937500
v 0.07812500 0.10937500 -0.36717077
v 0.07812500 0.10156316 -0.28125000
v 0.07812500 0.10157798 -0.26562500
v 0.07812500 0.10154673 -0.25000000
v 0.07029301 0.10937500 0.14062500
v 0.07812500 0.10156866 0.14062500
v 0.07812500 0.10937500 0.13281866
v 0.07812500 0.10156192 0.15625000
v 0.07812500 0.12500000 -0.36718663
v 0.07050858 0.12500000 -0.26562500
v 0.07812500 0.11736575 -0.26562500
v 0.07812500 0.12500000 -0.27324142
v 0.07047427 0.12500000 -0.25000000
v 0.07812500 0.11733226 -0.25000000
v 0.07812500 0.12500000 -0.24233717
v 0.06664689 0.12500000 -0.12500000
v 0.07812500 0.12490334 -0.10937500
v 0.07812500 0.12500000 -0.10947497
v 0.07812500 0.11720904 -0.09375000
v 0.07812500 0.11718759 -0.07812500
v 0.07812500 0.12081333 -0.06250000
v 0.07812500 0.12500000 -0.05831332
v 0.07031245 0.12500000 0.10937500
v 0.07812500 0.11718751 0.10937500
v 0.07812500 0.12500000 0.09918297
v 0.07812500 0.11718750 0.12500000
v 0.07812500 0.14062500 -0.36620995
v 0.07812500 0.14062500 -0.27359669
v 0.06338975 0.14062500 -0.25000000
v 0.07030825 0.14062500 -0.23437500
v 0.07812500 0.13280040 -0.23437500
v 0.07031447 0.14062500 -0.21875000
v 0.07812500 0.13281455 -0.21875000
v 0.07032967 0.14062500 -0.20312500
v 0.07812500 0.13283579 -0.20312500
v 0.06695796 0.14062500 -0.18750000
v 0.07812500 0.13284634 -0.18750000
v 0.07812500 0.13281250 -0.17187500
v 0.07812500 0.13281224 -0.15625000
v 0.07812500 0.13281024 -0.14062500
v 0.07812500 0.13268003 -0.12500000
v 0.07812500 0.13281249 -0.04687500
v 0.07812500 0.13281262 -0.03125000
v 0.07812500 0.13345161 -0.01562500
v 0.07812500 0.13532652 0.00000000
v 0.07076551 0.14062500 0.01562500
v 0.07812500 0.13336877 0.01562500
v 0.07032702 0.14062500 0.03125000
v 0.07812500 0.13282961 0.03125000
v 0.06843188 0.14062500 0.04687500
v 0.07812500 0.13281258 0.04687500
v 0.07812500 0.13281250 0.06250000
v 0.07812500 0.13281250 0.07812500
v 0.07812500 0.13043296 0.09375000
v 0.07812500 0.14753531 -0.35937500
v 0.07812500 0.15625000 -0.35163896
v 0.06990777 0.15625000 -0.29687500
v 0.07812500 0.14827831 -0.28125000
v 0.07812500 0.15625000 -0.28936476
v 0.07812500 0.16406249 -0.34375000
v 0.07812500 0.16406250 -0.32812500
v 0.07812500 0.16407613 -0.31250000
v 0.07812500 0.16376024 -0.29687500
v 0.09375000 -0.16419025 -0.34375000
v 0.09375000 -0.15625000 -0.35156387
v 0.09375000 -0.16409244 -0.32812500
v 0.09375000 -0.16406250 -0.31250000
v 0.09375000 -0.16082300 -0.29687500
v 0.09375000 -0.15625000 -0.29230200
v 0.08595700 -0.14062500 -0.35937500
v 0.09375000 -0.14787210 -0.35937500
v 0.09375000 -0.14062500 -0.36662073
v 0.09375000 -0.14062500 -0.28905821
v 0.08588600 -0.14062500 0.01562500
v 0.08593700 -0.14062500 0.03125000
v 0.08592702 -0.14062500 0.04687500
v 0.08028728 -0.14062500 0.06250000
v 0.09375000 -0.12500000 -0.36718788
v 0.09375000 -0.12581548 -0.28125000
v 0.09375000 -0.12500000 -0.28043537
v 0.08958766 -0.12500000 -0.20312500
v 0.09375000 -0.13272109 -0.18750000
v 0.09375000 -0.12500000 -0.19892888
v 0.09375000 -0.13279918 -0.17187500
v 0.09375000 -0.13279261 -0.15625000
v 0.09375000 -0.13260985 -0.14062500
v 0.09375000 -0.12761374 -0.12500000
v 0.08597884 -0.12500000 -0.10937500
v 0.09375000 -0.12500000 -0.12236239
v 0.08289256 -0.12500000 -0.09375000
v 0.09375000 -0.13274813 -0.04687500
v 0.09375000 -0.12500000 -0.05462403
v 0.09375000 -0.13281250 -0.03125000
v 0.09375000 -0.13281250 -0.01562500
v 0.09375000 -0.13281251 0.00000000
v 0.09375000 -0.13281250 0.01562500
v 0.09375000 -0.13281250 0.03125000
v 0.09375000 -0.13281250 0.04687500
v 0.09375000 -0.13281250 0.06250000
v 0.09375000 -0.13281250 0.07812500
v 0.09375000 -0.13281058 0.09375000
v 0.09375000 -0.13276989 0.10937500
v 0.09375000 -0.12500000 0.11720565
v 0.09375000 -0.10937500 -0.36718673
v 0.08678993 -0.10937500 -0.28125000
v 0.09375000 -0.12399861 -0.28125000
v 0.09375000 -0.10937500 -0.28821007
v 0.08593410 -0.10937500 -0.26562500
v 0.07934319 -0.10937500 -0.25000000
v 0.08757476 -0.10937500 -0.21875000
v 0.09375000 -0.12087519 -0.20312500
v 0.09375000 -0.10937500 -0.21257581
v 0.09375000 -0.11723018 -0.10937500
v 0.09375000 -0.11718750 -0.09375000
v 0.09375000 -0.11718748 -0.07812500
v 0.09375000 -0.11718839 -0.06250000
v 0.09375000 -0.11724826 0.12500000
v 0.09375000 -0.11569764 0.14062500
v 0.09375000 -0.10937500 0.14694764
v 0.09375000 -0.09375000 -0.36671541
v 0.08593325 -0.09375000 -0.28125000
v 0.09375000 -0.09375000 -0.28907410
v 0.08516974 -0.09375000 -0.26562500
v 0.08631034 -0.09375000 -0.20312500
v 0.09375000 -0.10118964 -0.20312500
v 0.09375000 -0.09375000 -0.19568529
v 0.08463626 -0.09375000 0.15625000
v 0.09375000 -0.09375000 0.14848470
v 0.09375000 -0.08640959 -0.35937500
v 0.08960221 -0.07812500 -0.34375000
v 0.09375000 -0.07812500 -0.34764683
v 0.09375000 -0.08594910 -0.29687500
v 0.09375000 -0.07812500 -0.30468865
v 0.08502277 -0.07812500 -0.18750000
v 0.09375000 -0.08593773 -0.18750000
v 0.08601386 -0.07812500 -0.17187500
v 0.09375000 -0.08586108 -0.17187500
v 0.09375000 -0.07812500 -0.16412739
v 0.09375000 -0.08598460 0.15625000
v 0.09375000 -0.08561093 0.17187500
v 0.09375000 -0.07812500 0.17936093
v 0.09375000 -0.07422817 -0.34375000
v 0.09375000 -0.07031250 -0.32812500
v 0.09375000 -0.07031366 -0.31250000
v 0.09375000 -0.07032403 -0.15625000
v 0.08562817 -0.06250000 -0.14062500
v 0.09375000 -0.07030736 -0.14062500
v 0.08689367 -0.06250000 -0.12500000
v 0.09375000 -0.06935370 -0.12500000
v 0.09375000 -0.06250000 -0.11419655
v 0.09375000 -0.06250000 0.18262929
v 0.09375000 -0.05846000 -0.10937500
v 0.09375000 -0.05475207 -0.09375000
v 0.08629981 -0.04687500 -0.07812500
v 0.09375000 -0.05432519 -0.07812500
v 0.09375000 -0.04687500 -0.07067482
v 0.09375000 -0.05770366 0.18750000
v 0.08455741 -0.04687500 0.20312500
v 0.09375000 -0.04687500 0.19848613
v 0.08070547 -0.03125000 -0.07812500
v 0.09375000 -0.03125000 -0.07031240
v 0.09375000 -0.03369726 0.20312500
v 0.09375000 -0.03125000 0.20426016
v 0.09375000 -0.01562500 -0.07005121
v 0.08108176 -0.01562500 0.20312500
v 0.09375000 -0.01562500 0.21083406
v 0.09375000 0.00000000 -0.06656660
v 0.08586126 0.00000000 0.20312500
v 0.09375000 0.00000000 0.21095367
v 0.09375000 0.01562500 -0.07031250
v 0.08561692 0.01562500 0.20312500
v 0.09375000 0.01562500 0.21257024
v 0.09375000 0.03125000 -0.07248535
v 0.09375000 0.03125000 0.21185065
v 0.09375000 0.03688965 -0.07812500
v 0.09375000 0.04687500 -0.08598788
v 0.09375000 0.03911056 0.20312500
v 0.09375000 0.04687500 0.19543870
v 0.08202761 0.06250000 -0.15625000
v 0.08608851 0.06250000 -0.14062500
v 0.09062079 0.06250000 -0.12500000
v 0.09375000 0.05563160 -0.10937500
v 0.09375000 0.06250000 -0.12121924
v 0.09375000 0.05463870 -0.09375000
v 0.08648117 0.06250000 0.18750000
v 0.09375000 0.05634744 0.18750000
v 0.09375000 0.06250000 0.18135756
v 0.07999647 0.07812500 -0.32812500
v 0.09375000 0.07337554 -0.31250000
v 0.09375000 0.07812500 -0.31826213
v 0.09375000 0.07812500 -0.30775054
v 0.08320921 0.07812500 -0.21875000
v 0.08593392 0.07812500 -0.20312500
v 0.08593672 0.07812500 -0.18750000
v 0.09375000 0.07223256 -0.17187500
v 0.09375000 0.07812500 -0.17776891
v 0.09375000 0.07031140 -0.15625000
v 0.09375000 0.07015353 -0.14062500
v 0.09375000 0.06562876 -0.12500000
v 0.09375000 0.07812500 0.17969672
v 0.09375000 0.08562325 -0.34375000
v 0.09375000 0.09375000 -0.35157111
v 0.09375000 0.08480869 -0.32812500
v 0.09375000 0.08946180 -0.29687500
v 0.09375000 0.09375000 -0.29258680
v 0.08568060 0.09375000 -0.23437500
v 0.08593832 0.09375000 -0.21875000
v 0.09375000 0.08715194 -0.20312500
v 0.09375000 0.09375000 -0.20972386
v 0.09375000 0.08593631 -0.18750000
v 0.09375000 0.08593726 0.17187500
v 0.09375000 0.09375000 0.16388690
v 0.09375000 0.10226099 -0.35937500
v 0.09375000 0.10937500 -0.36648036
v 0.09375000 0.10158857 -0.28125000
v 0.08591966 0.10937500 -0.26562500
v 0.09375000 0.10937500 -0.27346357
v 0.08592048 0.10937500 -0.25000000
v 0.08593790 0.10937500 -0.23437500
v 0.09375000 0.10854304 -0.21875000
v 0.09375000 0.10937500 -0.21958188
v 0.09375000 0.10156261 0.14062500
v 0.09375000 0.10937500 0.13281198
v 0.09375000 0.10138690 0.15625000
v 0.09375000 0.12500000 -0.36699539
v 0.09375000 0.12500000 -0.27343764
v 0.08592539 0.12500000 -0.23437500
v 0.08593753 0.12500000 -0.21875000
v 0.09375000 0.11020681 -0.21875000
v 0.08602000 0.12500000 -0.20312500
v 0.09375000 0.11726807 -0.20312500
v 0.09375000 0.12500000 -0.19195859
v 0.07822207 0.12500000 -0.10937500
v 0.09218445 0.12500000 -0.09375000
v 0.09375000 0.11761905 -0.07812500
v 0.09375000 0.12500000 -0.09203010
v 0.08256352 0.12500000 -0.06250000
v 0.09375000 0.12500000 -0.07042933
v 0.08764355 0.12500000 0.07812500
v 0.09375000 0.11889355 0.07812500
v 0.09375000 0.12500000 0.07199351
v 0.08355798 0.12500000 0.09375000
v 0.09375000 0.11718752 0.09375000
v 0.09375000 0.11718750 0.10937500
v 0.09375000 0.11718688 0.12500000
v 0.08519156 0.14062500 -0.35937500
v 0.09375000 0.13285484 -0.35937500
v 0.09375000 0.14062500 -0.35179692
v 0.08582083 0.14062500 -0.28125000
v 0.09375000 0.13285489 -0.28125000
v 0.09375000 0.14062500 -0.28901997
v 0.09375000 0.12939160 -0.18750000
v 0.09375000 0.13274758 -0.17187500
v 0.09375000 0.13280660 -0.15625000
v 0.09375000 0.13280610 -0.14062500
v 0.09375000 0.13280708 -0.12500000
v 0.09375000 0.13279598 -0.10937500
v 0.09375000 0.12655779 -0.09375000
v 0.09375000 0.13249753 -0.06250000
v 0.09375000 0.13281227 -0.04687500
v 0.09375000 0.13281250 -0.03125000
v 0.09375000 0.13281250 -0.01562500
v 0.09375000 0.13281250 0.00000000
v 0.09375000 0.13281250 0.01562500
v 0.09375000 0.13281250 0.03125000
v 0.09375000 0.13281250 0.04687500
v 0.09375000 0.13278623 0.06250000
v 0.09375000 0.15625000 -0.35155763
v 0.09375000 0.15625000 -0.29530737
v 0.09375000 0.16405712 -0.34375000
v 0.09375000 0.16406250 -0.32812500
v 0.09375000 0.16406267 -0.31250000
v 0.09375000 0.15781763 -0.29687500
v 0.10937500 -0.16531981 -0.34375000
v 0.10937500 -0.15625000 -0.35156291
v 0.10937500 -0.16406777 -0.32812500
v 0.10937500 -0.16406249 -0.31250000
v 0.09832991 -0.15625000 -0.29687500
v 0.10937500 -0.15625000 -0.30467916
v 0.10937500 -0.14637417 -0.35937500
v 0.10937500 -0.14062500 -0.36512372
v 0.10937500 -0.14844422 -0.29687500
v 0.10937500 -0.14062500 -0.28906413
v 0.10937500 -0.12500000 -0.36718869
v 0.09456463 -0.12500000 -0.28125000
v 0.10937500 -0.12500000 -0.28906253
v 0.10147966 -0.12500000 -0.18750000
v 0.10180828 -0.12500000 -0.17187500
v 0.10169132 -0.12500000 -0.15625000
v 0.10137153 -0.12500000 -0.14062500
v 0.09636375 -0.12500000 -0.12500000
v 0.10149813 -0.12500000 -0.04687500
v 0.10156396 -0.12500000 -0.03125000
v 0.10157403 -0.12500000 -0.01562500
v 0.10164022 -0.12500000 0.00000000
v 0.10937500 -0.12564899 0.01562500
v 0.10937500 -0.12500000 0.01496352
v 0.10937500 -0.13013517 0.03125000
v 0.10937500 -0.12856912 0.04687500
v 0.10937500 -0.12961009 0.06250000
v 0.10156651 -0.12500000 0.07812500
v 0.10937500 -0.12500000 0.06711343
v 0.10156058 -0.12500000 0.09375000
v 0.10151989 -0.12500000 0.10937500
v 0.10937500 -0.10937500 -0.36718750
v 0.10937500 -0.10937500 -0.28906254
v 0.10156289 -0.10937500 -0.20312500
v 0.10346814 -0.10937500 -0.18750000
v 0.10937500 -0.11710206 -0.17187500
v 0.10937500 -0.10937500 -0.18126571
v 0.10937500 -0.11729089 -0.15625000
v 0.10937500 -0.11710412 -0.14062500
v 0.10937500 -0.11531132 -0.12500000
v 0.10180171 -0.10937500 -0.10937500
v 0.10937500 -0.10937500 -0.11883660
v 0.10156946 -0.10937500 -0.09375000
v 0.10157069 -0.10937500 -0.07812500
v 0.10937500 -0.10999537 -0.06250000
v 0.10937500 -0.10937500 -0.06312162
v 0.10937500 -0.11718750 -0.04687500
v 0.10937500 -0.11718896 -0.03125000
v 0.10937500 -0.11719903 -0.01562500
v 0.10937500 -0.11726522 0.00000000
v 0.10937500 -0.11719146 0.07812500
v 0.10937500 -0.11712759 0.09375000
v 0.10159461 -0.10937500 0.10937500
v 0.10937500 -0.10937500 0.10153469
v 0.10156256 -0.10937500 0.12500000
v 0.10007264 -0.10937500 0.14062500
v 0.10937500 -0.09375000 -0.36717265
v 0.10817808 -0.09375000 -0.29687500
v 0.10937500 -0.09494365 -0.29687500
v 0.10937500 -0.09375000 -0.29806864
v 0.10156265 -0.09375000 -0.18750000
v 0.10557642 -0.09375000 -0.17187500
v 0.10937500 -0.09780795 -0.17187500
v 0.10937500 -0.09375000 -0.16806661
v 0.10937500 -0.10180170 -0.10937500
v 0.10937500 -0.10156956 -0.09375000
v 0.10937500 -0.10157072 -0.07812500
v 0.10937500 -0.10158646 0.10937500
v 0.10937500 -0.09764552 0.12500000
v 0.10937500 -0.09576476 0.14062500
v 0.10937500 -0.09375000 0.14265026
v 0.10937500 -0.08595235 -0.35937500
v 0.10937500 -0.07812500 -0.35100839
v 0.10666470 -0.07812500 -0.31250000
v 0.10937500 -0.08083464 -0.31250000
v 0.10937500 -0.07812500 -0.31521074
v 0.10155097 -0.07812500 -0.15625000
v 0.10937500 -0.08595081 -0.15625000
v 0.10156546 -0.07812500 -0.14062500
v 0.10937500 -0.08593483 -0.14062500
v 0.10937500 -0.07812500 -0.13113849
v 0.10937500 -0.08596072 0.15625000
v 0.10937500 -0.08592644 0.17187500
v 0.10937500 -0.07812500 0.17967644
v 0.10937500 -0.07086661 -0.34375000
v 0.10937500 -0.07031442 -0.32812500
v 0.10937500 -0.07198933 -0.12500000
v 0.09779000 -0.06250000 -0.10937500
v 0.10937500 -0.07033815 -0.10937500
v 0.10149794 -0.06250000 -0.09375000
v 0.10937500 -0.07031616 -0.09375000
v 0.10160445 -0.06250000 -0.07812500
v 0.10937500 -0.07030052 -0.07812500
v 0.10937500 -0.06250000 -0.07035445
v 0.09884904 -0.06250000 0.18750000
v 0.10937500 -0.06995921 0.18750000
v 0.10937500 -0.06250000 0.19495921
v 0.10937500 -0.04687500 -0.07023364
v 0.10937500 -0.04687500 0.19955936
v 0.10157314 -0.03125000 -0.06250000
v 0.10937500 -0.03913063 -0.06250000
v 0.10937500 -0.03125000 -0.05469823
v 0.10937500 -0.04330923 0.20312500
v 0.10937500 -0.03125000 0.21093731
v 0.10130123 -0.01562500 -0.06250000
v 0.10937500 -0.01562500 -0.05468752
v 0.10667481 -0.01562500 0.21875000
v 0.10937500 -0.01832519 0.21875000
v 0.10937500 -0.01562500 0.22145019
v 0.09781778 0.00000000 -0.06250000
v 0.10937500 0.00000000 -0.05468903
v 0.10167808 0.00000000 0.21875000
v 0.10937500 0.00000000 0.22642803
v 0.10937500 0.00785665 -0.06250000
v 0.10937500 0.01562500 -0.07026681
v 0.10937500 0.00767803 0.21875000
v 0.10937500 0.01562500 0.21092177
v 0.10937500 0.03125000 -0.07031262
v 0.10937500 0.03125000 0.20370249
v 0.10160265 0.04687500 -0.07812500
v 0.10937500 0.04687500 -0.07035265
v 0.10359104 0.04687500 0.20312500
v 0.10937500 0.04687500 0.20878195
v 0.10061840 0.06250000 -0.10937500
v 0.10156091 0.06250000 -0.09375000
v 0.10937500 0.05877325 -0.07812500
v 0.10937500 0.06250000 -0.08182266
v 0.10937500 0.05955675 0.18750000
v 0.10937500 0.06250000 0.18455685
v 0.10937500 0.05255142 0.20312500
v 0.10273758 0.07812500 -0.34375000
v 0.10937500 0.07179299 -0.34375000
v 0.10937500 0.07812500 -0.35008228
v 0.10194328 0.07812500 -0.32812500
v 0.10937500 0.07181154 -0.32812500
v 0.09871035 0.07812500 -0.31250000
v 0.10937500 0.07812500 -0.32157305
v 0.09964244 0.07812500 -0.17187500
v 0.10156239 0.07812500 -0.15625000
v 0.10156284 0.07812500 -0.14062500
v 0.10156375 0.07812500 -0.12500000
v 0.10156965 0.07812500 -0.10937500
v 0.10157341 0.07812500 -0.09375000
v 0.10937500 0.07812500 -0.08592660
v 0.10937500 0.07812500 0.17968191
v 0.10937500 0.09375000 -0.35168983
v 0.10937500 0.08569232 -0.31250000
v 0.10937500 0.08833030 -0.29687500
v 0.10937500 0.09375000 -0.29145530
v 0.10034806 0.09375000 -0.20312500
v 0.10156213 0.09375000 -0.18750000
v 0.10156260 0.09375000 -0.17187500
v 0.10159937 0.09375000 -0.15625000
v 0.10862803 0.09375000 -0.14062500
v 0.10937500 0.08612007 -0.12500000
v 0.10937500 0.09375000 -0.13984383
v 0.10937500 0.08658363 -0.10937500
v 0.10817284 0.09375000 -0.09375000
v 0.10937500 0.09375000 -0.09515186
v 0.10937500 0.09375000 -0.09254462
v 0.10428204 0.09375000 0.15625000
v 0.10937500 0.08881016 0.15625000
v 0.10937500 0.09375000 0.15131016
v 0.10937500 0.08593185 0.17187500
v 0.10217395 0.10937500 -0.35937500
v 0.10937500 0.10937500 -0.35287182
v 0.10798168 0.10937500 -0.28125000
v 0.10937500 0.10937500 -0.28263487
v 0.09458180 0.10937500 -0.21875000
v 0.10156057 0.10937500 -0.20312500
v 0.10156251 0.10937500 -0.18750000
v 0.10195237 0.10937500 -0.17187500
v 0.10937500 0.10165635 -0.15625000
v 0.10937500 0.10937500 -0.16432188
v 0.10937500 0.09461883 -0.14062500
v 0.10178442 0.10937500 -0.10937500
v 0.10937500 0.10113017 -0.10937500
v 0.10937500 0.10937500 -0.12098921
v 0.10160499 0.10937500 -0.09375000
v 0.10937500 0.10937500 -0.08556555
v 0.10937500 0.10156295 0.14062500
v 0.10937500 0.10937500 0.13267515
v 0.10271144 0.12500000 -0.35937500
v 0.10937500 0.12500000 -0.35289872
v 0.10937500 0.11096222 -0.28125000
v 0.10937500 0.12500000 -0.27402501
v 0.09814160 0.12500000 -0.18750000
v 0.10149758 0.12500000 -0.17187500
v 0.10155660 0.12500000 -0.15625000
v 0.10937500 0.11705680 -0.15625000
v 0.10155610 0.12500000 -0.14062500
v 0.10937500 0.11656639 -0.14062500
v 0.10155708 0.12500000 -0.12500000
v 0.10937500 0.11321872 -0.12500000
v 0.10154598 0.12500000 -0.10937500
v 0.09530779 0.12500000 -0.09375000
v 0.10937500 0.11677317 -0.07812500
v 0.10124753 0.12500000 -0.06250000
v 0.10937500 0.11718749 -0.06250000
v 0.10156227 0.12500000 -0.04687500
v 0.10937500 0.11718750 -0.04687500
v 0.10157502 0.12500000 -0.03125000
v 0.10937500 0.11720002 -0.03125000
v 0.10599780 0.12500000 -0.01562500
v 0.10937500 0.12162280 -0.01562500
v 0.10937500 0.12500000 -0.01223434
v 0.10163165 0.12500000 0.04687500
v 0.10937500 0.11725666 0.04687500
v 0.10937500 0.12500000 0.03681589
v 0.10153626 0.12500000 0.06250000
v 0.10937500 0.11718753 0.06250000
v 0.10937500 0.11718750 0.07812500
v 0.10937500 0.11718750 0.09375000
v 0.10937500 0.11718750 0.10937500
v 0.10937500 0.11704970 0.12500000
v 0.10937500 0.14062500 -0.35218366
v 0.10937500 0.13222499 -0.28125000
v 0.10937500 0.14062500 -0.28906253
v 0.10937500 0.13279266 0.00000000
v 0.10937500 0.13278279 0.01562500
v 0.10937500 0.13050262 0.03125000
v 0.10434470 0.15625000 -0.34375000
v 0.10937500 0.15122440 -0.34375000
v 0.10937500 0.15625000 -0.33869865
v 0.09531765 0.15625000 -0.29687500
v 0.10937500 0.14843751 -0.29687500
v 0.10937500 0.15625000 -0.30470179
v 0.10937500 0.16403303 -0.32812500
v 0.10937500 0.16404816 -0.31250000
v 0.11718742 -0.15625000 -0.34375000
v 0.11718750 -0.15625000 -0.32812500
v 0.11718749 -0.15625000 -0.31250000
v 0.11512372 -0.14062500 -0.35937500
v 0.11718871 -0.14062500 -0.34375000
v 0.11718750 -0.14062500 -0.32812500
v 0.11718750 -0.14062500 -0.31250000
v 0.11718587 -0.14062500 -0.29687500
v 0.11719348 -0.12500000 -0.35937500
v 0.12500000 -0.13281260 -0.34375000
v 0.12500000 -0.12500000 -0.35156738
v 0.12500000 -0.13280825 -0.32812500
v 0.12113143 -0.12500000 -0.31250000
v 0.12500000 -0.12500000 -0.31637174
v 0.11718746 -0.12500000 -0.29687500
v 0.11002399 -0.12500000 0.01562500
v 0.11451017 -0.12500000 0.03125000
v 0.11294412 -0.12500000 0.04687500
v 0.11398509 -0.12500000 0.06250000
v 0.11760781 -0.10937500 -0.35937500
v 0.12500000 -0.10937500 -0.35198282
v 0.12500000 -0.12113112 -0.31250000
v 0.11718746 -0.10937500 -0.29687500
v 0.12500000 -0.10937500 -0.30468792
v 0.11684309 -0.10937500 -0.17187500
v 0.11714217 -0.10937500 -0.15625000
v 0.11709243 -0.10937500 -0.14062500
v 0.11531131 -0.10937500 -0.12500000
v 0.10999537 -0.10937500 -0.06250000
v 0.11718751 -0.10937500 -0.04687500
v 0.12500000 -0.11707215 -0.03125000
v 0.12500000 -0.10937500 -0.03894716
v 0.12500000 -0.11718750 -0.01562500
v 0.12500000 -0.11718750 0.00000000
v 0.12500000 -0.11718750 0.01562500
v 0.12500000 -0.11718750 0.03125000
v 0.12500000 -0.11718751 0.04687500
v 0.12500000 -0.11717749 0.06250000
v 0.11954793 -0.10937500 0.07812500
v 0.12500000 -0.10937500 0.07266389
v 0.11712760 -0.10937500 0.09375000
v 0.11719256 -0.09375000 -0.35937500
v 0.12500000 -0.09375000 -0.35158236
v 0.12500000 -0.09375000 -0.30482241
v 0.11717419 -0.09375000 -0.15625000
v 0.11718721 -0.09375000 -0.14062500
v 0.11718746 -0.09375000 -0.12500000
v 0.11718749 -0.09375000 -0.10937500
v 0.11718750 -0.09375000 -0.09375000
v 0.11718750 -0.09375000 -0.07812500
v 0.11718750 -0.09375000 -0.06250000
v 0.12500000 -0.10156238 -0.04687500
v 0.12500000 -0.09375000 -0.05468737
v 0.12500000 -0.10392298 0.07812500
v 0.12500000 -0.10155594 0.09375000
v 0.11736124 -0.09375000 0.10937500
v 0.12500000 -0.09375000 0.10173782
v 0.11327055 -0.09375000 0.12500000
v 0.11138976 -0.09375000 0.14062500
v 0.11663344 -0.07812500 -0.34375000
v 0.12500000 -0.08593751 -0.34375000
v 0.11718569 -0.07812500 -0.32812500
v 0.12500000 -0.08593738 -0.32812500
v 0.12500000 -0.08607241 -0.31250000
v 0.11551067 -0.07812500 -0.12500000
v 0.11716185 -0.07812500 -0.10937500
v 0.11718383 -0.07812500 -0.09375000
v 0.11715754 -0.07812500 -0.07812500
v 0.11718918 -0.07812500 -0.06250000
v 0.12500000 -0.07812500 -0.05468917
v 0.12500000 -0.08611938 0.10937500
v 0.12500000 -0.08593701 0.12500000
v 0.12500000 -0.08592789 0.14062500
v 0.12500000 -0.08593342 0.15625000
v 0.12323381 -0.07812500 0.17187500
v 0.12500000 -0.07812500 0.17011160
v 0.11718847 -0.06250000 -0.06250000
v 0.12500000 -0.06250000 -0.05468847
v 0.12500000 -0.07636297 0.17187500
v 0.12500000 -0.07030611 0.18750000
v 0.12500000 -0.06250000 0.19534599
v 0.11710864 -0.04687500 -0.06250000
v 0.12500000 -0.04687500 -0.05468738
v 0.11294063 -0.04687500 0.20312500
v 0.12500000 -0.05472738 0.20312500
v 0.12500000 -0.04687500 0.21093808
v 0.12500000 -0.03125000 -0.05402593
v 0.12500000 -0.03125000 0.21176245
v 0.11730998 -0.01562500 -0.04687500
v 0.12500000 -0.02397731 -0.04687500
v 0.12500000 -0.01562500 -0.03918498
v 0.11207519 -0.01562500 0.21875000
v 0.12500000 -0.01562500 0.21093494
v 0.12500000 -0.00793365 -0.04687500
v 0.12500000 0.00000000 -0.05468617
v 0.11718750 0.00000000 0.20312500
v 0.12500000 -0.00781506 0.20312500
v 0.12500000 0.00000000 0.19526223
v 0.11705303 0.00000000 0.21875000
v 0.11714185 0.01562500 -0.06250000
v 0.12500000 0.01562500 -0.05468754
v 0.11717177 0.01562500 0.20312500
v 0.12500000 0.01562500 0.19266924
v 0.12400456 0.03125000 -0.06250000
v 0.12500000 0.03125000 -0.06150456
v 0.10995249 0.03125000 0.20312500
v 0.12500000 0.03125000 0.19478961
v 0.12500000 0.03409401 -0.06250000
v 0.12500000 0.04687500 -0.06615901
v 0.11503195 0.04687500 0.20312500
v 0.12500000 0.04687500 0.19530680
v 0.11307266 0.06250000 -0.07812500
v 0.11718755 0.06250000 -0.06250000
v 0.12500000 0.05053405 -0.06250000
v 0.12500000 0.06250000 -0.05468560
v 0.11234991 0.06250000 0.18750000
v 0.11734467 0.06250000 0.20312500
v 0.12500000 0.05486571 0.20312500
v 0.12500000 0.06250000 0.21075929
v 0.12500000 0.07036046 -0.34375000
v 0.12500000 0.07812500 -0.35349512
v 0.12500000 0.07038660 -0.32812500
v 0.12500000 0.07812500 -0.32038659
v 0.11716569 0.07812500 -0.07812500
v 0.11718750 0.07812500 -0.06250000
v 0.12500000 0.07812500 -0.05415688
v 0.11721704 0.07812500 0.17187500
v 0.12500000 0.07032798 0.17187500
v 0.12500000 0.07812500 0.16409581
v 0.12500000 0.07026073 0.18750000
v 0.12500000 0.07013429 0.20312500
v 0.11821254 0.09375000 -0.35937500
v 0.12500000 0.08507973 -0.35937500
v 0.12500000 0.09375000 -0.36603569
v 0.12500000 0.08733142 -0.31250000
v 0.11479470 0.09375000 -0.29687500
v 0.12500000 0.09375000 -0.30608143
v 0.11700368 0.09375000 -0.12500000
v 0.11653427 0.09375000 -0.10937500
v 0.11717619 0.09375000 -0.07812500
v 0.11718750 0.09375000 -0.06250000
v 0.11737197 0.09375000 -0.04687500
v 0.12500000 0.08559079 -0.04687500
v 0.12500000 0.09375000 -0.03924696
v 0.12060330 0.09375000 0.14062500
v 0.12500000 0.08935330 0.14062500
v 0.12500000 0.09375000 0.13622822
v 0.12500000 0.08593563 0.15625000
v 0.12500000 0.10041069 -0.35937500
v 0.11848327 0.10937500 -0.34375000
v 0.12500000 0.10285234 -0.34375000
v 0.12500000 0.10937500 -0.33723315
v 0.11718755 0.10937500 -0.29687500
v 0.12500000 0.10937500 -0.30468750
v 0.11705680 0.10937500 -0.15625000
v 0.11656639 0.10937500 -0.14062500
v 0.11321872 0.10937500 -0.12500000
v 0.11677317 0.10937500 -0.07812500
v 0.11718749 0.10937500 -0.06250000
v 0.11718845 0.10937500 -0.04687500
v 0.12500000 0.10937500 -0.03896782
v 0.11978446 0.10937500 0.09375000
v 0.12500000 0.10415946 0.09375000
v 0.12500000 0.10937500 0.08850077
v 0.11719012 0.10937500 0.10937500
v 0.12500000 0.10156512 0.10937500
v 0.11704970 0.10937500 0.12500000
v 0.12500000 0.10156241 0.12500000
v 0.12500000 0.11689245 -0.34375000
v 0.12500000 0.12500000 -0.35055547
v 0.12195257 0.12500000 -0.29687500
v 0.12500000 0.12500000 -0.29992243
v 0.11659999 0.12500000 -0.28125000
v 0.12500000 0.11709187 -0.03125000
v 0.12500000 0.11718747 -0.01562500
v 0.11716768 0.12500000 0.00000000
v 0.12500000 0.11718752 0.00000000
v 0.11715946 0.12500000 0.01562500
v 0.12500000 0.11718916 0.01562500
v 0.11487762 0.12500000 0.03125000
v 0.12500000 0.11718750 0.03125000
v 0.12500000 0.11718748 0.04687500
v 0.12500000 0.11718721 0.06250000
v 0.12500000 0.11714969 0.07812500
v 0.11813261 0.14062500 -0.34375000
v 0.12500000 0.13274960 -0.34375000
v 0.12500000 0.14062500 -0.33631180
v 0.11788808 0.14062500 -0.31250000
v 0.12500000 0.13351308 -0.31250000
v 0.12500000 0.14062500 -0.32018522
v 0.11718746 0.14062500 -0.29687500
v 0.11715803 0.15625000 -0.32812500
v 0.12500000 0.14786336 -0.32812500
v 0.11717316 0.15625000 -0.31250000
v 0.13281139 -0.12500000 -0.34375000
v 0.13280825 -0.12500000 -0.32812500
v 0.13281249 -0.10937500 -0.34375000
v 0.13281250 -0.10937500 -0.32812500
v 0.13281208 -0.10937500 -0.31250000
v 0.13269715 -0.10937500 -0.03125000
v 0.13281250 -0.10937500 -0.01562500
v 0.13281250 -0.10937500 0.00000000
v 0.13281323 -0.10937500 0.01562500
v 0.13300414 -0.10937500 0.03125000
v 0.14062500 -0.11289547 0.04687500
v 0.14062500 -0.10937500 0.04321890
v 0.13462723 -0.10937500 0.06250000
v 0.14062500 -0.10937500 0.05185651
v 0.13281244 -0.09375000 -0.34375000
v 0.13281250 -0.09375000 -0.32812500
v 0.13267759 -0.09375000 -0.31250000
v 0.13281237 -0.09375000 -0.04687500
v 0.13281261 -0.09375000 -0.03125000
v 0.14062500 -0.09633570 -0.01562500
v 0.14062500 -0.09375000 -0.01821076
v 0.14062500 -0.10085081 0.00000000
v 0.14062500 -0.10139624 0.01562500
v 0.14062500 -0.10171156 0.03125000
v 0.14062500 -0.10338649 0.06250000
v 0.14062500 -0.10156332 0.07812500
v 0.14062500 -0.10154235 0.09375000
v 0.14062500 -0.09375000 0.10156621
v 0.13281297 -0.07812500 -0.04687500
v 0.14062500 -0.08554997 -0.03125000
v 0.14062500 -0.07812500 -0.03867535
v 0.14062500 -0.08596134 0.10937500
v 0.14062500 -0.08592604 0.12500000
v 0.14062500 -0.08527914 0.14062500
v 0.13386690 -0.07812500 0.15625000
v 0.14062500 -0.07812500 0.14884218
v 0.13282703 -0.06250000 -0.04687500
v 0.14062500 -0.06250000 -0.03907701
v 0.14062500 -0.07137092 0.15625000
v 0.14062500 -0.07031666 0.17187500
v 0.14062500 -0.07030790 0.18750000
v 0.14062500 -0.06250000 0.19532759
v 0.13281297 -0.04687500 -0.04687500
v 0.14062500 -0.04687500 -0.03906309
v 0.13281250 -0.04687500 0.20312500
v 0.14062500 -0.04687500 0.19488571
v 0.13215093 -0.03125000 -0.04687500
v 0.14062500 -0.03125000 -0.03906229
v 0.13281250 -0.03125000 0.18750000
v 0.14062500 -0.03948929 0.18750000
v 0.14062500 -0.03125000 0.17968626
v 0.13281250 -0.03125000 0.20312500
v 0.14062500 -0.01562500 -0.03901293
v 0.13949185 -0.01562500 0.17187500
v 0.14062500 -0.01675848 0.17187500
v 0.14062500 -0.01562500 0.17074140
v 0.13281244 -0.01562500 0.18750000
v 0.13280994 -0.01562500 0.20312500
v 0.13281177 0.00000000 -0.04687500
v 0.14062500 0.00000000 -0.03906310
v 0.13281249 0.00000000 0.17187500
v 0.14062500 0.00000000 0.16307661
v 0.13276223 0.00000000 0.18750000
v 0.14062500 0.00796135 -0.04687500
v 0.14062500 0.01562500 -0.05453805
v 0.13281193 0.01562500 0.17187500
v 0.14062500 0.01562500 0.16371423
v 0.13016924 0.01562500 0.18750000
v 0.13446407 0.03125000 -0.04687500
v 0.14062500 0.02494572 -0.04687500
v 0.14062500 0.03125000 -0.04071407
v 0.13281248 0.03125000 0.17187500
v 0.14062500 0.03125000 0.16406249
v 0.13228961 0.03125000 0.18750000
v 0.12865901 0.04687500 -0.06250000
v 0.13281256 0.04687500 -0.04687500
v 0.14062500 0.04687500 -0.03906131
v 0.14062500 0.03906262 0.17187500
v 0.13280680 0.04687500 0.18750000
v 0.14062500 0.04687500 0.17968738
v 0.13281054 0.06250000 -0.04687500
v 0.13281273 0.06250000 -0.03125000
v 0.14062500 0.05468648 -0.03125000
v 0.14062500 0.06250000 -0.02343528
v 0.14062500 0.05478418 0.18750000
v 0.13263429 0.06250000 0.20312500
v 0.14062500 0.06250000 0.19521582
v 0.13276454 0.07812500 -0.34375000
v 0.13273840 0.07812500 -0.32812500
v 0.13228188 0.07812500 -0.04687500
v 0.13281250 0.07812500 -0.03125000
v 0.14062500 0.07812500 -0.02159132
v 0.13327813 0.07812500 0.15625000
v 0.14062500 0.07077947 0.15625000
v 0.14062500 0.07812500 0.14890440
v 0.14062500 0.07021068 0.17187500
v 0.14062500 0.07021582 0.18750000
v 0.13166069 0.09375000 -0.35937500
v 0.13280641 0.09375000 -0.34375000
v 0.13280882 0.09375000 -0.32812500
v 0.13141857 0.09375000 -0.31250000
v 0.13281250 0.09375000 -0.03125000
v 0.13471496 0.09375000 -0.01562500
v 0.14062500 0.08599722 -0.01562500
v 0.14062500 0.09375000 -0.00971494
v 0.13281378 0.09375000 0.12500000
v 0.14062500 0.08593887 0.12500000
v 0.14062500 0.09375000 0.11354607
v 0.14062500 0.08593690 0.14062500
v 0.13281238 0.10937500 -0.32812500
v 0.13281246 0.10937500 -0.31250000
v 0.13271687 0.10937500 -0.03125000
v 0.13281249 0.10937500 -0.01562500
v 0.13281576 0.10937500 0.00000000
v 0.14062500 0.10156574 0.00000000
v 0.13303938 0.10937500 0.01562500
v 0.14062500 0.10178938 0.01562500
v 0.13282026 0.10937500 0.03125000
v 0.14062500 0.10157026 0.03125000
v 0.13281253 0.10937500 0.04687500
v 0.14062500 0.10156255 0.04687500
v 0.13281221 0.10937500 0.06250000
v 0.14062500 0.10156249 0.06250000
v 0.13277469 0.10937500 0.07812500
v 0.14062500 0.10156229 0.07812500
v 0.14062500 0.10156046 0.09375000
v 0.14062500 0.09792000 0.10937500
v 0.13180547 0.12500000 -0.34375000
v 0.13281250 0.12500000 -0.32812500
v 0.13281250 0.12500000 -0.31250000
v 0.13223836 0.14062500 -0.32812500
v 0.14414547 -0.10937500 0.04687500
v 0.14321070 -0.09375000 -0.01562500
v 0.14772581 -0.09375000 0.00000000
v 0.14827051 -0.09375000 0.01562500
v 0.14839490 -0.09375000 0.03125000
v 0.14843292 -0.09375000 0.04687500
v 0.14847295 -0.09375000 0.06250000
v 0.14848663 -0.09375000 0.07812500
v 0.14842592 -0.09375000 0.09375000
v 0.14804987 -0.07812500 -0.03125000
v 0.14843742 -0.07812500 -0.01562500
v 0.14843749 -0.07812500 0.00000000
v 0.14843766 -0.07812500 0.01562500
v 0.14858554 -0.07812500 0.03125000
v 0.15625000 -0.08527477 0.04687500
v 0.15625000 -0.07812500 0.03957811
v 0.15625000 -0.08596986 0.06250000
v 0.15625000 -0.08597087 0.07812500
v 0.15625000 -0.08452609 0.09375000
v 0.14898646 -0.07812500 0.10937500
v 0.15625000 -0.07812500 0.10068051
v 0.14859924 -0.07812500 0.12500000
v 0.14780837 -0.07812500 0.14062500
v 0.14843747 -0.06250000 -0.03125000
v 0.14845481 -0.06250000 -0.01562500
v 0.14883880 -0.06250000 0.00000000
v 0.15625000 -0.06991576 0.01562500
v 0.15625000 -0.06250000 0.00780810
v 0.15625000 -0.07045845 0.03125000
v 0.15625000 -0.07085779 0.10937500
v 0.15625000 -0.07047324 0.12500000
v 0.15625000 -0.07031769 0.14062500
v 0.15625000 -0.07017652 0.15625000
v 0.15625000 -0.07030558 0.17187500
v 0.14896551 -0.06250000 0.18750000
v 0.15625000 -0.06250000 0.18021320
v 0.14843759 -0.04687500 -0.03125000
v 0.15625000 -0.05464296 -0.01562500
v 0.15625000 -0.04687500 -0.02337574
v 0.15625000 -0.05508844 0.00000000
v 0.14843750 -0.04687500 0.17187500
v 0.15625000 -0.05469442 0.17187500
v 0.15625000 -0.04687500 0.16406204
v 0.14801071 -0.04687500 0.18750000
v 0.14843729 -0.03125000 -0.03125000
v 0.15625000 -0.03125000 -0.02343542
v 0.14843750 -0.03125000 0.15625000
v 0.15625000 -0.03906296 0.15625000
v 0.15625000 -0.03125000 0.14841611
v 0.14843626 -0.03125000 0.17187500
v 0.14838793 -0.01562500 -0.03125000
v 0.15625000 -0.01562500 -0.02343684
v 0.14843750 -0.01562500 0.14062500
v 0.15625000 -0.02345889 0.14062500
v 0.15625000 -0.01562500 0.13281136
v 0.14843582 -0.01562500 0.15625000
v 0.14848597 0.00000000 -0.03125000
v 0.15625000 0.00000000 -0.02348597
v 0.14843748 0.00000000 0.14062500
v 0.15625000 0.00000000 0.13281245
v 0.14745161 0.00000000 0.15625000
v 0.14828805 0.01562500 -0.04687500
v 0.14844075 0.01562500 -0.03125000
v 0.15625000 0.01562500 -0.02344075
v 0.15625000 0.00829496 0.14062500
v 0.14808923 0.01562500 0.15625000
v 0.15625000 0.01562500 0.14795504
v 0.14843753 0.03125000 -0.03125000
v 0.15625000 0.03125000 -0.02343753
v 0.15625000 0.02411362 0.15625000
v 0.15625000 0.03125000 0.16338638
v 0.14843625 0.04687500 -0.03125000
v 0.15004282 0.04687500 -0.01562500
v 0.15625000 0.04066782 -0.01562500
v 0.15625000 0.04687500 -0.00941782
v 0.15625000 0.04111696 0.17187500
v 0.15625000 0.04687500 0.17763304
v 0.14843505 0.06250000 -0.01562500
v 0.14872528 0.06250000 0.00000000
v 0.15625000 0.05497528 0.00000000
v 0.15625000 0.06250000 0.00752472
v 0.15179006 0.06250000 0.18750000
v 0.15625000 0.06250000 0.18308938
v 0.14659132 0.07812500 -0.01562500
v 0.14843758 0.07812500 0.00000000
v 0.15625000 0.07812500 0.00781808
v 0.14845399 0.07812500 0.14062500
v 0.15625000 0.07031986 0.14062500
v 0.15625000 0.07812500 0.13231365
v 0.15625000 0.07029693 0.15625000
v 0.15625000 0.07027648 0.17187500
v 0.14843748 0.09375000 0.00000000
v 0.14873661 0.09375000 0.01562500
v 0.15625000 0.08623096 0.01562500
v 0.14881631 0.09375000 0.03125000
v 0.15625000 0.08631630 0.03125000
v 0.14849434 0.09375000 0.04687500
v 0.15625000 0.08599434 0.04687500
v 0.14844136 0.09375000 0.06250000
v 0.15625000 0.08594137 0.06250000
v 0.14843734 0.09375000 0.07812500
v 0.15625000 0.08593755 0.07812500
v 0.14843547 0.09375000 0.09375000
v 0.15625000 0.08593749 0.09375000
v 0.14479500 0.09375000 0.10937500
v 0.15625000 0.08593583 0.10937500
v 0.15625000 0.08542164 0.12500000
v 0.16339968 -0.07812500 0.04687500
v 0.16405953 -0.07812500 0.06250000
v 0.16404688 -0.07812500 0.07812500
v 0.16264280 -0.07812500 0.09375000
v 0.16366560 -0.06250000 0.01562500
v 0.16406155 -0.06250000 0.03125000
v 0.16408584 -0.06250000 0.04687500
v 0.16429319 -0.06250000 0.06250000
v 0.16420040 -0.06250000 0.07812500
v 0.16410009 -0.06250000 0.09375000
v 0.16406526 -0.06250000 0.10937500
v 0.16405222 -0.06250000 0.12500000
v 0.16404153 -0.06250000 0.14062500
v 0.16393050 -0.06250000 0.15625000
v 0.16405558 -0.06250000 0.17187500
v 0.16400066 -0.04687500 -0.01562500
v 0.16407367 -0.04687500 0.00000000
v 0.16468182 -0.04687500 0.01562500
v 0.17187500 -0.04825600 0.03125000
v 0.17187500 -0.04687500 0.02965588
v 0.17187500 -0.05451289 0.04687500
v 0.17187500 -0.05489712 0.06250000
v 0.17187500 -0.05481650 0.07812500
v 0.17187500 -0.05472135 0.09375000
v 0.17187500 -0.05468635 0.10937500
v 0.17187500 -0.05468537 0.12500000
v 0.16406250 -0.04687500 0.14062500
v 0.17187500 -0.04687500 0.13280818
v 0.16406204 -0.04687500 0.15625000
v 0.16406042 -0.03125000 -0.01562500
v 0.17187500 -0.03905609 0.00000000
v 0.17187500 -0.03125000 -0.00779457
v 0.17187500 -0.03968176 0.01562500
v 0.16406250 -0.03125000 0.12500000
v 0.17187500 -0.03906682 0.12500000
v 0.17187500 -0.03125000 0.11718644
v 0.16404111 -0.03125000 0.14062500
v 0.16406185 -0.01562500 -0.01562500
v 0.17187500 -0.01562500 -0.00781166
v 0.16406136 -0.01562500 0.12500000
v 0.17187500 -0.01562500 0.11712820
v 0.16406251 0.00000000 -0.01562500
v 0.17187500 0.00000000 -0.00780709
v 0.16406245 0.00000000 0.12500000
v 0.17187500 0.00000000 0.11718748
v 0.16406255 0.01562500 -0.01562500
v 0.17187500 0.01562500 -0.00781245
v 0.17187500 0.00782650 0.12500000
v 0.16358004 0.01562500 0.14062500
v 0.17187500 0.01562500 0.13279850
v 0.16406250 0.03125000 -0.01562500
v 0.17187500 0.03125000 -0.00763908
v 0.17187500 0.02350018 0.14062500
v 0.16338638 0.03125000 0.15625000
v 0.17187500 0.03125000 0.14837482
v 0.16406250 0.04687500 0.00000000
v 0.17187500 0.03888908 0.00000000
v 0.17126396 0.04687500 0.01562500
v 0.17187500 0.04626396 0.01562500
v 0.17187500 0.04687500 0.01624240
v 0.17187500 0.03906321 0.15625000
v 0.16200804 0.04687500 0.17187500
v 0.17187500 0.04687500 0.16406179
v 0.16406250 0.06250000 0.01562500
v 0.16470425 0.06250000 0.03125000
v 0.17187500 0.05528744 0.03125000
v 0.17187500 0.06250000 0.03849888
v 0.16859271 0.06250000 0.12500000
v 0.17187500 0.05919468 0.12500000
v 0.17187500 0.06250000 0.12094773
v 0.17187500 0.06250000 0.13268453
v 0.17187500 0.05551955 0.17187500
v 0.17187500 0.06250000 0.17885545
v 0.16405684 0.07812500 0.01562500
v 0.16406296 0.07812500 0.03125000
v 0.16421542 0.07812500 0.04687500
v 0.17187500 0.07038684 0.04687500
v 0.16465452 0.07812500 0.06250000
v 0.17187500 0.07019726 0.06250000
v 0.16694541 0.07812500 0.07812500
v 0.17187500 0.06727937 0.07812500
v 0.16823615 0.07812500 0.09375000
v 0.17187500 0.07153127 0.09375000
v 0.16406773 0.07812500 0.10937500
v 0.17187500 0.06925084 0.10937500
v 0.16354664 0.07812500 0.12500000
v 0.17187500 0.06586780 0.14062500
v 0.17187500 0.06995442 0.15625000
v 0.17187500 0.06948045 0.17187500
v 0.17325564 -0.04687500 0.03125000
v 0.17948951 -0.04687500 0.04687500
v 0.17966646 -0.04687500 0.06250000
v 0.17967874 -0.04687500 0.07812500
v 0.17968480 -0.04687500 0.09375000
v 0.17969085 -0.04687500 0.10937500
v 0.17968318 -0.04687500 0.12500000
v 0.17967116 -0.03125000 0.00000000
v 0.17999301 -0.03125000 0.01562500
v 0.18750000 -0.03639087 0.03125000
v 0.18750000 -0.03125000 0.02583563
v 0.18750000 -0.03896821 0.04687500
v 0.18750000 -0.03901712 0.06250000
v 0.18750000 -0.03534333 0.07812500
v 0.17968750 -0.03125000 0.09375000
v 0.18750000 -0.03125000 0.08221821
v 0.17968644 -0.03125000 0.10937500
v 0.17968665 -0.01562500 0.00000000
v 0.17968791 -0.01562500 0.01562500
v 0.18170288 -0.01562500 0.03125000
v 0.18750000 -0.02415724 0.03125000
v 0.18750000 -0.01562500 0.04061038
v 0.18235145 -0.01562500 0.07812500
v 0.18750000 -0.02469735 0.07812500
v 0.18750000 -0.01562500 0.07034445
v 0.17968782 -0.01562500 0.09375000
v 0.17962820 -0.01562500 0.10937500
v 0.17968208 0.00000000 0.00000000
v 0.17968823 0.00000000 0.01562500
v 0.17984849 0.00000000 0.03125000
v 0.18648637 0.00000000 0.04687500
v 0.18750000 -0.00233533 0.04687500
v 0.18750000 0.00000000 0.04918456
v 0.18750000 -0.00957012 0.07812500
v 0.18750000 -0.00764032 0.09375000
v 0.17968748 0.00000000 0.10937500
v 0.18750000 0.00000000 0.10139000
v 0.17968740 0.01562500 0.00000000
v 0.17971607 0.01562500 0.01562500
v 0.17981154 0.01562500 0.03125000
v 0.18010688 0.01562500 0.04687500
v 0.18162893 0.01562500 0.06250000
v 0.18750000 0.00623764 0.06250000
v 0.18750000 0.01562500 0.07386297
v 0.18750000 0.00781927 0.10937500
v 0.17967350 0.01562500 0.12500000
v 0.18750000 0.01562500 0.11718073
v 0.17951408 0.03125000 0.00000000
v 0.17968748 0.03125000 0.01562500
v 0.17968797 0.03125000 0.03125000
v 0.17970818 0.03125000 0.04687500
v 0.18006974 0.03125000 0.06250000
v 0.18750000 0.03125000 0.07076694
v 0.18750000 0.02344648 0.12500000
v 0.17962482 0.03125000 0.14062500
v 0.18750000 0.03125000 0.13280352
v 0.17964542 0.04687500 0.03125000
v 0.17968454 0.04687500 0.04687500
v 0.17966506 0.04687500 0.06250000
v 0.17393512 0.04687500 0.07812500
v 0.18750000 0.03822850 0.07812500
v 0.17678570 0.04687500 0.09375000
v 0.18750000 0.03883672 0.09375000
v 0.17952996 0.04687500 0.10937500
v 0.18750000 0.03902047 0.10937500
v 0.18039374 0.04687500 0.12500000
v 0.18750000 0.03979453 0.12500000
v 0.18750000 0.03907803 0.14062500
v 0.18750000 0.04687500 0.13208697
v 0.17968679 0.04687500 0.15625000
v 0.18750000 0.04687500 0.14842197
v 0.17960890 0.06250000 0.04687500
v 0.17898103 0.06250000 0.06250000
v 0.17451282 0.06250000 0.07812500
v 0.17646397 0.06250000 0.09375000
v 0.17861912 0.06250000 0.10937500
v 0.17524961 0.06250000 0.14062500
v 0.18750000 0.05468203 0.14062500
v 0.17939671 0.06250000 0.15625000
v 0.17886935 0.06250000 0.17187500
v 0.19264087 -0.03125000 0.03125000
v 0.19521819 -0.03125000 0.04687500
v 0.19526708 -0.03125000 0.06250000
v 0.19159321 -0.03125000 0.07812500
v 0.19192250 -0.01562500 0.04687500
v 0.19267683 -0.01562500 0.06250000
v 0.19196395 0.00000000 0.06250000
v 0.19433087 0.00000000 0.07812500
v 0.19514000 0.00000000 0.09375000
v 0.19037789 0.01562500 0.07812500
v 0.19531111 0.01562500 0.09375000
v 0.19530573 0.01562500 0.10937500
v 0.19447819 0.03125000 0.07812500
v 0.19508616 0.03125000 0.09375000
v 0.20312500 0.02808054 0.10937500
v 0.20312500 0.03125000 0.10620538
v 0.19530352 0.03125000 0.12500000
v 0.20312500 0.03125000 0.11254446
v 0.20312500 0.03441947 0.10937500
v 0.19529697 0.04687500 0.14062500
v 0.20629446 0.03125000 0.10937500
f 3 2 1
f 2 5 4
f 1 2 4
f 5 7 6
f 4 5 6
f 7 8 6
f 3 1 9
f 1 4 10
f 9 1 10
f 12 10 4
f 12 4 11
f 11 4 6
f 8 14 13
f 8 13 6
f 6 13 11
f 14 16 15
f 13 14 15
f 16 17 15
f 12 11 18
f 20 18 11
f 20 11 19
f 19 11 13
f 13 15 19
f 15 21 19
f 17 23 22
f 17 22 15
f 15 22 21
f 23 24 22
f 20 19 25
f 27 25 19
f 27 19 26
f 26 19 21
f 21 22 26
f 22 28 26
f 24 29 28
f 22 24 28
f 27 26 30
f 26 28 31
f 30 26 31
f 28 29 31
f 34 33 32
f 33 36 35
f 32 33 35
f 3 35 36
f 3 36 2
f 2 36 37
f 37 38 2
f 2 38 5
f 38 39 5
f 5 39 7
f 40 8 7
f 40 7 41
f 41 7 39
f 41 42 40
f 34 32 43
f 45 43 32
f 45 32 44
f 44 32 35
f 9 35 3
f 9 46 35
f 46 44 35
f 10 46 9
f 47 46 10
f 10 12 47
f 40 14 8
f 42 14 40
f 42 48 14
f 48 16 14
f 49 17 16
f 49 16 50
f 50 16 48
f 50 51 49
f 45 44 52
f 54 52 44
f 54 44 53
f 53 44 46
f 46 47 53
f 47 55 53
f 18 47 12
f 18 56 47
f 56 55 47
f 18 20 56
f 49 23 17
f 23 49 51
f 23 51 24
f 24 51 57
f 54 53 58
f 60 58 53
f 60 53 59
f 59 53 55
f 55 56 59
f 56 61 59
f 25 56 20
f 25 62 56
f 62 61 56
f 25 27 62
f 63 57 64
f 63 29 57
f 29 24 57
f 64 65 63
f 60 59 66
f 68 66 59
f 68 59 67
f 67 59 61
f 61 62 67
f 62 69 67
f 30 62 27
f 30 70 62
f 70 69 62
f 31 70 30
f 71 70 31
f 29 71 31
f 29 63 71
f 63 72 71
f 65 73 72
f 63 65 72
f 68 67 74
f 67 69 75
f 74 67 75
f 77 75 69
f 77 69 76
f 76 69 70
f 70 71 76
f 71 78 76
f 71 72 78
f 72 79 78
f 73 80 79
f 72 73 79
f 82 77 76
f 81 82 76
f 76 78 81
f 78 83 81
f 78 79 83
f 79 84 83
f 80 86 85
f 80 85 79
f 79 85 84
f 86 87 85
f 89 82 81
f 88 89 81
f 81 83 88
f 83 90 88
f 83 84 90
f 84 91 90
f 84 85 91
f 85 92 91
f 87 93 92
f 85 87 92
f 89 88 94
f 96 94 88
f 96 88 95
f 95 88 90
f 90 91 95
f 91 97 95
f 98 99 97
f 98 97 92
f 92 97 91
f 92 93 98
f 96 95 100
f 95 97 101
f 100 95 101
f 97 99 101
f 104 103 102
f 34 102 103
f 34 103 33
f 33 103 105
f 105 106 33
f 33 106 36
f 106 107 36
f 36 107 37
f 107 108 37
f 37 108 38
f 108 109 38
f 38 109 39
f 109 110 39
f 39 110 41
f 41 110 111
f 42 41 111
f 113 104 102
f 112 113 102
f 43 102 34
f 43 114 102
f 114 112 102
f 43 45 114
f 111 48 42
f 115 48 111
f 117 116 50
f 117 50 115
f 115 50 48
f 50 116 51
f 119 113 112
f 118 119 112
f 112 114 118
f 114 120 118
f 52 114 45
f 52 121 114
f 121 120 114
f 52 54 121
f 117 122 116
f 116 122 123
f 116 123 51
f 51 123 57
f 125 119 118
f 124 125 118
f 118 120 124
f 120 126 124
f 120 121 126
f 121 127 126
f 58 121 54
f 58 128 121
f 128 127 121
f 58 60 128
f 123 64 57
f 129 64 123
f 64 129 130
f 65 64 130
f 132 125 124
f 131 132 124
f 124 126 131
f 126 133 131
f 126 127 133
f 127 134 133
f 127 128 134
f 128 135 134
f 66 128 60
f 66 136 128
f 136 135 128
f 66 68 136
f 130 137 65
f 137 73 65
f 140 139 138
f 139 142 141
f 138 139 141
f 142 144 143
f 141 142 143
f 144 146 145
f 143 144 145
f 146 132 131
f 146 131 145
f 145 131 147
f 131 133 147
f 133 148 147
f 133 134 148
f 134 149 148
f 134 135 149
f 135 150 149
f 135 136 150
f 136 151 150
f 74 136 68
f 74 152 136
f 152 151 136
f 75 152 74
f 153 152 75
f 75 77 153
f 137 154 73
f 154 80 73
f 157 156 155
f 156 140 138
f 156 138 155
f 155 138 158
f 138 141 158
f 141 159 158
f 141 143 159
f 143 160 159
f 143 145 160
f 145 161 160
f 162 163 161
f 162 161 147
f 147 161 145
f 165 162 147
f 165 147 164
f 164 147 148
f 148 149 164
f 149 166 164
f 149 150 166
f 150 167 166
f 150 151 167
f 151 168 167
f 151 152 168
f 152 169 168
f 152 153 169
f 153 170 169
f 153 82 170
f 77 82 153
f 154 86 80
f 171 86 154
f 86 171 172
f 87 86 172
f 157 155 173
f 175 173 155
f 175 155 174
f 174 155 158
f 176 177 174
f 176 174 159
f 159 174 158
f 159 160 178
f 176 159 178
f 160 161 179
f 178 160 179
f 161 163 179
f 165 164 180
f 164 166 181
f 180 164 181
f 166 167 182
f 181 166 182
f 184 182 167
f 184 167 183
f 183 167 168
f 168 169 183
f 169 185 183
f 169 170 185
f 170 186 185
f 170 89 186
f 82 89 170
f 172 187 87
f 187 93 87
f 175 174 188
f 174 177 188
f 184 183 189
f 191 189 183
f 191 183 190
f 190 183 185
f 185 186 190
f 186 192 190
f 94 186 89
f 94 193 186
f 193 192 186
f 94 96 193
f 99 194 195
f 98 194 99
f 194 98 93
f 187 194 93
f 191 190 196
f 198 196 190
f 198 190 197
f 197 190 192
f 192 193 197
f 193 199 197
f 100 193 96
f 100 200 193
f 200 199 193
f 101 200 100
f 201 200 101
f 201 101 99
f 201 99 202
f 202 99 195
f 198 197 203
f 205 203 197
f 205 197 204
f 204 197 199
f 206 207 204
f 206 204 200
f 200 204 199
f 200 201 208
f 206 200 208
f 201 202 208
f 205 204 209
f 204 207 209
f 212 211 210
f 211 214 213
f 210 211 213
f 214 216 215
f 213 214 215
f 216 217 215
f 104 219 218
f 103 104 218
f 218 220 103
f 103 220 105
f 220 221 105
f 105 221 106
f 210 221 212
f 210 107 221
f 107 106 221
f 213 107 210
f 108 107 213
f 215 108 213
f 109 108 215
f 217 109 215
f 217 222 109
f 222 110 109
f 110 222 223
f 111 110 223
f 226 225 224
f 225 228 227
f 224 225 227
f 228 113 227
f 228 219 113
f 219 104 113
f 223 115 111
f 229 115 223
f 230 117 115
f 230 115 231
f 231 115 229
f 231 232 230
f 235 234 233
f 234 226 224
f 234 224 233
f 233 224 236
f 224 227 236
f 227 237 236
f 227 119 237
f 113 119 227
f 230 122 117
f 122 238 123
f 230 238 122
f 230 239 238
f 230 232 239
f 239 240 238
f 242 235 233
f 241 242 233
f 233 236 241
f 236 243 241
f 236 237 243
f 237 244 243
f 237 125 244
f 119 125 237
f 238 129 123
f 129 238 240
f 129 240 130
f 130 240 245
f 248 247 246
f 247 242 241
f 247 241 246
f 246 241 249
f 241 243 249
f 243 250 249
f 243 244 250
f 244 251 250
f 244 132 251
f 125 132 244
f 245 252 130
f 252 137 130
f 255 254 253
f 246 139 140
f 248 246 140
f 248 140 253
f 248 253 254
f 249 139 246
f 142 139 249
f 250 142 249
f 144 142 250
f 251 144 250
f 146 144 251
f 251 132 146
f 252 256 137
f 256 154 137
f 253 156 157
f 253 157 255
f 255 157 257
f 253 140 156
f 162 258 163
f 162 165 258
f 171 260 259
f 171 154 260
f 154 256 260
f 171 259 172
f 173 261 262
f 173 262 157
f 157 262 257
f 173 175 261
f 176 263 177
f 178 263 176
f 264 263 178
f 179 264 178
f 265 264 179
f 163 265 179
f 163 258 265
f 258 266 265
f 180 258 165
f 180 267 258
f 267 266 258
f 181 267 180
f 268 267 181
f 182 268 181
f 269 268 182
f 182 184 269
f 271 259 260
f 270 259 271
f 259 270 187
f 172 259 187
f 273 262 261
f 272 273 261
f 188 261 175
f 188 274 261
f 274 272 261
f 177 274 188
f 177 263 274
f 263 275 274
f 263 264 275
f 264 276 275
f 264 265 276
f 265 277 276
f 265 266 277
f 266 278 277
f 266 267 278
f 267 279 278
f 267 268 279
f 268 280 279
f 268 269 280
f 269 281 280
f 189 269 184
f 189 282 269
f 282 281 269
f 189 191 282
f 270 195 194
f 270 271 195
f 271 283 195
f 270 194 187
f 273 272 284
f 286 284 272
f 286 272 285
f 285 272 274
f 274 275 285
f 275 287 285
f 275 276 287
f 276 288 287
f 276 277 288
f 277 289 288
f 277 278 289
f 278 290 289
f 278 279 290
f 279 291 290
f 279 280 291
f 280 292 291
f 280 281 292
f 281 293 292
f 281 282 293
f 282 294 293
f 196 282 191
f 196 295 282
f 295 294 282
f 196 198 295
f 283 296 195
f 296 202 195
f 286 285 297
f 299 297 285
f 299 285 298
f 298 285 287
f 287 288 298
f 288 300 298
f 288 289 300
f 289 301 300
f 289 290 301
f 290 302 301
f 290 291 302
f 291 303 302
f 291 292 303
f 292 304 303
f 292 293 304
f 293 305 304
f 293 294 305
f 294 306 305
f 294 295 306
f 295 307 306
f 203 295 198
f 203 308 295
f 308 307 295
f 203 205 308
f 206 309 207
f 309 310 311
f 309 206 310
f 206 208 310
f 310 208 202
f 296 310 202
f 299 298 312
f 314 312 298
f 314 298 313
f 313 298 300
f 300 301 313
f 301 315 313
f 301 302 315
f 302 316 315
f 302 303 316
f 303 317 316
f 303 304 317
f 304 318 317
f 304 305 318
f 305 319 318
f 305 306 319
f 306 320 319
f 306 307 320
f 307 321 320
f 307 308 321
f 308 322 321
f 209 308 205
f 209 323 308
f 323 322 308
f 323 324 325
f 209 324 323
f 209 309 324
f 209 207 309
f 309 311 324
f 314 313 326
f 313 315 327
f 326 313 327
f 315 316 328
f 327 315 328
f 316 317 329
f 328 316 329
f 317 318 330
f 329 317 330
f 318 319 331
f 330 318 331
f 333 331 319
f 333 319 332
f 332 319 320
f 320 321 332
f 321 334 332
f 321 322 334
f 322 335 334
f 336 337 335
f 336 335 323
f 323 335 322
f 323 325 336
f 333 332 338
f 332 334 339
f 338 332 339
f 334 335 340
f 339 334 340
f 335 337 340
f 343 342 341
f 342 345 344
f 341 342 344
f 212 344 345
f 212 345 211
f 211 345 346
f 346 347 211
f 211 347 214
f 347 348 214
f 214 348 216
f 216 348 349
f 217 216 349
f 352 351 350
f 219 350 351
f 219 351 218
f 218 351 353
f 341 353 343
f 341 220 353
f 220 218 353
f 344 220 341
f 221 220 344
f 344 212 221
f 349 222 217
f 354 222 349
f 222 354 355
f 223 222 355
f 358 357 356
f 357 360 359
f 356 357 359
f 226 359 360
f 226 360 225
f 225 360 361
f 350 361 352
f 350 228 361
f 228 225 361
f 350 219 228
f 355 229 223
f 362 229 355
f 362 363 229
f 229 363 231
f 231 363 364
f 232 231 364
f 366 358 356
f 365 366 356
f 235 359 234
f 235 365 359
f 365 356 359
f 359 226 234
f 364 239 232
f 367 239 364
f 239 367 368
f 240 239 368
f 370 366 365
f 369 370 365
f 365 242 369
f 235 242 365
f 368 371 240
f 371 245 240
f 374 373 372
f 369 247 248
f 370 369 248
f 370 248 372
f 370 372 373
f 369 242 247
f 375 371 376
f 375 252 371
f 252 245 371
f 376 377 375
f 372 254 255
f 372 255 374
f 374 255 378
f 372 248 254
f 379 252 375
f 379 380 252
f 380 256 252
f 375 377 379
f 383 382 381
f 382 257 381
f 382 378 257
f 378 255 257
f 380 384 256
f 384 260 256
f 386 383 381
f 385 386 381
f 381 262 385
f 257 262 381
f 387 384 388
f 387 271 384
f 271 260 384
f 388 389 387
f 386 385 390
f 385 391 390
f 385 262 391
f 262 273 391
f 392 271 387
f 392 393 271
f 393 283 271
f 387 389 392
f 391 273 284
f 394 391 284
f 284 395 394
f 286 395 284
f 393 396 283
f 396 296 283
f 297 397 398
f 297 398 286
f 286 398 395
f 297 299 397
f 310 399 311
f 399 310 296
f 399 296 400
f 400 296 396
f 398 397 401
f 403 312 402
f 401 312 403
f 401 299 312
f 401 397 299
f 312 314 402
f 324 404 325
f 404 405 406
f 324 405 404
f 324 399 405
f 324 311 399
f 399 400 405
f 403 402 407
f 409 326 408
f 407 326 409
f 407 314 326
f 407 402 314
f 327 408 326
f 410 408 327
f 328 410 327
f 411 410 328
f 329 411 328
f 412 411 329
f 330 412 329
f 413 412 330
f 331 413 330
f 414 413 331
f 331 333 414
f 337 415 416
f 336 415 337
f 325 404 417
f 325 417 336
f 336 417 415
f 404 406 417
f 409 408 418
f 408 410 419
f 418 408 419
f 410 411 420
f 419 410 420
f 422 420 411
f 422 411 421
f 421 411 412
f 412 413 421
f 413 423 421
f 413 414 423
f 414 424 423
f 338 414 333
f 338 425 414
f 425 424 414
f 339 425 338
f 426 425 339
f 426 427 428
f 426 339 427
f 339 340 427
f 427 340 337
f 416 427 337
f 422 421 429
f 421 423 430
f 429 421 430
f 423 424 431
f 430 423 431
f 424 425 432
f 431 424 432
f 425 426 433
f 432 425 433
f 426 428 433
f 436 435 434
f 343 434 435
f 343 435 342
f 342 435 437
f 437 438 342
f 342 438 345
f 438 439 345
f 345 439 346
f 439 440 346
f 346 440 347
f 440 441 347
f 347 441 348
f 348 441 442
f 349 348 442
f 445 444 443
f 352 443 444
f 352 444 351
f 351 444 446
f 434 446 436
f 434 353 446
f 353 351 446
f 434 343 353
f 442 354 349
f 447 354 442
f 448 355 354
f 448 354 449
f 449 354 447
f 449 450 448
f 358 452 451
f 357 358 451
f 451 453 357
f 357 453 360
f 443 453 445
f 443 361 453
f 361 360 453
f 443 352 361
f 448 362 355
f 450 362 448
f 450 454 362
f 454 363 362
f 363 454 455
f 364 363 455
f 458 457 456
f 457 366 456
f 457 452 366
f 452 358 366
f 455 367 364
f 459 367 455
f 367 459 460
f 368 367 460
f 462 458 456
f 461 462 456
f 456 370 461
f 366 370 456
f 463 460 464
f 463 371 460
f 371 368 460
f 464 465 463
f 461 373 374
f 461 374 462
f 462 374 466
f 461 370 373
f 463 376 371
f 376 463 465
f 376 465 377
f 377 465 467
f 470 469 468
f 469 378 468
f 469 466 378
f 466 374 378
f 379 471 380
f 471 379 377
f 471 377 472
f 472 377 467
f 468 382 383
f 468 383 470
f 470 383 473
f 468 378 382
f 474 380 471
f 384 380 474
f 472 475 474
f 471 472 474
f 473 383 476
f 476 383 386
f 474 388 384
f 388 474 475
f 388 475 389
f 389 475 477
f 476 386 390
f 478 476 390
f 390 479 478
f 391 479 390
f 392 480 393
f 480 392 389
f 480 389 481
f 481 389 477
f 394 482 483
f 394 483 391
f 391 483 479
f 394 395 482
f 484 393 480
f 484 485 393
f 485 396 393
f 480 481 484
f 483 482 486
f 482 487 486
f 482 395 487
f 395 398 487
f 485 488 396
f 488 400 396
f 487 398 401
f 489 487 401
f 401 490 489
f 403 490 401
f 406 491 492
f 405 491 406
f 491 405 400
f 488 491 400
f 490 403 407
f 493 490 407
f 407 494 493
f 409 494 407
f 415 495 416
f 495 496 497
f 495 415 496
f 415 417 496
f 496 417 406
f 492 496 406
f 494 409 418
f 498 494 418
f 498 418 499
f 418 419 499
f 501 420 500
f 501 499 420
f 499 419 420
f 420 422 500
f 428 502 503
f 427 502 428
f 416 495 504
f 416 504 427
f 427 504 502
f 495 497 504
f 501 500 505
f 500 422 429
f 500 429 505
f 505 429 506
f 506 429 507
f 429 430 507
f 507 430 508
f 430 431 508
f 508 431 509
f 431 432 509
f 509 432 510
f 432 433 510
f 510 433 428
f 503 510 428
f 513 512 511
f 436 511 512
f 436 512 435
f 435 512 514
f 514 515 435
f 435 515 437
f 515 516 437
f 437 516 438
f 516 517 438
f 438 517 439
f 517 518 439
f 439 518 440
f 518 519 440
f 440 519 441
f 520 442 441
f 520 441 521
f 521 441 519
f 521 522 520
f 525 524 523
f 445 523 524
f 445 524 444
f 444 524 526
f 511 526 513
f 511 446 526
f 446 444 526
f 511 436 446
f 520 447 442
f 522 447 520
f 522 527 447
f 527 449 447
f 449 527 528
f 450 449 528
f 452 530 529
f 451 452 529
f 523 529 525
f 523 453 529
f 453 451 529
f 523 445 453
f 528 454 450
f 531 454 528
f 454 531 532
f 455 454 532
f 458 534 533
f 457 458 533
f 533 452 457
f 530 452 533
f 532 459 455
f 535 459 532
f 459 535 536
f 460 459 536
f 539 538 537
f 538 462 537
f 538 534 462
f 534 458 462
f 536 464 460
f 540 464 536
f 464 540 541
f 465 464 541
f 543 539 537
f 542 543 537
f 537 466 542
f 462 466 537
f 541 544 465
f 544 467 465
f 542 469 470
f 542 470 543
f 543 470 545
f 542 466 469
f 544 546 467
f 546 472 467
f 545 470 547
f 547 470 473
f 546 548 472
f 548 475 472
f 547 473 549
f 549 473 476
f 548 550 475
f 550 477 475
f 478 551 552
f 478 552 476
f 476 552 549
f 478 479 551
f 550 553 477
f 553 481 477
f 552 551 554
f 551 555 554
f 551 479 555
f 479 483 555
f 484 556 485
f 556 484 481
f 556 481 557
f 557 481 553
f 486 558 559
f 486 559 483
f 483 559 555
f 486 487 558
f 560 485 556
f 560 561 485
f 561 488 485
f 556 557 560
f 559 558 562
f 564 489 563
f 562 489 564
f 562 487 489
f 562 558 487
f 489 490 563
f 492 565 566
f 491 565 492
f 565 491 488
f 561 565 488
f 564 563 567
f 569 493 568
f 567 493 569
f 567 490 493
f 567 563 490
f 493 494 568
f 497 570 571
f 496 570 497
f 570 496 492
f 566 570 492
f 569 568 572
f 574 498 573
f 572 498 574
f 572 494 498
f 572 568 494
f 499 573 498
f 575 573 499
f 499 501 575
f 503 576 577
f 502 576 503
f 576 502 578
f 502 504 578
f 578 504 497
f 571 578 497
f 574 573 579
f 573 575 580
f 579 573 580
f 575 501 505
f 575 505 580
f 580 505 581
f 581 505 582
f 505 506 582
f 582 506 583
f 506 507 583
f 583 507 584
f 507 508 584
f 584 508 585
f 508 509 585
f 585 509 586
f 509 510 586
f 586 510 503
f 577 586 503
f 589 588 587
f 588 591 590
f 587 588 590
f 591 592 590
f 595 594 593
f 513 593 594
f 513 594 512
f 512 594 596
f 587 596 589
f 587 514 596
f 514 512 596
f 590 514 587
f 515 514 590
f 592 515 590
f 592 597 515
f 597 516 515
f 597 598 516
f 516 598 517
f 598 599 517
f 517 599 518
f 599 600 518
f 518 600 519
f 600 601 519
f 519 601 521
f 521 601 602
f 522 521 602
f 605 604 603
f 525 603 604
f 525 604 524
f 524 604 606
f 593 606 595
f 593 526 606
f 526 524 606
f 593 513 526
f 602 527 522
f 607 527 602
f 527 607 608
f 528 527 608
f 603 529 530
f 603 530 605
f 605 530 609
f 603 525 529
f 608 531 528
f 610 531 608
f 531 610 611
f 532 531 611
f 534 613 612
f 533 534 612
f 612 530 533
f 609 530 612
f 611 535 532
f 614 535 611
f 535 614 615
f 536 535 615
f 539 617 616
f 538 539 616
f 616 534 538
f 613 534 616
f 540 619 618
f 540 536 619
f 536 615 619
f 540 618 541
f 617 539 620
f 620 539 543
f 619 621 618
f 618 621 622
f 618 622 541
f 541 622 544
f 625 624 623
f 624 545 623
f 624 620 545
f 620 543 545
f 622 626 544
f 626 546 544
f 628 625 623
f 627 628 623
f 623 547 627
f 545 547 623
f 626 629 546
f 629 548 546
f 628 627 630
f 627 631 630
f 627 547 631
f 547 549 631
f 629 632 548
f 632 550 548
f 631 549 633
f 633 549 552
f 632 634 550
f 634 553 550
f 554 635 636
f 554 636 552
f 552 636 633
f 554 555 635
f 634 637 553
f 637 557 553
f 636 635 638
f 635 639 638
f 635 555 639
f 555 559 639
f 561 640 641
f 560 640 561
f 640 560 557
f 637 640 557
f 639 559 562
f 642 639 562
f 562 643 642
f 564 643 562
f 566 644 645
f 565 644 566
f 644 565 561
f 641 644 561
f 643 564 567
f 646 643 567
f 567 647 646
f 569 647 567
f 570 648 571
f 648 570 566
f 648 566 649
f 649 566 645
f 647 569 572
f 650 647 572
f 572 651 650
f 574 651 572
f 576 652 577
f 652 653 654
f 652 576 653
f 576 578 653
f 571 648 655
f 571 655 578
f 578 655 653
f 648 649 655
f 651 574 579
f 656 651 579
f 656 579 657
f 579 580 657
f 657 580 658
f 580 581 658
f 658 581 659
f 581 582 659
f 659 582 660
f 582 583 660
f 660 583 661
f 583 584 661
f 661 584 662
f 584 585 662
f 662 585 663
f 585 586 663
f 577 652 664
f 577 664 586
f 586 664 663
f 652 654 664
f 667 666 665
f 589 665 666
f 589 666 588
f 588 666 668
f 670 669 591
f 670 591 668
f 668 591 588
f 591 669 592
f 673 672 671
f 595 671 672
f 595 672 594
f 594 672 674
f 665 674 667
f 665 596 674
f 596 594 674
f 665 589 596
f 670 675 669
f 669 597 592
f 669 675 597
f 675 676 597
f 676 677 597
f 597 677 598
f 677 678 598
f 598 678 599
f 678 679 599
f 599 679 600
f 679 680 600
f 600 680 601
f 601 680 681
f 602 601 681
f 605 683 682
f 604 605 682
f 671 682 673
f 671 606 682
f 606 604 682
f 671 595 606
f 681 607 602
f 684 607 681
f 607 684 685
f 608 607 685
f 688 687 686
f 687 609 686
f 687 683 609
f 683 605 609
f 685 610 608
f 689 610 685
f 610 689 690
f 611 610 690
f 693 692 691
f 686 612 613
f 688 686 613
f 688 613 691
f 688 691 692
f 686 609 612
f 690 614 611
f 694 614 690
f 614 694 695
f 615 614 695
f 691 616 617
f 691 617 693
f 693 617 696
f 691 613 616
f 697 695 698
f 697 619 695
f 619 615 695
f 698 699 697
f 702 701 700
f 701 620 700
f 701 696 620
f 696 617 620
f 697 621 619
f 621 697 699
f 621 699 622
f 622 699 703
f 700 624 625
f 700 625 702
f 702 625 704
f 700 620 624
f 703 705 622
f 705 626 622
f 704 625 706
f 706 625 628
f 707 705 708
f 707 629 705
f 629 626 705
f 708 709 707
f 630 710 711
f 630 711 628
f 628 711 706
f 630 631 710
f 712 629 707
f 632 629 712
f 709 713 712
f 707 709 712
f 711 710 714
f 710 715 714
f 710 631 715
f 631 633 715
f 716 632 712
f 716 717 632
f 717 634 632
f 712 713 716
f 715 633 718
f 718 633 636
f 717 719 634
f 719 637 634
f 638 720 721
f 638 721 636
f 636 721 718
f 638 639 720
f 641 722 723
f 640 722 641
f 722 640 637
f 719 722 637
f 721 720 724
f 726 642 725
f 724 642 726
f 724 639 642
f 724 720 639
f 642 643 725
f 644 727 645
f 727 644 641
f 727 641 728
f 728 641 723
f 726 725 729
f 731 646 730
f 729 646 731
f 729 643 646
f 729 725 643
f 646 647 730
f 732 645 727
f 732 733 645
f 733 649 645
f 727 728 732
f 731 730 734
f 736 650 735
f 734 650 736
f 734 647 650
f 734 730 647
f 650 651 735
f 654 737 738
f 653 737 654
f 737 653 739
f 653 655 739
f 739 655 649
f 733 739 649
f 736 735 740
f 735 651 656
f 735 656 740
f 740 656 741
f 743 657 742
f 743 741 657
f 741 656 657
f 658 742 657
f 744 742 658
f 744 745 746
f 744 658 745
f 658 659 745
f 745 659 747
f 659 660 747
f 747 660 748
f 660 661 748
f 748 661 749
f 661 662 749
f 749 662 750
f 662 663 750
f 750 663 751
f 663 664 751
f 751 664 654
f 738 751 654
f 743 742 752
f 742 744 753
f 752 742 753
f 744 746 753
f 667 755 754
f 666 667 754
f 757 756 668
f 757 668 754
f 754 668 666
f 668 756 670
f 760 759 758
f 759 762 761
f 758 759 761
f 762 763 761
f 673 765 764
f 672 673 764
f 764 766 672
f 672 766 674
f 766 667 674
f 755 667 766
f 757 767 756
f 756 675 670
f 756 767 675
f 767 768 675
f 758 768 760
f 758 676 768
f 676 675 768
f 761 676 758
f 677 676 761
f 763 677 761
f 763 769 677
f 769 678 677
f 769 770 678
f 678 770 679
f 770 771 679
f 679 771 680
f 680 771 772
f 681 680 772
f 683 774 773
f 682 683 773
f 773 673 682
f 765 673 773
f 772 684 681
f 775 684 772
f 684 775 776
f 685 684 776
f 688 778 777
f 687 688 777
f 777 683 687
f 774 683 777
f 776 689 685
f 779 689 776
f 689 779 780
f 690 689 780
f 693 782 781
f 692 693 781
f 781 688 692
f 778 688 781
f 780 694 690
f 783 694 780
f 694 783 784
f 695 694 784
f 782 693 785
f 785 693 696
f 784 698 695
f 786 698 784
f 698 786 787
f 699 698 787
f 702 789 788
f 701 702 788
f 788 696 701
f 785 696 788
f 790 787 791
f 790 703 787
f 703 699 787
f 791 792 790
f 789 702 793
f 793 702 704
f 794 703 790
f 705 703 794
f 792 795 794
f 790 792 794
f 793 704 796
f 796 704 706
f 794 708 705
f 708 794 795
f 708 795 709
f 709 795 797
f 796 706 798
f 798 706 711
f 797 799 709
f 799 713 709
f 714 800 801
f 714 801 711
f 711 801 798
f 714 715 800
f 716 802 717
f 802 716 713
f 802 713 803
f 803 713 799
f 805 801 800
f 804 805 800
f 800 718 804
f 715 718 800
f 806 717 802
f 806 807 717
f 807 719 717
f 802 803 806
f 805 804 808
f 804 809 808
f 804 718 809
f 718 721 809
f 723 810 811
f 722 810 723
f 810 722 719
f 807 810 719
f 724 812 813
f 724 813 721
f 721 813 809
f 724 726 812
f 811 814 723
f 814 728 723
f 813 812 815
f 812 726 729
f 812 729 815
f 815 729 816
f 729 817 816
f 731 817 729
f 733 818 819
f 732 818 733
f 818 732 728
f 814 818 728
f 817 731 734
f 820 817 734
f 734 821 820
f 736 821 734
f 738 822 823
f 737 822 738
f 822 737 824
f 737 739 824
f 824 739 733
f 819 824 733
f 821 736 740
f 825 821 740
f 825 740 826
f 740 741 826
f 741 827 826
f 743 827 741
f 745 828 746
f 747 828 745
f 829 828 747
f 748 829 747
f 830 829 748
f 830 831 832
f 830 748 831
f 748 749 831
f 831 749 833
f 749 750 833
f 833 750 834
f 750 751 834
f 834 751 738
f 823 834 738
f 827 743 752
f 835 827 752
f 835 752 836
f 752 753 836
f 746 828 837
f 746 837 753
f 753 837 836
f 828 829 838
f 837 828 838
f 829 830 839
f 838 829 839
f 830 832 839
f 842 841 840
f 755 840 841
f 755 841 754
f 754 841 843
f 844 757 754
f 844 754 845
f 845 754 843
f 845 847 846
f 844 845 846
f 760 846 847
f 760 847 759
f 759 847 848
f 848 849 759
f 759 849 762
f 850 763 762
f 850 762 851
f 851 762 849
f 851 852 850
f 765 854 853
f 764 765 853
f 840 853 842
f 840 766 853
f 766 764 853
f 840 755 766
f 844 767 757
f 846 767 844
f 768 767 846
f 846 760 768
f 850 769 763
f 852 769 850
f 852 855 769
f 855 770 769
f 855 856 770
f 770 856 771
f 771 856 857
f 772 771 857
f 860 859 858
f 774 858 859
f 774 859 773
f 773 859 861
f 861 765 773
f 854 765 861
f 857 775 772
f 862 775 857
f 863 776 775
f 863 775 864
f 864 775 862
f 864 865 863
f 858 777 778
f 858 778 860
f 860 778 866
f 858 774 777
f 863 779 776
f 779 867 780
f 863 867 779
f 863 868 867
f 863 865 868
f 868 869 867
f 782 871 870
f 781 782 870
f 870 778 781
f 866 778 870
f 867 783 780
f 783 867 869
f 783 869 784
f 784 869 872
f 871 782 873
f 873 782 785
f 872 786 784
f 874 786 872
f 786 874 875
f 787 786 875
f 789 877 876
f 788 789 876
f 876 785 788
f 873 785 876
f 875 791 787
f 878 791 875
f 791 878 879
f 792 791 879
f 877 789 880
f 880 789 793
f 879 881 792
f 881 795 792
f 880 793 882
f 882 793 796
f 881 883 795
f 883 797 795
f 882 796 884
f 884 796 798
f 883 885 797
f 885 799 797
f 884 798 886
f 886 798 801
f 889 887 888
f 888 887 803
f 888 803 885
f 885 803 799
f 886 801 890
f 890 801 805
f 887 807 806
f 887 889 807
f 889 891 807
f 887 806 803
f 890 805 808
f 892 890 808
f 808 893 892
f 809 893 808
f 810 894 811
f 894 810 807
f 894 807 895
f 895 807 891
f 893 809 896
f 896 809 813
f 897 811 894
f 897 898 811
f 898 814 811
f 894 895 897
f 896 813 815
f 899 896 815
f 901 816 900
f 901 899 816
f 899 815 816
f 816 817 900
f 819 902 903
f 818 902 819
f 902 818 814
f 898 902 814
f 901 900 904
f 900 817 820
f 900 820 904
f 904 820 905
f 820 906 905
f 821 906 820
f 823 907 908
f 822 907 823
f 907 822 909
f 822 824 909
f 909 824 819
f 903 909 819
f 906 821 825
f 910 906 825
f 910 825 911
f 825 826 911
f 826 912 911
f 827 912 826
f 832 913 914
f 831 913 832
f 913 831 915
f 831 833 915
f 915 833 916
f 833 834 916
f 916 834 823
f 908 916 823
f 912 827 835
f 917 912 835
f 917 835 918
f 835 836 918
f 918 836 919
f 836 837 919
f 919 837 920
f 837 838 920
f 920 838 921
f 838 839 921
f 921 839 832
f 914 921 832
f 841 842 922
f 922 924 923
f 922 923 841
f 841 923 843
f 923 925 843
f 843 925 845
f 925 926 845
f 845 926 847
f 926 927 847
f 847 927 848
f 927 928 848
f 848 928 849
f 928 929 849
f 849 929 851
f 851 929 930
f 852 851 930
f 854 932 931
f 853 854 931
f 842 933 922
f 842 853 933
f 853 931 933
f 922 933 924
f 930 855 852
f 934 855 930
f 934 935 855
f 855 935 856
f 856 935 936
f 857 856 936
f 859 860 937
f 937 939 938
f 937 938 859
f 859 938 861
f 938 854 861
f 932 854 938
f 936 862 857
f 940 862 936
f 940 941 862
f 862 941 864
f 864 941 942
f 865 864 942
f 945 944 943
f 943 944 946
f 943 946 860
f 943 860 866
f 937 860 946
f 937 946 939
f 942 868 865
f 947 868 942
f 868 947 948
f 869 868 948
f 943 870 871
f 943 871 945
f 945 871 949
f 943 866 870
f 950 948 951
f 950 872 948
f 872 869 948
f 951 952 950
f 949 871 953
f 953 871 873
f 950 874 872
f 874 950 952
f 874 952 875
f 875 952 954
f 877 956 955
f 876 877 955
f 955 873 876
f 953 873 955
f 954 878 875
f 957 878 954
f 878 957 958
f 879 878 958
f 956 877 959
f 959 877 880
f 958 960 879
f 960 881 879
f 963 962 961
f 962 882 961
f 962 959 882
f 959 880 882
f 960 964 881
f 964 883 881
f 963 961 965
f 961 966 965
f 961 882 966
f 882 884 966
f 964 967 883
f 967 885 883
f 966 884 968
f 968 884 886
f 889 969 970
f 888 969 889
f 969 888 885
f 967 969 885
f 968 886 971
f 971 886 890
f 970 972 889
f 972 891 889
f 892 973 974
f 892 974 890
f 890 974 971
f 892 893 973
f 977 975 976
f 976 975 895
f 976 895 972
f 972 895 891
f 974 973 978
f 973 979 978
f 973 893 979
f 893 896 979
f 975 898 897
f 975 977 898
f 977 980 898
f 975 897 895
f 979 896 899
f 981 979 899
f 899 982 981
f 901 982 899
f 902 983 903
f 983 902 898
f 983 898 984
f 984 898 980
f 982 901 904
f 985 982 904
f 985 904 986
f 904 905 986
f 905 987 986
f 906 987 905
f 908 988 989
f 907 988 908
f 988 907 990
f 907 909 990
f 903 983 991
f 903 991 909
f 909 991 990
f 983 984 991
f 987 906 910
f 992 987 910
f 992 910 993
f 910 911 993
f 911 994 993
f 912 994 911
f 913 995 914
f 995 996 997
f 995 913 996
f 913 915 996
f 996 915 998
f 915 916 998
f 998 916 908
f 989 998 908
f 994 912 917
f 999 994 917
f 999 917 1000
f 917 918 1000
f 1000 918 1001
f 918 919 1001
f 1001 919 1002
f 919 920 1002
f 1002 920 1003
f 920 921 1003
f 914 995 1004
f 914 1004 921
f 921 1004 1003
f 995 997 1004
f 1007 1006 1005
f 924 1005 1006
f 924 1006 923
f 923 1006 1008
f 1008 1009 923
f 923 1009 925
f 1009 1010 925
f 925 1010 926
f 1010 1011 926
f 926 1011 927
f 1011 1012 927
f 927 1012 928
f 1012 1013 928
f 928 1013 929
f 1014 930 929
f 1014 929 1015
f 1015 929 1013
f 1015 1016 1014
f 932 1018 1017
f 931 932 1017
f 1005 1017 1007
f 1005 933 1017
f 933 931 1017
f 1005 924 933
f 1014 934 930
f 1016 934 1014
f 1016 1019 934
f 1019 935 934
f 1020 936 935
f 1020 935 1021
f 1021 935 1019
f 1021 1022 1020
f 939 1024 1023
f 938 939 1023
f 1023 932 938
f 1018 932 1023
f 1020 940 936
f 1022 940 1020
f 1022 1025 940
f 1025 941 940
f 1026 942 941
f 1026 941 1027
f 1027 941 1025
f 1027 1028 1026
f 944 945 1029
f 1029 1031 1030
f 1029 1030 944
f 944 1030 946
f 1030 939 946
f 1024 939 1030
f 1026 947 942
f 947 1026 1028
f 947 1028 948
f 948 1028 1032
f 1033 1029 945
f 1033 945 1034
f 1034 945 949
f 1029 1033 1031
f 1032 951 948
f 1035 951 1032
f 951 1035 1036
f 952 951 1036
f 1034 949 1037
f 1037 949 953
f 1036 1038 952
f 1038 954 952
f 956 1040 1039
f 955 956 1039
f 1039 953 955
f 1037 953 1039
f 957 1042 1041
f 957 954 1042
f 954 1038 1042
f 957 1041 958
f 1040 956 1043
f 1043 956 959
f 1042 1044 1041
f 1041 1044 1045
f 1041 1045 958
f 958 1045 960
f 963 1047 1046
f 962 963 1046
f 1046 959 962
f 1043 959 1046
f 1045 1048 960
f 1048 964 960
f 965 1049 1050
f 965 1050 963
f 963 1050 1047
f 965 966 1049
f 1048 1051 964
f 1051 967 964
f 1050 1049 1052
f 1049 1053 1052
f 1049 966 1053
f 966 968 1053
f 970 1054 1055
f 969 1054 970
f 1054 969 967
f 1051 1054 967
f 1053 968 1056
f 1056 968 971
f 1055 1057 970
f 1057 972 970
f 1056 971 1058
f 1058 971 974
f 977 1059 1060
f 976 1059 977
f 1059 976 972
f 1057 1059 972
f 1058 974 978
f 1061 1058 978
f 978 1062 1061
f 979 1062 978
f 1060 1063 977
f 1063 980 977
f 981 1064 1065
f 981 1065 979
f 979 1065 1062
f 981 982 1064
f 1068 1066 1067
f 1067 1066 984
f 1067 984 1063
f 1063 984 980
f 1065 1064 1069
f 1064 982 985
f 1064 985 1069
f 1069 985 1070
f 1072 986 1071
f 1072 1070 986
f 1070 985 986
f 986 987 1071
f 989 1073 1074
f 988 1073 989
f 1073 988 1075
f 988 990 1075
f 1066 1068 1075
f 1066 1075 991
f 991 1075 990
f 1066 991 984
f 1072 1071 1076
f 1071 987 992
f 1071 992 1076
f 1076 992 1077
f 1077 992 1078
f 992 993 1078
f 993 1079 1078
f 994 1079 993
f 996 1080 997
f 1080 1081 1082
f 1080 996 1081
f 996 998 1081
f 1081 998 989
f 1074 1081 989
f 1079 994 999
f 1083 1079 999
f 1083 999 1084
f 999 1000 1084
f 1084 1000 1085
f 1000 1001 1085
f 1087 1002 1086
f 1087 1085 1002
f 1085 1001 1002
f 1086 1088 1089
f 1086 1002 1088
f 1002 1003 1088
f 1088 1003 1090
f 1003 1004 1090
f 997 1080 1091
f 997 1091 1004
f 1004 1091 1090
f 1080 1082 1091
f 1087 1086 1092
f 1086 1089 1092
f 1095 1094 1093
f 1094 1097 1096
f 1093 1094 1096
f 1097 1099 1098
f 1096 1097 1098
f 1099 1100 1098
f 1103 1102 1101
f 1007 1101 1102
f 1007 1102 1006
f 1006 1102 1104
f 1104 1105 1006
f 1006 1105 1008
f 1105 1106 1008
f 1008 1106 1009
f 1093 1106 1095
f 1093 1010 1106
f 1010 1009 1106
f 1096 1010 1093
f 1011 1010 1096
f 1098 1011 1096
f 1012 1011 1098
f 1100 1012 1098
f 1100 1107 1012
f 1107 1013 1012
f 1107 1108 1013
f 1013 1108 1015
f 1015 1108 1109
f 1016 1015 1109
f 1112 1111 1110
f 1101 1017 1018
f 1103 1101 1018
f 1103 1018 1110
f 1103 1110 1111
f 1101 1007 1017
f 1109 1019 1016
f 1113 1019 1109
f 1115 1114 1021
f 1115 1021 1113
f 1113 1021 1019
f 1021 1114 1022
f 1118 1117 1116
f 1110 1023 1024
f 1112 1110 1024
f 1112 1024 1116
f 1112 1116 1117
f 1110 1018 1023
f 1115 1119 1114
f 1114 1025 1022
f 1114 1119 1025
f 1119 1120 1025
f 1122 1121 1027
f 1122 1027 1120
f 1120 1027 1025
f 1027 1121 1028
f 1125 1124 1123
f 1116 1030 1031
f 1118 1116 1031
f 1118 1031 1123
f 1118 1123 1124
f 1116 1024 1030
f 1122 1126 1121
f 1121 1126 1127
f 1121 1127 1028
f 1028 1127 1032
f 1123 1033 1034
f 1123 1034 1125
f 1125 1034 1128
f 1123 1031 1033
f 1127 1035 1032
f 1129 1035 1127
f 1035 1129 1130
f 1036 1035 1130
f 1128 1034 1131
f 1131 1034 1037
f 1130 1132 1036
f 1132 1038 1036
f 1040 1134 1133
f 1039 1040 1133
f 1133 1037 1039
f 1131 1037 1133
f 1132 1135 1038
f 1135 1042 1038
f 1134 1040 1136
f 1136 1040 1043
f 1135 1044 1042
f 1137 1044 1135
f 1044 1137 1138
f 1045 1044 1138
f 1047 1140 1139
f 1046 1047 1139
f 1139 1043 1046
f 1136 1043 1139
f 1138 1141 1045
f 1141 1048 1045
f 1142 1143 1140
f 1142 1140 1050
f 1050 1140 1047
f 1143 1142 1144
f 1147 1145 1146
f 1146 1145 1051
f 1146 1051 1141
f 1141 1051 1048
f 1142 1050 1052
f 1052 1144 1142
f 1052 1053 1144
f 1053 1148 1144
f 1145 1055 1054
f 1145 1147 1055
f 1147 1149 1055
f 1145 1054 1051
f 1148 1053 1150
f 1150 1053 1056
f 1153 1151 1152
f 1152 1154 1155
f 1151 1154 1152
f 1155 1156 1157
f 1154 1156 1155
f 1157 1158 1159
f 1156 1158 1157
f 1159 1160 1161
f 1158 1160 1159
f 1161 1160 1057
f 1161 1057 1149
f 1149 1057 1055
f 1162 1163 1150
f 1162 1150 1058
f 1058 1150 1056
f 1163 1162 1164
f 1167 1165 1166
f 1166 1168 1169
f 1165 1168 1166
f 1169 1151 1153
f 1169 1168 1151
f 1168 1170 1151
f 1151 1170 1154
f 1154 1170 1171
f 1154 1171 1156
f 1156 1171 1172
f 1156 1172 1158
f 1158 1172 1173
f 1060 1059 1160
f 1060 1160 1173
f 1173 1160 1158
f 1160 1059 1057
f 1162 1058 1061
f 1061 1164 1162
f 1061 1062 1164
f 1062 1174 1164
f 1176 1165 1167
f 1175 1165 1176
f 1165 1175 1168
f 1168 1175 1177
f 1168 1177 1170
f 1170 1177 1178
f 1170 1178 1171
f 1171 1178 1179
f 1171 1179 1172
f 1172 1179 1180
f 1172 1180 1173
f 1173 1180 1181
f 1173 1181 1063
f 1060 1173 1063
f 1182 1183 1174
f 1182 1174 1065
f 1065 1174 1062
f 1183 1182 1184
f 1187 1185 1186
f 1186 1175 1176
f 1186 1185 1175
f 1185 1188 1175
f 1175 1188 1177
f 1177 1188 1189
f 1177 1189 1178
f 1178 1189 1190
f 1178 1190 1179
f 1179 1190 1191
f 1179 1191 1180
f 1180 1191 1192
f 1068 1067 1181
f 1068 1181 1192
f 1192 1181 1180
f 1181 1067 1063
f 1182 1065 1069
f 1184 1182 1069
f 1184 1069 1193
f 1193 1069 1070
f 1070 1194 1193
f 1072 1194 1070
f 1196 1185 1187
f 1195 1185 1196
f 1185 1195 1188
f 1188 1195 1197
f 1188 1197 1189
f 1189 1197 1198
f 1189 1198 1190
f 1190 1198 1199
f 1074 1073 1191
f 1074 1191 1199
f 1199 1191 1190
f 1192 1191 1073
f 1075 1192 1073
f 1192 1075 1068
f 1194 1072 1076
f 1200 1194 1076
f 1200 1076 1201
f 1076 1077 1201
f 1201 1077 1202
f 1077 1078 1202
f 1203 1078 1079
f 1203 1204 1078
f 1204 1202 1078
f 1204 1203 1205
f 1208 1206 1207
f 1207 1195 1196
f 1207 1206 1195
f 1206 1209 1195
f 1195 1209 1197
f 1197 1209 1210
f 1197 1210 1198
f 1198 1210 1211
f 1082 1081 1199
f 1082 1199 1211
f 1211 1199 1198
f 1199 1081 1074
f 1203 1079 1083
f 1203 1083 1084
f 1203 1084 1213
f 1203 1213 1205
f 1212 1213 1084
f 1212 1214 1215
f 1212 1084 1214
f 1084 1085 1214
f 1208 1216 1206
f 1208 1085 1216
f 1208 1214 1085
f 1087 1216 1085
f 1089 1088 1209
f 1089 1209 1216
f 1216 1209 1206
f 1210 1209 1088
f 1090 1210 1088
f 1211 1210 1090
f 1091 1211 1090
f 1211 1091 1082
f 1213 1212 1217
f 1212 1215 1217
f 1216 1087 1092
f 1216 1092 1089
f 1220 1219 1218
f 1095 1218 1219
f 1095 1219 1094
f 1094 1219 1221
f 1221 1222 1094
f 1094 1222 1097
f 1224 1223 1099
f 1224 1099 1222
f 1222 1099 1097
f 1099 1223 1100
f 1103 1226 1225
f 1102 1103 1225
f 1225 1227 1102
f 1102 1227 1104
f 1227 1228 1104
f 1104 1228 1105
f 1218 1228 1220
f 1218 1106 1228
f 1106 1105 1228
f 1218 1095 1106
f 1224 1229 1223
f 1223 1107 1100
f 1223 1229 1107
f 1229 1230 1107
f 1232 1231 1108
f 1232 1108 1230
f 1230 1108 1107
f 1108 1231 1109
f 1112 1234 1233
f 1111 1112 1233
f 1233 1103 1111
f 1226 1103 1233
f 1232 1235 1231
f 1231 1113 1109
f 1231 1235 1113
f 1235 1236 1113
f 1113 1236 1237
f 1115 1113 1237
f 1118 1239 1238
f 1117 1118 1238
f 1238 1112 1117
f 1234 1112 1238
f 1237 1119 1115
f 1240 1119 1237
f 1242 1241 1120
f 1242 1120 1240
f 1240 1120 1119
f 1120 1241 1122
f 1125 1244 1243
f 1124 1125 1243
f 1243 1118 1124
f 1239 1118 1243
f 1242 1245 1241
f 1241 1126 1122
f 1241 1245 1126
f 1245 1246 1126
f 1126 1246 1247
f 1127 1126 1247
f 1244 1125 1248
f 1248 1125 1128
f 1129 1250 1249
f 1129 1127 1250
f 1127 1247 1250
f 1129 1249 1130
f 1248 1128 1251
f 1251 1128 1131
f 1254 1252 1253
f 1253 1255 1256
f 1252 1255 1253
f 1256 1249 1250
f 1256 1255 1249
f 1255 1257 1249
f 1249 1257 1132
f 1130 1249 1132
f 1134 1259 1258
f 1133 1134 1258
f 1258 1131 1133
f 1251 1131 1258
f 1262 1260 1261
f 1261 1263 1264
f 1260 1263 1261
f 1264 1263 1265
f 1268 1266 1267
f 1267 1269 1270
f 1266 1269 1267
f 1270 1252 1254
f 1270 1269 1252
f 1269 1271 1252
f 1252 1271 1255
f 1255 1271 1272
f 1255 1272 1257
f 1257 1272 1273
f 1257 1273 1135
f 1132 1257 1135
f 1259 1134 1274
f 1274 1134 1136
f 1277 1275 1276
f 1276 1260 1262
f 1276 1275 1260
f 1275 1278 1260
f 1260 1278 1263
f 1263 1278 1279
f 1265 1279 1280
f 1263 1279 1265
f 1283 1281 1282
f 1282 1284 1285
f 1281 1284 1282
f 1285 1266 1268
f 1285 1284 1266
f 1284 1286 1266
f 1266 1286 1269
f 1269 1286 1287
f 1269 1287 1271
f 1271 1287 1288
f 1271 1288 1272
f 1272 1288 1289
f 1272 1289 1273
f 1273 1289 1290
f 1137 1135 1273
f 1137 1273 1291
f 1291 1273 1290
f 1137 1291 1138
f 1139 1140 1292
f 1292 1136 1139
f 1292 1293 1136
f 1293 1274 1136
f 1295 1275 1277
f 1294 1275 1295
f 1275 1294 1278
f 1278 1294 1296
f 1278 1296 1279
f 1279 1296 1297
f 1280 1298 1299
f 1280 1279 1298
f 1279 1297 1298
f 1299 1300 1301
f 1298 1300 1299
f 1301 1281 1283
f 1301 1300 1281
f 1300 1302 1281
f 1281 1302 1284
f 1284 1302 1303
f 1284 1303 1286
f 1286 1303 1304
f 1286 1304 1287
f 1287 1304 1305
f 1287 1305 1288
f 1288 1305 1306
f 1288 1306 1289
f 1289 1306 1307
f 1289 1307 1290
f 1290 1307 1308
f 1290 1308 1291
f 1291 1308 1309
f 1291 1309 1141
f 1138 1291 1141
f 1292 1140 1143
f 1143 1293 1292
f 1143 1144 1293
f 1144 1310 1293
f 1313 1311 1312
f 1312 1294 1295
f 1312 1311 1294
f 1311 1314 1294
f 1294 1314 1296
f 1296 1314 1315
f 1296 1315 1297
f 1297 1315 1316
f 1297 1316 1298
f 1298 1316 1317
f 1298 1317 1300
f 1300 1317 1318
f 1300 1318 1302
f 1302 1318 1319
f 1302 1319 1303
f 1303 1319 1320
f 1303 1320 1304
f 1304 1320 1321
f 1304 1321 1305
f 1305 1321 1322
f 1305 1322 1306
f 1306 1322 1323
f 1306 1323 1307
f 1307 1323 1324
f 1307 1324 1308
f 1308 1324 1325
f 1147 1146 1309
f 1147 1309 1325
f 1325 1309 1308
f 1309 1146 1141
f 1310 1144 1326
f 1326 1144 1148
f 1328 1311 1313
f 1327 1311 1328
f 1311 1327 1314
f 1314 1327 1329
f 1314 1329 1315
f 1315 1329 1330
f 1315 1330 1316
f 1316 1330 1331
f 1316 1331 1317
f 1317 1331 1332
f 1317 1332 1318
f 1318 1332 1333
f 1318 1333 1319
f 1319 1333 1334
f 1319 1334 1320
f 1320 1334 1335
f 1320 1335 1321
f 1321 1335 1336
f 1321 1336 1322
f 1322 1336 1337
f 1322 1337 1323
f 1323 1337 1338
f 1323 1338 1324
f 1324 1338 1339
f 1324 1339 1325
f 1325 1339 1340
f 1325 1340 1149
f 1147 1325 1149
f 1341 1342 1326
f 1341 1326 1150
f 1150 1326 1148
f 1342 1341 1343
f 1346 1344 1345
f 1345 1327 1328
f 1345 1344 1327
f 1344 1347 1327
f 1327 1347 1329
f 1329 1347 1348
f 1329 1348 1330
f 1330 1348 1349
f 1330 1349 1331
f 1331 1349 1350
f 1331 1350 1332
f 1332 1350 1351
f 1332 1351 1333
f 1333 1351 1352
f 1333 1352 1334
f 1334 1352 1353
f 1334 1353 1335
f 1335 1353 1354
f 1153 1152 1336
f 1153 1336 1354
f 1354 1336 1335
f 1337 1336 1152
f 1155 1337 1152
f 1338 1337 1155
f 1157 1338 1155
f 1339 1338 1157
f 1159 1339 1157
f 1340 1339 1159
f 1161 1340 1159
f 1340 1161 1149
f 1341 1150 1163
f 1163 1343 1341
f 1163 1164 1343
f 1164 1355 1343
f 1357 1344 1346
f 1356 1344 1357
f 1344 1356 1347
f 1347 1356 1358
f 1347 1358 1348
f 1348 1358 1359
f 1348 1359 1349
f 1349 1359 1360
f 1349 1360 1350
f 1350 1360 1361
f 1350 1361 1351
f 1351 1361 1362
f 1351 1362 1352
f 1352 1362 1363
f 1167 1166 1353
f 1167 1353 1363
f 1363 1353 1352
f 1354 1353 1166
f 1169 1354 1166
f 1354 1169 1153
f 1355 1164 1364
f 1364 1164 1174
f 1366 1356 1357
f 1365 1356 1366
f 1356 1365 1358
f 1358 1365 1367
f 1358 1367 1359
f 1359 1367 1368
f 1359 1368 1360
f 1360 1368 1369
f 1360 1369 1361
f 1361 1369 1370
f 1361 1370 1362
f 1362 1370 1371
f 1362 1371 1363
f 1363 1371 1372
f 1363 1372 1176
f 1167 1363 1176
f 1364 1174 1183
f 1373 1364 1183
f 1183 1374 1373
f 1184 1374 1183
f 1376 1365 1366
f 1375 1365 1376
f 1365 1375 1367
f 1367 1375 1377
f 1367 1377 1368
f 1368 1377 1378
f 1368 1378 1369
f 1369 1378 1379
f 1369 1379 1370
f 1370 1379 1380
f 1370 1380 1371
f 1371 1380 1381
f 1187 1186 1372
f 1187 1372 1381
f 1381 1372 1371
f 1372 1186 1176
f 1374 1184 1193
f 1382 1374 1193
f 1383 1193 1194
f 1383 1384 1193
f 1384 1382 1193
f 1384 1375 1376
f 1384 1383 1375
f 1383 1385 1375
f 1375 1385 1377
f 1377 1385 1386
f 1377 1386 1378
f 1378 1386 1387
f 1378 1387 1379
f 1379 1387 1388
f 1379 1388 1380
f 1380 1388 1389
f 1380 1389 1381
f 1381 1389 1390
f 1381 1390 1196
f 1187 1381 1196
f 1383 1194 1200
f 1385 1383 1200
f 1201 1385 1200
f 1386 1385 1201
f 1202 1386 1201
f 1387 1386 1202
f 1204 1387 1202
f 1204 1205 1391
f 1204 1391 1387
f 1387 1391 1388
f 1388 1391 1389
f 1389 1391 1392
f 1208 1207 1390
f 1208 1390 1392
f 1392 1390 1389
f 1390 1207 1196
f 1393 1391 1205
f 1213 1393 1205
f 1215 1214 1392
f 1215 1392 1393
f 1393 1392 1391
f 1392 1214 1208
f 1393 1213 1217
f 1393 1217 1215
f 1219 1220 1394
f 1221 1219 1394
f 1395 1221 1394
f 1222 1221 1395
f 1396 1222 1395
f 1222 1396 1224
f 1225 1226 1397
f 1227 1225 1397
f 1398 1227 1397
f 1228 1227 1398
f 1399 1228 1398
f 1220 1228 1399
f 1220 1399 1394
f 1394 1399 1400
f 1394 1400 1395
f 1395 1400 1401
f 1395 1401 1396
f 1396 1401 1402
f 1229 1224 1396
f 1229 1396 1403
f 1403 1396 1402
f 1230 1229 1403
f 1404 1230 1403
f 1230 1404 1232
f 1233 1234 1405
f 1226 1233 1405
f 1226 1405 1397
f 1397 1405 1406
f 1397 1406 1398
f 1398 1406 1407
f 1398 1407 1399
f 1399 1407 1408
f 1399 1408 1400
f 1400 1408 1409
f 1400 1409 1401
f 1401 1409 1410
f 1401 1410 1402
f 1402 1410 1411
f 1402 1411 1403
f 1403 1411 1412
f 1403 1412 1404
f 1404 1412 1413
f 1235 1232 1404
f 1235 1404 1414
f 1414 1404 1413
f 1236 1235 1414
f 1415 1236 1414
f 1236 1415 1237
f 1238 1239 1416
f 1234 1238 1416
f 1234 1416 1405
f 1405 1416 1417
f 1405 1417 1406
f 1406 1417 1418
f 1406 1418 1407
f 1407 1418 1419
f 1407 1419 1408
f 1408 1419 1420
f 1408 1420 1409
f 1409 1420 1421
f 1409 1421 1410
f 1410 1421 1422
f 1410 1422 1411
f 1411 1422 1423
f 1411 1423 1412
f 1412 1423 1424
f 1412 1424 1413
f 1413 1424 1425
f 1413 1425 1414
f 1414 1425 1426
f 1414 1426 1415
f 1415 1426 1427
f 1240 1237 1415
f 1240 1415 1428
f 1428 1415 1427
f 1240 1428 1242
f 1243 1244 1429
f 1239 1243 1429
f 1239 1429 1416
f 1416 1429 1430
f 1416 1430 1417
f 1417 1430 1431
f 1417 1431 1418
f 1418 1431 1432
f 1418 1432 1419
f 1419 1432 1433
f 1419 1433 1420
f 1420 1433 1434
f 1420 1434 1421
f 1421 1434 1435
f 1421 1435 1422
f 1422 1435 1436
f 1422 1436 1423
f 1423 1436 1437
f 1423 1437 1424
f 1424 1437 1438
f 1424 1438 1425
f 1425 1438 1439
f 1425 1439 1426
f 1426 1439 1440
f 1426 1440 1427
f 1427 1440 1441
f 1427 1441 1428
f 1428 1441 1442
f 1245 1242 1428
f 1245 1428 1443
f 1443 1428 1442
f 1246 1245 1443
f 1444 1246 1443
f 1246 1444 1247
f 1445 1429 1244
f 1248 1445 1244
f 1429 1445 1430
f 1430 1445 1446
f 1430 1446 1431
f 1431 1446 1447
f 1431 1447 1432
f 1432 1447 1448
f 1432 1448 1433
f 1433 1448 1449
f 1433 1449 1434
f 1434 1449 1450
f 1434 1450 1435
f 1435 1450 1451
f 1435 1451 1436
f 1436 1451 1452
f 1436 1452 1437
f 1437 1452 1453
f 1437 1453 1438
f 1438 1453 1454
f 1438 1454 1439
f 1439 1454 1455
f 1439 1455 1440
f 1440 1455 1456
f 1440 1456 1441
f 1441 1456 1457
f 1441 1457 1442
f 1442 1457 1458
f 1442 1458 1443
f 1443 1458 1459
f 1443 1459 1444
f 1444 1459 1460
f 1444 1460 1250
f 1247 1444 1250
f 1461 1445 1248
f 1251 1461 1248
f 1445 1461 1446
f 1446 1461 1462
f 1446 1462 1447
f 1447 1462 1463
f 1447 1463 1448
f 1448 1463 1464
f 1448 1464 1449
f 1449 1464 1465
f 1449 1465 1450
f 1450 1465 1466
f 1450 1466 1451
f 1451 1466 1467
f 1451 1467 1452
f 1452 1467 1468
f 1452 1468 1453
f 1453 1468 1469
f 1453 1469 1454
f 1454 1469 1470
f 1454 1470 1455
f 1455 1470 1471
f 1455 1471 1456
f 1456 1471 1472
f 1456 1472 1457
f 1457 1472 1473
f 1457 1473 1458
f 1458 1473 1474
f 1254 1253 1459
f 1254 1459 1474
f 1474 1459 1458
f 1460 1459 1253
f 1256 1460 1253
f 1460 1256 1250
f 1258 1259 1475
f 1251 1258 1475
f 1251 1475 1461
f 1461 1475 1476
f 1461 1476 1462
f 1462 1476 1477
f 1462 1477 1463
f 1463 1477 1478
f 1463 1478 1464
f 1464 1478 1479
f 1464 1479 1465
f 1465 1479 1480
f 1465 1480 1466
f 1466 1480 1481
f 1262 1261 1467
f 1262 1467 1481
f 1481 1467 1466
f 1468 1467 1261
f 1264 1468 1261
f 1264 1265 1482
f 1264 1482 1468
f 1468 1482 1469
f 1469 1482 1470
f 1470 1482 1483
f 1470 1483 1471
f 1471 1483 1484
f 1471 1484 1472
f 1472 1484 1485
f 1268 1267 1473
f 1268 1473 1485
f 1485 1473 1472
f 1474 1473 1267
f 1270 1474 1267
f 1474 1270 1254
f 1486 1475 1259
f 1274 1486 1259
f 1475 1486 1476
f 1476 1486 1487
f 1476 1487 1477
f 1477 1487 1488
f 1477 1488 1478
f 1478 1488 1489
f 1478 1489 1479
f 1479 1489 1490
f 1479 1490 1480
f 1480 1490 1491
f 1277 1276 1481
f 1277 1481 1491
f 1491 1481 1480
f 1481 1276 1262
f 1492 1482 1265
f 1280 1492 1265
f 1482 1492 1483
f 1483 1492 1493
f 1283 1282 1484
f 1283 1484 1493
f 1493 1484 1483
f 1485 1484 1282
f 1285 1485 1282
f 1485 1285 1268
f 1494 1486 1274
f 1293 1494 1274
f 1486 1494 1487
f 1487 1494 1495
f 1487 1495 1488
f 1488 1495 1496
f 1488 1496 1489
f 1489 1496 1497
f 1489 1497 1490
f 1490 1497 1498
f 1490 1498 1491
f 1491 1498 1499
f 1491 1499 1295
f 1277 1491 1295
f 1492 1280 1299
f 1493 1492 1299
f 1301 1493 1299
f 1493 1301 1283
f 1500 1494 1293
f 1310 1500 1293
f 1494 1500 1495
f 1495 1500 1501
f 1495 1501 1496
f 1496 1501 1502
f 1496 1502 1497
f 1497 1502 1503
f 1497 1503 1498
f 1498 1503 1504
f 1313 1312 1499
f 1313 1499 1504
f 1504 1499 1498
f 1499 1312 1295
f 1505 1500 1310
f 1326 1505 1310
f 1500 1505 1501
f 1501 1505 1506
f 1501 1506 1502
f 1502 1506 1507
f 1502 1507 1503
f 1503 1507 1508
f 1503 1508 1504
f 1504 1508 1509
f 1504 1509 1328
f 1313 1504 1328
f 1505 1326 1342
f 1342 1343 1510
f 1342 1510 1505
f 1505 1510 1506
f 1506 1510 1507
f 1507 1510 1511
f 1507 1511 1508
f 1508 1511 1512
f 1346 1345 1509
f 1346 1509 1512
f 1512 1509 1508
f 1509 1345 1328
f 1513 1510 1343
f 1355 1513 1343
f 1510 1513 1511
f 1511 1513 1514
f 1511 1514 1512
f 1512 1514 1515
f 1512 1515 1357
f 1346 1512 1357
f 1516 1513 1355
f 1364 1516 1355
f 1513 1516 1514
f 1514 1516 1517
f 1514 1517 1515
f 1515 1517 1518
f 1515 1518 1366
f 1357 1515 1366
f 1516 1364 1373
f 1373 1374 1519
f 1373 1519 1516
f 1516 1519 1517
f 1517 1519 1518
f 1518 1519 1520
f 1518 1520 1376
f 1366 1518 1376
f 1519 1374 1382
f 1520 1519 1382
f 1384 1520 1382
f 1520 1384 1376
f 1523 1522 1521
f 1522 1524 1521
f 1526 1523 1521
f 1525 1526 1521
f 1524 1527 1525
f 1521 1524 1525
f 1526 1525 1528
f 1525 1527 1528
f 1531 1530 1529
f 1530 1532 1529
f 1535 1534 1533
f 1534 1531 1529
f 1534 1529 1533
f 1533 1529 1536
f 1532 1538 1537
f 1532 1537 1529
f 1529 1537 1536
f 1538 1539 1537
f 1541 1535 1533
f 1540 1541 1533
f 1523 1536 1522
f 1523 1540 1536
f 1540 1533 1536
f 1522 1542 1524
f 1522 1536 1542
f 1536 1537 1542
f 1539 1543 1542
f 1537 1539 1542
f 1545 1541 1540
f 1544 1545 1540
f 1540 1526 1544
f 1523 1526 1540
f 1546 1524 1542
f 1527 1524 1546
f 1543 1547 1546
f 1542 1543 1546
f 1549 1545 1544
f 1548 1549 1544
f 1528 1544 1526
f 1528 1550 1544
f 1550 1548 1544
f 1550 1551 1552
f 1528 1551 1550
f 1528 1546 1551
f 1528 1527 1546
f 1546 1547 1551
f 1549 1548 1553
f 1548 1550 1554
f 1553 1548 1554
f 1550 1552 1554
f 1557 1556 1555
f 1556 1559 1558
f 1555 1556 1558
f 1559 1560 1558
f 1563 1562 1561
f 1562 1557 1555
f 1562 1555 1561
f 1561 1555 1564
f 1555 1558 1564
f 1558 1565 1564
f 1560 1567 1566
f 1560 1566 1558
f 1558 1566 1565
f 1567 1568 1566
f 1570 1563 1561
f 1569 1570 1561
f 1561 1564 1569
f 1564 1571 1569
f 1531 1565 1530
f 1531 1571 1565
f 1571 1564 1565
f 1530 1572 1532
f 1530 1565 1572
f 1565 1566 1572
f 1568 1574 1573
f 1568 1573 1566
f 1566 1573 1572
f 1574 1575 1573
f 1578 1577 1576
f 1577 1570 1569
f 1577 1569 1576
f 1576 1569 1579
f 1535 1571 1534
f 1535 1579 1571
f 1579 1569 1571
f 1571 1531 1534
f 1572 1538 1532
f 1538 1580 1539
f 1538 1572 1580
f 1572 1573 1580
f 1575 1582 1581
f 1575 1581 1573
f 1573 1581 1580
f 1582 1583 1581
f 1585 1578 1576
f 1584 1585 1576
f 1576 1579 1584
f 1579 1586 1584
f 1579 1541 1586
f 1535 1541 1579
f 1587 1539 1580
f 1543 1539 1587
f 1588 1589 1587
f 1588 1587 1581
f 1581 1587 1580
f 1581 1583 1588
f 1585 1584 1590
f 1592 1590 1584
f 1592 1584 1591
f 1591 1584 1586
f 1586 1545 1591
f 1541 1545 1586
f 1593 1543 1587
f 1593 1594 1543
f 1594 1547 1543
f 1587 1589 1593
f 1596 1592 1591
f 1595 1596 1591
f 1591 1549 1595
f 1545 1549 1591
f 1552 1597 1598
f 1551 1597 1552
f 1597 1551 1547
f 1594 1597 1547
f 1596 1595 1599
f 1601 1553 1600
f 1599 1553 1601
f 1599 1549 1553
f 1599 1595 1549
f 1600 1602 1603
f 1600 1553 1602
f 1553 1554 1602
f 1602 1554 1552
f 1598 1602 1552
f 1601 1600 1604
f 1600 1603 1604
f 1607 1606 1605
f 1606 1609 1608
f 1605 1606 1608
f 1609 1611 1610
f 1608 1609 1610
f 1611 1612 1610
f 1615 1614 1613
f 1614 1617 1616
f 1613 1614 1616
f 1605 1556 1557
f 1607 1605 1557
f 1607 1557 1616
f 1607 1616 1617
f 1608 1556 1605
f 1559 1556 1608
f 1559 1618 1560
f 1559 1608 1618
f 1608 1610 1618
f 1612 1619 1618
f 1610 1612 1618
f 1622 1621 1620
f 1621 1615 1613
f 1621 1613 1620
f 1620 1613 1623
f 1563 1616 1562
f 1563 1623 1616
f 1623 1613 1616
f 1616 1557 1562
f 1618 1567 1560
f 1567 1624 1568
f 1618 1624 1567
f 1618 1625 1624
f 1618 1619 1625
f 1625 1627 1626
f 1624 1625 1626
f 1627 1628 1626
f 1631 1630 1629
f 1630 1622 1620
f 1630 1620 1629
f 1629 1620 1632
f 1620 1623 1632
f 1623 1633 1632
f 1623 1570 1633
f 1563 1570 1623
f 1624 1574 1568
f 1574 1634 1575
f 1574 1624 1634
f 1624 1626 1634
f 1628 1636 1635
f 1628 1635 1626
f 1626 1635 1634
f 1636 1637 1635
f 1639 1631 1629
f 1638 1639 1629
f 1629 1632 1638
f 1632 1640 1638
f 1578 1633 1577
f 1578 1640 1633
f 1640 1632 1633
f 1633 1570 1577
f 1634 1582 1575
f 1582 1641 1583
f 1582 1634 1641
f 1634 1635 1641
f 1637 1642 1641
f 1635 1637 1641
f 1639 1638 1643
f 1645 1643 1638
f 1645 1638 1644
f 1644 1638 1640
f 1640 1585 1644
f 1578 1585 1640
f 1588 1646 1589
f 1583 1646 1588
f 1583 1641 1646
f 1641 1647 1646
f 1642 1648 1647
f 1641 1642 1647
f 1645 1644 1649
f 1651 1590 1650
f 1649 1590 1651
f 1649 1585 1590
f 1649 1644 1585
f 1590 1592 1650
f 1593 1652 1594
f 1589 1652 1593
f 1589 1646 1652
f 1646 1653 1652
f 1646 1647 1653
f 1647 1654 1653
f 1648 1655 1654
f 1647 1648 1654
f 1651 1650 1656
f 1650 1657 1656
f 1650 1592 1657
f 1592 1596 1657
f 1597 1658 1598
f 1594 1658 1597
f 1594 1652 1658
f 1652 1659 1658
f 1652 1653 1659
f 1653 1660 1659
f 1653 1654 1660
f 1654 1661 1660
f 1655 1662 1661
f 1654 1655 1661
f 1657 1596 1599
f 1663 1657 1599
f 1599 1664 1663
f 1601 1664 1599
f 1602 1665 1603
f 1665 1666 1667
f 1602 1666 1665
f 1602 1658 1666
f 1602 1598 1658
f 1658 1659 1668
f 1666 1658 1668
f 1659 1660 1669
f 1668 1659 1669
f 1660 1661 1670
f 1669 1660 1670
f 1661 1662 1670
f 1664 1601 1604
f 1671 1664 1604
f 1603 1665 1672
f 1603 1672 1604
f 1604 1672 1671
f 1665 1667 1672
f 1675 1674 1673
f 1674 1677 1676
f 1673 1674 1676
f 1607 1676 1677
f 1607 1677 1606
f 1606 1677 1678
f 1678 1679 1606
f 1606 1679 1609
f 1679 1680 1609
f 1609 1680 1611
f 1681 1612 1611
f 1681 1611 1682
f 1682 1611 1680
f 1682 1684 1683
f 1681 1682 1683
f 1684 1685 1683
f 1688 1687 1686
f 1673 1614 1615
f 1675 1673 1615
f 1675 1615 1686
f 1675 1686 1687
f 1676 1614 1673
f 1617 1614 1676
f 1676 1607 1617
f 1689 1612 1681
f 1619 1612 1689
f 1681 1683 1689
f 1683 1690 1689
f 1685 1692 1691
f 1685 1691 1683
f 1683 1691 1690
f 1692 1694 1693
f 1691 1692 1693
f 1694 1695 1693
f 1698 1697 1696
f 1697 1700 1699
f 1696 1697 1699
f 1686 1621 1622
f 1688 1686 1622
f 1688 1622 1699
f 1688 1699 1700
f 1686 1615 1621
f 1689 1625 1619
f 1690 1625 1689
f 1627 1625 1690
f 1627 1701 1628
f 1627 1690 1701
f 1690 1691 1701
f 1691 1693 1701
f 1693 1702 1701
f 1695 1703 1702
f 1693 1695 1702
f 1705 1698 1696
f 1704 1705 1696
f 1631 1699 1630
f 1631 1704 1699
f 1704 1696 1699
f 1699 1622 1630
f 1701 1636 1628
f 1636 1706 1637
f 1636 1701 1706
f 1701 1702 1706
f 1703 1707 1706
f 1702 1703 1706
f 1709 1705 1704
f 1708 1709 1704
f 1704 1639 1708
f 1631 1639 1704
f 1710 1637 1706
f 1642 1637 1710
f 1707 1711 1710
f 1706 1707 1710
f 1709 1708 1712
f 1714 1643 1713
f 1712 1643 1714
f 1712 1639 1643
f 1712 1708 1639
f 1643 1645 1713
f 1715 1642 1710
f 1648 1642 1715
f 1711 1716 1715
f 1710 1711 1715
f 1714 1713 1717
f 1719 1649 1718
f 1717 1649 1719
f 1717 1645 1649
f 1717 1713 1645
f 1649 1651 1718
f 1720 1648 1715
f 1655 1648 1720
f 1716 1721 1720
f 1715 1716 1720
f 1719 1718 1722
f 1724 1656 1723
f 1722 1656 1724
f 1722 1651 1656
f 1722 1718 1651
f 1656 1657 1723
f 1725 1655 1720
f 1662 1655 1725
f 1721 1726 1725
f 1720 1721 1725
f 1724 1723 1727
f 1729 1663 1728
f 1727 1663 1729
f 1727 1657 1663
f 1727 1723 1657
f 1663 1664 1728
f 1666 1730 1667
f 1668 1730 1666
f 1731 1730 1668
f 1669 1731 1668
f 1732 1731 1669
f 1732 1733 1734
f 1732 1669 1733
f 1669 1670 1733
f 1662 1725 1735
f 1662 1735 1670
f 1670 1735 1733
f 1725 1726 1735
f 1729 1728 1736
f 1728 1664 1671
f 1728 1671 1736
f 1736 1671 1737
f 1737 1671 1738
f 1671 1672 1738
f 1667 1730 1739
f 1667 1739 1672
f 1672 1739 1738
f 1730 1731 1740
f 1739 1730 1740
f 1731 1732 1741
f 1740 1731 1741
f 1732 1734 1741
f 1744 1743 1742
f 1743 1746 1745
f 1742 1743 1745
f 1746 1748 1747
f 1745 1746 1747
f 1748 1750 1749
f 1747 1748 1749
f 1750 1752 1751
f 1749 1750 1751
f 1752 1753 1751
f 1756 1755 1754
f 1675 1754 1755
f 1675 1755 1674
f 1674 1755 1757
f 1757 1758 1674
f 1674 1758 1677
f 1758 1759 1677
f 1677 1759 1678
f 1742 1759 1744
f 1742 1679 1759
f 1679 1678 1759
f 1745 1679 1742
f 1680 1679 1745
f 1747 1680 1745
f 1682 1680 1747
f 1749 1682 1747
f 1684 1682 1749
f 1684 1760 1685
f 1684 1749 1760
f 1749 1751 1760
f 1753 1762 1761
f 1753 1761 1751
f 1751 1761 1760
f 1762 1764 1763
f 1761 1762 1763
f 1764 1765 1763
f 1768 1767 1766
f 1754 1687 1688
f 1756 1754 1688
f 1756 1688 1766
f 1756 1766 1767
f 1754 1675 1687
f 1760 1692 1685
f 1761 1692 1760
f 1694 1692 1761
f 1694 1769 1695
f 1694 1761 1769
f 1761 1763 1769
f 1765 1770 1769
f 1763 1765 1769
f 1773 1772 1771
f 1698 1771 1772
f 1698 1772 1697
f 1697 1772 1774
f 1766 1774 1768
f 1766 1700 1774
f 1700 1697 1774
f 1766 1688 1700
f 1775 1695 1769
f 1703 1695 1775
f 1770 1776 1775
f 1769 1770 1775
f 1778 1773 1771
f 1777 1778 1771
f 1771 1705 1777
f 1698 1705 1771
f 1779 1703 1775
f 1707 1703 1779
f 1776 1780 1779
f 1775 1776 1779
f 1778 1777 1781
f 1777 1782 1781
f 1777 1705 1782
f 1705 1709 1782
f 1783 1707 1779
f 1711 1707 1783
f 1780 1784 1783
f 1779 1780 1783
f 1712 1785 1786
f 1712 1786 1709
f 1709 1786 1782
f 1712 1714 1785
f 1787 1711 1783
f 1716 1711 1787
f 1784 1788 1787
f 1783 1784 1787
f 1786 1785 1789
f 1791 1717 1790
f 1789 1717 1791
f 1789 1714 1717
f 1789 1785 1714
f 1717 1719 1790
f 1792 1716 1787
f 1721 1716 1792
f 1788 1793 1792
f 1787 1788 1792
f 1791 1790 1794
f 1796 1722 1795
f 1794 1722 1796
f 1794 1719 1722
f 1794 1790 1719
f 1722 1724 1795
f 1797 1721 1792
f 1797 1798 1721
f 1798 1726 1721
f 1792 1793 1797
f 1796 1795 1799
f 1795 1724 1727
f 1795 1727 1799
f 1799 1727 1800
f 1727 1801 1800
f 1729 1801 1727
f 1733 1802 1734
f 1802 1803 1804
f 1802 1733 1803
f 1733 1735 1803
f 1803 1735 1726
f 1798 1803 1726
f 1801 1729 1736
f 1805 1801 1736
f 1805 1736 1806
f 1736 1737 1806
f 1808 1738 1807
f 1808 1806 1738
f 1806 1737 1738
f 1739 1807 1738
f 1809 1807 1739
f 1740 1809 1739
f 1810 1809 1740
f 1741 1810 1740
f 1811 1810 1741
f 1811 1812 1813
f 1741 1812 1811
f 1741 1802 1812
f 1741 1734 1802
f 1802 1804 1812
f 1808 1807 1814
f 1807 1809 1815
f 1814 1807 1815
f 1809 1810 1816
f 1815 1809 1816
f 1810 1811 1817
f 1816 1810 1817
f 1811 1813 1817
f 1820 1819 1818
f 1819 1822 1821
f 1818 1819 1821
f 1822 1824 1823
f 1821 1822 1823
f 1824 1826 1825
f 1823 1824 1825
f 1826 1827 1825
f 1830 1829 1828
f 1829 1832 1831
f 1828 1829 1831
f 1832 1834 1833
f 1831 1832 1833
f 1834 1835 1833
f 1837 1820 1818
f 1836 1837 1818
f 1818 1821 1836
f 1821 1838 1836
f 1821 1823 1838
f 1823 1839 1838
f 1840 1841 1839
f 1840 1839 1825
f 1825 1839 1823
f 1825 1827 1840
f 1844 1843 1842
f 1744 1842 1843
f 1744 1843 1743
f 1743 1843 1845
f 1828 1845 1830
f 1828 1746 1845
f 1746 1743 1845
f 1831 1746 1828
f 1748 1746 1831
f 1833 1748 1831
f 1750 1748 1833
f 1835 1750 1833
f 1835 1846 1750
f 1846 1752 1750
f 1847 1753 1752
f 1847 1752 1848
f 1848 1752 1846
f 1848 1837 1836
f 1848 1836 1847
f 1847 1836 1849
f 1850 1851 1849
f 1850 1849 1838
f 1838 1849 1836
f 1838 1839 1852
f 1850 1838 1852
f 1839 1841 1852
f 1756 1854 1853
f 1755 1756 1853
f 1853 1855 1755
f 1755 1855 1757
f 1855 1856 1757
f 1757 1856 1758
f 1842 1856 1844
f 1842 1759 1856
f 1759 1758 1856
f 1842 1744 1759
f 1847 1762 1753
f 1849 1762 1847
f 1764 1762 1849
f 1764 1857 1765
f 1849 1857 1764
f 1849 1858 1857
f 1849 1851 1858
f 1858 1859 1857
f 1862 1861 1860
f 1768 1860 1861
f 1768 1861 1767
f 1767 1861 1863
f 1863 1756 1767
f 1854 1756 1863
f 1864 1765 1857
f 1770 1765 1864
f 1859 1865 1864
f 1857 1859 1864
f 1868 1867 1866
f 1773 1866 1867
f 1773 1867 1772
f 1772 1867 1869
f 1860 1869 1862
f 1860 1774 1869
f 1774 1772 1869
f 1860 1768 1774
f 1870 1770 1864
f 1776 1770 1870
f 1865 1871 1870
f 1864 1865 1870
f 1868 1866 1872
f 1866 1873 1872
f 1866 1773 1873
f 1773 1778 1873
f 1874 1776 1870
f 1780 1776 1874
f 1871 1875 1874
f 1870 1871 1874
f 1781 1876 1877
f 1781 1877 1778
f 1778 1877 1873
f 1781 1782 1876
f 1878 1780 1874
f 1784 1780 1878
f 1875 1879 1878
f 1874 1875 1878
f 1877 1876 1880
f 1876 1881 1880
f 1876 1782 1881
f 1782 1786 1881
f 1882 1784 1878
f 1788 1784 1882
f 1879 1883 1882
f 1878 1879 1882
f 1789 1884 1885
f 1789 1885 1786
f 1786 1885 1881
f 1789 1791 1884
f 1886 1788 1882
f 1886 1887 1788
f 1887 1793 1788
f 1882 1883 1886
f 1885 1884 1888
f 1890 1794 1889
f 1888 1794 1890
f 1888 1791 1794
f 1888 1884 1791
f 1794 1796 1889
f 1797 1891 1798
f 1891 1797 1793
f 1891 1793 1892
f 1892 1793 1887
f 1890 1889 1893
f 1889 1796 1799
f 1889 1799 1893
f 1893 1799 1894
f 1896 1800 1895
f 1896 1894 1800
f 1894 1799 1800
f 1800 1801 1895
f 1803 1897 1804
f 1798 1897 1803
f 1798 1891 1897
f 1891 1898 1897
f 1892 1899 1898
f 1891 1892 1898
f 1896 1895 1900
f 1895 1801 1805
f 1895 1805 1900
f 1900 1805 1901
f 1903 1806 1902
f 1903 1901 1806
f 1901 1805 1806
f 1806 1808 1902
f 1812 1904 1813
f 1804 1904 1812
f 1804 1897 1904
f 1897 1905 1904
f 1897 1898 1905
f 1898 1906 1905
f 1899 1907 1906
f 1898 1899 1906
f 1903 1902 1908
f 1902 1808 1814
f 1902 1814 1908
f 1908 1814 1909
f 1911 1815 1910
f 1911 1909 1815
f 1909 1814 1815
f 1816 1910 1815
f 1912 1910 1816
f 1817 1912 1816
f 1913 1912 1817
f 1813 1913 1817
f 1813 1904 1913
f 1904 1914 1913
f 1904 1905 1914
f 1905 1915 1914
f 1905 1906 1915
f 1906 1916 1915
f 1907 1917 1916
f 1906 1907 1916
f 1911 1910 1918
f 1910 1912 1919
f 1918 1910 1919
f 1912 1913 1920
f 1919 1912 1920
f 1913 1914 1921
f 1920 1913 1921
f 1923 1921 1914
f 1923 1914 1922
f 1922 1914 1915
f 1915 1916 1922
f 1916 1924 1922
f 1917 1926 1925
f 1917 1925 1916
f 1916 1925 1924
f 1926 1928 1927
f 1925 1926 1927
f 1928 1929 1927
f 1923 1922 1930
f 1922 1924 1931
f 1930 1922 1931
f 1924 1925 1932
f 1931 1924 1932
f 1925 1927 1933
f 1932 1925 1933
f 1927 1929 1933
f 1936 1935 1934
f 1935 1938 1937
f 1934 1935 1937
f 1938 1940 1939
f 1937 1938 1939
f 1940 1942 1941
f 1939 1940 1941
f 1942 1944 1943
f 1941 1942 1943
f 1944 1946 1945
f 1943 1944 1945
f 1946 1948 1947
f 1945 1946 1947
f 1948 1949 1947
f 1952 1951 1950
f 1951 1936 1934
f 1951 1934 1950
f 1950 1934 1953
f 1820 1937 1819
f 1820 1953 1937
f 1953 1934 1937
f 1939 1819 1937
f 1822 1819 1939
f 1941 1822 1939
f 1824 1822 1941
f 1943 1824 1941
f 1826 1824 1943
f 1826 1954 1827
f 1826 1943 1954
f 1943 1945 1954
f 1955 1956 1954
f 1955 1954 1947
f 1947 1954 1945
f 1947 1949 1955
f 1959 1958 1957
f 1830 1957 1958
f 1830 1958 1829
f 1829 1958 1960
f 1960 1961 1829
f 1829 1961 1832
f 1961 1962 1832
f 1832 1962 1834
f 1952 1950 1963
f 1952 1963 1834
f 1952 1834 1962
f 1835 1834 1963
f 1950 1953 1963
f 1953 1964 1963
f 1953 1837 1964
f 1820 1837 1953
f 1840 1965 1841
f 1965 1966 1967
f 1840 1966 1965
f 1840 1954 1966
f 1840 1827 1954
f 1954 1956 1966
f 1970 1969 1968
f 1844 1968 1969
f 1844 1969 1843
f 1843 1969 1971
f 1957 1971 1959
f 1957 1845 1971
f 1845 1843 1971
f 1957 1830 1845
f 1963 1846 1835
f 1964 1846 1963
f 1848 1846 1964
f 1964 1837 1848
f 1850 1972 1851
f 1852 1972 1850
f 1973 1972 1852
f 1973 1974 1975
f 1852 1974 1973
f 1852 1965 1974
f 1852 1841 1965
f 1965 1967 1974
f 1854 1977 1976
f 1853 1854 1976
f 1976 1978 1853
f 1853 1978 1855
f 1968 1978 1970
f 1968 1856 1978
f 1856 1855 1978
f 1968 1844 1856
f 1972 1858 1851
f 1979 1972 1973
f 1979 1859 1972
f 1979 1980 1859
f 1859 1858 1972
f 1973 1975 1979
f 1862 1982 1981
f 1861 1862 1981
f 1981 1983 1861
f 1861 1983 1863
f 1983 1854 1863
f 1977 1854 1983
f 1984 1980 1985
f 1984 1865 1980
f 1865 1859 1980
f 1985 1986 1984
f 1867 1868 1987
f 1987 1989 1988
f 1987 1988 1867
f 1867 1988 1869
f 1988 1862 1869
f 1982 1862 1988
f 1990 1865 1984
f 1871 1865 1990
f 1986 1991 1990
f 1984 1986 1990
f 1872 1992 1994
f 1872 1994 1868
f 1993 1987 1994
f 1987 1868 1994
f 1993 1989 1987
f 1992 1872 1873
f 1995 1871 1990
f 1875 1871 1995
f 1991 1996 1995
f 1990 1991 1995
f 1994 1992 1997
f 1992 1998 1997
f 1992 1873 1998
f 1873 1877 1998
f 1999 1875 1995
f 1879 1875 1999
f 1996 2000 1999
f 1995 1996 1999
f 1880 2001 2002
f 1880 2002 1877
f 1877 2002 1998
f 1880 1881 2001
f 2003 1879 1999
f 2003 2004 1879
f 2004 1883 1879
f 1999 2000 2003
f 2006 2002 2001
f 2005 2006 2001
f 2001 1885 2005
f 1881 1885 2001
f 1886 2007 1887
f 2007 1886 1883
f 2007 1883 2008
f 2008 1883 2004
f 2006 2005 2009
f 2011 1888 2010
f 2009 1888 2011
f 2009 1885 1888
f 2009 2005 1885
f 1888 1890 2010
f 2012 1887 2007
f 1892 1887 2012
f 2008 2013 2012
f 2007 2008 2012
f 2011 2010 2014
f 2010 1890 1893
f 2010 1893 2014
f 2014 1893 2015
f 2017 1894 2016
f 2017 2015 1894
f 2015 1893 1894
f 1894 1896 2016
f 2018 1892 2012
f 1899 1892 2018
f 2013 2019 2018
f 2012 2013 2018
f 2017 2016 2020
f 2016 1896 1900
f 2016 1900 2020
f 2020 1900 2021
f 2023 1901 2022
f 2023 2021 1901
f 2021 1900 1901
f 1901 1903 2022
f 2024 1899 2018
f 1907 1899 2024
f 2019 2026 2025
f 2019 2025 2018
f 2018 2025 2024
f 2026 2027 2025
f 2023 2022 2028
f 2022 1903 1908
f 2022 1908 2028
f 2028 1908 2029
f 2031 1909 2030
f 2031 2029 1909
f 2029 1908 1909
f 1909 1911 2030
f 2032 1907 2024
f 1917 1907 2032
f 2024 2025 2032
f 2025 2033 2032
f 2027 2035 2034
f 2027 2034 2025
f 2025 2034 2033
f 2035 2036 2034
f 2031 2030 2037
f 2030 1911 1918
f 2030 1918 2037
f 2037 1918 2038
f 2038 1918 2039
f 1918 1919 2039
f 2041 1920 2040
f 2041 2039 1920
f 2039 1919 1920
f 1921 2040 1920
f 2042 2040 1921
f 1921 1923 2042
f 2032 1926 1917
f 2033 1926 2032
f 1928 1926 2033
f 1928 2043 1929
f 1928 2033 2043
f 2033 2034 2043
f 2036 2045 2044
f 2036 2044 2034
f 2034 2044 2043
f 2045 2046 2044
f 2041 2040 2047
f 2040 2042 2048
f 2047 2040 2048
f 2042 1923 1930
f 2042 1930 2048
f 2048 1930 2049
f 2051 1931 2050
f 2051 2049 1931
f 2049 1930 1931
f 1932 2050 1931
f 2052 2050 1932
f 1933 2052 1932
f 2053 2052 1933
f 1929 2053 1933
f 1929 2043 2053
f 2043 2054 2053
f 2043 2044 2054
f 2044 2055 2054
f 2046 2056 2055
f 2044 2046 2055
f 2051 2050 2057
f 2050 2052 2058
f 2057 2050 2058
f 2052 2053 2059
f 2058 2052 2059
f 2053 2054 2060
f 2059 2053 2060
f 2054 2055 2061
f 2060 2054 2061
f 2055 2056 2061
f 2064 2063 2062
f 1936 2062 2063
f 1936 2063 1935
f 1935 2063 2065
f 2065 2066 1935
f 1935 2066 1938
f 2066 2067 1938
f 1938 2067 1940
f 2067 2068 1940
f 1940 2068 1942
f 2068 2069 1942
f 1942 2069 1944
f 2069 2070 1944
f 1944 2070 1946
f 2070 2071 1946
f 1946 2071 1948
f 2072 1949 1948
f 2072 1948 2073
f 2073 1948 2071
f 2073 2074 2072
f 2077 2076 2075
f 2076 2079 2078
f 2075 2076 2078
f 2062 1951 1952
f 2064 2062 1952
f 2064 1952 2078
f 2064 2078 2079
f 2062 1936 1951
f 1955 2080 1956
f 1949 2080 1955
f 1949 2072 2080
f 2072 2081 2080
f 2074 2082 2081
f 2072 2074 2081
f 2085 2084 2083
f 1959 2083 2084
f 1959 2084 1958
f 1958 2084 2086
f 2086 2087 1958
f 1958 2087 1960
f 2075 2087 2077
f 2075 1961 2087
f 1961 1960 2087
f 2078 1961 2075
f 1962 1961 2078
f 2078 1952 1962
f 1966 2088 1967
f 1956 2088 1966
f 1956 2080 2088
f 2080 2089 2088
f 2090 2091 2089
f 2090 2089 2081
f 2081 2089 2080
f 2081 2082 2090
f 1970 2093 2092
f 1969 1970 2092
f 2083 2092 2085
f 2083 1971 2092
f 1971 1969 2092
f 2083 1959 1971
f 1974 2094 1975
f 2094 2095 2096
f 1974 2095 2094
f 1974 2088 2095
f 1974 1967 2088
f 2088 2089 2097
f 2095 2088 2097
f 2089 2091 2097
f 1977 2099 2098
f 1976 1977 2098
f 2098 2100 1976
f 1976 2100 1978
f 2100 1970 1978
f 2093 1970 2100
f 1980 2101 2102
f 1979 2101 1980
f 1975 2094 2103
f 1975 2103 1979
f 1979 2103 2101
f 2094 2096 2103
f 2106 2105 2104
f 1982 2104 2105
f 1982 2105 1981
f 1981 2105 2107
f 2107 2108 1981
f 1981 2108 1983
f 2108 1977 1983
f 2099 1977 2108
f 2102 1985 1980
f 2109 1985 2102
f 1985 2109 2110
f 1986 1985 2110
f 2104 1988 1989
f 2104 1989 2106
f 2106 1989 2111
f 2104 1982 1988
f 2110 2112 1986
f 2112 1991 1986
f 1994 2114 2113
f 1993 1994 2113
f 2113 1989 1993
f 2111 1989 2113
f 2112 2115 1991
f 2115 1996 1991
f 1997 2116 2117
f 1997 2117 1994
f 1994 2117 2114
f 1997 1998 2116
f 2115 2118 1996
f 2118 2000 1996
f 2120 2117 2116
f 2119 2120 2116
f 2116 2002 2119
f 1998 2002 2116
f 2003 2121 2004
f 2121 2003 2000
f 2121 2000 2122
f 2122 2000 2118
f 2120 2119 2123
f 2119 2124 2123
f 2119 2002 2124
f 2002 2006 2124
f 2125 2004 2121
f 2125 2126 2004
f 2126 2008 2004
f 2121 2122 2125
f 2124 2006 2009
f 2127 2124 2009
f 2009 2128 2127
f 2011 2128 2009
f 2129 2126 2130
f 2129 2013 2126
f 2013 2008 2126
f 2130 2131 2129
f 2128 2011 2014
f 2132 2128 2014
f 2134 2015 2133
f 2134 2132 2015
f 2132 2014 2015
f 2015 2017 2133
f 2135 2013 2129
f 2019 2013 2135
f 2131 2136 2135
f 2129 2131 2135
f 2134 2133 2137
f 2133 2017 2020
f 2133 2020 2137
f 2137 2020 2138
f 2140 2021 2139
f 2140 2138 2021
f 2138 2020 2021
f 2021 2023 2139
f 2135 2026 2019
f 2026 2141 2027
f 2135 2141 2026
f 2135 2142 2141
f 2135 2136 2142
f 2142 2143 2141
f 2140 2139 2144
f 2139 2023 2028
f 2139 2028 2144
f 2144 2028 2145
f 2147 2029 2146
f 2147 2145 2029
f 2145 2028 2029
f 2029 2031 2146
f 2141 2035 2027
f 2035 2148 2036
f 2141 2148 2035
f 2141 2149 2148
f 2141 2143 2149
f 2149 2150 2148
f 2147 2146 2151
f 2146 2031 2037
f 2146 2037 2151
f 2151 2037 2152
f 2154 2038 2153
f 2154 2152 2038
f 2152 2037 2038
f 2039 2153 2038
f 2155 2153 2039
f 2039 2041 2155
f 2148 2045 2036
f 2045 2156 2046
f 2148 2156 2045
f 2148 2157 2156
f 2148 2150 2157
f 2157 2158 2156
f 2154 2153 2159
f 2153 2155 2160
f 2159 2153 2160
f 2155 2041 2047
f 2155 2047 2160
f 2160 2047 2161
f 2161 2047 2162
f 2047 2048 2162
f 2164 2049 2163
f 2164 2162 2049
f 2162 2048 2049
f 2049 2051 2163
f 2165 2046 2156
f 2056 2046 2165
f 2158 2166 2165
f 2156 2158 2165
f 2164 2163 2167
f 2163 2051 2057
f 2163 2057 2167
f 2167 2057 2168
f 2168 2057 2169
f 2057 2058 2169
f 2171 2059 2170
f 2171 2169 2059
f 2169 2058 2059
f 2060 2170 2059
f 2172 2170 2060
f 2061 2172 2060
f 2173 2172 2061
f 2173 2174 2175
f 2061 2174 2173
f 2061 2165 2174
f 2061 2056 2165
f 2165 2166 2174
f 2171 2170 2176
f 2170 2172 2177
f 2176 2170 2177
f 2172 2173 2178
f 2177 2172 2178
f 2173 2175 2178
f 2064 2180 2179
f 2063 2064 2179
f 2179 2181 2063
f 2063 2181 2065
f 2181 2182 2065
f 2065 2182 2066
f 2182 2183 2066
f 2066 2183 2067
f 2183 2184 2067
f 2067 2184 2068
f 2184 2185 2068
f 2068 2185 2069
f 2185 2186 2069
f 2069 2186 2070
f 2186 2187 2070
f 2070 2187 2071
f 2187 2188 2071
f 2071 2188 2073
f 2189 2074 2073
f 2189 2073 2190
f 2190 2073 2188
f 2190 2191 2189
f 2194 2193 2192
f 2077 2192 2193
f 2077 2193 2076
f 2076 2193 2195
f 2195 2196 2076
f 2076 2196 2079
f 2196 2064 2079
f 2180 2064 2196
f 2197 2074 2189
f 2082 2074 2197
f 2191 2198 2197
f 2189 2191 2197
f 2085 2200 2199
f 2084 2085 2199
f 2199 2201 2084
f 2084 2201 2086
f 2192 2201 2194
f 2192 2087 2201
f 2087 2086 2201
f 2192 2077 2087
f 2091 2202 2203
f 2090 2202 2091
f 2082 2197 2204
f 2082 2204 2090
f 2090 2204 2202
f 2197 2198 2204
f 2207 2206 2205
f 2093 2205 2206
f 2093 2206 2092
f 2092 2206 2208
f 2208 2085 2092
f 2200 2085 2208
f 2211 2209 2210
f 2096 2210 2209
f 2096 2095 2210
f 2095 2212 2210
f 2212 2095 2213
f 2095 2097 2213
f 2213 2097 2091
f 2203 2213 2091
f 2216 2215 2214
f 2099 2214 2215
f 2099 2215 2098
f 2098 2215 2217
f 2205 2217 2207
f 2205 2100 2217
f 2100 2098 2217
f 2205 2093 2100
f 2102 2218 2219
f 2101 2218 2102
f 2209 2211 2218
f 2209 2218 2103
f 2103 2218 2101
f 2209 2103 2096
f 2106 2221 2220
f 2105 2106 2220
f 2220 2222 2105
f 2105 2222 2107
f 2214 2222 2216
f 2214 2108 2222
f 2108 2107 2222
f 2214 2099 2108
f 2219 2109 2102
f 2223 2109 2219
f 2109 2223 2224
f 2110 2109 2224
f 2221 2106 2225
f 2225 2106 2111
f 2224 2226 2110
f 2226 2112 2110
f 2114 2228 2227
f 2113 2114 2227
f 2227 2111 2113
f 2225 2111 2227
f 2226 2229 2112
f 2229 2115 2112
f 2228 2114 2230
f 2230 2114 2117
f 2229 2231 2115
f 2231 2118 2115
f 2230 2117 2232
f 2232 2117 2120
f 2231 2233 2118
f 2233 2122 2118
f 2123 2234 2235
f 2123 2235 2120
f 2120 2235 2232
f 2123 2124 2234
f 2126 2236 2237
f 2125 2236 2126
f 2236 2125 2122
f 2233 2236 2122
f 2235 2234 2238
f 2240 2127 2239
f 2238 2127 2240
f 2238 2124 2127
f 2238 2234 2124
f 2127 2128 2239
f 2237 2130 2126
f 2241 2130 2237
f 2130 2241 2242
f 2131 2130 2242
f 2240 2239 2243
f 2239 2128 2132
f 2239 2132 2243
f 2243 2132 2244
f 2132 2245 2244
f 2134 2245 2132
f 2242 2246 2131
f 2246 2136 2131
f 2245 2134 2137
f 2247 2245 2137
f 2249 2138 2248
f 2249 2247 2138
f 2247 2137 2138
f 2138 2140 2248
f 2246 2142 2136
f 2250 2142 2246
f 2142 2250 2251
f 2143 2142 2251
f 2249 2248 2252
f 2248 2140 2144
f 2248 2144 2252
f 2252 2144 2253
f 2253 2144 2254
f 2144 2145 2254
f 2145 2255 2254
f 2147 2255 2145
f 2251 2149 2143
f 2256 2149 2251
f 2257 2150 2149
f 2257 2149 2258
f 2258 2149 2256
f 2258 2259 2257
f 2255 2147 2151
f 2260 2255 2151
f 2262 2152 2261
f 2262 2260 2152
f 2260 2151 2152
f 2152 2154 2261
f 2257 2157 2150
f 2157 2257 2259
f 2157 2259 2158
f 2158 2259 2263
f 2262 2261 2264
f 2261 2154 2159
f 2261 2159 2264
f 2264 2159 2265
f 2265 2159 2266
f 2159 2160 2266
f 2266 2160 2267
f 2160 2161 2267
f 2267 2161 2268
f 2161 2162 2268
f 2269 2162 2164
f 2269 2270 2162
f 2270 2268 2162
f 2270 2269 2271
f 2263 2272 2158
f 2272 2166 2158
f 2269 2164 2167
f 2271 2269 2167
f 2271 2167 2273
f 2273 2167 2168
f 2273 2168 2274
f 2168 2169 2274
f 2169 2275 2274
f 2171 2275 2169
f 2278 2276 2277
f 2175 2277 2276
f 2175 2174 2277
f 2174 2279 2277
f 2279 2174 2166
f 2272 2279 2166
f 2275 2171 2176
f 2280 2275 2176
f 2280 2176 2281
f 2176 2177 2281
f 2276 2278 2281
f 2276 2281 2178
f 2178 2281 2177
f 2276 2178 2175
f 2179 2180 2282
f 2181 2179 2282
f 2283 2181 2282
f 2182 2181 2283
f 2284 2182 2283
f 2183 2182 2284
f 2285 2183 2284
f 2184 2183 2285
f 2286 2184 2285
f 2185 2184 2286
f 2287 2185 2286
f 2186 2185 2287
f 2288 2186 2287
f 2288 2290 2289
f 2288 2289 2186
f 2186 2289 2187
f 2289 2291 2187
f 2187 2291 2188
f 2291 2292 2188
f 2188 2292 2190
f 2190 2292 2293
f 2191 2190 2293
f 2194 2295 2294
f 2193 2194 2294
f 2294 2296 2193
f 2193 2296 2195
f 2296 2297 2195
f 2195 2297 2196
f 2180 2298 2282
f 2180 2196 2298
f 2196 2297 2298
f 2282 2299 2283
f 2298 2299 2282
f 2283 2300 2284
f 2299 2300 2283
f 2284 2301 2285
f 2300 2301 2284
f 2285 2302 2286
f 2301 2302 2285
f 2286 2303 2287
f 2302 2303 2286
f 2287 2304 2288
f 2303 2304 2287
f 2288 2304 2290
f 2293 2305 2191
f 2305 2198 2191
f 2308 2307 2306
f 2200 2306 2307
f 2200 2307 2199
f 2199 2307 2309
f 2309 2310 2199
f 2199 2310 2201
f 2310 2194 2201
f 2295 2194 2310
f 2313 2311 2312
f 2203 2312 2311
f 2203 2202 2312
f 2202 2314 2312
f 2314 2202 2315
f 2202 2204 2315
f 2315 2204 2198
f 2305 2315 2198
f 2318 2317 2316
f 2317 2320 2319
f 2316 2317 2319
f 2207 2319 2320
f 2207 2320 2206
f 2206 2320 2321
f 2306 2321 2308
f 2306 2208 2321
f 2208 2206 2321
f 2306 2200 2208
f 2211 2322 2323
f 2210 2322 2211
f 2322 2210 2324
f 2210 2212 2324
f 2311 2313 2324
f 2311 2324 2213
f 2213 2324 2212
f 2311 2213 2203
f 2327 2326 2325
f 2326 2329 2328
f 2325 2326 2328
f 2316 2215 2216
f 2318 2316 2216
f 2318 2216 2328
f 2318 2328 2329
f 2319 2215 2316
f 2217 2215 2319
f 2319 2207 2217
f 2219 2330 2331
f 2218 2330 2219
f 2330 2218 2211
f 2323 2330 2211
f 2325 2220 2221
f 2325 2221 2327
f 2327 2221 2332
f 2328 2220 2325
f 2222 2220 2328
f 2328 2216 2222
f 2331 2223 2219
f 2333 2223 2331
f 2223 2333 2334
f 2224 2223 2334
f 2337 2336 2335
f 2336 2225 2335
f 2336 2332 2225
f 2332 2221 2225
f 2334 2338 2224
f 2338 2226 2224
f 2335 2227 2228
f 2335 2228 2337
f 2337 2228 2339
f 2335 2225 2227
f 2338 2340 2226
f 2340 2229 2226
f 2339 2228 2341
f 2341 2228 2230
f 2340 2342 2229
f 2342 2231 2229
f 2341 2230 2343
f 2343 2230 2232
f 2342 2344 2231
f 2344 2233 2231
f 2343 2232 2345
f 2345 2232 2235
f 2236 2346 2237
f 2346 2236 2233
f 2346 2233 2347
f 2347 2233 2344
f 2345 2235 2238
f 2348 2345 2238
f 2238 2349 2348
f 2240 2349 2238
f 2346 2241 2237
f 2241 2346 2347
f 2241 2347 2242
f 2242 2347 2350
f 2349 2240 2243
f 2351 2349 2243
f 2353 2244 2352
f 2353 2351 2244
f 2351 2243 2244
f 2244 2245 2352
f 2350 2354 2242
f 2354 2246 2242
f 2353 2352 2355
f 2357 2247 2356
f 2355 2247 2357
f 2355 2245 2247
f 2355 2352 2245
f 2247 2249 2356
f 2250 2359 2358
f 2250 2246 2359
f 2246 2354 2359
f 2250 2358 2251
f 2357 2356 2360
f 2356 2249 2252
f 2356 2252 2360
f 2360 2252 2361
f 2361 2252 2362
f 2252 2253 2362
f 2364 2254 2363
f 2364 2362 2254
f 2362 2253 2254
f 2254 2255 2363
f 2359 2365 2358
f 2367 2366 2256
f 2365 2367 2256
f 2365 2256 2251
f 2365 2251 2358
f 2258 2256 2366
f 2368 2258 2366
f 2258 2368 2259
f 2364 2363 2369
f 2363 2255 2260
f 2363 2260 2369
f 2369 2260 2370
f 2260 2371 2370
f 2262 2371 2260
f 2374 2372 2373
f 2373 2366 2367
f 2373 2372 2366
f 2372 2375 2366
f 2366 2375 2368
f 2368 2375 2376
f 2368 2376 2263
f 2259 2368 2263
f 2371 2262 2264
f 2377 2371 2264
f 2377 2264 2378
f 2264 2265 2378
f 2378 2265 2379
f 2265 2266 2379
f 2379 2266 2380
f 2266 2267 2380
f 2380 2267 2381
f 2267 2268 2381
f 2381 2268 2382
f 2268 2270 2382
f 2383 2270 2271
f 2383 2384 2270
f 2384 2382 2270
f 2384 2385 2386
f 2383 2385 2384
f 2386 2387 2388
f 2385 2387 2386
f 2388 2372 2374
f 2388 2387 2372
f 2387 2389 2372
f 2372 2389 2375
f 2375 2389 2390
f 2375 2390 2376
f 2376 2390 2391
f 2376 2391 2272
f 2263 2376 2272
f 2383 2271 2273
f 2385 2383 2273
f 2274 2385 2273
f 2274 2275 2392
f 2274 2392 2385
f 2385 2392 2387
f 2387 2392 2389
f 2389 2392 2393
f 2278 2277 2390
f 2278 2390 2393
f 2393 2390 2389
f 2391 2390 2277
f 2279 2391 2277
f 2391 2279 2272
f 2392 2275 2280
f 2393 2392 2280
f 2281 2393 2280
f 2393 2281 2278
f 2289 2290 2394
f 2291 2289 2394
f 2395 2291 2394
f 2292 2291 2395
f 2396 2292 2395
f 2292 2396 2293
f 2294 2295 2397
f 2296 2294 2397
f 2398 2296 2397
f 2398 2400 2399
f 2398 2399 2296
f 2296 2399 2297
f 2402 2401 2298
f 2402 2298 2399
f 2399 2298 2297
f 2299 2298 2401
f 2403 2299 2401
f 2300 2299 2403
f 2404 2300 2403
f 2301 2300 2404
f 2405 2301 2404
f 2302 2301 2405
f 2406 2302 2405
f 2303 2302 2406
f 2407 2303 2406
f 2304 2303 2407
f 2408 2304 2407
f 2290 2304 2408
f 2290 2408 2394
f 2394 2408 2409
f 2394 2409 2395
f 2395 2409 2410
f 2395 2410 2396
f 2396 2410 2411
f 2396 2411 2305
f 2293 2396 2305
f 2414 2413 2412
f 2308 2412 2413
f 2308 2413 2307
f 2307 2413 2415
f 2415 2416 2307
f 2307 2416 2309
f 2416 2417 2309
f 2309 2417 2310
f 2295 2418 2397
f 2295 2310 2418
f 2310 2417 2418
f 2397 2419 2398
f 2418 2419 2397
f 2398 2419 2400
f 2402 2420 2401
f 2401 2421 2403
f 2420 2421 2401
f 2403 2422 2404
f 2421 2422 2403
f 2424 2404 2422
f 2424 2423 2404
f 2423 2405 2404
f 2405 2423 2406
f 2406 2423 2425
f 2406 2425 2407
f 2407 2425 2426
f 2407 2426 2408
f 2408 2426 2427
f 2313 2312 2409
f 2313 2409 2427
f 2427 2409 2408
f 2410 2409 2312
f 2314 2410 2312
f 2411 2410 2314
f 2315 2411 2314
f 2411 2315 2305
f 2430 2429 2428
f 2318 2428 2429
f 2318 2429 2317
f 2317 2429 2431
f 2431 2432 2317
f 2317 2432 2320
f 2412 2432 2414
f 2412 2321 2432
f 2321 2320 2432
f 2412 2308 2321
f 2434 2423 2424
f 2433 2423 2434
f 2423 2433 2425
f 2425 2433 2435
f 2323 2322 2426
f 2323 2426 2435
f 2435 2426 2425
f 2427 2426 2322
f 2324 2427 2322
f 2427 2324 2313
f 2327 2437 2436
f 2326 2327 2436
f 2428 2436 2430
f 2428 2329 2436
f 2329 2326 2436
f 2428 2318 2329
f 2434 2438 2433
f 2438 2439 2331
f 2438 2331 2435
f 2438 2435 2433
f 2330 2435 2331
f 2435 2330 2323
f 2442 2441 2440
f 2441 2332 2440
f 2441 2437 2332
f 2437 2327 2332
f 2439 2333 2331
f 2443 2333 2439
f 2333 2443 2444
f 2334 2333 2444
f 2440 2336 2337
f 2440 2337 2442
f 2442 2337 2445
f 2440 2332 2336
f 2444 2446 2334
f 2446 2338 2334
f 2445 2337 2447
f 2447 2337 2339
f 2446 2448 2338
f 2448 2340 2338
f 2447 2339 2449
f 2449 2339 2341
f 2452 2450 2451
f 2451 2450 2342
f 2451 2342 2448
f 2448 2342 2340
f 2449 2341 2453
f 2453 2341 2343
f 2455 2450 2452
f 2454 2450 2455
f 2450 2454 2344
f 2342 2450 2344
f 2453 2343 2456
f 2456 2343 2345
f 2458 2454 2455
f 2457 2454 2458
f 2454 2457 2347
f 2344 2454 2347
f 2348 2459 2460
f 2348 2460 2345
f 2345 2460 2456
f 2348 2349 2459
f 2462 2457 2458
f 2461 2457 2462
f 2457 2461 2350
f 2347 2457 2350
f 2460 2459 2463
f 2465 2351 2464
f 2463 2351 2465
f 2463 2349 2351
f 2463 2459 2349
f 2351 2353 2464
f 2462 2466 2461
f 2461 2466 2467
f 2461 2467 2350
f 2350 2467 2354
f 2465 2464 2468
f 2464 2353 2355
f 2464 2355 2468
f 2468 2355 2469
f 2355 2470 2469
f 2357 2470 2355
f 2473 2471 2472
f 2472 2471 2359
f 2472 2359 2467
f 2467 2359 2354
f 2470 2357 2360
f 2474 2470 2360
f 2474 2360 2475
f 2360 2361 2475
f 2477 2362 2476
f 2477 2475 2362
f 2475 2361 2362
f 2362 2364 2476
f 2480 2478 2479
f 2479 2471 2473
f 2479 2478 2471
f 2478 2481 2471
f 2365 2359 2471
f 2365 2471 2482
f 2482 2471 2481
f 2365 2482 2367
f 2477 2476 2483
f 2476 2364 2369
f 2476 2369 2483
f 2483 2369 2484
f 2484 2369 2485
f 2369 2370 2485
f 2486 2370 2371
f 2486 2487 2370
f 2487 2485 2370
f 2487 2486 2488
f 2491 2489 2490
f 2490 2492 2493
f 2489 2492 2490
f 2493 2494 2495
f 2492 2494 2493
f 2495 2496 2497
f 2494 2496 2495
f 2497 2498 2499
f 2496 2498 2497
f 2499 2478 2480
f 2499 2498 2478
f 2498 2500 2478
f 2478 2500 2481
f 2481 2500 2501
f 2374 2373 2482
f 2374 2482 2501
f 2501 2482 2481
f 2482 2373 2367
f 2486 2371 2377
f 2488 2486 2377
f 2488 2377 2502
f 2502 2377 2378
f 2489 2491 2502
f 2489 2502 2379
f 2379 2502 2378
f 2492 2489 2379
f 2380 2492 2379
f 2494 2492 2380
f 2381 2494 2380
f 2496 2494 2381
f 2382 2496 2381
f 2498 2496 2382
f 2384 2498 2382
f 2500 2498 2384
f 2386 2500 2384
f 2501 2500 2386
f 2388 2501 2386
f 2501 2388 2374
f 2399 2400 2503
f 2399 2503 2402
f 2414 2505 2504
f 2413 2414 2504
f 2504 2506 2413
f 2413 2506 2415
f 2506 2507 2415
f 2415 2507 2416
f 2507 2508 2416
f 2416 2508 2417
f 2508 2509 2417
f 2417 2509 2418
f 2509 2510 2418
f 2418 2510 2419
f 2400 2511 2503
f 2400 2419 2511
f 2419 2510 2511
f 2513 2512 2420
f 2511 2513 2420
f 2511 2420 2402
f 2511 2402 2503
f 2421 2420 2512
f 2514 2421 2512
f 2422 2421 2514
f 2515 2422 2514
f 2422 2515 2424
f 2430 2517 2516
f 2429 2430 2516
f 2516 2518 2429
f 2429 2518 2431
f 2518 2519 2431
f 2431 2519 2432
f 2519 2414 2432
f 2505 2414 2519
f 2513 2520 2512
f 2512 2521 2514
f 2520 2521 2512
f 2514 2522 2515
f 2521 2522 2514
f 2515 2522 2523
f 2515 2523 2424
f 2424 2523 2434
f 2437 2525 2524
f 2436 2437 2524
f 2524 2430 2436
f 2517 2430 2524
f 2523 2438 2434
f 2526 2438 2523
f 2438 2526 2527
f 2439 2438 2527
f 2442 2529 2528
f 2441 2442 2528
f 2528 2437 2441
f 2525 2437 2528
f 2443 2531 2530
f 2443 2439 2531
f 2439 2527 2531
f 2443 2530 2444
f 2534 2533 2532
f 2533 2445 2532
f 2533 2529 2445
f 2529 2442 2445
f 2536 2530 2531
f 2535 2530 2536
f 2530 2535 2446
f 2444 2530 2446
f 2538 2534 2532
f 2537 2538 2532
f 2532 2447 2537
f 2445 2447 2532
f 2536 2539 2535
f 2535 2539 2540
f 2535 2540 2446
f 2446 2540 2448
f 2542 2538 2537
f 2541 2542 2537
f 2537 2449 2541
f 2447 2449 2537
f 2452 2543 2544
f 2451 2543 2452
f 2543 2451 2448
f 2540 2543 2448
f 2542 2541 2545
f 2541 2546 2545
f 2541 2449 2546
f 2449 2453 2546
f 2544 2547 2452
f 2547 2455 2452
f 2546 2453 2548
f 2548 2453 2456
f 2547 2549 2455
f 2549 2458 2455
f 2548 2456 2550
f 2550 2456 2460
f 2549 2551 2458
f 2551 2462 2458
f 2550 2460 2463
f 2552 2550 2463
f 2463 2553 2552
f 2465 2553 2463
f 2556 2554 2555
f 2555 2554 2557
f 2555 2557 2462
f 2555 2462 2551
f 2462 2557 2466
f 2466 2557 2467
f 2553 2465 2468
f 2558 2553 2468
f 2560 2469 2559
f 2560 2558 2469
f 2558 2468 2469
f 2469 2470 2559
f 2563 2561 2562
f 2562 2554 2556
f 2562 2561 2554
f 2561 2564 2554
f 2473 2472 2557
f 2473 2557 2564
f 2564 2557 2554
f 2557 2472 2467
f 2560 2559 2565
f 2559 2470 2474
f 2559 2474 2565
f 2565 2474 2566
f 2568 2475 2567
f 2568 2566 2475
f 2566 2474 2475
f 2475 2477 2567
f 2571 2569 2570
f 2570 2572 2573
f 2569 2572 2570
f 2573 2572 2574
f 2576 2561 2563
f 2575 2561 2576
f 2480 2479 2564
f 2480 2564 2575
f 2575 2564 2561
f 2564 2479 2473
f 2568 2567 2577
f 2567 2477 2483
f 2567 2483 2577
f 2577 2483 2578
f 2569 2571 2578
f 2569 2578 2484
f 2484 2578 2483
f 2572 2569 2484
f 2485 2572 2484
f 2574 2572 2485
f 2574 2485 2579
f 2579 2485 2487
f 2580 2487 2488
f 2580 2581 2487
f 2581 2579 2487
f 2491 2581 2580
f 2491 2490 2581
f 2490 2582 2581
f 2582 2490 2583
f 2490 2493 2583
f 2583 2493 2584
f 2493 2495 2584
f 2584 2495 2585
f 2495 2497 2585
f 2575 2576 2585
f 2575 2585 2499
f 2499 2585 2497
f 2575 2499 2480
f 2580 2488 2502
f 2580 2502 2491
f 2588 2587 2586
f 2505 2586 2587
f 2505 2587 2504
f 2504 2587 2589
f 2589 2590 2504
f 2504 2590 2506
f 2590 2591 2506
f 2506 2591 2507
f 2591 2592 2507
f 2507 2592 2508
f 2592 2593 2508
f 2508 2593 2509
f 2595 2594 2510
f 2595 2510 2593
f 2593 2510 2509
f 2511 2510 2594
f 2596 2511 2594
f 2511 2596 2513
f 2517 2598 2597
f 2516 2517 2597
f 2597 2599 2516
f 2516 2599 2518
f 2586 2599 2588
f 2586 2519 2599
f 2519 2518 2599
f 2586 2505 2519
f 2595 2600 2594
f 2594 2601 2596
f 2600 2601 2594
f 2596 2520 2513
f 2596 2601 2520
f 2601 2602 2520
f 2604 2603 2521
f 2604 2521 2602
f 2602 2521 2520
f 2522 2521 2603
f 2605 2522 2603
f 2522 2605 2523
f 2525 2607 2606
f 2524 2525 2606
f 2606 2517 2524
f 2598 2517 2606
f 2604 2608 2603
f 2603 2609 2605
f 2608 2609 2603
f 2611 2610 2526
f 2609 2611 2526
f 2609 2526 2523
f 2609 2523 2605
f 2526 2610 2527
f 2529 2613 2612
f 2528 2529 2612
f 2612 2525 2528
f 2607 2525 2612
f 2611 2614 2610
f 2610 2614 2615
f 2610 2615 2527
f 2527 2615 2531
f 2533 2534 2616
f 2616 2529 2533
f 2616 2617 2529
f 2617 2613 2529
f 2620 2618 2619
f 2619 2618 2536
f 2619 2536 2615
f 2615 2536 2531
f 2621 2616 2534
f 2621 2534 2622
f 2622 2534 2538
f 2616 2621 2617
f 2624 2618 2620
f 2623 2618 2624
f 2539 2536 2618
f 2539 2618 2625
f 2625 2618 2623
f 2539 2625 2540
f 2622 2538 2626
f 2626 2538 2542
f 2624 2627 2623
f 2627 2628 2544
f 2627 2544 2625
f 2627 2625 2623
f 2543 2625 2544
f 2625 2543 2540
f 2626 2542 2545
f 2629 2626 2545
f 2545 2630 2629
f 2546 2630 2545
f 2628 2631 2544
f 2631 2547 2544
f 2630 2546 2632
f 2632 2546 2548
f 2631 2633 2547
f 2633 2549 2547
f 2632 2548 2634
f 2634 2548 2550
f 2633 2635 2549
f 2635 2551 2549
f 2634 2550 2552
f 2636 2634 2552
f 2552 2637 2636
f 2553 2637 2552
f 2556 2638 2639
f 2555 2638 2556
f 2638 2555 2551
f 2635 2638 2551
f 2637 2553 2558
f 2640 2637 2558
f 2558 2641 2640
f 2560 2641 2558
f 2644 2642 2643
f 2563 2643 2642
f 2563 2562 2643
f 2562 2645 2643
f 2645 2562 2556
f 2639 2645 2556
f 2641 2560 2565
f 2646 2641 2565
f 2646 2565 2647
f 2565 2566 2647
f 2566 2648 2647
f 2568 2648 2566
f 2571 2649 2650
f 2570 2649 2571
f 2649 2570 2651
f 2570 2573 2651
f 2652 2573 2574
f 2652 2653 2573
f 2653 2651 2573
f 2653 2654 2655
f 2652 2654 2653
f 2655 2656 2657
f 2654 2656 2655
f 2657 2658 2659
f 2656 2658 2657
f 2659 2660 2661
f 2658 2660 2659
f 2661 2642 2644
f 2661 2660 2642
f 2660 2662 2642
f 2642 2662 2576
f 2563 2642 2576
f 2648 2568 2577
f 2663 2648 2577
f 2663 2577 2664
f 2577 2578 2664
f 2664 2578 2571
f 2650 2664 2571
f 2652 2574 2579
f 2654 2652 2579
f 2581 2654 2579
f 2656 2654 2581
f 2582 2656 2581
f 2658 2656 2582
f 2583 2658 2582
f 2660 2658 2583
f 2584 2660 2583
f 2662 2660 2584
f 2585 2662 2584
f 2662 2585 2576
f 2587 2588 2665
f 2665 2667 2666
f 2665 2666 2587
f 2587 2666 2589
f 2666 2668 2589
f 2589 2668 2590
f 2668 2669 2590
f 2590 2669 2591
f 2671 2670 2592
f 2671 2592 2669
f 2669 2592 2591
f 2593 2592 2670
f 2672 2593 2670
f 2593 2672 2595
f 2598 2674 2673
f 2597 2598 2673
f 2673 2675 2597
f 2597 2675 2599
f 2588 2676 2665
f 2588 2599 2676
f 2599 2675 2676
f 2665 2676 2667
f 2671 2677 2670
f 2670 2678 2672
f 2677 2678 2670
f 2672 2600 2595
f 2672 2678 2600
f 2678 2679 2600
f 2679 2680 2600
f 2600 2680 2601
f 2682 2681 2602
f 2682 2602 2680
f 2680 2602 2601
f 2602 2681 2604
f 2607 2684 2683
f 2606 2607 2683
f 2683 2598 2606
f 2674 2598 2683
f 2682 2685 2681
f 2681 2608 2604
f 2681 2685 2608
f 2685 2686 2608
f 2688 2687 2609
f 2688 2609 2686
f 2686 2609 2608
f 2609 2687 2611
f 2613 2690 2689
f 2612 2613 2689
f 2689 2607 2612
f 2684 2607 2689
f 2688 2691 2687
f 2693 2692 2614
f 2691 2693 2614
f 2691 2614 2611
f 2691 2611 2687
f 2614 2692 2615
f 2690 2613 2694
f 2694 2613 2617
f 2692 2620 2619
f 2692 2693 2620
f 2693 2695 2620
f 2692 2619 2615
f 2621 2622 2696
f 2696 2617 2621
f 2696 2697 2617
f 2697 2694 2617
f 2695 2698 2620
f 2698 2624 2620
f 2699 2696 2622
f 2626 2699 2622
f 2697 2699 2700
f 2696 2699 2697
f 2627 2702 2701
f 2627 2624 2702
f 2624 2698 2702
f 2627 2701 2628
f 2699 2626 2629
f 2629 2700 2699
f 2629 2630 2700
f 2630 2703 2700
f 2705 2701 2702
f 2704 2701 2705
f 2701 2704 2631
f 2628 2701 2631
f 2703 2630 2706
f 2706 2630 2632
f 2708 2704 2705
f 2707 2704 2708
f 2704 2707 2633
f 2631 2704 2633
f 2706 2632 2709
f 2709 2632 2634
f 2711 2707 2708
f 2710 2707 2711
f 2707 2710 2635
f 2633 2707 2635
f 2709 2634 2636
f 2712 2709 2636
f 2636 2713 2712
f 2637 2713 2636
f 2716 2714 2715
f 2710 2639 2638
f 2711 2639 2710
f 2711 2714 2639
f 2711 2715 2714
f 2710 2638 2635
f 2713 2637 2640
f 2717 2713 2640
f 2640 2718 2717
f 2641 2718 2640
f 2644 2719 2720
f 2643 2719 2644
f 2714 2716 2719
f 2714 2719 2645
f 2645 2719 2643
f 2714 2645 2639
f 2718 2641 2646
f 2721 2718 2646
f 2721 2646 2722
f 2646 2647 2722
f 2723 2647 2648
f 2723 2724 2647
f 2724 2722 2647
f 2724 2725 2726
f 2723 2725 2724
f 2650 2726 2725
f 2650 2649 2726
f 2649 2727 2726
f 2727 2649 2728
f 2649 2651 2728
f 2728 2651 2729
f 2651 2653 2729
f 2729 2653 2730
f 2653 2655 2730
f 2730 2655 2731
f 2655 2657 2731
f 2731 2657 2732
f 2657 2659 2732
f 2732 2659 2733
f 2659 2661 2733
f 2733 2661 2644
f 2720 2733 2644
f 2723 2648 2663
f 2725 2723 2663
f 2664 2725 2663
f 2725 2664 2650
f 2666 2667 2734
f 2668 2666 2734
f 2735 2668 2734
f 2669 2668 2735
f 2736 2669 2735
f 2669 2736 2671
f 2673 2674 2737
f 2737 2739 2738
f 2737 2738 2673
f 2673 2738 2675
f 2738 2740 2675
f 2675 2740 2676
f 2667 2741 2734
f 2667 2676 2741
f 2676 2740 2741
f 2734 2742 2735
f 2741 2742 2734
f 2735 2743 2736
f 2742 2743 2735
f 2736 2677 2671
f 2736 2743 2677
f 2743 2744 2677
f 2744 2745 2677
f 2677 2745 2678
f 2745 2746 2678
f 2678 2746 2679
f 2748 2747 2680
f 2748 2680 2746
f 2746 2680 2679
f 2680 2747 2682
f 2683 2684 2749
f 2749 2751 2750
f 2683 2749 2750
f 2683 2750 2737
f 2683 2737 2674
f 2737 2750 2739
f 2748 2752 2747
f 2754 2753 2685
f 2752 2754 2685
f 2752 2685 2682
f 2752 2682 2747
f 2686 2685 2753
f 2755 2686 2753
f 2686 2755 2688
f 2689 2690 2756
f 2756 2758 2757
f 2689 2756 2757
f 2689 2757 2749
f 2689 2749 2684
f 2749 2757 2751
f 2754 2759 2753
f 2761 2753 2759
f 2761 2760 2753
f 2760 2755 2753
f 2691 2688 2755
f 2691 2755 2762
f 2762 2755 2760
f 2691 2762 2693
f 2763 2756 2690
f 2694 2763 2690
f 2758 2763 2764
f 2756 2763 2758
f 2761 2765 2760
f 2767 2760 2765
f 2767 2766 2760
f 2766 2762 2760
f 2762 2766 2695
f 2693 2762 2695
f 2768 2763 2694
f 2768 2694 2769
f 2769 2694 2697
f 2763 2768 2764
f 2771 2766 2767
f 2770 2766 2771
f 2766 2770 2698
f 2695 2766 2698
f 2769 2697 2772
f 2772 2697 2700
f 2774 2770 2771
f 2773 2770 2774
f 2770 2773 2702
f 2698 2770 2702
f 2772 2700 2775
f 2775 2700 2703
f 2777 2773 2774
f 2776 2773 2777
f 2773 2776 2705
f 2702 2773 2705
f 2775 2703 2778
f 2778 2703 2706
f 2780 2776 2777
f 2779 2776 2780
f 2776 2779 2708
f 2705 2776 2708
f 2781 2782 2778
f 2781 2778 2709
f 2709 2778 2706
f 2782 2781 2783
f 2786 2784 2785
f 2785 2779 2780
f 2785 2784 2779
f 2784 2787 2779
f 2779 2787 2711
f 2708 2779 2711
f 2781 2709 2712
f 2712 2783 2781
f 2712 2713 2783
f 2713 2788 2783
f 2791 2789 2790
f 2790 2784 2786
f 2790 2789 2784
f 2789 2792 2784
f 2716 2715 2787
f 2716 2787 2792
f 2792 2787 2784
f 2787 2715 2711
f 2788 2713 2717
f 2793 2788 2717
f 2794 2717 2718
f 2794 2795 2717
f 2795 2793 2717
f 2795 2794 2796
f 2799 2797 2798
f 2798 2800 2801
f 2797 2800 2798
f 2801 2789 2791
f 2801 2800 2789
f 2800 2802 2789
f 2720 2719 2792
f 2720 2792 2802
f 2802 2792 2789
f 2792 2719 2716
f 2794 2718 2721
f 2796 2794 2721
f 2796 2721 2803
f 2803 2721 2722
f 2803 2722 2804
f 2722 2724 2804
f 2804 2724 2805
f 2724 2726 2805
f 2805 2726 2806
f 2726 2727 2806
f 2806 2727 2807
f 2727 2728 2807
f 2807 2728 2808
f 2728 2729 2808
f 2808 2729 2809
f 2729 2730 2809
f 2797 2799 2809
f 2797 2809 2731
f 2731 2809 2730
f 2800 2797 2731
f 2732 2800 2731
f 2802 2800 2732
f 2733 2802 2732
f 2802 2733 2720
f 2738 2739 2810
f 2740 2738 2810
f 2811 2740 2810
f 2741 2740 2811
f 2812 2741 2811
f 2812 2814 2813
f 2812 2813 2741
f 2741 2813 2742
f 2813 2815 2742
f 2742 2815 2743
f 2815 2816 2743
f 2743 2816 2744
f 2818 2817 2745
f 2818 2745 2816
f 2816 2745 2744
f 2746 2745 2817
f 2819 2746 2817
f 2746 2819 2748
f 2750 2751 2820
f 2739 2750 2820
f 2739 2820 2810
f 2810 2820 2821
f 2822 2821 2823
f 2822 2811 2821
f 2811 2810 2821
f 2811 2824 2812
f 2822 2824 2811
f 2812 2824 2814
f 2818 2825 2817
f 2817 2826 2819
f 2825 2826 2817
f 2828 2827 2752
f 2826 2828 2752
f 2826 2752 2748
f 2826 2748 2819
f 2752 2827 2754
f 2757 2758 2829
f 2829 2831 2830
f 2757 2829 2830
f 2757 2830 2820
f 2757 2820 2751
f 2820 2832 2821
f 2830 2832 2820
f 2821 2832 2823
f 2828 2833 2827
f 2835 2834 2759
f 2833 2835 2759
f 2833 2759 2754
f 2833 2754 2827
f 2759 2834 2761
f 2836 2829 2758
f 2764 2836 2758
f 2831 2836 2837
f 2829 2836 2831
f 2835 2838 2834
f 2840 2839 2765
f 2838 2840 2765
f 2838 2765 2761
f 2838 2761 2834
f 2765 2839 2767
f 2768 2769 2841
f 2841 2843 2842
f 2768 2841 2842
f 2768 2842 2836
f 2768 2836 2764
f 2836 2842 2837
f 2845 2839 2840
f 2844 2839 2845
f 2839 2844 2771
f 2767 2839 2771
f 2846 2841 2769
f 2772 2846 2769
f 2843 2846 2847
f 2841 2846 2843
f 2849 2844 2845
f 2848 2844 2849
f 2844 2848 2774
f 2771 2844 2774
f 2850 2846 2772
f 2775 2850 2772
f 2847 2850 2851
f 2846 2850 2847
f 2853 2848 2849
f 2852 2848 2853
f 2848 2852 2777
f 2774 2848 2777
f 2854 2850 2775
f 2778 2854 2775
f 2851 2854 2855
f 2850 2854 2851
f 2857 2852 2853
f 2856 2852 2857
f 2852 2856 2780
f 2777 2852 2780
f 2854 2778 2782
f 2782 2783 2858
f 2854 2782 2858
f 2854 2858 2859
f 2854 2859 2855
f 2859 2858 2860
f 2863 2861 2862
f 2856 2786 2785
f 2857 2786 2856
f 2857 2861 2786
f 2857 2862 2861
f 2856 2785 2780
f 2864 2858 2783
f 2788 2864 2783
f 2860 2865 2866
f 2860 2858 2865
f 2858 2864 2865
f 2866 2865 2867
f 2861 2791 2790
f 2861 2863 2791
f 2863 2868 2791
f 2861 2790 2786
f 2864 2788 2793
f 2865 2864 2793
f 2795 2865 2793
f 2795 2796 2869
f 2865 2795 2869
f 2865 2869 2870
f 2865 2870 2867
f 2870 2871 2872
f 2869 2871 2870
f 2872 2871 2873
f 2876 2874 2875
f 2799 2875 2874
f 2799 2798 2875
f 2798 2877 2875
f 2877 2798 2878
f 2798 2801 2878
f 2878 2801 2791
f 2868 2878 2791
f 2869 2796 2803
f 2871 2869 2803
f 2804 2871 2803
f 2873 2871 2804
f 2873 2804 2879
f 2879 2804 2805
f 2879 2805 2880
f 2805 2806 2880
f 2880 2806 2881
f 2806 2807 2881
f 2881 2807 2882
f 2807 2808 2882
f 2874 2876 2882
f 2874 2882 2809
f 2809 2882 2808
f 2874 2809 2799
f 2813 2814 2883
f 2815 2813 2883
f 2884 2815 2883
f 2816 2815 2884
f 2885 2816 2884
f 2816 2885 2818
f 2822 2823 2886
f 2886 2888 2887
f 2886 2887 2822
f 2822 2887 2824
f 2814 2889 2883
f 2814 2824 2889
f 2824 2887 2889
f 2883 2890 2884
f 2889 2890 2883
f 2884 2891 2885
f 2890 2891 2884
f 2885 2825 2818
f 2885 2891 2825
f 2891 2892 2825
f 2894 2893 2826
f 2894 2826 2892
f 2892 2826 2825
f 2826 2893 2828
f 2830 2831 2895
f 2832 2830 2895
f 2896 2832 2895
f 2896 2898 2897
f 2832 2896 2897
f 2832 2897 2886
f 2832 2886 2823
f 2886 2897 2888
f 2894 2899 2893
f 2901 2900 2833
f 2899 2901 2833
f 2899 2833 2828
f 2899 2828 2893
f 2833 2900 2835
f 2902 2895 2831
f 2837 2902 2831
f 2903 2902 2904
f 2903 2896 2902
f 2896 2895 2902
f 2896 2903 2898
f 2906 2900 2901
f 2905 2900 2906
f 2838 2835 2900
f 2838 2900 2907
f 2907 2900 2905
f 2838 2907 2840
f 2842 2843 2908
f 2837 2842 2908
f 2837 2908 2902
f 2902 2908 2909
f 2904 2909 2910
f 2902 2909 2904
f 2912 2905 2906
f 2911 2905 2912
f 2905 2911 2907
f 2907 2911 2913
f 2907 2913 2845
f 2840 2907 2845
f 2914 2908 2843
f 2847 2914 2843
f 2908 2914 2909
f 2909 2914 2915
f 2910 2915 2916
f 2909 2915 2910
f 2912 2917 2911
f 2919 2911 2917
f 2919 2918 2911
f 2918 2913 2911
f 2913 2918 2849
f 2845 2913 2849
f 2920 2914 2847
f 2851 2920 2847
f 2921 2920 2922
f 2921 2915 2920
f 2915 2914 2920
f 2915 2921 2916
f 2924 2918 2919
f 2923 2918 2924
f 2918 2923 2853
f 2849 2918 2853
f 2925 2920 2851
f 2855 2925 2851
f 2922 2926 2927
f 2922 2920 2926
f 2920 2925 2926
f 2927 2926 2928
f 2930 2923 2924
f 2929 2923 2930
f 2923 2929 2857
f 2853 2923 2857
f 2925 2855 2859
f 2859 2860 2931
f 2859 2931 2925
f 2925 2931 2926
f 2928 2932 2933
f 2928 2926 2932
f 2926 2931 2932
f 2933 2932 2934
f 2929 2863 2862
f 2929 2930 2863
f 2930 2935 2863
f 2929 2862 2857
f 2931 2860 2866
f 2866 2867 2936
f 2866 2936 2931
f 2931 2936 2932
f 2934 2937 2938
f 2934 2932 2937
f 2932 2936 2937
f 2938 2939 2940
f 2937 2939 2938
f 2940 2939 2941
f 2944 2942 2943
f 2943 2942 2868
f 2943 2868 2935
f 2935 2868 2863
f 2936 2867 2870
f 2937 2936 2870
f 2872 2937 2870
f 2872 2873 2945
f 2872 2945 2937
f 2937 2945 2939
f 2941 2946 2947
f 2941 2939 2946
f 2939 2945 2946
f 2947 2948 2949
f 2946 2948 2947
f 2949 2950 2951
f 2948 2950 2949
f 2876 2951 2950
f 2876 2875 2951
f 2875 2952 2951
f 2952 2875 2953
f 2875 2877 2953
f 2942 2944 2953
f 2942 2953 2878
f 2878 2953 2877
f 2942 2878 2868
f 2945 2873 2879
f 2946 2945 2879
f 2880 2946 2879
f 2948 2946 2880
f 2881 2948 2880
f 2950 2948 2881
f 2882 2950 2881
f 2950 2882 2876
f 2887 2888 2954
f 2889 2887 2954
f 2955 2889 2954
f 2890 2889 2955
f 2956 2890 2955
f 2891 2890 2956
f 2957 2891 2956
f 2892 2891 2957
f 2958 2892 2957
f 2892 2958 2894
f 2897 2898 2959
f 2959 2961 2960
f 2897 2959 2960
f 2897 2960 2954
f 2897 2954 2888
f 2954 2962 2955
f 2960 2962 2954
f 2964 2955 2962
f 2964 2963 2955
f 2963 2956 2955
f 2956 2963 2957
f 2957 2963 2965
f 2957 2965 2958
f 2958 2965 2966
f 2899 2894 2958
f 2899 2958 2967
f 2967 2958 2966
f 2899 2967 2901
f 2903 2904 2968
f 2968 2970 2969
f 2903 2968 2969
f 2903 2969 2959
f 2903 2959 2898
f 2959 2969 2961
f 2964 2971 2963
f 2963 2972 2965
f 2971 2972 2963
f 2974 2965 2972
f 2974 2973 2965
f 2973 2966 2965
f 2966 2973 2967
f 2967 2973 2975
f 2967 2975 2906
f 2901 2967 2906
f 2976 2968 2904
f 2910 2976 2904
f 2970 2976 2977
f 2968 2976 2970
f 2979 2973 2974
f 2978 2973 2979
f 2973 2978 2975
f 2975 2978 2980
f 2975 2980 2912
f 2906 2975 2912
f 2981 2976 2910
f 2916 2981 2910
f 2977 2981 2982
f 2976 2981 2977
f 2979 2983 2978
f 2985 2978 2983
f 2985 2984 2978
f 2984 2980 2978
f 2917 2912 2980
f 2917 2980 2986
f 2986 2980 2984
f 2917 2986 2919
f 2921 2922 2987
f 2987 2989 2988
f 2921 2987 2988
f 2921 2988 2981
f 2921 2981 2916
f 2981 2988 2982
f 2991 2984 2985
f 2990 2984 2991
f 2984 2990 2986
f 2986 2990 2992
f 2986 2992 2924
f 2919 2986 2924
f 2987 2922 2927
f 2927 2928 2993
f 2987 2927 2993
f 2987 2993 2994
f 2987 2994 2989
f 2994 2995 2996
f 2993 2995 2994
f 2996 2995 2997
f 2991 2998 2990
f 3000 2990 2998
f 3000 2999 2990
f 2999 2992 2990
f 2992 2999 2930
f 2924 2992 2930
f 2993 2928 2933
f 2933 2934 3001
f 2933 3001 2993
f 2993 3001 2995
f 2997 3002 3003
f 2997 2995 3002
f 2995 3001 3002
f 3003 3002 3004
f 3007 3005 3006
f 3006 2999 3000
f 3006 3005 2999
f 3005 3008 2999
f 2999 3008 2935
f 2930 2999 2935
f 3001 2934 2938
f 3002 3001 2938
f 2940 3002 2938
f 2940 2941 3009
f 3002 2940 3009
f 3002 3009 3010
f 3002 3010 3004
f 3010 3011 3012
f 3009 3011 3010
f 3012 3013 3014
f 3011 3013 3012
f 3014 3015 3016
f 3013 3015 3014
f 3016 3005 3007
f 3016 3015 3005
f 3015 3017 3005
f 2944 2943 3008
f 2944 3008 3017
f 3017 3008 3005
f 3008 2943 2935
f 3009 2941 2947
f 3011 3009 2947
f 2949 3011 2947
f 3013 3011 2949
f 2951 3013 2949
f 3015 3013 2951
f 2952 3015 2951
f 3017 3015 2952
f 2953 3017 2952
f 3017 2953 2944
f 2960 2961 3018
f 2962 2960 3018
f 3019 2962 3018
f 2962 3019 2964
f 2969 2970 3020
f 2961 2969 3020
f 2961 3020 3018
f 3018 3020 3021
f 3018 3021 3019
f 3019 3021 3022
f 2971 2964 3019
f 2971 3019 3023
f 3023 3019 3022
f 2972 2971 3023
f 3024 2972 3023
f 2972 3024 2974
f 3025 3020 2970
f 2977 3025 2970
f 3020 3025 3021
f 3021 3025 3026
f 3021 3026 3022
f 3022 3026 3027
f 3028 3027 3029
f 3028 3023 3027
f 3023 3022 3027
f 3031 3023 3028
f 3031 3030 3023
f 3030 3024 3023
f 3024 3030 2979
f 2974 3024 2979
f 3032 3025 2977
f 2982 3032 2977
f 3033 3032 3034
f 3033 3026 3032
f 3026 3025 3032
f 3026 3035 3027
f 3033 3035 3026
f 3029 3027 3035
f 3037 3038 3036
f 3037 3030 3031
f 3037 3036 3030
f 3036 3039 3030
f 2983 2979 3030
f 2983 3030 3040
f 3040 3030 3039
f 2983 3040 2985
f 2988 2989 3041
f 2982 2988 3041
f 2982 3041 3032
f 3032 3041 3042
f 3034 3043 3044
f 3034 3032 3043
f 3032 3042 3043
f 3044 3045 3046
f 3043 3045 3044
f 3046 3036 3038
f 3046 3045 3036
f 3045 3047 3036
f 3036 3047 3039
f 3039 3047 3048
f 3039 3048 3040
f 3040 3048 3049
f 3040 3049 2991
f 2985 3040 2991
f 3041 2989 2994
f 3042 3041 2994
f 2996 3042 2994
f 2996 2997 3050
f 2996 3050 3042
f 3042 3050 3043
f 3043 3050 3045
f 3045 3050 3051
f 3045 3051 3047
f 3047 3051 3052
f 3047 3052 3048
f 3048 3052 3053
f 3048 3053 3049
f 3049 3053 3054
f 2998 2991 3049
f 2998 3049 3055
f 3055 3049 3054
f 2998 3055 3000
f 3050 2997 3003
f 3003 3004 3056
f 3003 3056 3050
f 3050 3056 3051
f 3051 3056 3052
f 3052 3056 3057
f 3052 3057 3053
f 3053 3057 3058
f 3053 3058 3054
f 3054 3058 3059
f 3007 3006 3055
f 3007 3055 3059
f 3059 3055 3054
f 3055 3006 3000
f 3056 3004 3010
f 3057 3056 3010
f 3012 3057 3010
f 3058 3057 3012
f 3014 3058 3012
f 3059 3058 3014
f 3016 3059 3014
f 3059 3016 3007
f 3028 3029 3060
f 3028 3060 3031
f 3033 3034 3061
f 3035 3033 3061
f 3062 3035 3061
f 3038 3037 3060
f 3038 3060 3062
f 3029 3035 3060
f 3035 3062 3060
f 3060 3037 3031
f 3061 3034 3044
f 3062 3061 3044
f 3046 3062 3044
f 3062 3046 3038
f 3065 3064 3063
f 3064 3067 3066
f 3063 3064 3066
f 3067 3068 3066
f 3070 3065 3063
f 3069 3070 3063
f 3063 3066 3069
f 3066 3071 3069
f 3068 3073 3072
f 3068 3072 3066
f 3066 3072 3071
f 3073 3074 3072
f 3076 3070 3069
f 3075 3076 3069
f 3069 3071 3075
f 3071 3077 3075
f 3078 3079 3077
f 3078 3077 3072
f 3072 3077 3071
f 3072 3074 3078
f 3076 3075 3080
f 3075 3077 3081
f 3080 3075 3081
f 3077 3079 3081
f 3084 3083 3082
f 3083 3085 3082
f 3088 3087 3086
f 3087 3089 3086
f 3084 3082 3090
f 3082 3085 3090
f 3088 3086 3091
f 3086 3089 3091
f 3094 3093 3092
f 3093 3096 3095
f 3092 3093 3095
f 3096 3097 3095
f 3065 3099 3098
f 3064 3065 3098
f 3098 3100 3064
f 3064 3100 3067
f 3094 3092 3101
f 3094 3101 3067
f 3094 3067 3100
f 3068 3067 3101
f 3092 3095 3101
f 3095 3102 3101
f 3097 3103 3102
f 3095 3097 3102
f 3099 3065 3104
f 3104 3065 3070
f 3101 3073 3068
f 3073 3105 3074
f 3073 3101 3105
f 3101 3102 3105
f 3103 3106 3105
f 3102 3103 3105
f 3104 3070 3107
f 3107 3070 3076
f 3078 3108 3079
f 3108 3109 3110
f 3078 3109 3108
f 3078 3105 3109
f 3078 3074 3105
f 3105 3106 3109
f 3107 3076 3080
f 3111 3107 3080
f 3113 3081 3112
f 3113 3111 3081
f 3111 3080 3081
f 3112 3114 3115
f 3081 3114 3112
f 3081 3108 3114
f 3081 3079 3108
f 3108 3110 3114
f 3113 3112 3116
f 3112 3115 3116
f 3119 3118 3117
f 3118 3121 3120
f 3117 3118 3120
f 3121 3123 3122
f 3120 3121 3122
f 3123 3125 3124
f 3122 3123 3124
f 3125 3126 3124
f 3129 3128 3127
f 3117 3083 3084
f 3119 3117 3084
f 3119 3084 3127
f 3119 3127 3128
f 3083 3130 3085
f 3083 3117 3130
f 3117 3120 3130
f 3088 3122 3087
f 3088 3130 3122
f 3130 3120 3122
f 3087 3131 3089
f 3087 3122 3131
f 3122 3124 3131
f 3126 3133 3132
f 3126 3132 3124
f 3124 3132 3131
f 3133 3135 3134
f 3132 3133 3134
f 3135 3136 3134
f 3138 3129 3127
f 3137 3138 3127
f 3090 3127 3084
f 3090 3139 3127
f 3139 3137 3127
f 3085 3139 3090
f 3085 3130 3139
f 3130 3140 3139
f 3091 3130 3088
f 3091 3141 3130
f 3141 3140 3130
f 3089 3141 3091
f 3089 3131 3141
f 3131 3142 3141
f 3131 3132 3142
f 3132 3143 3142
f 3132 3134 3143
f 3134 3144 3143
f 3136 3146 3145
f 3136 3145 3134
f 3134 3145 3144
f 3146 3148 3147
f 3145 3146 3147
f 3148 3149 3147
f 3151 3138 3137
f 3150 3151 3137
f 3137 3139 3150
f 3139 3152 3150
f 3139 3140 3152
f 3140 3153 3152
f 3140 3141 3153
f 3141 3154 3153
f 3141 3142 3154
f 3142 3155 3154
f 3142 3143 3155
f 3143 3156 3155
f 3143 3144 3156
f 3144 3157 3156
f 3144 3145 3157
f 3145 3158 3157
f 3145 3147 3158
f 3147 3159 3158
f 3149 3161 3160
f 3149 3160 3147
f 3147 3160 3159
f 3161 3162 3160
f 3151 3150 3163
f 3150 3152 3164
f 3163 3150 3164
f 3152 3153 3165
f 3164 3152 3165
f 3153 3154 3166
f 3165 3153 3166
f 3154 3155 3167
f 3166 3154 3167
f 3155 3156 3168
f 3167 3155 3168
f 3156 3157 3169
f 3168 3156 3169
f 3157 3158 3170
f 3169 3157 3170
f 3158 3159 3171
f 3170 3158 3171
f 3159 3160 3172
f 3171 3159 3172
f 3160 3162 3172
f 3175 3174 3173
f 3094 3173 3174
f 3094 3174 3093
f 3093 3174 3176
f 3176 3177 3093
f 3093 3177 3096
f 3178 3097 3096
f 3178 3096 3179
f 3179 3096 3177
f 3179 3180 3178
f 3099 3182 3181
f 3098 3099 3181
f 3173 3181 3175
f 3173 3100 3181
f 3100 3098 3181
f 3173 3094 3100
f 3183 3097 3178
f 3103 3097 3183
f 3180 3184 3183
f 3178 3180 3183
f 3182 3099 3185
f 3185 3099 3104
f 3186 3103 3183
f 3106 3103 3186
f 3184 3187 3186
f 3183 3184 3186
f 3185 3104 3188
f 3188 3104 3107
f 3109 3189 3110
f 3189 3190 3191
f 3109 3190 3189
f 3109 3186 3190
f 3109 3106 3186
f 3186 3187 3190
f 3188 3107 3111
f 3192 3188 3111
f 3111 3193 3192
f 3113 3193 3111
f 3114 3194 3115
f 3110 3194 3114
f 3110 3189 3194
f 3189 3195 3194
f 3191 3196 3195
f 3189 3191 3195
f 3193 3113 3116
f 3197 3193 3116
f 3115 3194 3198
f 3115 3198 3116
f 3116 3198 3197
f 3194 3195 3199
f 3198 3194 3199
f 3195 3196 3199
f 3202 3201 3200
f 3201 3204 3203
f 3200 3201 3203
f 3204 3205 3203
f 3208 3207 3206
f 3207 3210 3209
f 3206 3207 3209
f 3210 3212 3211
f 3209 3210 3211
f 3212 3214 3213
f 3211 3212 3213
f 3214 3216 3215
f 3213 3214 3215
f 3216 3218 3217
f 3215 3216 3217
f 3218 3220 3219
f 3217 3218 3219
f 3220 3202 3200
f 3220 3200 3219
f 3219 3200 3221
f 3200 3203 3221
f 3203 3222 3221
f 3205 3223 3222
f 3203 3205 3222
f 3226 3225 3224
f 3225 3228 3227
f 3224 3225 3227
f 3228 3208 3206
f 3228 3206 3227
f 3227 3206 3229
f 3206 3209 3229
f 3209 3230 3229
f 3209 3211 3230
f 3211 3231 3230
f 3211 3213 3231
f 3213 3232 3231
f 3213 3215 3232
f 3215 3233 3232
f 3215 3217 3233
f 3217 3234 3233
f 3217 3219 3234
f 3219 3235 3234
f 3219 3221 3235
f 3221 3236 3235
f 3237 3238 3236
f 3237 3236 3222
f 3222 3236 3221
f 3222 3223 3237
f 3240 3226 3224
f 3239 3240 3224
f 3224 3227 3239
f 3227 3241 3239
f 3227 3229 3241
f 3229 3242 3241
f 3229 3230 3242
f 3230 3243 3242
f 3230 3231 3243
f 3231 3244 3243
f 3231 3232 3244
f 3232 3245 3244
f 3232 3233 3245
f 3233 3246 3245
f 3247 3248 3246
f 3247 3246 3234
f 3234 3246 3233
f 3234 3235 3249
f 3247 3234 3249
f 3235 3236 3250
f 3249 3235 3250
f 3236 3238 3250
f 3252 3240 3239
f 3251 3252 3239
f 3239 3241 3251
f 3241 3253 3251
f 3241 3242 3253
f 3242 3254 3253
f 3242 3243 3254
f 3243 3255 3254
f 3243 3244 3255
f 3244 3256 3255
f 3244 3245 3256
f 3245 3257 3256
f 3258 3259 3257
f 3258 3257 3246
f 3246 3257 3245
f 3246 3248 3258
f 3252 3251 3260
f 3251 3253 3261
f 3260 3251 3261
f 3263 3261 3253
f 3263 3253 3262
f 3262 3253 3254
f 3254 3255 3262
f 3255 3264 3262
f 3265 3266 3264
f 3265 3264 3256
f 3256 3264 3255
f 3256 3257 3267
f 3265 3256 3267
f 3257 3259 3267
f 3263 3262 3268
f 3262 3264 3269
f 3268 3262 3269
f 3264 3266 3269
f 3272 3271 3270
f 3271 3274 3273
f 3270 3271 3273
f 3274 3276 3275
f 3273 3274 3275
f 3276 3277 3275
f 3280 3279 3278
f 3270 3118 3119
f 3272 3270 3119
f 3272 3119 3278
f 3272 3278 3279
f 3273 3118 3270
f 3121 3118 3273
f 3275 3121 3273
f 3123 3121 3275
f 3277 3123 3275
f 3277 3281 3123
f 3281 3125 3123
f 3282 3126 3125
f 3282 3125 3283
f 3283 3125 3281
f 3283 3284 3282
f 3287 3286 3285
f 3278 3128 3129
f 3280 3278 3129
f 3280 3129 3285
f 3280 3285 3286
f 3278 3119 3128
f 3282 3133 3126
f 3284 3133 3282
f 3284 3288 3133
f 3288 3135 3133
f 3289 3136 3135
f 3289 3135 3290
f 3290 3135 3288
f 3290 3292 3291
f 3289 3290 3291
f 3292 3294 3293
f 3291 3292 3293
f 3294 3295 3293
f 3297 3287 3285
f 3296 3297 3285
f 3285 3138 3296
f 3129 3138 3285
f 3289 3146 3136
f 3291 3146 3289
f 3148 3146 3291
f 3148 3298 3149
f 3148 3291 3298
f 3291 3293 3298
f 3295 3300 3299
f 3295 3299 3293
f 3293 3299 3298
f 3300 3302 3301
f 3299 3300 3301
f 3302 3303 3301
f 3305 3297 3296
f 3304 3305 3296
f 3296 3151 3304
f 3138 3151 3296
f 3298 3161 3149
f 3161 3306 3162
f 3161 3298 3306
f 3298 3299 3306
f 3299 3301 3306
f 3301 3307 3306
f 3303 3308 3307
f 3301 3303 3307
f 3305 3304 3309
f 3311 3163 3310
f 3309 3163 3311
f 3309 3151 3163
f 3309 3304 3151
f 3164 3310 3163
f 3312 3310 3164
f 3312 3313 3314
f 3312 3164 3313
f 3164 3165 3313
f 3313 3165 3315
f 3165 3166 3315
f 3315 3166 3316
f 3166 3167 3316
f 3318 3168 3317
f 3318 3316 3168
f 3316 3167 3168
f 3169 3317 3168
f 3319 3317 3169
f 3170 3319 3169
f 3320 3319 3170
f 3171 3320 3170
f 3321 3320 3171
f 3172 3321 3171
f 3322 3321 3172
f 3162 3322 3172
f 3162 3306 3322
f 3306 3323 3322
f 3306 3307 3323
f 3307 3324 3323
f 3308 3325 3324
f 3307 3308 3324
f 3311 3310 3326
f 3310 3312 3327
f 3326 3310 3327
f 3312 3314 3327
f 3318 3317 3328
f 3317 3319 3329
f 3328 3317 3329
f 3319 3320 3330
f 3329 3319 3330
f 3320 3321 3331
f 3330 3320 3331
f 3321 3322 3332
f 3331 3321 3332
f 3322 3323 3333
f 3332 3322 3333
f 3323 3324 3334
f 3333 3323 3334
f 3324 3325 3334
f 3337 3336 3335
f 3336 3339 3338
f 3335 3336 3338
f 3339 3341 3340
f 3338 3339 3340
f 3341 3343 3342
f 3340 3341 3342
f 3343 3344 3342
f 3346 3337 3335
f 3345 3346 3335
f 3335 3338 3345
f 3338 3347 3345
f 3338 3340 3347
f 3340 3348 3347
f 3349 3350 3348
f 3349 3348 3342
f 3342 3348 3340
f 3342 3344 3349
f 3353 3352 3351
f 3352 3355 3354
f 3351 3352 3354
f 3355 3356 3354
f 3346 3345 3357
f 3359 3357 3345
f 3359 3345 3358
f 3358 3345 3347
f 3347 3348 3358
f 3348 3360 3358
f 3350 3361 3174
f 3350 3174 3360
f 3350 3360 3348
f 3360 3174 3175
f 3361 3362 3174
f 3174 3362 3176
f 3351 3362 3353
f 3351 3177 3362
f 3177 3176 3362
f 3354 3177 3351
f 3179 3177 3354
f 3179 3363 3180
f 3354 3363 3179
f 3354 3364 3363
f 3354 3356 3364
f 3364 3365 3363
f 3368 3367 3366
f 3367 3359 3358
f 3367 3358 3366
f 3366 3358 3369
f 3182 3360 3181
f 3182 3369 3360
f 3369 3358 3360
f 3360 3175 3181
f 3370 3180 3363
f 3184 3180 3370
f 3365 3371 3370
f 3363 3365 3370
f 3373 3368 3366
f 3372 3373 3366
f 3366 3369 3372
f 3369 3374 3372
f 3369 3185 3374
f 3182 3185 3369
f 3375 3184 3370
f 3187 3184 3375
f 3371 3376 3375
f 3370 3371 3375
f 3373 3372 3377
f 3379 3377 3372
f 3379 3372 3378
f 3378 3372 3374
f 3374 3188 3378
f 3185 3188 3374
f 3190 3380 3191
f 3187 3380 3190
f 3187 3375 3380
f 3375 3381 3380
f 3376 3382 3381
f 3375 3376 3381
f 3384 3379 3378
f 3383 3384 3378
f 3192 3378 3188
f 3192 3385 3378
f 3385 3383 3378
f 3192 3193 3385
f 3386 3191 3380
f 3196 3191 3386
f 3380 3381 3386
f 3381 3387 3386
f 3382 3388 3387
f 3381 3382 3387
f 3390 3384 3383
f 3389 3390 3383
f 3383 3385 3389
f 3385 3391 3389
f 3197 3385 3193
f 3197 3392 3385
f 3392 3391 3385
f 3198 3392 3197
f 3393 3392 3198
f 3199 3393 3198
f 3394 3393 3199
f 3196 3394 3199
f 3196 3386 3394
f 3386 3395 3394
f 3396 3397 3395
f 3396 3395 3387
f 3387 3395 3386
f 3387 3388 3396
f 3399 3390 3389
f 3398 3399 3389
f 3389 3391 3398
f 3391 3400 3398
f 3391 3392 3400
f 3392 3401 3400
f 3392 3393 3401
f 3393 3402 3401
f 3393 3394 3402
f 3394 3403 3402
f 3404 3405 3403
f 3404 3403 3395
f 3395 3403 3394
f 3395 3397 3404
f 3408 3407 3406
f 3407 3410 3409
f 3406 3407 3409
f 3410 3412 3411
f 3409 3410 3411
f 3412 3413 3411
f 3399 3398 3414
f 3398 3400 3415
f 3414 3398 3415
f 3400 3401 3416
f 3415 3400 3416
f 3401 3402 3417
f 3416 3401 3417
f 3402 3403 3418
f 3417 3402 3418
f 3403 3405 3418
f 3421 3420 3419
f 3420 3423 3422
f 3419 3420 3422
f 3423 3425 3424
f 3422 3423 3424
f 3406 3201 3202
f 3408 3406 3202
f 3408 3202 3424
f 3408 3424 3425
f 3409 3201 3406
f 3204 3201 3409
f 3204 3426 3205
f 3204 3409 3426
f 3409 3411 3426
f 3413 3428 3427
f 3413 3427 3411
f 3411 3427 3426
f 3428 3429 3427
f 3432 3431 3430
f 3431 3434 3433
f 3430 3431 3433
f 3434 3436 3435
f 3433 3434 3435
f 3208 3435 3436
f 3208 3436 3207
f 3207 3436 3437
f 3437 3438 3207
f 3207 3438 3210
f 3438 3439 3210
f 3210 3439 3212
f 3439 3440 3212
f 3212 3440 3214
f 3419 3440 3421
f 3419 3216 3440
f 3216 3214 3440
f 3422 3216 3419
f 3218 3216 3422
f 3424 3218 3422
f 3220 3218 3424
f 3424 3202 3220
f 3441 3205 3426
f 3223 3205 3441
f 3426 3427 3441
f 3427 3442 3441
f 3429 3443 3442
f 3427 3429 3442
f 3445 3432 3430
f 3444 3445 3430
f 3226 3433 3225
f 3226 3444 3433
f 3444 3430 3433
f 3435 3225 3433
f 3228 3225 3435
f 3435 3208 3228
f 3237 3446 3238
f 3223 3446 3237
f 3223 3441 3446
f 3441 3447 3446
f 3448 3449 3447
f 3448 3447 3442
f 3442 3447 3441
f 3442 3443 3448
f 3451 3445 3444
f 3450 3451 3444
f 3444 3240 3450
f 3226 3240 3444
f 3247 3452 3248
f 3249 3452 3247
f 3453 3452 3249
f 3250 3453 3249
f 3454 3453 3250
f 3454 3455 3456
f 3250 3455 3454
f 3250 3446 3455
f 3250 3238 3446
f 3446 3447 3457
f 3455 3446 3457
f 3447 3449 3457
f 3459 3451 3450
f 3458 3459 3450
f 3450 3252 3458
f 3240 3252 3450
f 3258 3460 3259
f 3460 3461 3462
f 3258 3461 3460
f 3258 3452 3461
f 3258 3248 3452
f 3452 3453 3463
f 3461 3452 3463
f 3453 3454 3464
f 3463 3453 3464
f 3454 3456 3464
f 3459 3458 3465
f 3467 3260 3466
f 3465 3260 3467
f 3465 3252 3260
f 3465 3458 3252
f 3261 3466 3260
f 3468 3466 3261
f 3261 3263 3468
f 3266 3469 3470
f 3265 3469 3266
f 3469 3265 3471
f 3265 3267 3471
f 3259 3460 3472
f 3259 3472 3267
f 3267 3472 3471
f 3460 3462 3472
f 3467 3466 3473
f 3466 3468 3474
f 3473 3466 3474
f 3468 3263 3268
f 3468 3268 3474
f 3474 3268 3475
f 3475 3268 3476
f 3268 3269 3476
f 3476 3269 3266
f 3470 3476 3266
f 3479 3478 3477
f 3272 3477 3478
f 3272 3478 3271
f 3271 3478 3480
f 3480 3481 3271
f 3271 3481 3274
f 3481 3482 3274
f 3274 3482 3276
f 3276 3482 3483
f 3277 3276 3483
f 3486 3485 3484
f 3477 3279 3280
f 3479 3477 3280
f 3479 3280 3484
f 3479 3484 3485
f 3477 3272 3279
f 3483 3281 3277
f 3487 3281 3483
f 3487 3488 3281
f 3281 3488 3283
f 3283 3488 3489
f 3284 3283 3489
f 3484 3286 3287
f 3484 3287 3486
f 3486 3287 3490
f 3484 3280 3286
f 3489 3288 3284
f 3491 3288 3489
f 3491 3492 3288
f 3288 3492 3290
f 3492 3493 3290
f 3290 3493 3292
f 3493 3494 3292
f 3292 3494 3294
f 3495 3295 3294
f 3495 3294 3496
f 3496 3294 3494
f 3496 3497 3495
f 3490 3287 3498
f 3498 3287 3297
f 3495 3300 3295
f 3497 3300 3495
f 3497 3499 3300
f 3499 3302 3300
f 3500 3303 3302
f 3500 3302 3501
f 3501 3302 3499
f 3501 3502 3500
f 3498 3297 3503
f 3503 3297 3305
f 3504 3303 3500
f 3308 3303 3504
f 3502 3505 3504
f 3500 3502 3504
f 3309 3506 3507
f 3309 3507 3305
f 3305 3507 3503
f 3309 3311 3506
f 3313 3508 3314
f 3315 3508 3313
f 3509 3508 3315
f 3509 3510 3511
f 3509 3315 3510
f 3315 3316 3510
f 3316 3512 3510
f 3318 3512 3316
f 3513 3308 3504
f 3325 3308 3513
f 3505 3515 3514
f 3505 3514 3504
f 3504 3514 3513
f 3515 3516 3514
f 3519 3518 3517
f 3518 3521 3520
f 3517 3518 3520
f 3521 3522 3520
f 3507 3506 3523
f 3506 3311 3326
f 3506 3326 3523
f 3523 3326 3524
f 3524 3326 3525
f 3326 3327 3525
f 3314 3508 3526
f 3314 3526 3327
f 3327 3526 3525
f 3508 3509 3527
f 3526 3508 3527
f 3509 3511 3527
f 3512 3318 3328
f 3528 3512 3328
f 3528 3328 3529
f 3328 3329 3529
f 3529 3329 3530
f 3329 3330 3530
f 3530 3330 3531
f 3330 3331 3531
f 3533 3332 3532
f 3533 3531 3332
f 3531 3331 3332
f 3333 3532 3332
f 3534 3532 3333
f 3334 3534 3333
f 3535 3534 3334
f 3325 3535 3334
f 3325 3513 3535
f 3513 3536 3535
f 3513 3514 3536
f 3514 3537 3536
f 3516 3539 3538
f 3516 3538 3514
f 3514 3538 3537
f 3539 3541 3540
f 3538 3539 3540
f 3541 3543 3542
f 3540 3541 3542
f 3543 3545 3544
f 3542 3543 3544
f 3545 3519 3517
f 3545 3517 3544
f 3544 3517 3546
f 3517 3520 3546
f 3520 3547 3546
f 3522 3549 3548
f 3522 3548 3520
f 3520 3548 3547
f 3549 3551 3550
f 3548 3549 3550
f 3551 3553 3552
f 3550 3551 3552
f 3553 3554 3552
f 3533 3532 3555
f 3532 3534 3556
f 3555 3532 3556
f 3534 3535 3557
f 3556 3534 3557
f 3535 3536 3558
f 3557 3535 3558
f 3536 3537 3559
f 3558 3536 3559
f 3537 3538 3560
f 3559 3537 3560
f 3562 3560 3538
f 3562 3538 3561
f 3561 3538 3540
f 3540 3542 3561
f 3542 3563 3561
f 3542 3544 3563
f 3544 3564 3563
f 3337 3546 3336
f 3337 3564 3546
f 3564 3544 3546
f 3547 3336 3546
f 3339 3336 3547
f 3548 3339 3547
f 3341 3339 3548
f 3550 3341 3548
f 3343 3341 3550
f 3343 3565 3344
f 3343 3550 3565
f 3550 3552 3565
f 3554 3567 3566
f 3554 3566 3552
f 3552 3566 3565
f 3567 3569 3568
f 3566 3567 3568
f 3569 3570 3568
f 3562 3561 3571
f 3573 3571 3561
f 3573 3561 3572
f 3572 3561 3563
f 3563 3564 3572
f 3564 3574 3572
f 3564 3346 3574
f 3337 3346 3564
f 3349 3575 3350
f 3344 3575 3349
f 3344 3565 3575
f 3565 3576 3575
f 3353 3566 3352
f 3353 3576 3566
f 3576 3565 3566
f 3568 3352 3566
f 3355 3352 3568
f 3355 3577 3356
f 3568 3577 3355
f 3568 3578 3577
f 3568 3570 3578
f 3578 3580 3579
f 3577 3578 3579
f 3580 3581 3579
f 3583 3573 3572
f 3582 3583 3572
f 3572 3574 3582
f 3574 3584 3582
f 3357 3574 3346
f 3357 3585 3574
f 3585 3584 3574
f 3357 3359 3585
f 3575 3361 3350
f 3576 3361 3575
f 3362 3361 3576
f 3576 3353 3362
f 3577 3364 3356
f 3364 3586 3365
f 3364 3577 3586
f 3577 3579 3586
f 3581 3587 3586
f 3579 3581 3586
f 3583 3582 3588
f 3590 3588 3582
f 3590 3582 3589
f 3589 3582 3584
f 3368 3585 3367
f 3368 3589 3585
f 3589 3584 3585
f 3585 3359 3367
f 3591 3365 3586
f 3371 3365 3591
f 3587 3592 3591
f 3586 3587 3591
f 3594 3590 3589
f 3593 3594 3589
f 3589 3373 3593
f 3368 3373 3589
f 3595 3371 3591
f 3376 3371 3595
f 3592 3596 3595
f 3591 3592 3595
f 3599 3598 3597
f 3598 3594 3593
f 3598 3593 3597
f 3597 3593 3600
f 3377 3593 3373
f 3377 3601 3593
f 3601 3600 3593
f 3377 3379 3601
f 3602 3376 3595
f 3382 3376 3602
f 3596 3603 3602
f 3595 3596 3602
f 3605 3599 3597
f 3604 3605 3597
f 3597 3600 3604
f 3600 3606 3604
f 3600 3601 3606
f 3601 3607 3606
f 3601 3384 3607
f 3379 3384 3601
f 3608 3382 3602
f 3388 3382 3608
f 3603 3609 3608
f 3602 3603 3608
f 3611 3605 3604
f 3610 3611 3604
f 3604 3606 3610
f 3606 3612 3610
f 3606 3607 3612
f 3607 3613 3612
f 3607 3390 3613
f 3384 3390 3607
f 3396 3614 3397
f 3388 3614 3396
f 3388 3608 3614
f 3608 3615 3614
f 3609 3616 3615
f 3608 3609 3615
f 3618 3611 3610
f 3617 3618 3610
f 3610 3612 3617
f 3612 3619 3617
f 3612 3613 3619
f 3613 3620 3619
f 3613 3399 3620
f 3390 3399 3613
f 3404 3621 3405
f 3621 3622 3623
f 3404 3622 3621
f 3404 3614 3622
f 3404 3397 3614
f 3614 3615 3624
f 3622 3614 3624
f 3615 3616 3624
f 3408 3626 3625
f 3407 3408 3625
f 3625 3627 3407
f 3407 3627 3410
f 3627 3628 3410
f 3410 3628 3412
f 3629 3413 3412
f 3629 3412 3630
f 3630 3412 3628
f 3630 3632 3631
f 3629 3630 3631
f 3632 3634 3633
f 3631 3632 3633
f 3634 3636 3635
f 3633 3634 3635
f 3636 3618 3617
f 3636 3617 3635
f 3635 3617 3637
f 3617 3619 3637
f 3619 3638 3637
f 3619 3620 3638
f 3620 3639 3638
f 3414 3620 3399
f 3414 3640 3620
f 3640 3639 3620
f 3415 3640 3414
f 3641 3640 3415
f 3416 3641 3415
f 3642 3641 3416
f 3417 3642 3416
f 3643 3642 3417
f 3418 3643 3417
f 3644 3643 3418
f 3644 3645 3646
f 3418 3645 3644
f 3418 3621 3645
f 3418 3405 3621
f 3621 3623 3645
f 3649 3648 3647
f 3648 3651 3650
f 3647 3648 3650
f 3651 3653 3652
f 3650 3651 3652
f 3653 3654 3652
f 3420 3421 3655
f 3655 3657 3656
f 3655 3656 3420
f 3420 3656 3423
f 3656 3658 3423
f 3423 3658 3425
f 3658 3408 3425
f 3626 3408 3658
f 3629 3428 3413
f 3428 3659 3429
f 3428 3629 3659
f 3629 3631 3659
f 3631 3633 3659
f 3633 3660 3659
f 3633 3635 3660
f 3635 3661 3660
f 3635 3637 3661
f 3637 3662 3661
f 3637 3638 3662
f 3638 3663 3662
f 3664 3665 3663
f 3664 3663 3639
f 3639 3663 3638
f 3639 3640 3666
f 3664 3639 3666
f 3640 3641 3667
f 3666 3640 3667
f 3641 3642 3668
f 3667 3641 3668
f 3642 3643 3669
f 3668 3642 3669
f 3643 3644 3670
f 3669 3643 3670
f 3644 3646 3670
f 3432 3672 3671
f 3431 3432 3671
f 3647 3671 3649
f 3647 3434 3671
f 3434 3431 3671
f 3650 3434 3647
f 3436 3434 3650
f 3652 3436 3650
f 3437 3436 3652
f 3654 3437 3652
f 3654 3673 3437
f 3673 3438 3437
f 3673 3674 3438
f 3438 3674 3439
f 3674 3675 3439
f 3439 3675 3440
f 3421 3676 3655
f 3421 3440 3676
f 3440 3675 3676
f 3655 3676 3657
f 3677 3429 3659
f 3443 3429 3677
f 3659 3660 3677
f 3660 3678 3677
f 3660 3661 3678
f 3661 3679 3678
f 3661 3662 3679
f 3662 3680 3679
f 3662 3663 3680
f 3663 3681 3680
f 3665 3682 3681
f 3663 3665 3681
f 3672 3432 3683
f 3683 3432 3445
f 3448 3684 3449
f 3443 3684 3448
f 3443 3677 3684
f 3677 3685 3684
f 3686 3687 3685
f 3686 3685 3678
f 3678 3685 3677
f 3678 3679 3688
f 3686 3678 3688
f 3679 3680 3689
f 3688 3679 3689
f 3680 3681 3690
f 3689 3680 3690
f 3681 3682 3690
f 3683 3445 3691
f 3691 3445 3451
f 3456 3692 3693
f 3455 3692 3456
f 3692 3455 3694
f 3455 3457 3694
f 3449 3684 3695
f 3449 3695 3457
f 3457 3695 3694
f 3684 3685 3696
f 3695 3684 3696
f 3685 3687 3696
f 3697 3698 3691
f 3697 3691 3459
f 3459 3691 3451
f 3698 3697 3699
f 3702 3700 3701
f 3701 3703 3704
f 3700 3703 3701
f 3462 3704 3703
f 3462 3461 3704
f 3461 3705 3704
f 3705 3461 3706
f 3461 3463 3706
f 3706 3463 3707
f 3463 3464 3707
f 3707 3464 3456
f 3693 3707 3456
f 3697 3459 3465
f 3465 3699 3697
f 3465 3467 3699
f 3467 3708 3699
f 3711 3709 3710
f 3470 3710 3709
f 3470 3469 3710
f 3469 3712 3710
f 3700 3702 3712
f 3700 3712 3471
f 3471 3712 3469
f 3703 3700 3471
f 3472 3703 3471
f 3703 3472 3462
f 3708 3467 3473
f 3713 3708 3473
f 3713 3473 3714
f 3473 3474 3714
f 3714 3474 3715
f 3474 3475 3715
f 3709 3711 3715
f 3709 3715 3476
f 3476 3715 3475
f 3709 3476 3470
f 3478 3479 3716
f 3716 3718 3717
f 3716 3717 3478
f 3478 3717 3480
f 3717 3719 3480
f 3480 3719 3481
f 3721 3720 3482
f 3721 3482 3719
f 3719 3482 3481
f 3482 3720 3483
f 3485 3486 3722
f 3722 3724 3723
f 3485 3722 3723
f 3485 3723 3716
f 3485 3716 3479
f 3716 3723 3718
f 3721 3725 3720
f 3727 3726 3487
f 3725 3727 3487
f 3725 3487 3483
f 3725 3483 3720
f 3488 3487 3726
f 3728 3488 3726
f 3488 3728 3489
f 3729 3722 3486
f 3729 3486 3730
f 3730 3486 3490
f 3722 3729 3724
f 3727 3731 3726
f 3733 3726 3731
f 3733 3732 3726
f 3732 3728 3726
f 3491 3489 3728
f 3491 3728 3734
f 3734 3728 3732
f 3492 3491 3734
f 3735 3492 3734
f 3735 3737 3736
f 3735 3736 3492
f 3492 3736 3493
f 3736 3738 3493
f 3493 3738 3494
f 3738 3739 3494
f 3494 3739 3496
f 3740 3497 3496
f 3740 3496 3741
f 3741 3496 3739
f 3741 3743 3742
f 3740 3741 3742
f 3743 3744 3742
f 3730 3490 3745
f 3745 3490 3498
f 3747 3732 3733
f 3746 3732 3747
f 3732 3746 3734
f 3734 3746 3748
f 3749 3748 3750
f 3749 3735 3748
f 3735 3734 3748
f 3735 3749 3737
f 3740 3499 3497
f 3742 3499 3740
f 3501 3499 3742
f 3501 3751 3502
f 3742 3751 3501
f 3742 3752 3751
f 3742 3744 3752
f 3752 3754 3753
f 3751 3752 3753
f 3754 3755 3753
f 3745 3498 3756
f 3756 3498 3503
f 3759 3757 3758
f 3758 3760 3761
f 3757 3760 3758
f 3761 3746 3747
f 3761 3760 3746
f 3760 3762 3746
f 3763 3762 3764
f 3763 3748 3762
f 3748 3746 3762
f 3748 3763 3750
f 3765 3502 3751
f 3505 3502 3765
f 3751 3753 3765
f 3753 3766 3765
f 3755 3768 3767
f 3755 3767 3753
f 3753 3767 3766
f 3768 3770 3769
f 3767 3768 3769
f 3770 3772 3771
f 3769 3770 3771
f 3772 3774 3773
f 3771 3772 3773
f 3774 3776 3775
f 3773 3774 3775
f 3776 3777 3775
f 3778 3779 3756
f 3778 3756 3507
f 3507 3756 3503
f 3779 3780 3781
f 3778 3780 3779
f 3781 3782 3783
f 3780 3782 3781
f 3783 3784 3785
f 3782 3784 3783
f 3785 3757 3759
f 3785 3784 3757
f 3784 3786 3757
f 3511 3510 3760
f 3511 3760 3786
f 3786 3760 3757
f 3510 3512 3787
f 3510 3787 3760
f 3760 3787 3762
f 3764 3788 3789
f 3764 3762 3788
f 3762 3787 3788
f 3789 3788 3790
f 3765 3515 3505
f 3515 3791 3516
f 3515 3765 3791
f 3765 3766 3791
f 3766 3767 3791
f 3767 3792 3791
f 3767 3769 3792
f 3769 3793 3792
f 3769 3771 3793
f 3771 3794 3793
f 3519 3773 3518
f 3519 3794 3773
f 3794 3771 3773
f 3775 3518 3773
f 3521 3518 3775
f 3521 3795 3522
f 3775 3795 3521
f 3775 3796 3795
f 3775 3777 3796
f 3796 3798 3797
f 3795 3796 3797
f 3798 3799 3797
f 3778 3507 3523
f 3780 3778 3523
f 3524 3780 3523
f 3782 3780 3524
f 3525 3782 3524
f 3784 3782 3525
f 3526 3784 3525
f 3786 3784 3526
f 3527 3786 3526
f 3786 3527 3511
f 3787 3512 3528
f 3788 3787 3528
f 3529 3788 3528
f 3790 3788 3529
f 3790 3529 3800
f 3800 3529 3530
f 3802 3531 3801
f 3802 3800 3531
f 3800 3530 3531
f 3531 3533 3801
f 3791 3539 3516
f 3792 3539 3791
f 3541 3539 3792
f 3793 3541 3792
f 3543 3541 3793
f 3794 3543 3793
f 3545 3543 3794
f 3794 3519 3545
f 3795 3549 3522
f 3797 3549 3795
f 3551 3549 3797
f 3799 3551 3797
f 3799 3803 3551
f 3803 3553 3551
f 3804 3554 3553
f 3804 3553 3805
f 3805 3553 3803
f 3805 3807 3806
f 3804 3805 3806
f 3807 3808 3806
f 3802 3801 3809
f 3801 3533 3555
f 3801 3555 3809
f 3809 3555 3810
f 3810 3555 3811
f 3555 3556 3811
f 3811 3556 3812
f 3556 3557 3812
f 3812 3557 3813
f 3557 3558 3813
f 3815 3559 3814
f 3815 3813 3559
f 3813 3558 3559
f 3560 3814 3559
f 3816 3814 3560
f 3560 3562 3816
f 3804 3567 3554
f 3806 3567 3804
f 3569 3567 3806
f 3569 3817 3570
f 3806 3817 3569
f 3806 3818 3817
f 3806 3808 3818
f 3818 3819 3817
f 3815 3814 3820
f 3822 3820 3814
f 3822 3814 3821
f 3821 3814 3816
f 3571 3816 3562
f 3571 3823 3816
f 3823 3821 3816
f 3571 3573 3823
f 3817 3578 3570
f 3819 3578 3817
f 3819 3824 3578
f 3824 3580 3578
f 3825 3581 3580
f 3825 3580 3826
f 3826 3580 3824
f 3826 3827 3825
f 3822 3821 3828
f 3830 3828 3821
f 3830 3821 3829
f 3829 3821 3823
f 3823 3583 3829
f 3573 3583 3823
f 3831 3581 3825
f 3587 3581 3831
f 3827 3833 3832
f 3827 3832 3825
f 3825 3832 3831
f 3833 3834 3832
f 3830 3829 3835
f 3837 3588 3836
f 3835 3588 3837
f 3835 3583 3588
f 3835 3829 3583
f 3588 3590 3836
f 3838 3587 3831
f 3592 3587 3838
f 3839 3840 3838
f 3839 3838 3832
f 3832 3838 3831
f 3832 3834 3839
f 3842 3837 3836
f 3841 3842 3836
f 3836 3594 3841
f 3590 3594 3836
f 3843 3592 3838
f 3596 3592 3843
f 3840 3844 3843
f 3838 3840 3843
f 3847 3846 3845
f 3841 3598 3599
f 3842 3841 3599
f 3842 3599 3845
f 3842 3845 3846
f 3841 3594 3598
f 3848 3596 3843
f 3603 3596 3848
f 3844 3849 3848
f 3843 3844 3848
f 3851 3847 3845
f 3850 3851 3845
f 3845 3605 3850
f 3599 3605 3845
f 3852 3603 3848
f 3609 3603 3852
f 3849 3853 3852
f 3848 3849 3852
f 3856 3855 3854
f 3855 3851 3850
f 3855 3850 3854
f 3854 3850 3857
f 3850 3611 3857
f 3605 3611 3850
f 3858 3609 3852
f 3858 3859 3609
f 3859 3616 3609
f 3852 3853 3858
f 3862 3861 3860
f 3861 3864 3863
f 3860 3861 3863
f 3864 3856 3854
f 3864 3854 3863
f 3863 3854 3865
f 3854 3857 3865
f 3857 3866 3865
f 3857 3618 3866
f 3611 3618 3857
f 3622 3867 3623
f 3867 3868 3869
f 3867 3622 3868
f 3622 3624 3868
f 3868 3624 3616
f 3859 3868 3616
f 3626 3871 3870
f 3625 3626 3870
f 3870 3872 3625
f 3625 3872 3627
f 3872 3873 3627
f 3627 3873 3628
f 3860 3873 3862
f 3860 3630 3873
f 3630 3628 3873
f 3863 3630 3860
f 3632 3630 3863
f 3865 3632 3863
f 3634 3632 3865
f 3866 3634 3865
f 3636 3634 3866
f 3866 3618 3636
f 3645 3874 3646
f 3874 3875 3876
f 3645 3875 3874
f 3645 3867 3875
f 3645 3623 3867
f 3867 3869 3875
f 3649 3878 3877
f 3648 3649 3877
f 3877 3879 3648
f 3648 3879 3651
f 3879 3880 3651
f 3651 3880 3653
f 3653 3880 3881
f 3654 3653 3881
f 3657 3883 3882
f 3656 3657 3882
f 3882 3884 3656
f 3656 3884 3658
f 3884 3626 3658
f 3871 3626 3884
f 3664 3885 3665
f 3666 3885 3664
f 3886 3885 3666
f 3667 3886 3666
f 3887 3886 3667
f 3668 3887 3667
f 3888 3887 3668
f 3669 3888 3668
f 3889 3888 3669
f 3889 3890 3891
f 3889 3669 3890
f 3669 3670 3890
f 3646 3874 3892
f 3646 3892 3670
f 3670 3892 3890
f 3874 3876 3892
f 3672 3894 3893
f 3671 3672 3893
f 3893 3649 3671
f 3878 3649 3893
f 3881 3673 3654
f 3895 3673 3881
f 3897 3896 3674
f 3897 3674 3895
f 3895 3674 3673
f 3675 3674 3896
f 3898 3675 3896
f 3676 3675 3898
f 3899 3676 3898
f 3899 3657 3676
f 3899 3900 3657
f 3900 3883 3657
f 3901 3665 3885
f 3682 3665 3901
f 3885 3886 3901
f 3886 3902 3901
f 3903 3904 3902
f 3903 3902 3887
f 3887 3902 3886
f 3887 3888 3905
f 3903 3887 3905
f 3888 3889 3906
f 3905 3888 3906
f 3889 3891 3906
f 3894 3672 3907
f 3907 3672 3683
f 3909 3896 3897
f 3908 3896 3909
f 3896 3908 3898
f 3898 3908 3910
f 3911 3910 3912
f 3911 3899 3910
f 3899 3898 3910
f 3899 3911 3900
f 3686 3913 3687
f 3688 3913 3686
f 3914 3913 3688
f 3689 3914 3688
f 3915 3914 3689
f 3690 3915 3689
f 3916 3915 3690
f 3916 3917 3918
f 3690 3917 3916
f 3690 3901 3917
f 3690 3682 3901
f 3901 3902 3919
f 3917 3901 3919
f 3902 3904 3919
f 3920 3921 3907
f 3920 3907 3691
f 3691 3907 3683
f 3921 3920 3922
f 3909 3923 3908
f 3908 3924 3910
f 3923 3924 3908
f 3910 3924 3912
f 3693 3925 3926
f 3692 3925 3693
f 3925 3692 3927
f 3692 3694 3927
f 3927 3694 3928
f 3694 3695 3928
f 3928 3695 3929
f 3695 3696 3929
f 3687 3913 3930
f 3687 3930 3696
f 3696 3930 3929
f 3932 3930 3913
f 3932 3913 3931
f 3931 3913 3914
f 3933 3934 3931
f 3933 3931 3915
f 3915 3931 3914
f 3915 3916 3935
f 3933 3915 3935
f 3916 3918 3935
f 3920 3691 3698
f 3698 3922 3920
f 3698 3699 3922
f 3699 3936 3922
f 3939 3937 3938
f 3702 3938 3937
f 3702 3701 3938
f 3701 3940 3938
f 3940 3701 3941
f 3701 3704 3941
f 3941 3704 3942
f 3704 3705 3942
f 3942 3705 3943
f 3705 3706 3943
f 3943 3706 3944
f 3706 3707 3944
f 3944 3707 3693
f 3926 3944 3693
f 3932 3931 3945
f 3931 3934 3945
f 3936 3699 3946
f 3946 3699 3708
f 3949 3947 3948
f 3711 3948 3947
f 3711 3710 3948
f 3710 3950 3948
f 3937 3939 3950
f 3937 3950 3712
f 3712 3950 3710
f 3937 3712 3702
f 3946 3708 3713
f 3951 3946 3713
f 3951 3713 3952
f 3713 3714 3952
f 3947 3949 3952
f 3947 3952 3715
f 3715 3952 3714
f 3947 3715 3711
f 3717 3718 3953
f 3719 3717 3953
f 3954 3719 3953
f 3719 3954 3721
f 3723 3724 3955
f 3955 3957 3956
f 3723 3955 3956
f 3723 3956 3953
f 3723 3953 3718
f 3953 3958 3954
f 3956 3958 3953
f 3960 3959 3725
f 3958 3960 3725
f 3958 3725 3721
f 3958 3721 3954
f 3725 3959 3727
f 3729 3730 3961
f 3961 3963 3962
f 3729 3961 3962
f 3729 3962 3955
f 3729 3955 3724
f 3955 3962 3957
f 3965 3959 3960
f 3964 3959 3965
f 3731 3727 3959
f 3731 3959 3966
f 3966 3959 3964
f 3731 3966 3733
f 3736 3737 3967
f 3967 3969 3968
f 3967 3968 3736
f 3736 3968 3738
f 3968 3970 3738
f 3738 3970 3739
f 3970 3971 3739
f 3739 3971 3741
f 3971 3972 3741
f 3741 3972 3743
f 3973 3744 3743
f 3973 3743 3974
f 3974 3743 3972
f 3974 3975 3973
f 3976 3961 3730
f 3745 3976 3730
f 3963 3976 3977
f 3961 3976 3963
f 3980 3978 3979
f 3979 3964 3965
f 3979 3978 3964
f 3978 3981 3964
f 3964 3981 3966
f 3966 3981 3982
f 3966 3982 3747
f 3733 3966 3747
f 3749 3750 3983
f 3737 3749 3983
f 3737 3983 3967
f 3967 3983 3984
f 3969 3984 3985
f 3967 3984 3969
f 3973 3752 3744
f 3975 3752 3973
f 3975 3986 3752
f 3986 3754 3752
f 3987 3755 3754
f 3987 3754 3988
f 3988 3754 3986
f 3988 3990 3989
f 3987 3988 3989
f 3990 3992 3991
f 3989 3990 3991
f 3992 3994 3993
f 3991 3992 3993
f 3994 3996 3995
f 3993 3994 3995
f 3996 3997 3995
f 3998 3976 3745
f 3756 3998 3745
f 3977 3999 4000
f 3977 3976 3999
f 3976 3998 3999
f 4000 4001 4002
f 3999 4001 4000
f 4002 3978 3980
f 4002 4001 3978
f 4001 4003 3978
f 3759 3758 3981
f 3759 3981 4003
f 4003 3981 3978
f 3982 3981 3758
f 3761 3982 3758
f 3982 3761 3747
f 3763 3764 4004
f 3750 3763 4004
f 3750 4004 3983
f 3983 4004 4005
f 4006 4005 4007
f 4006 3984 4005
f 3984 3983 4005
f 3984 4006 3985
f 3987 3768 3755
f 3989 3768 3987
f 3770 3768 3989
f 3991 3770 3989
f 3772 3770 3991
f 3993 3772 3991
f 3774 3772 3993
f 3995 3774 3993
f 3776 3774 3995
f 3776 4008 3777
f 3995 4008 3776
f 3995 4009 4008
f 3995 3997 4009
f 4009 4011 4010
f 4008 4009 4010
f 4011 4012 4010
f 3998 3756 3779
f 3999 3998 3779
f 3781 3999 3779
f 4001 3999 3781
f 3783 4001 3781
f 4003 4001 3783
f 3785 4003 3783
f 4003 3785 3759
f 4004 3764 3789
f 3789 3790 4013
f 3789 4013 4004
f 4004 4013 4005
f 4007 4013 4014
f 4005 4013 4007
f 4008 3796 3777
f 4010 3796 4008
f 3798 3796 4010
f 3798 4015 3799
f 4010 4015 3798
f 4010 4016 4015
f 4010 4012 4016
f 4016 4018 4017
f 4015 4016 4017
f 4018 4019 4017
f 4013 3790 3800
f 3800 3802 4020
f 4013 3800 4020
f 4013 4020 4021
f 4013 4021 4014
f 4021 4020 4022
f 4015 3803 3799
f 4017 3803 4015
f 3805 3803 4017
f 4019 3805 4017
f 4019 4023 3805
f 4023 3807 3805
f 4024 3808 3807
f 4024 3807 4025
f 4025 3807 4023
f 4025 4026 4024
f 4020 3802 3809
f 4022 4020 3809
f 4022 3809 4027
f 4027 3809 3810
f 4027 3810 4028
f 3810 3811 4028
f 4028 3811 4029
f 3811 3812 4029
f 4031 3813 4030
f 4031 4029 3813
f 4029 3812 3813
f 3813 3815 4030
f 4024 3818 3808
f 3818 4032 3819
f 4024 4032 3818
f 4024 4033 4032
f 4024 4026 4033
f 4033 4034 4032
f 4031 4030 4035
f 4037 3820 4036
f 4035 3820 4037
f 4035 3815 3820
f 4035 4030 3815
f 3820 3822 4036
f 4032 3824 3819
f 4034 3824 4032
f 4034 4038 3824
f 4038 3826 3824
f 3826 4038 4039
f 3827 3826 4039
f 4037 4036 4040
f 4042 3828 4041
f 4040 3828 4042
f 4040 3822 3828
f 4040 4036 3822
f 3828 3830 4041
f 4039 3833 3827
f 4043 3833 4039
f 3833 4043 4044
f 3834 3833 4044
f 4042 4041 4045
f 4047 3835 4046
f 4045 3835 4047
f 4045 3830 3835
f 4045 4041 3830
f 3835 3837 4046
f 3839 4048 3840
f 4048 3839 3834
f 4048 3834 4049
f 4049 3834 4044
f 4051 4047 4046
f 4050 4051 4046
f 4046 3842 4050
f 3837 3842 4046
f 4052 3840 4048
f 3844 3840 4052
f 4049 4053 4052
f 4048 4049 4052
f 4050 3846 3847
f 4050 3847 4051
f 4051 3847 4054
f 4050 3842 3846
f 4055 3844 4052
f 3849 3844 4055
f 4053 4056 4055
f 4052 4053 4055
f 4059 4058 4057
f 4058 3851 4057
f 4058 4054 3851
f 4054 3847 3851
f 4060 3849 4055
f 3853 3849 4060
f 4056 4061 4060
f 4055 4056 4060
f 4057 3855 3856
f 4057 3856 4059
f 4059 3856 4062
f 4057 3851 3855
f 3858 4063 3859
f 4063 4064 4065
f 3858 4064 4063
f 3858 4060 4064
f 3858 3853 4060
f 4060 4061 4064
f 4068 4067 4066
f 3862 4066 4067
f 3862 4067 3861
f 3861 4067 4069
f 4069 4070 3861
f 3861 4070 3864
f 4070 3856 3864
f 4062 3856 4070
f 3868 4071 3869
f 4071 4072 4073
f 3868 4072 4071
f 3868 4063 4072
f 3868 3859 4063
f 4063 4065 4072
f 3871 4075 4074
f 3870 3871 4074
f 4074 4076 3870
f 3870 4076 3872
f 4066 4076 4068
f 4066 3873 4076
f 3873 3872 4076
f 4066 3862 3873
f 3875 4077 3876
f 4077 4078 4079
f 3875 4078 4077
f 3875 4071 4078
f 3875 3869 4071
f 4071 4073 4078
f 3877 3878 4080
f 3879 3877 4080
f 4081 3879 4080
f 3880 3879 4081
f 4082 3880 4081
f 3880 4082 3881
f 3882 3883 4083
f 3884 3882 4083
f 4084 3884 4083
f 4084 3871 3884
f 4084 4085 3871
f 4085 4075 3871
f 3890 4086 3891
f 3892 4086 3890
f 4087 4086 3892
f 4087 4088 4089
f 3892 4088 4087
f 3892 4077 4088
f 3892 3876 4077
f 4077 4079 4088
f 3893 3894 4090
f 4090 4092 4091
f 3893 4090 4091
f 3893 4091 4080
f 3893 4080 3878
f 4080 4093 4081
f 4091 4093 4080
f 4095 4081 4093
f 4095 4094 4081
f 4094 4082 4081
f 3895 3881 4082
f 3895 4082 4096
f 4096 4082 4094
f 3895 4096 3897
f 4097 4083 3883
f 3900 4097 3883
f 4098 4097 4099
f 4098 4084 4097
f 4084 4083 4097
f 4084 4098 4085
f 3903 4100 3904
f 4100 4101 4102
f 4100 3903 4101
f 3903 3905 4101
f 4101 3905 4103
f 3905 3906 4103
f 3891 4086 4104
f 3891 4104 3906
f 3906 4104 4103
f 4086 4087 4105
f 4104 4086 4105
f 4087 4089 4105
f 4106 4090 3894
f 3907 4106 3894
f 4092 4106 4107
f 4090 4106 4092
f 4109 4094 4095
f 4108 4094 4109
f 4094 4108 4096
f 4096 4108 4110
f 4096 4110 3909
f 3897 4096 3909
f 3911 3912 4111
f 3900 3911 4111
f 3900 4111 4097
f 4097 4111 4112
f 4099 4112 4113
f 4097 4112 4099
f 3917 4114 3918
f 4114 4115 4116
f 4114 3917 4115
f 3917 3919 4115
f 3904 4100 4117
f 3904 4117 3919
f 3919 4117 4115
f 4100 4102 4117
f 4106 3907 3921
f 3921 3922 4118
f 4106 3921 4118
f 4106 4118 4119
f 4106 4119 4107
f 4119 4120 4121
f 4118 4120 4119
f 4121 4108 4109
f 4121 4120 4108
f 4120 4122 4108
f 4108 4122 4110
f 4110 4122 4123
f 3923 3909 4110
f 3923 4110 4124
f 4124 4110 4123
f 3924 3923 4124
f 4125 3924 4124
f 3912 3924 4125
f 3912 4125 4111
f 4111 4125 4126
f 4111 4126 4112
f 4112 4126 4127
f 4113 4128 4129
f 4113 4112 4128
f 4112 4127 4128
f 4129 4130 4131
f 4128 4130 4129
f 3926 4131 4130
f 3926 3925 4131
f 3925 4132 4131
f 4132 3925 4133
f 3925 3927 4133
f 4135 3928 4134
f 4135 4133 3928
f 4133 3927 3928
f 3929 4134 3928
f 4136 4134 3929
f 3930 4136 3929
f 4137 4136 3930
f 3930 3932 4137
f 3933 4138 3934
f 4138 4139 4140
f 4138 3933 4139
f 3933 3935 4139
f 3918 4114 4141
f 3918 4141 3935
f 3935 4141 4139
f 4114 4116 4141
f 4142 4118 3922
f 3936 4142 3922
f 4118 4142 4120
f 4120 4142 4143
f 4120 4143 4122
f 4122 4143 4144
f 4122 4144 4123
f 4123 4144 4145
f 3939 3938 4124
f 3939 4124 4145
f 4145 4124 4123
f 4125 4124 3938
f 3940 4125 3938
f 4126 4125 3940
f 3941 4126 3940
f 4127 4126 3941
f 3942 4127 3941
f 4128 4127 3942
f 3943 4128 3942
f 4130 4128 3943
f 3944 4130 3943
f 4130 3944 3926
f 4135 4134 4146
f 4134 4136 4147
f 4146 4134 4147
f 4136 4137 4148
f 4147 4136 4148
f 4137 3932 3945
f 4137 3945 4148
f 4148 3945 4149
f 3934 4138 4150
f 3934 4150 3945
f 3945 4150 4149
f 4138 4140 4150
f 4151 4142 3936
f 3946 4151 3936
f 4142 4151 4143
f 4143 4151 4152
f 3949 3948 4144
f 3949 4144 4152
f 4152 4144 4143
f 4145 4144 3948
f 3950 4145 3948
f 4145 3950 3939
f 4151 3946 3951
f 4152 4151 3951
f 3952 4152 3951
f 4152 3952 3949
f 3956 3957 4153
f 3958 3956 4153
f 4154 3958 4153
f 3958 4154 3960
f 3962 3963 4155
f 3957 3962 4155
f 3957 4155 4153
f 4153 4155 4156
f 4153 4156 4154
f 4154 4156 4157
f 4154 4157 3965
f 3960 4154 3965
f 3968 3969 4158
f 3970 3968 4158
f 4159 3970 4158
f 3971 3970 4159
f 4160 3971 4159
f 3972 3971 4160
f 4161 3972 4160
f 4161 4163 4162
f 4161 4162 3972
f 3972 4162 3974
f 3974 4162 4164
f 3975 3974 4164
f 4165 4155 3963
f 3977 4165 3963
f 4155 4165 4156
f 4156 4165 4166
f 3980 3979 4157
f 3980 4157 4166
f 4166 4157 4156
f 4157 3979 3965
f 4167 4158 3969
f 3985 4167 3969
f 4168 4167 4169
f 4168 4159 4167
f 4159 4158 4167
f 4159 4170 4160
f 4168 4170 4159
f 4160 4171 4161
f 4170 4171 4160
f 4161 4171 4163
f 4164 3986 3975
f 4172 3986 4164
f 4172 4173 3986
f 3986 4173 3988
f 4173 4174 3988
f 3988 4174 3990
f 4174 4175 3990
f 3990 4175 3992
f 4175 4176 3992
f 3992 4176 3994
f 4176 4177 3994
f 3994 4177 3996
f 3996 4177 4178
f 3997 3996 4178
f 4165 3977 4000
f 4166 4165 4000
f 4002 4166 4000
f 4166 4002 3980
f 4006 4007 4179
f 4179 4181 4180
f 4006 4179 4180
f 4006 4180 4167
f 4006 4167 3985
f 4167 4180 4169
f 4178 4009 3997
f 4182 4009 4178
f 4182 4183 4009
f 4009 4183 4011
f 4011 4183 4184
f 4012 4011 4184
f 4185 4179 4007
f 4014 4185 4007
f 4181 4185 4186
f 4179 4185 4181
f 4184 4016 4012
f 4187 4016 4184
f 4187 4188 4016
f 4016 4188 4018
f 4189 4019 4018
f 4189 4018 4190
f 4190 4018 4188
f 4190 4191 4189
f 4185 4014 4021
f 4021 4022 4192
f 4185 4021 4192
f 4185 4192 4193
f 4185 4193 4186
f 4193 4192 4194
f 4189 4023 4019
f 4191 4023 4189
f 4191 4195 4023
f 4195 4025 4023
f 4196 4026 4025
f 4196 4025 4197
f 4197 4025 4195
f 4197 4198 4196
f 4192 4022 4027
f 4194 4192 4027
f 4194 4027 4199
f 4199 4027 4028
f 4199 4028 4200
f 4028 4029 4200
f 4029 4201 4200
f 4031 4201 4029
f 4196 4033 4026
f 4033 4196 4198
f 4033 4198 4034
f 4034 4198 4202
f 4201 4031 4035
f 4203 4201 4035
f 4035 4204 4203
f 4037 4204 4035
f 4202 4038 4034
f 4205 4038 4202
f 4038 4205 4206
f 4039 4038 4206
f 4040 4207 4208
f 4040 4208 4037
f 4037 4208 4204
f 4040 4042 4207
f 4206 4043 4039
f 4209 4043 4206
f 4043 4209 4210
f 4044 4043 4210
f 4208 4207 4211
f 4213 4045 4212
f 4211 4045 4213
f 4211 4042 4045
f 4211 4207 4042
f 4045 4047 4212
f 4214 4210 4215
f 4214 4049 4210
f 4049 4044 4210
f 4215 4216 4214
f 4213 4212 4217
f 4212 4218 4217
f 4212 4047 4218
f 4047 4051 4218
f 4219 4049 4214
f 4053 4049 4219
f 4216 4220 4219
f 4214 4216 4219
f 4223 4222 4221
f 4222 4054 4221
f 4222 4218 4054
f 4218 4051 4054
f 4224 4053 4219
f 4056 4053 4224
f 4220 4225 4224
f 4219 4220 4224
f 4221 4058 4059
f 4221 4059 4223
f 4223 4059 4226
f 4221 4054 4058
f 4227 4056 4224
f 4061 4056 4227
f 4225 4228 4227
f 4224 4225 4227
f 4231 4230 4229
f 4230 4062 4229
f 4230 4226 4062
f 4226 4059 4062
f 4064 4232 4065
f 4232 4233 4234
f 4064 4233 4232
f 4064 4227 4233
f 4064 4061 4227
f 4227 4228 4233
f 4068 4236 4235
f 4067 4068 4235
f 4235 4237 4067
f 4067 4237 4069
f 4229 4237 4231
f 4229 4070 4237
f 4070 4069 4237
f 4229 4062 4070
f 4072 4238 4073
f 4238 4239 4240
f 4072 4239 4238
f 4072 4232 4239
f 4072 4065 4232
f 4232 4234 4239
f 4074 4075 4241
f 4241 4243 4242
f 4241 4242 4074
f 4074 4242 4076
f 4242 4068 4076
f 4236 4068 4242
f 4078 4244 4079
f 4244 4245 4246
f 4078 4245 4244
f 4078 4238 4245
f 4078 4073 4238
f 4238 4240 4245
f 4247 4241 4075
f 4247 4075 4248
f 4248 4075 4085
f 4241 4247 4243
f 4089 4249 4250
f 4088 4249 4089
f 4079 4244 4251
f 4079 4251 4088
f 4088 4251 4249
f 4244 4246 4251
f 4091 4092 4252
f 4093 4091 4252
f 4253 4093 4252
f 4093 4253 4095
f 4098 4099 4254
f 4254 4085 4098
f 4254 4255 4085
f 4255 4248 4085
f 4101 4256 4102
f 4256 4257 4258
f 4256 4101 4257
f 4101 4103 4257
f 4257 4103 4259
f 4103 4104 4259
f 4259 4104 4260
f 4104 4105 4260
f 4260 4105 4089
f 4250 4260 4089
f 4261 4252 4092
f 4107 4261 4092
f 4252 4261 4253
f 4253 4261 4262
f 4253 4262 4109
f 4095 4253 4109
f 4263 4254 4099
f 4113 4263 4099
f 4255 4264 4265
f 4255 4254 4264
f 4254 4263 4264
f 4265 4264 4266
f 4116 4267 4268
f 4115 4267 4116
f 4267 4115 4269
f 4115 4117 4269
f 4102 4256 4270
f 4102 4270 4117
f 4117 4270 4269
f 4256 4258 4270
f 4261 4107 4119
f 4262 4261 4119
f 4121 4262 4119
f 4262 4121 4109
f 4263 4113 4129
f 4264 4263 4129
f 4131 4264 4129
f 4266 4264 4131
f 4266 4131 4271
f 4271 4131 4132
f 4271 4132 4272
f 4132 4133 4272
f 4273 4133 4135
f 4273 4274 4133
f 4274 4272 4133
f 4274 4275 4276
f 4273 4275 4274
f 4276 4275 4277
f 4280 4278 4279
f 4140 4279 4278
f 4140 4139 4279
f 4139 4281 4279
f 4281 4139 4282
f 4139 4141 4282
f 4282 4141 4116
f 4268 4282 4116
f 4273 4135 4146
f 4275 4273 4146
f 4147 4275 4146
f 4277 4275 4147
f 4277 4147 4283
f 4283 4147 4148
f 4283 4148 4284
f 4148 4149 4284
f 4278 4280 4284
f 4278 4284 4150
f 4150 4284 4149
f 4278 4150 4140
f 4162 4163 4285
f 4162 4285 4164
f 4288 4287 4286
f 4287 4289 4286
f 4168 4169 4290
f 4290 4292 4291
f 4290 4291 4168
f 4168 4291 4170
f 4291 4293 4170
f 4170 4293 4171
f 4163 4294 4285
f 4163 4171 4294
f 4171 4293 4294
f 4285 4172 4164
f 4285 4294 4172
f 4294 4295 4172
f 4286 4295 4288
f 4286 4173 4295
f 4173 4172 4295
f 4289 4173 4286
f 4289 4296 4173
f 4296 4174 4173
f 4296 4297 4174
f 4174 4297 4175
f 4297 4298 4175
f 4175 4298 4176
f 4300 4299 4177
f 4300 4177 4298
f 4298 4177 4176
f 4177 4299 4178
f 4180 4181 4301
f 4301 4303 4302
f 4180 4301 4302
f 4180 4302 4290
f 4180 4290 4169
f 4290 4302 4292
f 4300 4304 4299
f 4299 4182 4178
f 4299 4304 4182
f 4304 4305 4182
f 4305 4306 4182
f 4182 4306 4183
f 4183 4306 4307
f 4184 4183 4307
f 4308 4301 4181
f 4186 4308 4181
f 4303 4308 4309
f 4301 4308 4303
f 4307 4187 4184
f 4310 4187 4307
f 4310 4311 4187
f 4187 4311 4188
f 4311 4312 4188
f 4188 4312 4190
f 4313 4191 4190
f 4313 4190 4314
f 4314 4190 4312
f 4314 4315 4313
f 4308 4186 4193
f 4193 4194 4316
f 4308 4193 4316
f 4308 4316 4317
f 4308 4317 4309
f 4317 4316 4318
f 4313 4195 4191
f 4315 4195 4313
f 4315 4319 4195
f 4319 4197 4195
f 4320 4198 4197
f 4320 4197 4321
f 4321 4197 4319
f 4321 4322 4320
f 4316 4194 4199
f 4318 4316 4199
f 4318 4199 4323
f 4323 4199 4200
f 4200 4324 4323
f 4201 4324 4200
f 4325 4198 4320
f 4202 4198 4325
f 4322 4326 4325
f 4320 4322 4325
f 4324 4201 4203
f 4327 4324 4203
f 4203 4328 4327
f 4204 4328 4203
f 4325 4205 4202
f 4205 4329 4206
f 4325 4329 4205
f 4325 4330 4329
f 4325 4326 4330
f 4330 4331 4329
f 4328 4204 4332
f 4332 4204 4208
f 4329 4209 4206
f 4209 4329 4331
f 4209 4331 4210
f 4210 4331 4333
f 4332 4208 4211
f 4334 4332 4211
f 4211 4335 4334
f 4213 4335 4211
f 4333 4215 4210
f 4336 4215 4333
f 4215 4336 4337
f 4216 4215 4337
f 4335 4213 4217
f 4338 4335 4217
f 4217 4339 4338
f 4218 4339 4217
f 4337 4340 4216
f 4340 4220 4216
f 4223 4342 4341
f 4222 4223 4341
f 4341 4218 4222
f 4339 4218 4341
f 4340 4343 4220
f 4343 4225 4220
f 4346 4345 4344
f 4345 4226 4344
f 4345 4342 4226
f 4342 4223 4226
f 4343 4347 4225
f 4347 4228 4225
f 4344 4230 4231
f 4344 4231 4346
f 4346 4231 4348
f 4344 4226 4230
f 4234 4349 4350
f 4233 4349 4234
f 4349 4233 4228
f 4347 4349 4228
f 4235 4236 4351
f 4351 4353 4352
f 4351 4352 4235
f 4235 4352 4237
f 4352 4231 4237
f 4348 4231 4352
f 4240 4354 4355
f 4239 4354 4240
f 4354 4239 4234
f 4350 4354 4234
f 4242 4243 4356
f 4356 4358 4357
f 4242 4356 4357
f 4242 4357 4351
f 4242 4351 4236
f 4351 4357 4353
f 4246 4359 4360
f 4245 4359 4246
f 4359 4245 4240
f 4355 4359 4240
f 4247 4248 4361
f 4361 4363 4362
f 4247 4361 4362
f 4247 4362 4356
f 4247 4356 4243
f 4356 4362 4358
f 4249 4364 4250
f 4364 4365 4366
f 4364 4249 4365
f 4249 4251 4365
f 4365 4251 4246
f 4360 4365 4246
f 4367 4361 4248
f 4255 4367 4248
f 4363 4367 4368
f 4361 4367 4363
f 4258 4369 4370
f 4257 4369 4258
f 4369 4257 4371
f 4257 4259 4371
f 4371 4259 4372
f 4259 4260 4372
f 4250 4364 4373
f 4250 4373 4260
f 4260 4373 4372
f 4364 4366 4373
f 4367 4255 4265
f 4265 4266 4374
f 4367 4265 4374
f 4367 4374 4375
f 4367 4375 4368
f 4375 4374 4376
f 4267 4377 4268
f 4377 4378 4379
f 4377 4267 4378
f 4267 4269 4378
f 4378 4269 4380
f 4269 4270 4380
f 4380 4270 4258
f 4370 4380 4258
f 4374 4266 4271
f 4376 4374 4271
f 4376 4271 4381
f 4381 4271 4272
f 4381 4272 4382
f 4272 4274 4382
f 4382 4274 4383
f 4274 4276 4383
f 4384 4276 4277
f 4384 4385 4276
f 4385 4383 4276
f 4385 4386 4387
f 4384 4386 4385
f 4280 4387 4386
f 4280 4279 4387
f 4279 4388 4387
f 4388 4279 4389
f 4279 4281 4389
f 4389 4281 4390
f 4281 4282 4390
f 4268 4377 4391
f 4268 4391 4282
f 4282 4391 4390
f 4377 4379 4391
f 4384 4277 4283
f 4386 4384 4283
f 4284 4386 4283
f 4386 4284 4280
f 4287 4288 4392
f 4287 4392 4289
f 4291 4292 4393
f 4393 4395 4394
f 4393 4394 4291
f 4291 4394 4293
f 4394 4396 4293
f 4293 4396 4294
f 4396 4397 4294
f 4294 4397 4295
f 4288 4398 4392
f 4288 4295 4398
f 4295 4397 4398
f 4392 4296 4289
f 4392 4398 4296
f 4398 4399 4296
f 4399 4400 4296
f 4296 4400 4297
f 4400 4401 4297
f 4297 4401 4298
f 4298 4401 4402
f 4300 4298 4402
f 4302 4303 4403
f 4292 4302 4403
f 4292 4403 4393
f 4393 4403 4404
f 4395 4404 4405
f 4393 4404 4395
f 4402 4304 4300
f 4406 4304 4402
f 4406 4407 4304
f 4304 4407 4305
f 4407 4408 4305
f 4305 4408 4306
f 4306 4408 4409
f 4307 4306 4409
f 4410 4403 4303
f 4309 4410 4303
f 4403 4410 4404
f 4404 4410 4411
f 4405 4411 4412
f 4404 4411 4405
f 4409 4310 4307
f 4413 4310 4409
f 4413 4414 4310
f 4310 4414 4311
f 4414 4415 4311
f 4311 4415 4312
f 4415 4416 4312
f 4312 4416 4314
f 4314 4416 4417
f 4315 4314 4417
f 4410 4309 4317
f 4317 4318 4418
f 4317 4418 4410
f 4410 4418 4411
f 4412 4418 4419
f 4411 4418 4412
f 4417 4319 4315
f 4420 4319 4417
f 4420 4421 4319
f 4319 4421 4321
f 4321 4421 4422
f 4322 4321 4422
f 4418 4318 4323
f 4323 4419 4418
f 4323 4324 4419
f 4324 4423 4419
f 4424 4422 4425
f 4424 4326 4422
f 4326 4322 4422
f 4425 4426 4424
f 4423 4324 4327
f 4427 4423 4327
f 4327 4428 4427
f 4328 4428 4327
f 4424 4330 4326
f 4330 4429 4331
f 4424 4429 4330
f 4424 4430 4429
f 4424 4426 4430
f 4430 4431 4429
f 4428 4328 4432
f 4432 4328 4332
f 4433 4331 4429
f 4333 4331 4433
f 4431 4434 4433
f 4429 4431 4433
f 4432 4332 4334
f 4435 4432 4334
f 4334 4436 4435
f 4335 4436 4334
f 4433 4336 4333
f 4336 4433 4434
f 4336 4434 4337
f 4337 4434 4437
f 4436 4335 4338
f 4438 4436 4338
f 4338 4439 4438
f 4339 4439 4338
f 4440 4437 4441
f 4440 4340 4437
f 4340 4337 4437
f 4441 4442 4440
f 4342 4444 4443
f 4341 4342 4443
f 4443 4339 4341
f 4439 4339 4443
f 4445 4340 4440
f 4343 4340 4445
f 4442 4446 4445
f 4440 4442 4445
f 4345 4346 4447
f 4447 4342 4345
f 4447 4448 4342
f 4448 4444 4342
f 4449 4343 4445
f 4449 4450 4343
f 4450 4347 4343
f 4445 4446 4449
f 4451 4447 4346
f 4451 4346 4452
f 4452 4346 4348
f 4447 4451 4448
f 4349 4453 4350
f 4453 4349 4347
f 4453 4347 4454
f 4454 4347 4450
f 4353 4456 4455
f 4352 4353 4455
f 4455 4348 4352
f 4452 4348 4455
f 4354 4457 4355
f 4457 4458 4459
f 4354 4458 4457
f 4354 4453 4458
f 4354 4350 4453
f 4453 4454 4458
f 4358 4461 4460
f 4357 4358 4460
f 4460 4353 4357
f 4456 4353 4460
f 4359 4462 4360
f 4462 4463 4464
f 4359 4463 4462
f 4359 4457 4463
f 4359 4355 4457
f 4457 4459 4463
f 4362 4363 4465
f 4465 4358 4362
f 4465 4466 4358
f 4466 4461 4358
f 4366 4467 4468
f 4365 4467 4366
f 4360 4462 4469
f 4360 4469 4365
f 4365 4469 4467
f 4462 4464 4469
f 4470 4465 4363
f 4368 4470 4363
f 4466 4471 4472
f 4466 4465 4471
f 4465 4470 4471
f 4472 4471 4473
f 4370 4474 4475
f 4369 4474 4370
f 4474 4369 4476
f 4369 4371 4476
f 4476 4371 4477
f 4371 4372 4477
f 4477 4372 4478
f 4372 4373 4478
f 4478 4373 4366
f 4468 4478 4366
f 4470 4368 4375
f 4375 4376 4479
f 4375 4479 4470
f 4470 4479 4471
f 4473 4479 4480
f 4471 4479 4473
f 4483 4481 4482
f 4379 4482 4481
f 4379 4378 4482
f 4378 4484 4482
f 4484 4378 4485
f 4378 4380 4485
f 4485 4380 4370
f 4475 4485 4370
f 4479 4376 4381
f 4480 4479 4381
f 4480 4381 4486
f 4486 4381 4382
f 4486 4382 4487
f 4382 4383 4487
f 4487 4383 4488
f 4383 4385 4488
f 4488 4385 4489
f 4385 4387 4489
f 4489 4387 4490
f 4387 4388 4490
f 4490 4388 4491
f 4388 4389 4491
f 4491 4389 4492
f 4389 4390 4492
f 4481 4483 4492
f 4481 4492 4391
f 4391 4492 4390
f 4481 4391 4379
f 4394 4395 4493
f 4396 4394 4493
f 4494 4396 4493
f 4397 4396 4494
f 4495 4397 4494
f 4398 4397 4495
f 4496 4398 4495
f 4399 4398 4496
f 4497 4399 4496
f 4400 4399 4497
f 4498 4400 4497
f 4401 4400 4498
f 4499 4401 4498
f 4401 4499 4402
f 4500 4493 4395
f 4405 4500 4395
f 4501 4500 4502
f 4501 4494 4500
f 4494 4493 4500
f 4494 4503 4495
f 4501 4503 4494
f 4495 4504 4496
f 4503 4504 4495
f 4496 4505 4497
f 4504 4505 4496
f 4497 4506 4498
f 4505 4506 4497
f 4498 4507 4499
f 4506 4507 4498
f 4499 4406 4402
f 4499 4507 4406
f 4507 4508 4406
f 4508 4509 4406
f 4406 4509 4407
f 4511 4510 4408
f 4511 4408 4509
f 4509 4408 4407
f 4408 4510 4409
f 4512 4500 4405
f 4412 4512 4405
f 4502 4512 4513
f 4500 4512 4502
f 4511 4514 4510
f 4510 4413 4409
f 4510 4514 4413
f 4514 4515 4413
f 4515 4516 4413
f 4413 4516 4414
f 4516 4517 4414
f 4414 4517 4415
f 4519 4518 4416
f 4519 4416 4517
f 4517 4416 4415
f 4416 4518 4417
f 4520 4512 4412
f 4419 4520 4412
f 4513 4520 4521
f 4512 4520 4513
f 4519 4522 4518
f 4518 4420 4417
f 4518 4522 4420
f 4522 4523 4420
f 4525 4524 4421
f 4525 4421 4523
f 4523 4421 4420
f 4421 4524 4422
f 4526 4520 4419
f 4423 4526 4419
f 4521 4526 4527
f 4520 4526 4521
f 4525 4528 4524
f 4524 4425 4422
f 4524 4528 4425
f 4528 4529 4425
f 4425 4529 4530
f 4426 4425 4530
f 4526 4423 4427
f 4427 4527 4526
f 4427 4428 4527
f 4428 4531 4527
f 4530 4430 4426
f 4532 4430 4530
f 4430 4532 4533
f 4431 4430 4533
f 4534 4535 4531
f 4534 4531 4432
f 4432 4531 4428
f 4535 4534 4536
f 4537 4533 4538
f 4537 4434 4533
f 4434 4431 4533
f 4538 4539 4537
f 4534 4432 4435
f 4435 4436 4540
f 4534 4435 4540
f 4534 4540 4541
f 4534 4541 4536
f 4541 4540 4542
f 4543 4434 4537
f 4543 4544 4434
f 4544 4437 4434
f 4537 4539 4543
f 4540 4436 4438
f 4438 4439 4545
f 4540 4438 4545
f 4540 4545 4546
f 4540 4546 4542
f 4546 4545 4547
f 4441 4549 4548
f 4441 4437 4549
f 4437 4544 4549
f 4441 4548 4442
f 4443 4444 4550
f 4550 4552 4551
f 4443 4550 4551
f 4443 4551 4545
f 4443 4545 4439
f 4545 4551 4547
f 4549 4553 4548
f 4548 4553 4554
f 4548 4554 4442
f 4442 4554 4446
f 4555 4550 4444
f 4555 4444 4556
f 4556 4444 4448
f 4550 4555 4552
f 4449 4557 4450
f 4557 4449 4446
f 4557 4446 4558
f 4558 4446 4554
f 4451 4452 4559
f 4559 4448 4451
f 4559 4560 4448
f 4560 4556 4448
f 4561 4450 4557
f 4561 4562 4450
f 4562 4454 4450
f 4557 4558 4561
f 4455 4456 4563
f 4563 4565 4564
f 4455 4563 4564
f 4455 4564 4559
f 4455 4559 4452
f 4559 4564 4560
f 4458 4566 4459
f 4566 4458 4454
f 4566 4454 4567
f 4567 4454 4562
f 4460 4461 4568
f 4568 4570 4569
f 4460 4568 4569
f 4460 4569 4563
f 4460 4563 4456
f 4563 4569 4565
f 4464 4571 4572
f 4463 4571 4464
f 4459 4566 4573
f 4459 4573 4463
f 4463 4573 4571
f 4566 4567 4573
f 4574 4568 4461
f 4466 4574 4461
f 4570 4574 4575
f 4568 4574 4570
f 4467 4576 4468
f 4576 4577 4578
f 4576 4467 4577
f 4467 4469 4577
f 4577 4469 4464
f 4572 4577 4464
f 4574 4466 4472
f 4472 4473 4579
f 4574 4472 4579
f 4574 4579 4580
f 4574 4580 4575
f 4580 4579 4581
f 4474 4582 4475
f 4582 4583 4584
f 4582 4474 4583
f 4474 4476 4583
f 4583 4476 4585
f 4476 4477 4585
f 4585 4477 4586
f 4477 4478 4586
f 4468 4576 4587
f 4468 4587 4478
f 4478 4587 4586
f 4576 4578 4587
f 4588 4579 4473
f 4480 4588 4473
f 4581 4589 4590
f 4581 4579 4589
f 4579 4588 4589
f 4590 4589 4591
f 4594 4592 4593
f 4593 4595 4596
f 4592 4595 4593
f 4596 4597 4598
f 4595 4597 4596
f 4483 4598 4597
f 4483 4482 4598
f 4482 4599 4598
f 4599 4482 4600
f 4482 4484 4600
f 4600 4484 4601
f 4484 4485 4601
f 4475 4582 4602
f 4475 4602 4485
f 4485 4602 4601
f 4582 4584 4602
f 4588 4480 4486
f 4589 4588 4486
f 4487 4589 4486
f 4591 4589 4487
f 4591 4487 4603
f 4603 4487 4488
f 4603 4488 4604
f 4488 4489 4604
f 4592 4594 4604
f 4592 4604 4490
f 4490 4604 4489
f 4595 4592 4490
f 4491 4595 4490
f 4597 4595 4491
f 4492 4597 4491
f 4597 4492 4483
f 4501 4502 4605
f 4503 4501 4605
f 4606 4503 4605
f 4504 4503 4606
f 4607 4504 4606
f 4505 4504 4607
f 4608 4505 4607
f 4506 4505 4608
f 4609 4506 4608
f 4507 4506 4609
f 4610 4507 4609
f 4508 4507 4610
f 4611 4508 4610
f 4509 4508 4611
f 4612 4509 4611
f 4509 4612 4511
f 4613 4605 4502
f 4513 4613 4502
f 4614 4613 4615
f 4614 4606 4613
f 4606 4605 4613
f 4606 4616 4607
f 4614 4616 4606
f 4607 4617 4608
f 4616 4617 4607
f 4608 4618 4609
f 4617 4618 4608
f 4609 4619 4610
f 4618 4619 4609
f 4610 4620 4611
f 4619 4620 4610
f 4611 4621 4612
f 4620 4621 4611
f 4612 4514 4511
f 4612 4621 4514
f 4621 4622 4514
f 4622 4623 4514
f 4514 4623 4515
f 4623 4624 4515
f 4515 4624 4516
f 4626 4625 4517
f 4626 4517 4624
f 4624 4517 4516
f 4517 4625 4519
f 4627 4613 4513
f 4521 4627 4513
f 4615 4627 4628
f 4613 4627 4615
f 4626 4629 4625
f 4631 4630 4522
f 4629 4631 4522
f 4629 4522 4519
f 4629 4519 4625
f 4523 4522 4630
f 4632 4523 4630
f 4523 4632 4525
f 4633 4627 4521
f 4527 4633 4521
f 4628 4633 4634
f 4627 4633 4628
f 4631 4635 4630
f 4637 4630 4635
f 4637 4636 4630
f 4636 4632 4630
f 4528 4525 4632
f 4528 4632 4638
f 4638 4632 4636
f 4529 4528 4638
f 4639 4529 4638
f 4529 4639 4530
f 4640 4633 4527
f 4531 4640 4527
f 4634 4641 4642
f 4634 4633 4641
f 4633 4640 4641
f 4642 4641 4643
f 4637 4644 4636
f 4636 4645 4638
f 4644 4645 4636
f 4647 4638 4645
f 4647 4646 4638
f 4646 4639 4638
f 4532 4530 4639
f 4532 4639 4648
f 4648 4639 4646
f 4532 4648 4533
f 4640 4531 4535
f 4535 4536 4649
f 4535 4649 4640
f 4640 4649 4641
f 4643 4649 4650
f 4641 4649 4643
f 4647 4651 4646
f 4646 4652 4648
f 4651 4652 4646
f 4654 4653 4538
f 4652 4654 4538
f 4652 4538 4533
f 4652 4533 4648
f 4538 4653 4539
f 4649 4536 4541
f 4541 4542 4655
f 4649 4541 4655
f 4649 4655 4656
f 4649 4656 4650
f 4656 4655 4657
f 4653 4544 4543
f 4653 4654 4544
f 4654 4658 4544
f 4653 4543 4539
f 4655 4542 4546
f 4546 4547 4659
f 4655 4546 4659
f 4655 4659 4660
f 4655 4660 4657
f 4660 4659 4661
f 4658 4662 4544
f 4662 4549 4544
f 4551 4552 4663
f 4663 4665 4664
f 4551 4663 4664
f 4551 4664 4659
f 4551 4659 4547
f 4659 4664 4661
f 4662 4553 4549
f 4666 4553 4662
f 4553 4666 4667
f 4554 4553 4667
f 4555 4556 4668
f 4668 4670 4669
f 4555 4668 4669
f 4555 4669 4663
f 4555 4663 4552
f 4663 4669 4665
f 4667 4671 4554
f 4671 4558 4554
f 4672 4668 4556
f 4560 4672 4556
f 4670 4672 4673
f 4668 4672 4670
f 4562 4674 4675
f 4561 4674 4562
f 4674 4561 4558
f 4671 4674 4558
f 4564 4565 4676
f 4560 4564 4676
f 4560 4676 4672
f 4672 4676 4677
f 4673 4677 4678
f 4672 4677 4673
f 4681 4679 4680
f 4680 4679 4567
f 4680 4567 4675
f 4675 4567 4562
f 4569 4570 4682
f 4565 4569 4682
f 4565 4682 4676
f 4676 4682 4683
f 4684 4683 4685
f 4684 4677 4683
f 4677 4676 4683
f 4677 4684 4678
f 4571 4686 4572
f 4686 4681 4687
f 4686 4573 4681
f 4686 4571 4573
f 4573 4679 4681
f 4679 4573 4567
f 4688 4682 4570
f 4575 4688 4570
f 4682 4688 4683
f 4683 4688 4689
f 4685 4689 4690
f 4683 4689 4685
f 4578 4691 4692
f 4577 4691 4578
f 4572 4686 4693
f 4572 4693 4577
f 4577 4693 4691
f 4686 4687 4693
f 4688 4575 4580
f 4580 4581 4694
f 4580 4694 4688
f 4688 4694 4689
f 4690 4695 4696
f 4690 4689 4695
f 4689 4694 4695
f 4696 4695 4697
f 4700 4698 4699
f 4699 4701 4702
f 4698 4701 4699
f 4702 4703 4704
f 4701 4703 4702
f 4704 4705 4706
f 4703 4705 4704
f 4706 4705 4707
f 4583 4708 4584
f 4585 4708 4583
f 4709 4708 4585
f 4709 4710 4711
f 4709 4585 4710
f 4585 4586 4710
f 4710 4586 4712
f 4586 4587 4712
f 4712 4587 4578
f 4692 4712 4578
f 4694 4581 4590
f 4590 4591 4713
f 4590 4713 4694
f 4694 4713 4695
f 4697 4714 4715
f 4697 4695 4714
f 4695 4713 4714
f 4594 4715 4714
f 4594 4593 4715
f 4593 4716 4715
f 4716 4593 4717
f 4593 4596 4717
f 4698 4700 4717
f 4698 4717 4598
f 4598 4717 4596
f 4701 4698 4598
f 4599 4701 4598
f 4703 4701 4599
f 4600 4703 4599
f 4705 4703 4600
f 4601 4705 4600
f 4707 4705 4601
f 4707 4601 4718
f 4718 4601 4602
f 4584 4708 4719
f 4584 4719 4602
f 4602 4719 4718
f 4708 4709 4720
f 4719 4708 4720
f 4709 4711 4720
f 4713 4591 4603
f 4714 4713 4603
f 4604 4714 4603
f 4714 4604 4594
f 4614 4615 4721
f 4616 4614 4721
f 4722 4616 4721
f 4617 4616 4722
f 4723 4617 4722
f 4723 4725 4724
f 4723 4724 4617
f 4617 4724 4618
f 4724 4726 4618
f 4618 4726 4619
f 4726 4727 4619
f 4619 4727 4620
f 4727 4728 4620
f 4620 4728 4621
f 4728 4729 4621
f 4621 4729 4622
f 4731 4730 4623
f 4731 4623 4729
f 4729 4623 4622
f 4624 4623 4730
f 4732 4624 4730
f 4624 4732 4626
f 4733 4721 4615
f 4628 4733 4615
f 4721 4733 4722
f 4722 4733 4734
f 4735 4734 4736
f 4735 4723 4734
f 4723 4722 4734
f 4723 4735 4725
f 4731 4737 4730
f 4739 4730 4737
f 4739 4738 4730
f 4738 4732 4730
f 4629 4626 4732
f 4629 4732 4740
f 4740 4732 4738
f 4629 4740 4631
f 4741 4733 4628
f 4634 4741 4628
f 4733 4741 4734
f 4734 4741 4742
f 4736 4742 4743
f 4734 4742 4736
f 4739 4744 4738
f 4746 4738 4744
f 4746 4745 4738
f 4745 4740 4738
f 4635 4631 4740
f 4635 4740 4747
f 4747 4740 4745
f 4635 4747 4637
f 4741 4634 4642
f 4642 4643 4748
f 4642 4748 4741
f 4741 4748 4742
f 4743 4748 4749
f 4742 4748 4743
f 4746 4750 4745
f 4752 4745 4750
f 4752 4751 4745
f 4751 4747 4745
f 4644 4637 4747
f 4644 4747 4753
f 4753 4747 4751
f 4645 4644 4753
f 4754 4645 4753
f 4645 4754 4647
f 4755 4748 4643
f 4650 4755 4643
f 4749 4755 4756
f 4748 4755 4749
f 4752 4757 4751
f 4759 4751 4757
f 4759 4758 4751
f 4758 4753 4751
f 4753 4758 4754
f 4754 4758 4760
f 4651 4647 4754
f 4651 4754 4761
f 4761 4754 4760
f 4652 4651 4761
f 4762 4652 4761
f 4652 4762 4654
f 4755 4650 4656
f 4656 4657 4763
f 4755 4656 4763
f 4755 4763 4764
f 4755 4764 4756
f 4764 4763 4765
f 4759 4766 4758
f 4758 4767 4760
f 4766 4767 4758
f 4769 4760 4767
f 4769 4768 4760
f 4768 4761 4760
f 4761 4768 4762
f 4762 4768 4770
f 4762 4770 4658
f 4654 4762 4658
f 4763 4657 4660
f 4660 4765 4763
f 4660 4661 4765
f 4661 4771 4765
f 4773 4768 4769
f 4772 4768 4773
f 4768 4772 4770
f 4770 4772 4774
f 4770 4774 4662
f 4658 4770 4662
f 4665 4776 4775
f 4664 4665 4775
f 4775 4661 4664
f 4771 4661 4775
f 4778 4772 4773
f 4777 4772 4778
f 4772 4777 4774
f 4774 4777 4779
f 4666 4662 4774
f 4666 4774 4780
f 4780 4774 4779
f 4666 4780 4667
f 4669 4670 4781
f 4781 4665 4669
f 4781 4782 4665
f 4782 4776 4665
f 4778 4783 4777
f 4785 4777 4783
f 4785 4784 4777
f 4784 4779 4777
f 4779 4784 4780
f 4780 4784 4786
f 4780 4786 4671
f 4667 4780 4671
f 4787 4781 4670
f 4673 4787 4670
f 4782 4787 4788
f 4781 4787 4782
f 4785 4789 4784
f 4789 4790 4675
f 4789 4675 4786
f 4789 4786 4784
f 4674 4786 4675
f 4786 4674 4671
f 4791 4787 4673
f 4678 4791 4673
f 4788 4791 4792
f 4787 4791 4788
f 4681 4793 4794
f 4680 4793 4681
f 4793 4680 4675
f 4790 4793 4675
f 4684 4685 4795
f 4678 4684 4795
f 4678 4795 4791
f 4791 4795 4796
f 4792 4796 4797
f 4791 4796 4792
f 4800 4798 4799
f 4799 4798 4687
f 4799 4687 4794
f 4794 4687 4681
f 4801 4795 4685
f 4690 4801 4685
f 4795 4801 4796
f 4796 4801 4802
f 4797 4803 4804
f 4797 4796 4803
f 4796 4802 4803
f 4804 4805 4806
f 4803 4805 4804
f 4806 4807 4808
f 4805 4807 4806
f 4808 4807 4809
f 4691 4810 4692
f 4810 4800 4811
f 4810 4693 4800
f 4810 4691 4693
f 4693 4798 4800
f 4798 4693 4687
f 4801 4690 4696
f 4696 4697 4812
f 4696 4812 4801
f 4801 4812 4802
f 4802 4812 4803
f 4803 4812 4813
f 4803 4813 4805
f 4805 4813 4814
f 4700 4699 4807
f 4700 4807 4814
f 4814 4807 4805
f 4809 4807 4699
f 4809 4699 4815
f 4815 4699 4702
f 4815 4702 4816
f 4702 4704 4816
f 4816 4704 4817
f 4704 4706 4817
f 4706 4818 4817
f 4707 4818 4706
f 4710 4819 4711
f 4819 4820 4821
f 4819 4710 4820
f 4710 4712 4820
f 4692 4810 4822
f 4692 4822 4712
f 4712 4822 4820
f 4810 4811 4822
f 4812 4697 4715
f 4813 4812 4715
f 4716 4813 4715
f 4814 4813 4716
f 4717 4814 4716
f 4814 4717 4700
f 4818 4707 4718
f 4823 4818 4718
f 4823 4718 4824
f 4718 4719 4824
f 4824 4719 4825
f 4719 4720 4825
f 4711 4819 4826
f 4711 4826 4720
f 4720 4826 4825
f 4819 4821 4826
f 4724 4725 4827
f 4726 4724 4827
f 4828 4726 4827
f 4727 4726 4828
f 4829 4727 4828
f 4728 4727 4829
f 4830 4728 4829
f 4729 4728 4830
f 4831 4729 4830
f 4729 4831 4731
f 4735 4736 4832
f 4725 4735 4832
f 4725 4832 4827
f 4827 4832 4833
f 4834 4833 4835
f 4834 4828 4833
f 4828 4827 4833
f 4828 4836 4829
f 4834 4836 4828
f 4829 4837 4830
f 4836 4837 4829
f 4839 4830 4837
f 4839 4838 4830
f 4838 4831 4830
f 4737 4731 4831
f 4737 4831 4840
f 4840 4831 4838
f 4737 4840 4739
f 4841 4832 4736
f 4743 4841 4736
f 4842 4841 4843
f 4842 4833 4841
f 4833 4832 4841
f 4833 4842 4835
f 4845 4838 4839
f 4844 4838 4845
f 4838 4844 4840
f 4840 4844 4846
f 4744 4739 4840
f 4744 4840 4847
f 4847 4840 4846
f 4744 4847 4746
f 4848 4841 4743
f 4749 4848 4743
f 4843 4848 4849
f 4841 4848 4843
f 4851 4844 4845
f 4850 4844 4851
f 4844 4850 4846
f 4846 4850 4852
f 4846 4852 4847
f 4847 4852 4853
f 4750 4746 4847
f 4750 4847 4854
f 4854 4847 4853
f 4750 4854 4752
f 4855 4848 4749
f 4756 4855 4749
f 4849 4855 4856
f 4848 4855 4849
f 4858 4850 4851
f 4857 4850 4858
f 4850 4857 4852
f 4852 4857 4859
f 4852 4859 4853
f 4853 4859 4860
f 4853 4860 4854
f 4854 4860 4861
f 4757 4752 4854
f 4757 4854 4862
f 4862 4854 4861
f 4757 4862 4759
f 4855 4756 4764
f 4764 4765 4863
f 4855 4764 4863
f 4855 4863 4864
f 4855 4864 4856
f 4864 4865 4866
f 4863 4865 4864
f 4866 4867 4868
f 4865 4867 4866
f 4868 4869 4870
f 4867 4869 4868
f 4870 4857 4858
f 4870 4869 4857
f 4869 4871 4857
f 4857 4871 4859
f 4859 4871 4872
f 4859 4872 4860
f 4860 4872 4873
f 4860 4873 4861
f 4861 4873 4874
f 4861 4874 4862
f 4862 4874 4875
f 4766 4759 4862
f 4766 4862 4876
f 4876 4862 4875
f 4767 4766 4876
f 4877 4767 4876
f 4767 4877 4769
f 4878 4863 4765
f 4771 4878 4765
f 4863 4878 4865
f 4865 4878 4879
f 4865 4879 4867
f 4867 4879 4880
f 4867 4880 4869
f 4869 4880 4881
f 4882 4881 4883
f 4882 4871 4881
f 4871 4869 4881
f 4885 4871 4882
f 4885 4884 4871
f 4884 4872 4871
f 4872 4884 4873
f 4873 4884 4886
f 4873 4886 4874
f 4874 4886 4887
f 4874 4887 4875
f 4875 4887 4888
f 4875 4888 4876
f 4876 4888 4889
f 4876 4889 4877
f 4877 4889 4890
f 4877 4890 4773
f 4769 4877 4773
f 4775 4776 4891
f 4771 4775 4891
f 4771 4891 4878
f 4878 4891 4892
f 4893 4892 4894
f 4893 4879 4892
f 4879 4878 4892
f 4879 4895 4880
f 4893 4895 4879
f 4880 4896 4881
f 4895 4896 4880
f 4881 4896 4883
f 4885 4897 4884
f 4884 4898 4886
f 4897 4898 4884
f 4886 4899 4887
f 4898 4899 4886
f 4901 4887 4899
f 4901 4900 4887
f 4900 4888 4887
f 4888 4900 4889
f 4889 4900 4902
f 4889 4902 4890
f 4890 4902 4903
f 4890 4903 4778
f 4773 4890 4778
f 4904 4891 4776
f 4782 4904 4776
f 4905 4904 4906
f 4905 4892 4904
f 4892 4891 4904
f 4892 4905 4894
f 4901 4907 4900
f 4909 4900 4907
f 4909 4908 4900
f 4908 4902 4900
f 4902 4908 4903
f 4903 4908 4910
f 4783 4778 4903
f 4783 4903 4911
f 4911 4903 4910
f 4783 4911 4785
f 4912 4904 4782
f 4788 4912 4782
f 4906 4912 4913
f 4904 4912 4906
f 4915 4908 4909
f 4914 4908 4915
f 4908 4914 4910
f 4910 4914 4916
f 4910 4916 4911
f 4911 4916 4917
f 4789 4785 4911
f 4789 4911 4918
f 4918 4911 4917
f 4789 4918 4790
f 4919 4912 4788
f 4792 4919 4788
f 4913 4919 4920
f 4912 4919 4913
f 4915 4921 4914
f 4923 4914 4921
f 4923 4922 4914
f 4922 4916 4914
f 4916 4922 4917
f 4917 4922 4924
f 4794 4793 4918
f 4794 4918 4924
f 4924 4918 4917
f 4918 4793 4790
f 4925 4919 4792
f 4797 4925 4792
f 4920 4926 4927
f 4920 4919 4926
f 4919 4925 4926
f 4927 4926 4928
f 4923 4929 4922
f 4929 4930 4800
f 4929 4800 4924
f 4929 4924 4922
f 4799 4924 4800
f 4924 4799 4794
f 4925 4797 4804
f 4926 4925 4804
f 4806 4926 4804
f 4928 4926 4806
f 4928 4806 4931
f 4931 4806 4808
f 4932 4808 4809
f 4932 4933 4808
f 4933 4931 4808
f 4933 4932 4934
f 4937 4935 4936
f 4936 4935 4811
f 4936 4811 4930
f 4930 4811 4800
f 4932 4809 4815
f 4934 4932 4815
f 4934 4815 4938
f 4938 4815 4816
f 4938 4816 4939
f 4816 4817 4939
f 4817 4940 4939
f 4818 4940 4817
f 4820 4941 4821
f 4941 4937 4942
f 4941 4822 4937
f 4941 4820 4822
f 4822 4935 4937
f 4935 4822 4811
f 4940 4818 4823
f 4943 4940 4823
f 4943 4823 4944
f 4823 4824 4944
f 4944 4824 4945
f 4824 4825 4945
f 4945 4825 4946
f 4825 4826 4946
f 4821 4941 4947
f 4821 4947 4826
f 4826 4947 4946
f 4941 4942 4947
f 4834 4835 4948
f 4836 4834 4948
f 4949 4836 4948
f 4837 4836 4949
f 4950 4837 4949
f 4837 4950 4839
f 4842 4843 4951
f 4835 4842 4951
f 4835 4951 4948
f 4948 4951 4952
f 4948 4952 4949
f 4949 4952 4953
f 4949 4953 4950
f 4950 4953 4954
f 4950 4954 4845
f 4839 4950 4845
f 4955 4951 4843
f 4849 4955 4843
f 4951 4955 4952
f 4952 4955 4956
f 4952 4956 4953
f 4953 4956 4957
f 4953 4957 4954
f 4954 4957 4958
f 4954 4958 4851
f 4845 4954 4851
f 4959 4955 4849
f 4856 4959 4849
f 4955 4959 4956
f 4956 4959 4960
f 4956 4960 4957
f 4957 4960 4961
f 4957 4961 4958
f 4958 4961 4962
f 4958 4962 4858
f 4851 4958 4858
f 4959 4856 4864
f 4960 4959 4864
f 4866 4960 4864
f 4961 4960 4866
f 4868 4961 4866
f 4962 4961 4868
f 4870 4962 4868
f 4962 4870 4858
f 4882 4883 4963
f 4882 4963 4885
f 4893 4894 4964
f 4895 4893 4964
f 4965 4895 4964
f 4896 4895 4965
f 4966 4896 4965
f 4883 4896 4966
f 4883 4966 4963
f 4963 4966 4967
f 4897 4885 4963
f 4897 4963 4968
f 4968 4963 4967
f 4898 4897 4968
f 4969 4898 4968
f 4899 4898 4969
f 4970 4899 4969
f 4899 4970 4901
f 4905 4906 4971
f 4894 4905 4971
f 4894 4971 4964
f 4964 4971 4972
f 4964 4972 4965
f 4965 4972 4973
f 4965 4973 4966
f 4966 4973 4974
f 4966 4974 4967
f 4967 4974 4975
f 4967 4975 4968
f 4968 4975 4976
f 4968 4976 4969
f 4969 4976 4977
f 4969 4977 4970
f 4970 4977 4978
f 4907 4901 4970
f 4907 4970 4979
f 4979 4970 4978
f 4907 4979 4909
f 4980 4971 4906
f 4913 4980 4906
f 4971 4980 4972
f 4972 4980 4981
f 4972 4981 4973
f 4973 4981 4982
f 4973 4982 4974
f 4974 4982 4983
f 4974 4983 4975
f 4975 4983 4984
f 4975 4984 4976
f 4976 4984 4985
f 4976 4985 4977
f 4977 4985 4986
f 4977 4986 4978
f 4978 4986 4987
f 4978 4987 4979
f 4979 4987 4988
f 4979 4988 4915
f 4909 4979 4915
f 4989 4980 4913
f 4920 4989 4913
f 4980 4989 4981
f 4981 4989 4990
f 4981 4990 4982
f 4982 4990 4991
f 4982 4991 4983
f 4983 4991 4992
f 4983 4992 4984
f 4984 4992 4993
f 4984 4993 4985
f 4985 4993 4994
f 4985 4994 4986
f 4986 4994 4995
f 4986 4995 4987
f 4987 4995 4996
f 4987 4996 4988
f 4988 4996 4997
f 4921 4915 4988
f 4921 4988 4998
f 4998 4988 4997
f 4921 4998 4923
f 4989 4920 4927
f 4927 4928 4999
f 4927 4999 4989
f 4989 4999 4990
f 4990 4999 4991
f 4991 4999 5000
f 4991 5000 4992
f 4992 5000 5001
f 4992 5001 4993
f 4993 5001 5002
f 4993 5002 4994
f 4994 5002 5003
f 4994 5003 4995
f 4995 5003 5004
f 4995 5004 4996
f 4996 5004 5005
f 4996 5005 4997
f 4997 5005 5006
f 4997 5006 4998
f 4998 5006 5007
f 4929 4923 4998
f 4929 4998 5008
f 5008 4998 5007
f 4929 5008 4930
f 4999 4928 4931
f 5000 4999 4931
f 4933 5000 4931
f 4933 4934 5009
f 4933 5009 5000
f 5000 5009 5001
f 5010 5009 5011
f 5010 5002 5009
f 5002 5001 5009
f 5002 5012 5003
f 5010 5012 5002
f 5003 5013 5004
f 5012 5013 5003
f 5004 5014 5005
f 5013 5014 5004
f 5016 5005 5014
f 5016 5015 5005
f 5015 5006 5005
f 5006 5015 5007
f 5007 5015 5017
f 4937 4936 5008
f 4937 5008 5017
f 5017 5008 5007
f 5008 4936 4930
f 5009 4934 4938
f 5011 5009 4938
f 5011 4938 5018
f 5018 4938 4939
f 5019 4939 4940
f 5019 5020 4939
f 5020 5018 4939
f 5020 5019 5021
f 5016 5022 5015
f 5024 5015 5022
f 5024 5023 5015
f 5023 5017 5015
f 5017 5023 4942
f 4937 5017 4942
f 5019 4940 4943
f 5021 5019 4943
f 5021 4943 5025
f 5025 4943 4944
f 5025 4944 5026
f 4944 4945 5026
f 5026 4945 5027
f 4945 4946 5027
f 5023 5024 5027
f 5023 5027 4947
f 4947 5027 4946
f 5023 4947 4942
f 5010 5011 5028
f 5012 5010 5028
f 5029 5012 5028
f 5013 5012 5029
f 5030 5013 5029
f 5014 5013 5030
f 5031 5014 5030
f 5014 5031 5016
f 5028 5011 5018
f 5029 5028 5018
f 5020 5029 5018
f 5020 5021 5032
f 5020 5032 5029
f 5029 5032 5030
f 5030 5032 5031
f 5031 5032 5033
f 5022 5016 5031
f 5022 5031 5034
f 5034 5031 5033
f 5022 5034 5024
f 5032 5021 5025
f 5033 5032 5025
f 5026 5033 5025
f 5034 5033 5026
f 5027 5034 5026
f 5034 5027 5024
f 5037 5036 5035
f 5036 5039 5038
f 5035 5036 5038
f 5039 5041 5040
f 5038 5039 5040
f 5041 5043 5042
f 5040 5041 5042
f 5043 5044 5042
f 5047 5046 5045
f 5046 5049 5048
f 5045 5046 5048
f 5049 5037 5035
f 5049 5035 5048
f 5048 5035 5050
f 5035 5038 5050
f 5038 5051 5050
f 5038 5040 5051
f 5040 5052 5051
f 5040 5042 5052
f 5042 5053 5052
f 5044 5054 5053
f 5042 5044 5053
f 5056 5047 5045
f 5055 5056 5045
f 5045 5048 5055
f 5048 5057 5055
f 5048 5050 5057
f 5050 5058 5057
f 5050 5051 5058
f 5051 5059 5058
f 5051 5052 5059
f 5052 5060 5059
f 5061 5062 5060
f 5061 5060 5053
f 5053 5060 5052
f 5053 5054 5061
f 5064 5056 5055
f 5063 5064 5055
f 5055 5057 5063
f 5057 5065 5063
f 5057 5058 5065
f 5058 5066 5065
f 5058 5059 5066
f 5059 5067 5066
f 5059 5060 5067
f 5060 5068 5067
f 5062 5069 5068
f 5060 5062 5068
f 5072 5071 5070
f 5071 5064 5063
f 5071 5063 5070
f 5070 5063 5073
f 5063 5065 5073
f 5065 5074 5073
f 5065 5066 5074
f 5066 5075 5074
f 5066 5067 5075
f 5067 5076 5075
f 5077 5078 5076
f 5077 5076 5068
f 5068 5076 5067
f 5068 5069 5077
f 5081 5080 5079
f 5080 5072 5070
f 5080 5070 5079
f 5079 5070 5082
f 5070 5073 5082
f 5073 5083 5082
f 5073 5074 5083
f 5074 5084 5083
f 5085 5086 5084
f 5085 5084 5075
f 5075 5084 5074
f 5075 5076 5087
f 5085 5075 5087
f 5076 5078 5087
f 5081 5079 5088
f 5079 5082 5089
f 5088 5079 5089
f 5082 5083 5090
f 5089 5082 5090
f 5083 5084 5091
f 5090 5083 5091
f 5084 5086 5091
f 5094 5093 5092
f 5093 5096 5095
f 5092 5093 5095
f 5096 5098 5097
f 5095 5096 5097
f 5098 5100 5099
f 5097 5098 5099
f 5100 5102 5101
f 5099 5100 5101
f 5102 5104 5103
f 5101 5102 5103
f 5104 5105 5103
f 5094 5092 5106
f 5092 5095 5107
f 5106 5092 5107
f 5095 5097 5108
f 5107 5095 5108
f 5110 5108 5097
f 5110 5097 5109
f 5109 5097 5099
f 5099 5101 5109
f 5101 5111 5109
f 5112 5113 5111
f 5112 5111 5103
f 5103 5111 5101
f 5103 5105 5112
f 5110 5109 5114
f 5109 5111 5115
f 5114 5109 5115
f 5111 5113 5115
f 5118 5117 5116
f 5117 5119 5116
f 5122 5121 5120
f 5121 5124 5123
f 5120 5121 5123
f 5124 5125 5123
f 5128 5127 5126
f 5127 5130 5129
f 5126 5127 5129
f 5130 5118 5116
f 5130 5116 5129
f 5129 5116 5131
f 5119 5133 5132
f 5119 5132 5116
f 5116 5132 5131
f 5133 5134 5132
f 5137 5136 5135
f 5136 5122 5120
f 5136 5120 5135
f 5135 5120 5138
f 5120 5123 5138
f 5123 5139 5138
f 5125 5140 5139
f 5123 5125 5139
f 5143 5142 5141
f 5142 5145 5144
f 5141 5142 5144
f 5145 5128 5126
f 5145 5126 5144
f 5144 5126 5146
f 5126 5129 5146
f 5129 5147 5146
f 5129 5131 5147
f 5131 5148 5147
f 5131 5132 5148
f 5132 5149 5148
f 5134 5151 5150
f 5134 5150 5132
f 5132 5150 5149
f 5151 5152 5150
f 5154 5137 5135
f 5153 5154 5135
f 5135 5138 5153
f 5138 5155 5153
f 5138 5139 5155
f 5139 5156 5155
f 5140 5158 5157
f 5140 5157 5139
f 5139 5157 5156
f 5158 5160 5159
f 5157 5158 5159
f 5160 5162 5161
f 5159 5160 5161
f 5162 5143 5141
f 5162 5141 5161
f 5161 5141 5163
f 5141 5144 5163
f 5144 5164 5163
f 5144 5146 5164
f 5146 5165 5164
f 5146 5147 5165
f 5147 5166 5165
f 5147 5148 5166
f 5148 5167 5166
f 5148 5149 5167
f 5149 5168 5167
f 5149 5150 5168
f 5150 5169 5168
f 5152 5170 5169
f 5150 5152 5169
f 5173 5172 5171
f 5172 5154 5153
f 5172 5153 5171
f 5171 5153 5174
f 5153 5155 5174
f 5155 5175 5174
f 5155 5156 5175
f 5156 5176 5175
f 5156 5157 5176
f 5157 5177 5176
f 5157 5159 5177
f 5159 5178 5177
f 5159 5161 5178
f 5161 5179 5178
f 5161 5163 5179
f 5163 5180 5179
f 5163 5164 5180
f 5164 5181 5180
f 5164 5165 5181
f 5165 5182 5181
f 5165 5166 5182
f 5166 5183 5182
f 5166 5167 5183
f 5167 5184 5183
f 5167 5168 5184
f 5168 5185 5184
f 5186 5187 5185
f 5186 5185 5169
f 5169 5185 5168
f 5169 5170 5186
f 5189 5173 5171
f 5188 5189 5171
f 5171 5174 5188
f 5174 5190 5188
f 5174 5175 5190
f 5175 5191 5190
f 5175 5176 5191
f 5176 5192 5191
f 5176 5177 5192
f 5177 5193 5192
f 5177 5178 5193
f 5178 5194 5193
f 5178 5179 5194
f 5179 5195 5194
f 5179 5180 5195
f 5180 5196 5195
f 5180 5181 5196
f 5181 5197 5196
f 5181 5182 5197
f 5182 5198 5197
f 5182 5183 5198
f 5183 5199 5198
f 5183 5184 5199
f 5184 5200 5199
f 5184 5185 5200
f 5185 5201 5200
f 5187 5202 5201
f 5185 5187 5201
f 5205 5204 5203
f 5204 5189 5188
f 5204 5188 5203
f 5203 5188 5206
f 5188 5190 5206
f 5190 5207 5206
f 5190 5191 5207
f 5191 5208 5207
f 5191 5192 5208
f 5192 5209 5208
f 5192 5193 5209
f 5193 5210 5209
f 5193 5194 5210
f 5194 5211 5210
f 5194 5195 5211
f 5195 5212 5211
f 5195 5196 5212
f 5196 5213 5212
f 5037 5197 5036
f 5037 5213 5197
f 5213 5196 5197
f 5198 5036 5197
f 5039 5036 5198
f 5199 5039 5198
f 5041 5039 5199
f 5200 5041 5199
f 5043 5041 5200
f 5043 5214 5044
f 5043 5200 5214
f 5200 5201 5214
f 5202 5215 5214
f 5201 5202 5214
f 5217 5205 5203
f 5216 5217 5203
f 5203 5206 5216
f 5206 5218 5216
f 5206 5207 5218
f 5207 5219 5218
f 5207 5208 5219
f 5208 5220 5219
f 5208 5209 5220
f 5209 5221 5220
f 5209 5210 5221
f 5210 5222 5221
f 5210 5211 5222
f 5211 5223 5222
f 5047 5212 5046
f 5047 5223 5212
f 5223 5211 5212
f 5213 5046 5212
f 5049 5046 5213
f 5213 5037 5049
f 5224 5044 5214
f 5224 5225 5044
f 5225 5054 5044
f 5214 5215 5224
f 5227 5217 5216
f 5226 5227 5216
f 5216 5218 5226
f 5218 5228 5226
f 5218 5219 5228
f 5219 5229 5228
f 5219 5220 5229
f 5220 5230 5229
f 5220 5221 5230
f 5221 5231 5230
f 5221 5222 5231
f 5222 5232 5231
f 5222 5223 5232
f 5223 5233 5232
f 5223 5056 5233
f 5047 5056 5223
f 5061 5234 5062
f 5234 5061 5054
f 5234 5054 5235
f 5235 5054 5225
f 5238 5237 5236
f 5237 5240 5239
f 5236 5237 5239
f 5240 5242 5241
f 5239 5240 5241
f 5242 5243 5241
f 5245 5227 5226
f 5244 5245 5226
f 5226 5228 5244
f 5228 5246 5244
f 5228 5229 5246
f 5229 5247 5246
f 5229 5230 5247
f 5230 5248 5247
f 5230 5231 5248
f 5231 5249 5248
f 5231 5232 5249
f 5232 5250 5249
f 5232 5233 5250
f 5233 5251 5250
f 5233 5064 5251
f 5056 5064 5233
f 5252 5062 5234
f 5252 5253 5062
f 5253 5069 5062
f 5234 5235 5252
f 5255 5238 5236
f 5254 5255 5236
f 5236 5239 5254
f 5239 5256 5254
f 5239 5241 5256
f 5241 5257 5256
f 5243 5258 5257
f 5241 5243 5257
f 5261 5260 5259
f 5260 5263 5262
f 5259 5260 5262
f 5263 5245 5244
f 5263 5244 5262
f 5262 5244 5264
f 5244 5246 5264
f 5246 5265 5264
f 5246 5247 5265
f 5247 5266 5265
f 5247 5248 5266
f 5248 5267 5266
f 5248 5249 5267
f 5249 5268 5267
f 5249 5250 5268
f 5250 5269 5268
f 5072 5251 5071
f 5072 5269 5251
f 5269 5250 5251
f 5251 5064 5071
f 5078 5270 5271
f 5077 5270 5078
f 5270 5077 5069
f 5253 5270 5069
f 5273 5255 5254
f 5272 5273 5254
f 5254 5256 5272
f 5256 5274 5272
f 5256 5257 5274
f 5257 5275 5274
f 5258 5276 5275
f 5257 5258 5275
f 5261 5259 5277
f 5279 5277 5259
f 5279 5259 5278
f 5278 5259 5262
f 5262 5264 5278
f 5264 5280 5278
f 5264 5265 5280
f 5265 5281 5280
f 5265 5266 5281
f 5266 5282 5281
f 5266 5267 5282
f 5267 5283 5282
f 5267 5268 5283
f 5268 5284 5283
f 5081 5269 5080
f 5081 5284 5269
f 5284 5268 5269
f 5269 5072 5080
f 5086 5285 5286
f 5085 5285 5086
f 5285 5085 5287
f 5085 5087 5287
f 5287 5087 5078
f 5271 5287 5078
f 5273 5272 5288
f 5272 5274 5289
f 5288 5272 5289
f 5274 5275 5290
f 5289 5274 5290
f 5275 5276 5290
f 5279 5278 5291
f 5278 5280 5292
f 5291 5278 5292
f 5280 5281 5293
f 5292 5280 5293
f 5281 5282 5294
f 5293 5281 5294
f 5282 5283 5295
f 5294 5282 5295
f 5283 5284 5296
f 5295 5283 5296
f 5284 5081 5088
f 5284 5088 5296
f 5296 5088 5297
f 5297 5088 5298
f 5088 5089 5298
f 5298 5089 5299
f 5089 5090 5299
f 5299 5090 5300
f 5090 5091 5300
f 5300 5091 5086
f 5286 5300 5086
f 5303 5302 5301
f 5302 5304 5301
f 5306 5303 5301
f 5305 5306 5301
f 5304 5308 5307
f 5304 5307 5301
f 5301 5307 5305
f 5308 5310 5309
f 5307 5308 5309
f 5310 5312 5311
f 5309 5310 5311
f 5312 5314 5313
f 5311 5312 5313
f 5314 5316 5315
f 5313 5314 5315
f 5316 5318 5317
f 5315 5316 5317
f 5318 5320 5319
f 5317 5318 5319
f 5320 5322 5321
f 5319 5320 5321
f 5322 5324 5323
f 5321 5322 5323
f 5324 5326 5325
f 5323 5324 5325
f 5326 5328 5327
f 5325 5326 5327
f 5328 5329 5327
f 5332 5331 5330
f 5331 5334 5333
f 5330 5331 5333
f 5334 5336 5335
f 5333 5334 5335
f 5336 5338 5337
f 5335 5336 5337
f 5338 5340 5339
f 5337 5338 5339
f 5340 5342 5341
f 5339 5340 5341
f 5342 5344 5343
f 5341 5342 5343
f 5344 5346 5345
f 5343 5344 5345
f 5346 5348 5347
f 5345 5346 5347
f 5348 5349 5347
f 5351 5306 5305
f 5350 5351 5305
f 5094 5307 5093
f 5094 5350 5307
f 5350 5305 5307
f 5309 5093 5307
f 5096 5093 5309
f 5311 5096 5309
f 5098 5096 5311
f 5313 5098 5311
f 5100 5098 5313
f 5315 5100 5313
f 5102 5100 5315
f 5317 5102 5315
f 5104 5102 5317
f 5104 5352 5105
f 5104 5317 5352
f 5317 5319 5352
f 5319 5321 5352
f 5321 5353 5352
f 5321 5323 5353
f 5323 5354 5353
f 5323 5325 5354
f 5325 5355 5354
f 5325 5327 5355
f 5327 5356 5355
f 5329 5358 5357
f 5329 5357 5327
f 5327 5357 5356
f 5358 5359 5357
f 5362 5361 5360
f 5361 5364 5363
f 5360 5361 5363
f 5364 5332 5330
f 5364 5330 5363
f 5363 5330 5365
f 5330 5333 5365
f 5333 5366 5365
f 5333 5335 5366
f 5335 5367 5366
f 5335 5337 5367
f 5337 5368 5367
f 5337 5339 5368
f 5339 5369 5368
f 5339 5341 5369
f 5341 5370 5369
f 5341 5343 5370
f 5343 5371 5370
f 5343 5345 5371
f 5345 5372 5371
f 5345 5347 5372
f 5347 5373 5372
f 5349 5375 5374
f 5349 5374 5347
f 5347 5374 5373
f 5375 5377 5376
f 5374 5375 5376
f 5377 5378 5376
f 5380 5351 5350
f 5379 5380 5350
f 5106 5350 5094
f 5106 5381 5350
f 5381 5379 5350
f 5107 5381 5106
f 5382 5381 5107
f 5108 5382 5107
f 5383 5382 5108
f 5108 5110 5383
f 5112 5384 5113
f 5105 5384 5112
f 5105 5352 5384
f 5352 5385 5384
f 5352 5353 5385
f 5353 5386 5385
f 5353 5354 5386
f 5354 5387 5386
f 5354 5355 5387
f 5355 5388 5387
f 5355 5356 5388
f 5356 5389 5388
f 5356 5357 5389
f 5357 5390 5389
f 5359 5392 5391
f 5359 5391 5357
f 5357 5391 5390
f 5392 5393 5391
f 5396 5395 5394
f 5395 5398 5397
f 5394 5395 5397
f 5398 5362 5360
f 5398 5360 5397
f 5397 5360 5399
f 5360 5363 5399
f 5363 5400 5399
f 5363 5365 5400
f 5365 5401 5400
f 5365 5366 5401
f 5366 5402 5401
f 5366 5367 5402
f 5367 5403 5402
f 5367 5368 5403
f 5368 5404 5403
f 5368 5369 5404
f 5369 5405 5404
f 5369 5370 5405
f 5370 5406 5405
f 5370 5371 5406
f 5371 5407 5406
f 5371 5372 5407
f 5372 5408 5407
f 5372 5373 5408
f 5373 5409 5408
f 5373 5374 5409
f 5374 5410 5409
f 5374 5376 5410
f 5376 5411 5410
f 5378 5413 5412
f 5378 5412 5376
f 5376 5412 5411
f 5413 5414 5412
f 5416 5380 5379
f 5415 5416 5379
f 5379 5381 5415
f 5381 5417 5415
f 5381 5382 5417
f 5382 5418 5417
f 5382 5383 5418
f 5383 5419 5418
f 5114 5383 5110
f 5114 5420 5383
f 5420 5419 5383
f 5420 5421 5422
f 5420 5114 5421
f 5114 5115 5421
f 5113 5421 5115
f 5113 5423 5421
f 5113 5384 5423
f 5423 5424 5421
f 5425 5426 5423
f 5425 5423 5385
f 5385 5423 5384
f 5385 5386 5427
f 5425 5385 5427
f 5386 5387 5428
f 5427 5386 5428
f 5387 5388 5429
f 5428 5387 5429
f 5431 5429 5388
f 5431 5388 5430
f 5430 5388 5389
f 5389 5390 5430
f 5390 5432 5430
f 5433 5434 5432
f 5433 5432 5391
f 5391 5432 5390
f 5391 5393 5433
f 5436 5396 5394
f 5435 5436 5394
f 5394 5397 5435
f 5397 5437 5435
f 5397 5399 5437
f 5399 5438 5437
f 5399 5400 5438
f 5400 5439 5438
f 5400 5401 5439
f 5401 5440 5439
f 5401 5402 5440
f 5402 5441 5440
f 5402 5403 5441
f 5403 5442 5441
f 5403 5404 5442
f 5404 5443 5442
f 5404 5405 5443
f 5405 5444 5443
f 5405 5406 5444
f 5406 5445 5444
f 5406 5407 5445
f 5407 5446 5445
f 5407 5408 5446
f 5408 5447 5446
f 5408 5409 5447
f 5409 5448 5447
f 5409 5410 5448
f 5410 5449 5448
f 5410 5411 5449
f 5411 5450 5449
f 5411 5412 5450
f 5412 5451 5450
f 5414 5453 5452
f 5414 5452 5412
f 5412 5452 5451
f 5453 5454 5452
f 5416 5415 5455
f 5415 5417 5456
f 5455 5415 5456
f 5417 5418 5457
f 5456 5417 5457
f 5418 5419 5458
f 5457 5418 5458
f 5419 5420 5459
f 5458 5419 5459
f 5420 5422 5459
f 5424 5423 5460
f 5423 5426 5460
f 5431 5430 5461
f 5430 5432 5462
f 5461 5430 5462
f 5432 5434 5462
f 5464 5436 5435
f 5463 5464 5435
f 5435 5437 5463
f 5437 5465 5463
f 5437 5438 5465
f 5438 5466 5465
f 5438 5439 5466
f 5439 5467 5466
f 5439 5440 5467
f 5440 5468 5467
f 5440 5441 5468
f 5441 5469 5468
f 5441 5442 5469
f 5442 5470 5469
f 5442 5443 5470
f 5443 5471 5470
f 5443 5444 5471
f 5444 5472 5471
f 5444 5445 5472
f 5445 5473 5472
f 5445 5446 5473
f 5446 5474 5473
f 5446 5447 5474
f 5447 5475 5474
f 5447 5448 5475
f 5448 5476 5475
f 5448 5449 5476
f 5449 5477 5476
f 5449 5450 5477
f 5450 5478 5477
f 5450 5451 5478
f 5451 5479 5478
f 5451 5452 5479
f 5452 5480 5479
f 5454 5482 5481
f 5454 5481 5452
f 5452 5481 5480
f 5482 5483 5481
f 5464 5463 5484
f 5486 5484 5463
f 5486 5463 5485
f 5485 5463 5465
f 5465 5466 5485
f 5466 5487 5485
f 5466 5467 5487
f 5467 5488 5487
f 5467 5468 5488
f 5468 5489 5488
f 5468 5469 5489
f 5469 5490 5489
f 5469 5470 5490
f 5470 5491 5490
f 5470 5471 5491
f 5471 5492 5491
f 5471 5472 5492
f 5472 5493 5492
f 5472 5473 5493
f 5473 5494 5493
f 5473 5474 5494
f 5474 5495 5494
f 5474 5475 5495
f 5475 5496 5495
f 5475 5476 5496
f 5476 5497 5496
f 5476 5477 5497
f 5477 5498 5497
f 5477 5478 5498
f 5478 5499 5498
f 5478 5479 5499
f 5479 5500 5499
f 5479 5480 5500
f 5480 5501 5500
f 5118 5481 5117
f 5118 5501 5481
f 5501 5480 5481
f 5117 5502 5119
f 5481 5502 5117
f 5481 5503 5502
f 5481 5483 5503
f 5503 5504 5502
f 5486 5485 5505
f 5507 5505 5485
f 5507 5485 5506
f 5506 5485 5487
f 5487 5488 5506
f 5488 5508 5506
f 5488 5489 5508
f 5489 5509 5508
f 5489 5490 5509
f 5490 5510 5509
f 5490 5491 5510
f 5491 5511 5510
f 5491 5492 5511
f 5492 5512 5511
f 5122 5493 5121
f 5122 5512 5493
f 5512 5492 5493
f 5494 5121 5493
f 5124 5121 5494
f 5124 5513 5125
f 5124 5494 5513
f 5494 5495 5513
f 5495 5496 5513
f 5496 5514 5513
f 5496 5497 5514
f 5497 5515 5514
f 5497 5498 5515
f 5498 5516 5515
f 5498 5499 5516
f 5499 5517 5516
f 5128 5500 5127
f 5128 5517 5500
f 5517 5499 5500
f 5501 5127 5500
f 5130 5127 5501
f 5501 5118 5130
f 5502 5133 5119
f 5133 5502 5504
f 5133 5504 5134
f 5134 5504 5518
f 5520 5507 5506
f 5519 5520 5506
f 5506 5508 5519
f 5508 5521 5519
f 5508 5509 5521
f 5509 5522 5521
f 5509 5510 5522
f 5510 5523 5522
f 5510 5511 5523
f 5511 5524 5523
f 5137 5512 5136
f 5137 5524 5512
f 5524 5511 5512
f 5512 5122 5136
f 5525 5125 5513
f 5140 5125 5525
f 5513 5514 5525
f 5514 5526 5525
f 5514 5515 5526
f 5515 5527 5526
f 5143 5516 5142
f 5143 5527 5516
f 5527 5515 5516
f 5517 5142 5516
f 5145 5142 5517
f 5517 5128 5145
f 5151 5529 5528
f 5151 5134 5529
f 5134 5518 5529
f 5151 5528 5152
f 5531 5520 5519
f 5530 5531 5519
f 5519 5521 5530
f 5521 5532 5530
f 5521 5522 5532
f 5522 5533 5532
f 5522 5523 5533
f 5523 5534 5533
f 5523 5524 5534
f 5524 5535 5534
f 5524 5154 5535
f 5137 5154 5524
f 5525 5158 5140
f 5526 5158 5525
f 5160 5158 5526
f 5527 5160 5526
f 5162 5160 5527
f 5527 5143 5162
f 5537 5528 5529
f 5536 5528 5537
f 5528 5536 5170
f 5152 5528 5170
f 5539 5531 5530
f 5538 5539 5530
f 5530 5532 5538
f 5532 5540 5538
f 5532 5533 5540
f 5533 5541 5540
f 5533 5534 5541
f 5534 5542 5541
f 5173 5535 5172
f 5173 5542 5535
f 5542 5534 5535
f 5535 5154 5172
f 5536 5187 5186
f 5536 5537 5187
f 5537 5543 5187
f 5536 5186 5170
f 5546 5545 5544
f 5545 5539 5538
f 5545 5538 5544
f 5544 5538 5547
f 5538 5540 5547
f 5540 5548 5547
f 5540 5541 5548
f 5541 5549 5548
f 5541 5542 5549
f 5542 5550 5549
f 5542 5189 5550
f 5173 5189 5542
f 5553 5551 5552
f 5552 5551 5202
f 5552 5202 5543
f 5543 5202 5187
f 5555 5546 5544
f 5554 5555 5544
f 5544 5547 5554
f 5547 5556 5554
f 5547 5548 5556
f 5548 5557 5556
f 5548 5549 5557
f 5549 5558 5557
f 5205 5550 5204
f 5205 5558 5550
f 5558 5549 5550
f 5550 5189 5204
f 5560 5551 5553
f 5559 5551 5560
f 5551 5559 5215
f 5202 5551 5215
f 5562 5555 5554
f 5561 5562 5554
f 5554 5556 5561
f 5556 5563 5561
f 5556 5557 5563
f 5557 5564 5563
f 5557 5558 5564
f 5558 5565 5564
f 5558 5217 5565
f 5205 5217 5558
f 5559 5225 5224
f 5559 5560 5225
f 5560 5566 5225
f 5559 5224 5215
f 5569 5568 5567
f 5568 5571 5570
f 5567 5568 5570
f 5571 5573 5572
f 5570 5571 5572
f 5573 5574 5572
f 5576 5562 5561
f 5575 5576 5561
f 5561 5563 5575
f 5563 5577 5575
f 5563 5564 5577
f 5564 5578 5577
f 5564 5565 5578
f 5565 5579 5578
f 5565 5227 5579
f 5217 5227 5565
f 5582 5580 5581
f 5581 5580 5235
f 5581 5235 5566
f 5566 5235 5225
f 5585 5584 5583
f 5238 5583 5584
f 5238 5584 5237
f 5237 5584 5586
f 5567 5586 5569
f 5567 5240 5586
f 5240 5237 5586
f 5570 5240 5567
f 5242 5240 5570
f 5242 5587 5243
f 5242 5570 5587
f 5570 5572 5587
f 5574 5589 5588
f 5574 5588 5572
f 5572 5588 5587
f 5589 5591 5590
f 5588 5589 5590
f 5591 5593 5592
f 5590 5591 5592
f 5593 5595 5594
f 5592 5593 5594
f 5595 5597 5596
f 5594 5595 5596
f 5597 5599 5598
f 5596 5597 5598
f 5599 5600 5598
f 5602 5576 5575
f 5601 5602 5575
f 5575 5577 5601
f 5577 5603 5601
f 5577 5578 5603
f 5578 5604 5603
f 5578 5579 5604
f 5579 5605 5604
f 5579 5245 5605
f 5227 5245 5579
f 5580 5253 5252
f 5580 5582 5253
f 5582 5606 5253
f 5580 5252 5235
f 5608 5585 5583
f 5607 5608 5583
f 5583 5255 5607
f 5238 5255 5583
f 5609 5243 5587
f 5258 5243 5609
f 5587 5588 5609
f 5588 5610 5609
f 5588 5590 5610
f 5590 5611 5610
f 5590 5592 5611
f 5592 5612 5611
f 5592 5594 5612
f 5594 5613 5612
f 5594 5596 5613
f 5596 5614 5613
f 5596 5598 5614
f 5598 5615 5614
f 5600 5617 5616
f 5600 5616 5598
f 5598 5616 5615
f 5617 5618 5616
f 5621 5620 5619
f 5620 5623 5622
f 5619 5620 5622
f 5623 5625 5624
f 5622 5623 5624
f 5625 5627 5626
f 5624 5625 5626
f 5627 5602 5601
f 5627 5601 5626
f 5626 5601 5628
f 5601 5603 5628
f 5603 5629 5628
f 5261 5604 5260
f 5261 5629 5604
f 5629 5603 5604
f 5605 5260 5604
f 5263 5260 5605
f 5605 5245 5263
f 5632 5630 5631
f 5271 5631 5630
f 5271 5270 5631
f 5270 5633 5631
f 5633 5270 5253
f 5606 5633 5253
f 5636 5635 5634
f 5635 5608 5607
f 5635 5607 5634
f 5634 5607 5637
f 5607 5273 5637
f 5255 5273 5607
f 5638 5258 5609
f 5276 5258 5638
f 5609 5610 5638
f 5610 5639 5638
f 5610 5611 5639
f 5611 5640 5639
f 5611 5612 5640
f 5612 5641 5640
f 5612 5613 5641
f 5613 5642 5641
f 5613 5614 5642
f 5614 5643 5642
f 5644 5645 5643
f 5644 5643 5615
f 5615 5643 5614
f 5615 5616 5646
f 5644 5615 5646
f 5616 5618 5646
f 5621 5619 5647
f 5619 5622 5648
f 5647 5619 5648
f 5622 5624 5649
f 5648 5622 5649
f 5624 5626 5650
f 5649 5624 5650
f 5626 5628 5651
f 5650 5626 5651
f 5653 5651 5628
f 5653 5628 5652
f 5652 5628 5629
f 5277 5629 5261
f 5277 5654 5629
f 5654 5652 5629
f 5277 5279 5654
f 5286 5655 5656
f 5285 5655 5286
f 5630 5632 5655
f 5630 5655 5287
f 5287 5655 5285
f 5630 5287 5271
f 5658 5636 5634
f 5657 5658 5634
f 5634 5637 5657
f 5637 5659 5657
f 5288 5637 5273
f 5288 5660 5637
f 5660 5659 5637
f 5289 5660 5288
f 5661 5660 5289
f 5290 5661 5289
f 5662 5661 5290
f 5662 5663 5664
f 5290 5663 5662
f 5290 5638 5663
f 5290 5276 5638
f 5638 5639 5665
f 5663 5638 5665
f 5639 5640 5666
f 5665 5639 5666
f 5640 5641 5667
f 5666 5640 5667
f 5641 5642 5668
f 5667 5641 5668
f 5642 5643 5669
f 5668 5642 5669
f 5643 5645 5669
f 5653 5652 5670
f 5652 5654 5671
f 5670 5652 5671
f 5654 5279 5291
f 5654 5291 5671
f 5671 5291 5672
f 5672 5291 5673
f 5291 5292 5673
f 5673 5292 5674
f 5292 5293 5674
f 5676 5294 5675
f 5676 5674 5294
f 5674 5293 5294
f 5295 5675 5294
f 5677 5675 5295
f 5296 5677 5295
f 5678 5677 5296
f 5297 5678 5296
f 5679 5678 5297
f 5679 5680 5681
f 5679 5297 5680
f 5297 5298 5680
f 5680 5298 5682
f 5298 5299 5682
f 5682 5299 5683
f 5299 5300 5683
f 5683 5300 5286
f 5656 5683 5286
f 5658 5657 5684
f 5686 5684 5657
f 5686 5657 5685
f 5685 5657 5659
f 5659 5660 5685
f 5660 5687 5685
f 5688 5689 5687
f 5688 5687 5661
f 5661 5687 5660
f 5661 5662 5690
f 5688 5661 5690
f 5662 5664 5690
f 5676 5675 5691
f 5675 5677 5692
f 5691 5675 5692
f 5677 5678 5693
f 5692 5677 5693
f 5678 5679 5694
f 5693 5678 5694
f 5679 5681 5694
f 5686 5685 5695
f 5685 5687 5696
f 5695 5685 5696
f 5687 5689 5696
f 5699 5698 5697
f 5698 5701 5700
f 5697 5698 5700
f 5701 5702 5700
f 5704 5699 5697
f 5703 5704 5697
f 5303 5700 5302
f 5303 5703 5700
f 5703 5697 5700
f 5302 5705 5304
f 5700 5705 5302
f 5700 5706 5705
f 5700 5702 5706
f 5706 5708 5707
f 5705 5706 5707
f 5708 5709 5707
f 5712 5711 5710
f 5711 5714 5713
f 5710 5711 5713
f 5714 5716 5715
f 5713 5714 5715
f 5716 5717 5715
f 5720 5719 5718
f 5719 5704 5703
f 5719 5703 5718
f 5718 5703 5721
f 5703 5306 5721
f 5303 5306 5703
f 5705 5308 5304
f 5707 5308 5705
f 5310 5308 5707
f 5709 5310 5707
f 5709 5722 5310
f 5722 5312 5310
f 5722 5723 5312
f 5312 5723 5314
f 5723 5724 5314
f 5314 5724 5316
f 5724 5725 5316
f 5316 5725 5318
f 5725 5726 5318
f 5318 5726 5320
f 5726 5727 5320
f 5320 5727 5322
f 5727 5728 5322
f 5322 5728 5324
f 5728 5729 5324
f 5324 5729 5326
f 5729 5730 5326
f 5326 5730 5328
f 5731 5329 5328
f 5731 5328 5732
f 5732 5328 5730
f 5732 5734 5733
f 5731 5732 5733
f 5734 5735 5733
f 5738 5737 5736
f 5332 5736 5737
f 5332 5737 5331
f 5331 5737 5739
f 5739 5740 5331
f 5331 5740 5334
f 5740 5741 5334
f 5334 5741 5336
f 5741 5742 5336
f 5336 5742 5338
f 5710 5742 5712
f 5710 5340 5742
f 5340 5338 5742
f 5713 5340 5710
f 5342 5340 5713
f 5715 5342 5713
f 5344 5342 5715
f 5717 5344 5715
f 5717 5743 5344
f 5743 5346 5344
f 5743 5744 5346
f 5346 5744 5348
f 5348 5744 5745
f 5349 5348 5745
f 5747 5720 5718
f 5746 5747 5718
f 5718 5721 5746
f 5721 5748 5746
f 5721 5351 5748
f 5306 5351 5721
f 5731 5358 5329
f 5358 5749 5359
f 5358 5731 5749
f 5731 5733 5749
f 5735 5751 5750
f 5735 5750 5733
f 5733 5750 5749
f 5751 5752 5750
f 5755 5754 5753
f 5362 5753 5754
f 5362 5754 5361
f 5361 5754 5756
f 5736 5756 5738
f 5736 5364 5756
f 5364 5361 5756
f 5736 5332 5364
f 5745 5375 5349
f 5757 5375 5745
f 5757 5758 5375
f 5375 5758 5377
f 5377 5758 5759
f 5378 5377 5759
f 5761 5747 5746
f 5760 5761 5746
f 5746 5748 5760
f 5748 5762 5760
f 5748 5380 5762
f 5351 5380 5748
f 5749 5392 5359
f 5392 5763 5393
f 5392 5749 5763
f 5749 5750 5763
f 5752 5764 5395
f 5752 5395 5763
f 5752 5763 5750
f 5763 5395 5396
f 5753 5764 5755
f 5753 5398 5764
f 5398 5395 5764
f 5753 5362 5398
f 5759 5413 5378
f 5765 5413 5759
f 5413 5765 5766
f 5414 5413 5766
f 5761 5760 5767
f 5769 5767 5760
f 5769 5760 5768
f 5768 5760 5762
f 5762 5416 5768
f 5380 5416 5762
f 5772 5770 5771
f 5422 5771 5770
f 5422 5421 5771
f 5421 5773 5771
f 5774 5421 5424
f 5774 5775 5421
f 5775 5773 5421
f 5777 5775 5774
f 5776 5426 5425
f 5427 5776 5425
f 5778 5776 5427
f 5428 5778 5427
f 5779 5778 5428
f 5429 5779 5428
f 5780 5779 5429
f 5429 5431 5780
f 5433 5781 5434
f 5393 5781 5433
f 5393 5763 5781
f 5763 5782 5781
f 5763 5436 5782
f 5396 5436 5763
f 5766 5453 5414
f 5783 5453 5766
f 5453 5783 5784
f 5454 5453 5784
f 5769 5768 5785
f 5768 5416 5455
f 5768 5455 5785
f 5785 5455 5786
f 5786 5455 5787
f 5455 5456 5787
f 5787 5456 5788
f 5456 5457 5788
f 5788 5457 5789
f 5457 5458 5789
f 5770 5772 5789
f 5770 5789 5459
f 5459 5789 5458
f 5770 5459 5422
f 5774 5424 5460
f 5426 5776 5790
f 5426 5790 5460
f 5777 5774 5790
f 5774 5460 5790
f 5776 5778 5791
f 5790 5776 5791
f 5778 5779 5792
f 5791 5778 5792
f 5779 5780 5793
f 5792 5779 5793
f 5780 5431 5461
f 5780 5461 5793
f 5793 5461 5794
f 5796 5462 5795
f 5796 5794 5462
f 5794 5461 5462
f 5434 5795 5462
f 5434 5781 5795
f 5781 5797 5795
f 5781 5782 5797
f 5782 5798 5797
f 5782 5464 5798
f 5436 5464 5782
f 5482 5800 5799
f 5482 5454 5800
f 5454 5784 5800
f 5482 5799 5483
f 5796 5795 5801
f 5795 5797 5802
f 5801 5795 5802
f 5797 5798 5803
f 5802 5797 5803
f 5805 5484 5804
f 5803 5484 5805
f 5803 5464 5484
f 5803 5798 5464
f 5484 5486 5804
f 5800 5806 5799
f 5799 5503 5483
f 5799 5806 5503
f 5806 5807 5503
f 5503 5807 5808
f 5504 5503 5808
f 5810 5805 5804
f 5809 5810 5804
f 5505 5804 5486
f 5505 5811 5804
f 5811 5809 5804
f 5505 5507 5811
f 5808 5812 5504
f 5812 5518 5504
f 5814 5810 5809
f 5813 5814 5809
f 5809 5811 5813
f 5811 5815 5813
f 5811 5520 5815
f 5507 5520 5811
f 5812 5816 5518
f 5816 5529 5518
f 5814 5813 5817
f 5819 5817 5813
f 5819 5813 5818
f 5818 5813 5815
f 5815 5531 5818
f 5520 5531 5815
f 5822 5820 5821
f 5821 5820 5537
f 5821 5537 5816
f 5816 5537 5529
f 5824 5819 5818
f 5823 5824 5818
f 5818 5539 5823
f 5531 5539 5818
f 5826 5820 5822
f 5825 5820 5826
f 5820 5825 5543
f 5537 5820 5543
f 5823 5545 5546
f 5823 5546 5824
f 5824 5546 5827
f 5823 5539 5545
f 5825 5553 5552
f 5825 5826 5553
f 5826 5828 5553
f 5825 5552 5543
f 5831 5830 5829
f 5830 5555 5829
f 5830 5827 5555
f 5827 5546 5555
f 5828 5832 5553
f 5832 5560 5553
f 5835 5834 5833
f 5834 5837 5836
f 5833 5834 5836
f 5837 5838 5836
f 5840 5831 5829
f 5839 5840 5829
f 5829 5562 5839
f 5555 5562 5829
f 5832 5841 5560
f 5841 5566 5560
f 5568 5569 5842
f 5842 5844 5843
f 5842 5843 5568
f 5568 5843 5571
f 5843 5845 5571
f 5571 5845 5573
f 5846 5574 5573
f 5846 5573 5847
f 5847 5573 5845
f 5847 5849 5848
f 5846 5847 5848
f 5849 5851 5850
f 5848 5849 5850
f 5851 5853 5852
f 5850 5851 5852
f 5853 5855 5854
f 5852 5853 5854
f 5855 5857 5856
f 5854 5855 5856
f 5857 5859 5858
f 5856 5857 5858
f 5859 5835 5833
f 5859 5833 5858
f 5858 5833 5860
f 5833 5836 5860
f 5836 5861 5860
f 5838 5863 5862
f 5838 5862 5836
f 5836 5862 5861
f 5863 5865 5864
f 5862 5863 5864
f 5865 5840 5839
f 5865 5839 5864
f 5864 5839 5866
f 5839 5576 5866
f 5562 5576 5839
f 5582 5867 5868
f 5581 5867 5582
f 5867 5581 5566
f 5841 5867 5566
f 5871 5870 5869
f 5585 5869 5870
f 5585 5870 5584
f 5584 5870 5872
f 5872 5873 5584
f 5584 5873 5586
f 5569 5874 5842
f 5569 5586 5874
f 5586 5873 5874
f 5842 5874 5844
f 5846 5589 5574
f 5848 5589 5846
f 5591 5589 5848
f 5850 5591 5848
f 5593 5591 5850
f 5852 5593 5850
f 5595 5593 5852
f 5854 5595 5852
f 5597 5595 5854
f 5856 5597 5854
f 5599 5597 5856
f 5599 5875 5600
f 5599 5856 5875
f 5856 5858 5875
f 5858 5860 5875
f 5860 5876 5875
f 5860 5861 5876
f 5861 5877 5876
f 5861 5862 5877
f 5862 5878 5877
f 5862 5864 5878
f 5864 5879 5878
f 5864 5866 5879
f 5866 5880 5879
f 5866 5602 5880
f 5576 5602 5866
f 5883 5881 5882
f 5882 5881 5606
f 5882 5606 5868
f 5868 5606 5582
f 5885 5871 5869
f 5884 5885 5869
f 5869 5608 5884
f 5585 5608 5869
f 5875 5617 5600
f 5617 5886 5618
f 5617 5875 5886
f 5875 5876 5886
f 5621 5877 5620
f 5621 5886 5877
f 5886 5876 5877
f 5878 5620 5877
f 5623 5620 5878
f 5879 5623 5878
f 5625 5623 5879
f 5880 5625 5879
f 5627 5625 5880
f 5880 5602 5627
f 5632 5887 5888
f 5631 5887 5632
f 5881 5883 5887
f 5881 5887 5633
f 5633 5887 5631
f 5881 5633 5606
f 5891 5890 5889
f 5884 5635 5636
f 5885 5884 5636
f 5885 5636 5889
f 5885 5889 5890
f 5884 5608 5635
f 5644 5892 5645
f 5646 5892 5644
f 5893 5892 5646
f 5618 5893 5646
f 5618 5886 5893
f 5886 5894 5893
f 5621 5894 5886
f 5621 5895 5894
f 5621 5647 5895
f 5896 5894 5895
f 5895 5647 5897
f 5647 5648 5897
f 5897 5648 5898
f 5648 5649 5898
f 5898 5649 5899
f 5649 5650 5899
f 5899 5650 5900
f 5650 5651 5900
f 5651 5901 5900
f 5653 5901 5651
f 5904 5902 5903
f 5656 5903 5902
f 5656 5655 5903
f 5655 5905 5903
f 5905 5655 5632
f 5888 5905 5632
f 5907 5891 5889
f 5906 5907 5889
f 5889 5658 5906
f 5636 5658 5889
f 5664 5908 5909
f 5663 5908 5664
f 5911 5665 5910
f 5911 5908 5665
f 5908 5663 5665
f 5666 5910 5665
f 5912 5910 5666
f 5667 5912 5666
f 5913 5912 5667
f 5668 5913 5667
f 5914 5913 5668
f 5669 5914 5668
f 5915 5914 5669
f 5915 5916 5917
f 5669 5916 5915
f 5669 5892 5916
f 5669 5645 5892
f 5892 5893 5918
f 5916 5892 5918
f 5893 5894 5919
f 5918 5893 5919
f 5894 5896 5919
f 5901 5653 5670
f 5920 5901 5670
f 5920 5670 5921
f 5670 5671 5921
f 5921 5671 5922
f 5671 5672 5922
f 5922 5672 5923
f 5672 5673 5923
f 5925 5674 5924
f 5925 5923 5674
f 5923 5673 5674
f 5674 5676 5924
f 5928 5926 5927
f 5927 5929 5930
f 5926 5929 5927
f 5681 5930 5929
f 5681 5680 5930
f 5680 5931 5930
f 5931 5680 5932
f 5680 5682 5932
f 5902 5904 5932
f 5902 5932 5683
f 5683 5932 5682
f 5902 5683 5656
f 5907 5906 5933
f 5935 5684 5934
f 5933 5684 5935
f 5933 5658 5684
f 5933 5906 5658
f 5684 5686 5934
f 5689 5936 5937
f 5688 5936 5689
f 5936 5688 5938
f 5688 5690 5938
f 5938 5690 5664
f 5909 5938 5664
f 5911 5910 5939
f 5910 5912 5940
f 5939 5910 5940
f 5912 5913 5941
f 5940 5912 5941
f 5913 5914 5942
f 5941 5913 5942
f 5914 5915 5943
f 5942 5914 5943
f 5915 5917 5943
f 5925 5924 5944
f 5924 5676 5691
f 5924 5691 5944
f 5944 5691 5945
f 5945 5691 5946
f 5691 5692 5946
f 5926 5928 5946
f 5926 5946 5693
f 5693 5946 5692
f 5929 5926 5693
f 5694 5929 5693
f 5929 5694 5681
f 5935 5934 5947
f 5934 5686 5695
f 5934 5695 5947
f 5947 5695 5948
f 5948 5695 5949
f 5695 5696 5949
f 5949 5696 5689
f 5937 5949 5689
f 5952 5951 5950
f 5699 5950 5951
f 5699 5951 5698
f 5698 5951 5953
f 5953 5954 5698
f 5698 5954 5701
f 5955 5702 5701
f 5955 5701 5956
f 5956 5701 5954
f 5956 5957 5955
f 5959 5952 5950
f 5958 5959 5950
f 5950 5704 5958
f 5699 5704 5950
f 5955 5706 5702
f 5955 5708 5706
f 5955 5961 5708
f 5955 5957 5961
f 5960 5708 5961
f 5708 5960 5709
f 5964 5963 5962
f 5963 5966 5965
f 5962 5963 5965
f 5712 5965 5966
f 5712 5966 5711
f 5711 5966 5967
f 5967 5968 5711
f 5711 5968 5714
f 5970 5969 5716
f 5970 5716 5968
f 5968 5716 5714
f 5716 5969 5717
f 5973 5972 5971
f 5958 5719 5720
f 5959 5958 5720
f 5959 5720 5971
f 5959 5971 5972
f 5958 5704 5719
f 5961 5974 5960
f 5976 5975 5722
f 5974 5976 5722
f 5974 5722 5709
f 5974 5709 5960
f 5723 5722 5975
f 5977 5723 5975
f 5724 5723 5977
f 5978 5724 5977
f 5725 5724 5978
f 5979 5725 5978
f 5979 5981 5980
f 5979 5980 5725
f 5725 5980 5726
f 5980 5982 5726
f 5726 5982 5727
f 5982 5983 5727
f 5727 5983 5728
f 5983 5984 5728
f 5728 5984 5729
f 5984 5985 5729
f 5729 5985 5730
f 5985 5986 5730
f 5730 5986 5732
f 5986 5987 5732
f 5732 5987 5734
f 5988 5735 5734
f 5988 5734 5989
f 5989 5734 5987
f 5989 5990 5988
f 5993 5992 5991
f 5738 5991 5992
f 5738 5992 5737
f 5737 5992 5994
f 5994 5995 5737
f 5737 5995 5739
f 5995 5996 5739
f 5739 5996 5740
f 5962 5996 5964
f 5962 5741 5996
f 5741 5740 5996
f 5965 5741 5962
f 5742 5741 5965
f 5965 5712 5742
f 5970 5997 5969
f 5969 5743 5717
f 5969 5997 5743
f 5997 5998 5743
f 5998 5999 5743
f 5743 5999 5744
f 5744 5999 6000
f 5745 5744 6000
f 6002 5973 5971
f 6001 6002 5971
f 5971 5747 6001
f 5720 5747 5971
f 5976 6003 5975
f 5975 6004 5977
f 6003 6004 5975
f 6006 5977 6004
f 6006 6005 5977
f 6005 5978 5977
f 6007 6005 6008
f 6007 5979 6005
f 5979 5978 6005
f 5979 6007 5981
f 5988 5751 5735
f 5751 6009 5752
f 5988 6009 5751
f 5988 6010 6009
f 5988 5990 6010
f 5755 6009 6010
f 5755 6010 5754
f 5754 6010 6011
f 5991 6011 5993
f 5991 5756 6011
f 5756 5754 6011
f 5991 5738 5756
f 6000 5757 5745
f 6012 5757 6000
f 6012 6013 5757
f 5757 6013 5758
f 5758 6013 6014
f 5759 5758 6014
f 6016 6002 6001
f 6015 6016 6001
f 6001 5761 6015
f 5747 5761 6001
f 6019 6017 6018
f 6018 6005 6006
f 6018 6017 6005
f 6017 6020 6005
f 6008 6021 6022
f 6008 6005 6021
f 6005 6020 6021
f 6022 6021 6023
f 6009 5764 5752
f 6009 5755 5764
f 6014 5765 5759
f 6024 5765 6014
f 5765 6024 6025
f 5766 5765 6025
f 6016 6015 6026
f 6015 5761 5767
f 6015 5767 6026
f 6026 5767 6027
f 5767 6028 6027
f 5769 6028 5767
f 6031 6029 6030
f 6030 6032 6033
f 6029 6032 6030
f 6033 6034 6035
f 6032 6034 6033
f 6017 5772 5771
f 6019 5772 6017
f 6019 6034 5772
f 6019 6035 6034
f 6020 6017 5771
f 5773 6020 5771
f 6021 6020 5773
f 5775 6021 5773
f 5775 5777 6036
f 6021 5775 6036
f 6021 6036 6037
f 6021 6037 6023
f 6037 6036 6038
f 6025 5783 5766
f 6039 5783 6025
f 5783 6039 6040
f 5784 5783 6040
f 6028 5769 5785
f 6041 6028 5785
f 6041 5785 6042
f 5785 5786 6042
f 6029 6031 6042
f 6029 6042 5787
f 5787 6042 5786
f 6032 6029 5787
f 5788 6032 5787
f 6034 6032 5788
f 5789 6034 5788
f 6034 5789 5772
f 6036 5777 5790
f 6038 6036 5790
f 6038 5790 6043
f 6043 5790 5791
f 6043 5791 6044
f 5791 5792 6044
f 6044 5792 6045
f 5792 5793 6045
f 6047 5794 6046
f 6047 6045 5794
f 6045 5793 5794
f 5794 5796 6046
f 6040 6048 5784
f 6048 5800 5784
f 6047 6046 6049
f 6046 5796 5801
f 6046 5801 6049
f 6049 5801 6050
f 6050 5801 6051
f 5801 5802 6051
f 6051 5802 6052
f 5802 5803 6052
f 5803 6053 6052
f 5805 6053 5803
f 6048 5806 5800
f 6054 5806 6048
f 6054 6055 5806
f 5806 6055 5807
f 5807 6055 6056
f 5808 5807 6056
f 6053 5805 6057
f 6057 5805 5810
f 6056 6058 5808
f 6058 5812 5808
f 6059 6060 6057
f 6059 6057 5814
f 5814 6057 5810
f 6060 6059 6061
f 6064 6062 6063
f 6063 6062 5816
f 6063 5816 6058
f 6058 5816 5812
f 6059 5814 5817
f 5817 6061 6059
f 5817 5819 6061
f 5819 6065 6061
f 6062 5822 5821
f 6062 6064 5822
f 6064 6066 5822
f 6062 5821 5816
f 6065 5819 6067
f 6067 5819 5824
f 6066 6068 5822
f 6068 5826 5822
f 6067 5824 6069
f 6069 5824 5827
f 6070 6068 6071
f 6070 5828 6068
f 5828 5826 6068
f 6071 6072 6070
f 5831 6074 6073
f 5830 5831 6073
f 6073 5827 5830
f 6069 5827 6073
f 6075 5828 6070
f 6075 6076 5828
f 6076 5832 5828
f 6070 6072 6075
f 6079 6078 6077
f 5835 6077 6078
f 5835 6078 5834
f 5834 6078 6080
f 6080 6081 5834
f 5834 6081 5837
f 6082 5838 5837
f 6082 5837 6083
f 6083 5837 6081
f 6083 6085 6084
f 6082 6083 6084
f 6085 5840 6084
f 6085 6074 5840
f 6074 5831 5840
f 6076 6086 5832
f 6086 5841 5832
f 6089 6088 6087
f 6088 6091 6090
f 6087 6088 6090
f 6091 6092 6090
f 5843 5844 6093
f 5845 5843 6093
f 6094 5845 6093
f 5847 5845 6094
f 6095 5847 6094
f 5849 5847 6095
f 6096 5849 6095
f 6096 6098 6097
f 6096 6097 5849
f 5849 6097 5851
f 6097 6099 5851
f 5851 6099 5853
f 6099 6100 5853
f 5853 6100 5855
f 6100 6101 5855
f 5855 6101 5857
f 6077 6101 6079
f 6077 5859 6101
f 5859 5857 6101
f 6077 5835 5859
f 6082 5863 5838
f 6084 5863 6082
f 5865 5863 6084
f 6084 5840 5865
f 5868 6102 6103
f 5867 6102 5868
f 6102 5867 5841
f 6086 6102 5841
f 5871 6105 6104
f 5870 5871 6104
f 6087 6104 6089
f 6087 5872 6104
f 5872 5870 6104
f 6090 5872 6087
f 5873 5872 6090
f 6092 5873 6090
f 6092 6106 5873
f 6106 5874 5873
f 5844 5874 6106
f 5844 6106 6107
f 5844 6107 6093
f 6107 6106 6108
f 6093 6107 6094
f 6094 6107 6109
f 6094 6109 6095
f 6095 6109 6110
f 6111 6110 6112
f 6111 6096 6110
f 6096 6095 6110
f 6096 6111 6098
f 5883 6113 6114
f 5882 6113 5883
f 6113 5882 5868
f 6103 6113 5868
f 6117 6116 6115
f 6116 5885 6115
f 6116 6105 5885
f 6105 5871 5885
f 6108 6118 6107
f 6107 6119 6109
f 6118 6119 6107
f 6109 6120 6110
f 6119 6120 6109
f 6110 6120 6112
f 6123 6121 6122
f 5888 6122 6121
f 5888 5887 6122
f 5887 6124 6122
f 6124 5887 5883
f 6114 6124 5883
f 6115 5890 5891
f 6115 5891 6117
f 6117 5891 6125
f 6115 5885 5890
f 6128 6126 6127
f 6127 6129 6130
f 6126 6129 6127
f 6130 6129 6131
f 5895 6132 5896
f 6132 6133 6134
f 6132 5895 6133
f 5895 5897 6133
f 6133 5897 6135
f 5897 5898 6135
f 6135 5898 6136
f 5898 5899 6136
f 6136 5899 6137
f 5899 5900 6137
f 5900 6138 6137
f 5901 6138 5900
f 6141 6139 6140
f 5904 6140 6139
f 5904 5903 6140
f 5903 6142 6140
f 6121 6123 6142
f 6121 6142 5905
f 5905 6142 5903
f 6121 5905 5888
f 6125 5891 6143
f 6143 5891 5907
f 6126 5909 5908
f 6126 6128 5909
f 6128 6144 5909
f 5908 5911 6145
f 5908 6145 6126
f 6126 6145 6129
f 6131 6146 6147
f 6131 6129 6146
f 6129 6145 6146
f 6147 6148 6149
f 6146 6148 6147
f 6149 6150 6151
f 6148 6150 6149
f 6151 6152 6153
f 6150 6152 6151
f 5917 6153 6152
f 5917 5916 6153
f 5916 6154 6153
f 6154 5916 6155
f 5916 5918 6155
f 6155 5918 6156
f 5918 5919 6156
f 5896 6132 6157
f 5896 6157 5919
f 5919 6157 6156
f 6132 6134 6157
f 6138 5901 5920
f 6158 6138 5920
f 6158 5920 6159
f 5920 5921 6159
f 6159 5921 6160
f 5921 5922 6160
f 6160 5922 6161
f 5922 5923 6161
f 6162 5923 5925
f 6162 6163 5923
f 6163 6161 5923
f 6163 6164 6165
f 6162 6164 6163
f 6165 6166 6167
f 6164 6166 6165
f 5928 6167 6166
f 5928 5927 6167
f 5927 6168 6167
f 6168 5927 6169
f 5927 5930 6169
f 6169 5930 6170
f 5930 5931 6170
f 6139 6141 6170
f 6139 6170 5932
f 5932 6170 5931
f 6139 5932 5904
f 6143 5907 5933
f 6171 6143 5933
f 5933 6172 6171
f 5935 6172 5933
f 5936 6173 5937
f 6173 6174 6175
f 6173 5936 6174
f 5936 5938 6174
f 6174 5938 5909
f 6144 6174 5909
f 6145 5911 5939
f 6146 6145 5939
f 5940 6146 5939
f 6148 6146 5940
f 5941 6148 5940
f 6150 6148 5941
f 5942 6150 5941
f 6152 6150 5942
f 5943 6152 5942
f 6152 5943 5917
f 6162 5925 5944
f 6164 6162 5944
f 5945 6164 5944
f 6166 6164 5945
f 5946 6166 5945
f 6166 5946 5928
f 6172 5935 5947
f 6176 6172 5947
f 6176 5947 6177
f 5947 5948 6177
f 6177 5948 6178
f 5948 5949 6178
f 5937 6173 6179
f 5937 6179 5949
f 5949 6179 6178
f 6173 6175 6179
f 5952 6181 6180
f 5951 5952 6180
f 6180 6182 5951
f 5951 6182 5953
f 6182 6183 5953
f 5953 6183 5954
f 6183 6184 5954
f 5954 6184 5956
f 5956 6184 6185
f 5957 5956 6185
f 6188 6187 6186
f 6187 5959 6186
f 6187 6181 5959
f 6181 5952 5959
f 6185 6189 5957
f 6189 5961 5957
f 5963 5964 6190
f 5966 5963 6190
f 6191 5966 6190
f 5967 5966 6191
f 6192 5967 6191
f 5968 5967 6192
f 6193 5968 6192
f 5968 6193 5970
f 6186 5972 5973
f 6186 5973 6188
f 6188 5973 6194
f 6186 5959 5972
f 6189 5974 5961
f 6195 5974 6189
f 5974 6195 6196
f 5976 5974 6196
f 5980 5981 6197
f 6197 6199 6198
f 6197 6198 5980
f 5980 6198 5982
f 6198 6200 5982
f 5982 6200 5983
f 6200 6201 5983
f 5983 6201 5984
f 6201 6202 5984
f 5984 6202 5985
f 6202 6203 5985
f 5985 6203 5986
f 6205 6204 5987
f 6205 5987 6203
f 6203 5987 5986
f 5989 5987 6204
f 6206 5989 6204
f 5989 6206 5990
f 5993 6208 6207
f 5992 5993 6207
f 6207 6209 5992
f 5992 6209 5994
f 6209 6210 5994
f 5994 6210 5995
f 6210 6211 5995
f 5995 6211 5996
f 5964 6212 6190
f 5964 5996 6212
f 5996 6211 6212
f 6190 6213 6191
f 6212 6213 6190
f 6191 6214 6192
f 6213 6214 6191
f 6192 6215 6193
f 6214 6215 6192
f 6193 5997 5970
f 6193 6215 5997
f 6215 6216 5997
f 6216 6217 5997
f 5997 6217 5998
f 6217 6218 5998
f 5998 6218 5999
f 5999 6218 6219
f 6000 5999 6219
f 6194 5973 6220
f 6220 5973 6002
f 6223 6221 6222
f 6222 6221 6224
f 6222 6224 5976
f 6222 5976 6196
f 5976 6224 6003
f 6004 6003 6224
f 6225 6004 6224
f 6004 6225 6006
f 6007 6008 6226
f 6226 6228 6227
f 6007 6226 6227
f 6007 6227 6197
f 6007 6197 5981
f 6197 6227 6199
f 6205 6229 6204
f 6204 6230 6206
f 6229 6230 6204
f 6206 6010 5990
f 6206 6230 6010
f 6230 6231 6010
f 6231 6232 6010
f 6010 6232 6011
f 6232 5993 6011
f 6208 5993 6232
f 6219 6012 6000
f 6233 6012 6219
f 6233 6234 6012
f 6012 6234 6013
f 6013 6234 6235
f 6014 6013 6235
f 6220 6002 6236
f 6236 6002 6016
f 6238 6221 6223
f 6237 6221 6238
f 6221 6237 6224
f 6224 6237 6239
f 6019 6018 6225
f 6019 6225 6239
f 6239 6225 6224
f 6225 6018 6006
f 6226 6008 6022
f 6022 6023 6240
f 6226 6022 6240
f 6226 6240 6241
f 6226 6241 6228
f 6241 6240 6242
f 6024 6244 6243
f 6024 6014 6244
f 6014 6235 6244
f 6024 6243 6025
f 6236 6016 6026
f 6245 6236 6026
f 6247 6027 6246
f 6247 6245 6027
f 6245 6026 6027
f 6027 6028 6246
f 6031 6248 6249
f 6030 6248 6031
f 6237 6238 6248
f 6237 6248 6033
f 6033 6248 6030
f 6239 6237 6033
f 6035 6239 6033
f 6239 6035 6019
f 6240 6023 6037
f 6037 6038 6250
f 6240 6037 6250
f 6240 6250 6251
f 6240 6251 6242
f 6251 6252 6253
f 6250 6252 6251
f 6253 6252 6254
f 6244 6255 6243
f 6243 6039 6025
f 6243 6255 6039
f 6255 6256 6039
f 6039 6256 6257
f 6040 6039 6257
f 6247 6246 6258
f 6246 6028 6041
f 6246 6041 6258
f 6258 6041 6259
f 6259 6041 6260
f 6041 6042 6260
f 6260 6042 6031
f 6249 6260 6031
f 6250 6038 6043
f 6252 6250 6043
f 6044 6252 6043
f 6254 6252 6044
f 6254 6044 6261
f 6261 6044 6045
f 6262 6045 6047
f 6262 6263 6045
f 6263 6261 6045
f 6263 6264 6265
f 6262 6264 6263
f 6265 6264 6266
f 6257 6267 6040
f 6267 6048 6040
f 6262 6047 6049
f 6264 6262 6049
f 6050 6264 6049
f 6266 6264 6050
f 6266 6050 6268
f 6268 6050 6051
f 6268 6051 6269
f 6051 6052 6269
f 6270 6052 6053
f 6270 6271 6052
f 6271 6269 6052
f 6271 6270 6272
f 6267 6054 6048
f 6273 6054 6267
f 6275 6274 6055
f 6275 6055 6273
f 6273 6055 6054
f 6055 6274 6056
f 6276 6270 6053
f 6057 6276 6053
f 6272 6276 6277
f 6270 6276 6272
f 6275 6278 6274
f 6274 6278 6279
f 6274 6279 6056
f 6056 6279 6058
f 6276 6057 6060
f 6060 6277 6276
f 6060 6061 6277
f 6061 6280 6277
f 6063 6281 6064
f 6281 6063 6058
f 6281 6058 6282
f 6282 6058 6279
f 6280 6061 6283
f 6283 6061 6065
f 6284 6064 6281
f 6066 6064 6284
f 6282 6285 6284
f 6281 6282 6284
f 6283 6065 6286
f 6286 6065 6067
f 6287 6066 6284
f 6068 6066 6287
f 6285 6288 6287
f 6284 6285 6287
f 6286 6067 6289
f 6289 6067 6069
f 6287 6071 6068
f 6071 6287 6288
f 6071 6288 6072
f 6072 6288 6290
f 6074 6292 6291
f 6073 6074 6291
f 6291 6069 6073
f 6289 6069 6291
f 6076 6293 6294
f 6075 6293 6076
f 6293 6075 6072
f 6290 6293 6072
f 6078 6079 6295
f 6080 6078 6295
f 6296 6080 6295
f 6081 6080 6296
f 6297 6081 6296
f 6297 6299 6298
f 6297 6298 6081
f 6081 6298 6083
f 6298 6300 6083
f 6083 6300 6085
f 6300 6074 6085
f 6292 6074 6300
f 6303 6301 6302
f 6302 6301 6086
f 6302 6086 6294
f 6294 6086 6076
f 6088 6089 6304
f 6304 6306 6305
f 6304 6305 6088
f 6088 6305 6091
f 6091 6305 6307
f 6092 6091 6307
f 6097 6098 6308
f 6099 6097 6308
f 6309 6099 6308
f 6100 6099 6309
f 6310 6100 6309
f 6310 6312 6311
f 6310 6311 6100
f 6100 6311 6101
f 6079 6313 6295
f 6079 6101 6313
f 6101 6311 6313
f 6295 6314 6296
f 6313 6314 6295
f 6296 6315 6297
f 6314 6315 6296
f 6297 6315 6299
f 6301 6103 6102
f 6301 6303 6103
f 6303 6316 6103
f 6301 6102 6086
f 6105 6318 6317
f 6104 6105 6317
f 6089 6319 6304
f 6089 6104 6319
f 6104 6317 6319
f 6304 6319 6306
f 6307 6106 6092
f 6320 6106 6307
f 6106 6320 6321
f 6108 6106 6321
f 6111 6112 6322
f 6098 6111 6322
f 6098 6322 6308
f 6308 6322 6323
f 6324 6323 6325
f 6324 6309 6323
f 6309 6308 6323
f 6309 6326 6310
f 6324 6326 6309
f 6310 6326 6312
f 6114 6327 6328
f 6113 6327 6114
f 6327 6113 6103
f 6316 6327 6103
f 6117 6330 6329
f 6116 6117 6329
f 6329 6105 6116
f 6318 6105 6329
f 6321 6118 6108
f 6331 6118 6321
f 6333 6332 6119
f 6333 6119 6331
f 6331 6119 6118
f 6120 6119 6332
f 6334 6120 6332
f 6112 6120 6334
f 6112 6334 6322
f 6322 6334 6335
f 6336 6335 6337
f 6336 6323 6335
f 6323 6322 6335
f 6323 6336 6325
f 6123 6338 6339
f 6122 6338 6123
f 6338 6122 6340
f 6122 6124 6340
f 6340 6124 6114
f 6328 6340 6114
f 6330 6117 6341
f 6341 6117 6125
f 6332 6128 6127
f 6332 6333 6128
f 6333 6342 6128
f 6334 6332 6127
f 6130 6334 6127
f 6130 6131 6343
f 6130 6343 6334
f 6334 6343 6335
f 6337 6344 6345
f 6337 6335 6344
f 6335 6343 6344
f 6345 6346 6347
f 6344 6346 6345
f 6347 6346 6348
f 6133 6349 6134
f 6135 6349 6133
f 6350 6349 6135
f 6350 6351 6352
f 6350 6135 6351
f 6135 6136 6351
f 6354 6137 6353
f 6354 6351 6137
f 6351 6136 6137
f 6137 6138 6353
f 6357 6355 6356
f 6356 6358 6359
f 6355 6358 6356
f 6141 6359 6358
f 6141 6140 6359
f 6140 6360 6359
f 6360 6140 6361
f 6140 6142 6361
f 6361 6142 6123
f 6339 6361 6123
f 6362 6363 6341
f 6362 6341 6143
f 6143 6341 6125
f 6363 6362 6364
f 6367 6365 6366
f 6366 6365 6144
f 6366 6144 6342
f 6342 6144 6128
f 6343 6131 6147
f 6344 6343 6147
f 6149 6344 6147
f 6346 6344 6149
f 6151 6346 6149
f 6348 6346 6151
f 6348 6151 6368
f 6368 6151 6153
f 6368 6153 6369
f 6153 6154 6369
f 6369 6154 6370
f 6154 6155 6370
f 6370 6155 6371
f 6155 6156 6371
f 6371 6156 6372
f 6156 6157 6372
f 6134 6349 6373
f 6134 6373 6157
f 6157 6373 6372
f 6349 6350 6374
f 6373 6349 6374
f 6350 6352 6374
f 6354 6353 6375
f 6353 6138 6158
f 6353 6158 6375
f 6375 6158 6376
f 6376 6158 6377
f 6158 6159 6377
f 6377 6159 6378
f 6159 6160 6378
f 6378 6160 6379
f 6160 6161 6379
f 6379 6161 6380
f 6161 6163 6380
f 6380 6163 6381
f 6163 6165 6381
f 6381 6165 6382
f 6165 6167 6382
f 6382 6167 6383
f 6167 6168 6383
f 6355 6357 6383
f 6355 6383 6169
f 6169 6383 6168
f 6358 6355 6169
f 6170 6358 6169
f 6358 6170 6141
f 6362 6143 6171
f 6171 6364 6362
f 6171 6172 6364
f 6172 6384 6364
f 6365 6175 6174
f 6365 6367 6175
f 6367 6385 6175
f 6365 6174 6144
f 6384 6172 6176
f 6386 6384 6176
f 6386 6176 6387
f 6176 6177 6387
f 6387 6177 6388
f 6177 6178 6388
f 6388 6178 6389
f 6178 6179 6389
f 6389 6179 6175
f 6385 6389 6175
f 6181 6391 6390
f 6180 6181 6390
f 6390 6392 6180
f 6180 6392 6182
f 6392 6393 6182
f 6182 6393 6183
f 6395 6394 6184
f 6395 6184 6393
f 6393 6184 6183
f 6184 6394 6185
f 6188 6397 6396
f 6187 6188 6396
f 6396 6181 6187
f 6391 6181 6396
f 6395 6398 6394
f 6394 6398 6399
f 6394 6399 6185
f 6185 6399 6189
f 6397 6188 6400
f 6400 6188 6194
f 6195 6402 6401
f 6195 6189 6402
f 6189 6399 6402
f 6195 6401 6196
f 6198 6199 6403
f 6200 6198 6403
f 6404 6200 6403
f 6201 6200 6404
f 6405 6201 6404
f 6202 6201 6405
f 6406 6202 6405
f 6203 6202 6406
f 6407 6203 6406
f 6203 6407 6205
f 6207 6208 6408
f 6209 6207 6408
f 6409 6209 6408
f 6210 6209 6409
f 6410 6210 6409
f 6211 6210 6410
f 6411 6211 6410
f 6411 6413 6412
f 6411 6412 6211
f 6211 6412 6212
f 6412 6414 6212
f 6212 6414 6213
f 6414 6415 6213
f 6213 6415 6214
f 6415 6416 6214
f 6214 6416 6215
f 6418 6417 6216
f 6418 6216 6416
f 6416 6216 6215
f 6217 6216 6417
f 6419 6217 6417
f 6218 6217 6419
f 6420 6218 6419
f 6218 6420 6219
f 6400 6194 6421
f 6421 6194 6220
f 6401 6223 6222
f 6401 6402 6223
f 6402 6422 6223
f 6401 6222 6196
f 6227 6228 6423
f 6199 6227 6423
f 6199 6423 6403
f 6403 6423 6424
f 6425 6424 6426
f 6425 6404 6424
f 6404 6403 6424
f 6404 6427 6405
f 6425 6427 6404
f 6405 6428 6406
f 6427 6428 6405
f 6406 6429 6407
f 6428 6429 6406
f 6431 6430 6229
f 6429 6431 6229
f 6429 6229 6205
f 6429 6205 6407
f 6230 6229 6430
f 6432 6230 6430
f 6231 6230 6432
f 6433 6231 6432
f 6433 6435 6434
f 6433 6434 6231
f 6231 6434 6232
f 6208 6436 6408
f 6208 6232 6436
f 6232 6434 6436
f 6408 6437 6409
f 6436 6437 6408
f 6409 6438 6410
f 6437 6438 6409
f 6410 6439 6411
f 6438 6439 6410
f 6411 6439 6413
f 6418 6440 6417
f 6417 6441 6419
f 6440 6441 6417
f 6443 6419 6441
f 6443 6442 6419
f 6442 6420 6419
f 6233 6219 6420
f 6233 6420 6444
f 6444 6420 6442
f 6234 6233 6444
f 6445 6234 6444
f 6234 6445 6235
f 6421 6220 6446
f 6446 6220 6236
f 6449 6447 6448
f 6448 6447 6238
f 6448 6238 6422
f 6422 6238 6223
f 6423 6228 6241
f 6241 6242 6450
f 6241 6450 6423
f 6423 6450 6424
f 6426 6451 6452
f 6426 6424 6451
f 6424 6450 6451
f 6452 6451 6453
f 6431 6454 6430
f 6430 6455 6432
f 6454 6455 6430
f 6432 6456 6433
f 6455 6456 6432
f 6433 6456 6435
f 6443 6457 6442
f 6442 6458 6444
f 6457 6458 6442
f 6444 6459 6445
f 6458 6459 6444
f 6445 6459 6460
f 6445 6460 6235
f 6235 6460 6244
f 6446 6236 6245
f 6461 6446 6245
f 6245 6462 6461
f 6247 6462 6245
f 6465 6463 6464
f 6447 6249 6248
f 6449 6249 6447
f 6449 6463 6249
f 6449 6464 6463
f 6447 6248 6238
f 6450 6242 6251
f 6451 6450 6251
f 6253 6451 6251
f 6253 6254 6466
f 6451 6253 6466
f 6451 6466 6467
f 6451 6467 6453
f 6467 6468 6469
f 6466 6468 6467
f 6469 6468 6470
f 6460 6255 6244
f 6471 6255 6460
f 6471 6472 6255
f 6255 6472 6256
f 6256 6472 6473
f 6257 6256 6473
f 6462 6247 6258
f 6474 6462 6258
f 6474 6258 6475
f 6258 6259 6475
f 6463 6465 6475
f 6463 6475 6260
f 6260 6475 6259
f 6463 6260 6249
f 6466 6254 6261
f 6468 6466 6261
f 6263 6468 6261
f 6470 6468 6263
f 6470 6263 6476
f 6476 6263 6265
f 6477 6265 6266
f 6477 6478 6265
f 6478 6476 6265
f 6478 6479 6480
f 6477 6479 6478
f 6480 6481 6482
f 6479 6481 6480
f 6482 6481 6483
f 6484 6473 6485
f 6484 6267 6473
f 6267 6257 6473
f 6485 6486 6484
f 6477 6266 6268
f 6479 6477 6268
f 6269 6479 6268
f 6481 6479 6269
f 6271 6481 6269
f 6271 6483 6481
f 6271 6272 6483
f 6272 6487 6483
f 6484 6273 6267
f 6273 6484 6486
f 6273 6486 6275
f 6275 6486 6488
f 6489 6490 6487
f 6489 6487 6277
f 6277 6487 6272
f 6490 6489 6491
f 6488 6278 6275
f 6492 6278 6488
f 6278 6492 6493
f 6279 6278 6493
f 6494 6489 6277
f 6280 6494 6277
f 6491 6494 6495
f 6489 6494 6491
f 6496 6493 6497
f 6496 6282 6493
f 6282 6279 6493
f 6497 6498 6496
f 6499 6494 6280
f 6283 6499 6280
f 6495 6499 6500
f 6494 6499 6495
f 6501 6282 6496
f 6285 6282 6501
f 6498 6502 6501
f 6496 6498 6501
f 6503 6499 6283
f 6503 6283 6504
f 6504 6283 6286
f 6499 6503 6500
f 6505 6285 6501
f 6505 6506 6285
f 6506 6288 6285
f 6501 6502 6505
f 6504 6286 6507
f 6507 6286 6289
f 6506 6508 6288
f 6508 6290 6288
f 6291 6292 6509
f 6509 6289 6291
f 6509 6510 6289
f 6510 6507 6289
f 6293 6511 6294
f 6511 6293 6290
f 6511 6290 6512
f 6512 6290 6508
f 6298 6299 6513
f 6300 6298 6513
f 6514 6300 6513
f 6514 6516 6515
f 6300 6514 6515
f 6300 6515 6509
f 6300 6509 6292
f 6509 6515 6510
f 6303 6517 6518
f 6302 6517 6303
f 6294 6511 6519
f 6294 6519 6302
f 6302 6519 6517
f 6511 6512 6519
f 6522 6521 6520
f 6521 6524 6523
f 6520 6521 6523
f 6306 6523 6524
f 6306 6524 6305
f 6526 6525 6524
f 6525 6305 6524
f 6305 6525 6307
f 6311 6312 6527
f 6313 6311 6527
f 6528 6313 6527
f 6314 6313 6528
f 6529 6314 6528
f 6315 6314 6529
f 6530 6315 6529
f 6299 6315 6530
f 6299 6530 6513
f 6513 6530 6531
f 6513 6531 6514
f 6514 6531 6532
f 6516 6532 6533
f 6514 6532 6516
f 6518 6534 6303
f 6534 6316 6303
f 6520 6317 6318
f 6520 6318 6522
f 6522 6318 6535
f 6523 6317 6520
f 6319 6317 6523
f 6526 6536 6525
f 6523 6306 6319
f 6525 6320 6307
f 6525 6536 6320
f 6536 6537 6320
f 6320 6537 6538
f 6321 6320 6538
f 6324 6325 6539
f 6326 6324 6539
f 6540 6326 6539
f 6312 6326 6540
f 6312 6540 6527
f 6527 6540 6541
f 6527 6541 6528
f 6528 6541 6542
f 6528 6542 6529
f 6529 6542 6543
f 6544 6543 6545
f 6544 6530 6543
f 6530 6529 6543
f 6530 6546 6531
f 6544 6546 6530
f 6548 6531 6546
f 6548 6547 6531
f 6547 6532 6531
f 6533 6547 6549
f 6532 6547 6533
f 6552 6550 6551
f 6328 6551 6550
f 6328 6327 6551
f 6327 6553 6551
f 6553 6327 6316
f 6534 6553 6316
f 6329 6330 6554
f 6554 6318 6329
f 6554 6555 6318
f 6555 6535 6318
f 6331 6557 6556
f 6331 6321 6557
f 6321 6538 6557
f 6331 6556 6333
f 6336 6337 6558
f 6325 6336 6558
f 6325 6558 6539
f 6539 6558 6559
f 6539 6559 6540
f 6540 6559 6560
f 6540 6560 6541
f 6541 6560 6561
f 6562 6561 6563
f 6562 6542 6561
f 6542 6541 6561
f 6542 6564 6543
f 6562 6564 6542
f 6543 6564 6545
f 6567 6565 6566
f 6566 6547 6548
f 6566 6565 6547
f 6565 6568 6547
f 6549 6568 6569
f 6547 6568 6549
f 6339 6570 6571
f 6338 6570 6339
f 6550 6552 6570
f 6550 6570 6340
f 6340 6570 6338
f 6550 6340 6328
f 6572 6554 6330
f 6341 6572 6330
f 6555 6572 6573
f 6554 6572 6555
f 6557 6574 6556
f 6556 6574 6575
f 6556 6575 6333
f 6333 6575 6342
f 6558 6337 6345
f 6559 6558 6345
f 6347 6559 6345
f 6347 6348 6576
f 6347 6576 6559
f 6559 6576 6560
f 6560 6576 6561
f 6561 6576 6577
f 6563 6578 6579
f 6563 6561 6578
f 6561 6577 6578
f 6579 6580 6581
f 6578 6580 6579
f 6581 6582 6583
f 6580 6582 6581
f 6583 6565 6567
f 6583 6582 6565
f 6582 6584 6565
f 6565 6584 6568
f 6568 6584 6585
f 6569 6351 6586
f 6569 6585 6351
f 6569 6568 6585
f 6585 6352 6351
f 6587 6351 6354
f 6587 6588 6351
f 6588 6586 6351
f 6588 6589 6590
f 6587 6589 6588
f 6590 6591 6592
f 6589 6591 6590
f 6592 6593 6594
f 6591 6593 6592
f 6594 6593 6595
f 6598 6596 6597
f 6597 6599 6600
f 6596 6599 6597
f 6357 6600 6599
f 6357 6356 6600
f 6356 6601 6600
f 6601 6356 6602
f 6356 6359 6602
f 6602 6359 6603
f 6359 6360 6603
f 6603 6360 6604
f 6360 6361 6604
f 6604 6361 6339
f 6571 6604 6339
f 6572 6341 6363
f 6363 6573 6572
f 6363 6364 6573
f 6364 6605 6573
f 6367 6606 6607
f 6366 6606 6367
f 6606 6366 6342
f 6575 6606 6342
f 6576 6348 6368
f 6577 6576 6368
f 6369 6577 6368
f 6578 6577 6369
f 6370 6578 6369
f 6580 6578 6370
f 6371 6580 6370
f 6582 6580 6371
f 6372 6582 6371
f 6584 6582 6372
f 6373 6584 6372
f 6585 6584 6373
f 6374 6585 6373
f 6585 6374 6352
f 6587 6354 6375
f 6589 6587 6375
f 6376 6589 6375
f 6591 6589 6376
f 6377 6591 6376
f 6593 6591 6377
f 6378 6593 6377
f 6595 6593 6378
f 6595 6378 6608
f 6608 6378 6379
f 6608 6379 6609
f 6379 6380 6609
f 6609 6380 6610
f 6380 6381 6610
f 6596 6598 6610
f 6596 6610 6382
f 6382 6610 6381
f 6599 6596 6382
f 6383 6599 6382
f 6599 6383 6357
f 6611 6612 6605
f 6611 6605 6384
f 6384 6605 6364
f 6612 6611 6613
f 6616 6614 6615
f 6615 6614 6385
f 6615 6385 6607
f 6607 6385 6367
f 6611 6384 6386
f 6613 6611 6386
f 6613 6386 6617
f 6617 6386 6387
f 6617 6387 6618
f 6387 6388 6618
f 6614 6616 6618
f 6614 6618 6389
f 6389 6618 6388
f 6614 6389 6385
f 6390 6391 6619
f 6392 6390 6619
f 6620 6392 6619
f 6393 6392 6620
f 6621 6393 6620
f 6393 6621 6395
f 6396 6397 6622
f 6391 6396 6622
f 6391 6622 6619
f 6619 6622 6623
f 6619 6623 6620
f 6620 6623 6624
f 6620 6624 6621
f 6621 6624 6625
f 6398 6395 6621
f 6398 6621 6626
f 6626 6621 6625
f 6398 6626 6399
f 6627 6622 6397
f 6400 6627 6397
f 6628 6627 6629
f 6628 6623 6627
f 6623 6622 6627
f 6623 6630 6624
f 6628 6630 6623
f 6632 6624 6630
f 6632 6631 6624
f 6631 6625 6624
f 6625 6631 6626
f 6626 6631 6633
f 6626 6633 6402
f 6399 6626 6402
f 6412 6413 6634
f 6414 6412 6634
f 6635 6414 6634
f 6415 6414 6635
f 6636 6415 6635
f 6416 6415 6636
f 6637 6416 6636
f 6416 6637 6418
f 6638 6627 6400
f 6421 6638 6400
f 6629 6638 6639
f 6627 6638 6629
f 6632 6640 6631
f 6642 6631 6640
f 6642 6641 6631
f 6641 6633 6631
f 6633 6641 6422
f 6402 6633 6422
f 6425 6426 6643
f 6427 6425 6643
f 6644 6427 6643
f 6428 6427 6644
f 6645 6428 6644
f 6429 6428 6645
f 6646 6429 6645
f 6429 6646 6431
f 6434 6435 6647
f 6436 6434 6647
f 6648 6436 6647
f 6648 6650 6649
f 6648 6649 6436
f 6436 6649 6437
f 6649 6651 6437
f 6437 6651 6438
f 6651 6652 6438
f 6438 6652 6439
f 6413 6653 6634
f 6413 6439 6653
f 6439 6652 6653
f 6634 6654 6635
f 6653 6654 6634
f 6635 6655 6636
f 6654 6655 6635
f 6636 6656 6637
f 6655 6656 6636
f 6658 6657 6440
f 6656 6658 6440
f 6656 6440 6418
f 6656 6418 6637
f 6441 6440 6657
f 6659 6441 6657
f 6441 6659 6443
f 6660 6638 6421
f 6446 6660 6421
f 6639 6660 6661
f 6638 6660 6639
f 6641 6449 6448
f 6641 6642 6449
f 6642 6662 6449
f 6641 6448 6422
f 6643 6426 6452
f 6452 6453 6663
f 6452 6663 6643
f 6643 6663 6644
f 6644 6663 6645
f 6645 6663 6664
f 6645 6664 6646
f 6646 6664 6665
f 6454 6431 6646
f 6454 6646 6666
f 6666 6646 6665
f 6455 6454 6666
f 6667 6455 6666
f 6456 6455 6667
f 6668 6456 6667
f 6435 6456 6668
f 6435 6668 6647
f 6647 6668 6669
f 6670 6669 6671
f 6670 6648 6669
f 6648 6647 6669
f 6648 6670 6650
f 6658 6672 6657
f 6657 6673 6659
f 6672 6673 6657
f 6675 6674 6457
f 6673 6675 6457
f 6673 6457 6443
f 6673 6443 6659
f 6458 6457 6674
f 6676 6458 6674
f 6459 6458 6676
f 6677 6459 6676
f 6459 6677 6460
f 6660 6446 6461
f 6461 6462 6678
f 6660 6461 6678
f 6660 6678 6679
f 6660 6679 6661
f 6679 6680 6681
f 6678 6680 6679
f 6465 6681 6680
f 6465 6464 6681
f 6464 6682 6681
f 6682 6464 6449
f 6662 6682 6449
f 6663 6453 6467
f 6664 6663 6467
f 6469 6664 6467
f 6469 6470 6683
f 6469 6683 6664
f 6664 6683 6665
f 6665 6683 6666
f 6666 6683 6684
f 6666 6684 6667
f 6667 6684 6685
f 6667 6685 6668
f 6668 6685 6686
f 6668 6686 6669
f 6669 6686 6687
f 6671 6687 6688
f 6669 6687 6671
f 6675 6689 6674
f 6674 6690 6676
f 6689 6690 6674
f 6676 6691 6677
f 6690 6691 6676
f 6677 6471 6460
f 6677 6691 6471
f 6691 6692 6471
f 6694 6693 6472
f 6694 6472 6692
f 6692 6472 6471
f 6472 6693 6473
f 6678 6462 6474
f 6680 6678 6474
f 6475 6680 6474
f 6680 6475 6465
f 6683 6470 6476
f 6684 6683 6476
f 6478 6684 6476
f 6685 6684 6478
f 6480 6685 6478
f 6686 6685 6480
f 6482 6686 6480
f 6482 6483 6695
f 6482 6695 6686
f 6686 6695 6687
f 6688 6695 6696
f 6687 6695 6688
f 6694 6697 6693
f 6693 6485 6473
f 6693 6697 6485
f 6697 6698 6485
f 6485 6698 6699
f 6486 6485 6699
f 6700 6695 6483
f 6487 6700 6483
f 6696 6700 6701
f 6695 6700 6696
f 6702 6699 6703
f 6702 6488 6699
f 6488 6486 6699
f 6703 6704 6702
f 6700 6487 6490
f 6490 6701 6700
f 6490 6491 6701
f 6491 6705 6701
f 6702 6492 6488
f 6492 6702 6704
f 6492 6704 6493
f 6493 6704 6706
f 6707 6708 6705
f 6707 6705 6495
f 6495 6705 6491
f 6708 6707 6709
f 6497 6711 6710
f 6497 6493 6711
f 6493 6706 6711
f 6497 6710 6498
f 6712 6707 6495
f 6712 6495 6713
f 6713 6495 6500
f 6707 6712 6709
f 6716 6714 6715
f 6715 6710 6711
f 6715 6714 6710
f 6714 6717 6710
f 6710 6717 6502
f 6498 6710 6502
f 6503 6504 6718
f 6718 6500 6503
f 6718 6719 6500
f 6719 6713 6500
f 6721 6714 6716
f 6720 6714 6721
f 6506 6505 6717
f 6506 6717 6720
f 6720 6717 6714
f 6717 6505 6502
f 6722 6718 6504
f 6507 6722 6504
f 6719 6722 6723
f 6718 6722 6719
f 6725 6720 6721
f 6724 6720 6725
f 6720 6724 6508
f 6506 6720 6508
f 6726 6722 6507
f 6726 6507 6727
f 6727 6507 6510
f 6722 6726 6723
f 6729 6724 6725
f 6728 6724 6729
f 6724 6728 6512
f 6508 6724 6512
f 6515 6516 6730
f 6732 6727 6510
f 6732 6510 6730
f 6732 6730 6731
f 6515 6730 6510
f 6732 6731 6733
f 6517 6734 6518
f 6519 6734 6517
f 6519 6735 6734
f 6736 6728 6729
f 6735 6519 6512
f 6735 6512 6737
f 6728 6736 6512
f 6736 6737 6512
f 6522 6739 6738
f 6521 6522 6738
f 6738 6740 6521
f 6521 6740 6524
f 6524 6740 6741
f 6526 6524 6741
f 6742 6730 6516
f 6533 6742 6516
f 6730 6742 6731
f 6731 6742 6743
f 6733 6743 6744
f 6731 6743 6733
f 6747 6745 6746
f 6745 6748 6746
f 6745 6518 6748
f 6745 6534 6518
f 6734 6748 6518
f 6734 6735 6749
f 6748 6734 6749
f 6735 6737 6749
f 6752 6751 6750
f 6751 6535 6750
f 6751 6739 6535
f 6739 6522 6535
f 6741 6536 6526
f 6753 6536 6741
f 6755 6754 6537
f 6755 6537 6753
f 6753 6537 6536
f 6537 6754 6538
f 6544 6545 6756
f 6546 6544 6756
f 6757 6546 6756
f 6546 6757 6548
f 6758 6742 6533
f 6549 6758 6533
f 6742 6758 6743
f 6743 6758 6759
f 6744 6760 6761
f 6744 6743 6760
f 6743 6759 6760
f 6761 6760 6762
f 6765 6763 6764
f 6552 6764 6763
f 6552 6551 6764
f 6551 6766 6764
f 6745 6747 6766
f 6745 6766 6553
f 6553 6766 6551
f 6745 6553 6534
f 6752 6750 6767
f 6750 6535 6555
f 6750 6555 6769
f 6750 6769 6767
f 6769 6555 6768
f 6769 6768 6770
f 6772 6754 6755
f 6771 6754 6772
f 6754 6771 6557
f 6538 6754 6557
f 6562 6563 6773
f 6564 6562 6773
f 6774 6564 6773
f 6545 6564 6774
f 6545 6774 6756
f 6756 6774 6775
f 6567 6566 6757
f 6567 6757 6775
f 6775 6757 6756
f 6757 6566 6548
f 6776 6758 6549
f 6569 6776 6549
f 6758 6776 6759
f 6759 6776 6777
f 6759 6777 6760
f 6760 6777 6778
f 6762 6778 6779
f 6760 6778 6762
f 6782 6780 6781
f 6781 6783 6784
f 6780 6783 6781
f 6784 6785 6786
f 6783 6785 6784
f 6763 6571 6570
f 6765 6571 6763
f 6765 6785 6571
f 6765 6786 6785
f 6763 6570 6552
f 6787 6768 6555
f 6787 6555 6788
f 6788 6555 6573
f 6768 6787 6770
f 6790 6771 6772
f 6789 6771 6790
f 6574 6557 6771
f 6574 6771 6791
f 6791 6771 6789
f 6574 6791 6575
f 6773 6563 6579
f 6774 6773 6579
f 6581 6774 6579
f 6775 6774 6581
f 6583 6775 6581
f 6775 6583 6567
f 6776 6569 6586
f 6777 6776 6586
f 6588 6777 6586
f 6778 6777 6588
f 6590 6778 6588
f 6779 6778 6590
f 6779 6590 6792
f 6792 6590 6592
f 6792 6592 6793
f 6592 6594 6793
f 6794 6594 6595
f 6794 6795 6594
f 6795 6793 6594
f 6795 6796 6797
f 6794 6796 6795
f 6797 6798 6799
f 6796 6798 6797
f 6598 6799 6798
f 6598 6597 6799
f 6597 6800 6799
f 6800 6597 6801
f 6597 6600 6801
f 6801 6600 6802
f 6600 6601 6802
f 6780 6782 6802
f 6780 6802 6602
f 6602 6802 6601
f 6783 6780 6602
f 6603 6783 6602
f 6785 6783 6603
f 6604 6785 6603
f 6785 6604 6571
f 6803 6804 6788
f 6803 6788 6605
f 6605 6788 6573
f 6804 6803 6805
f 6808 6806 6807
f 6807 6789 6790
f 6807 6806 6789
f 6806 6809 6789
f 6607 6606 6791
f 6607 6791 6809
f 6809 6791 6789
f 6791 6606 6575
f 6794 6595 6608
f 6796 6794 6608
f 6609 6796 6608
f 6798 6796 6609
f 6610 6798 6609
f 6798 6610 6598
f 6803 6605 6612
f 6612 6613 6810
f 6803 6612 6810
f 6803 6810 6811
f 6803 6811 6805
f 6811 6806 6808
f 6811 6810 6806
f 6810 6812 6806
f 6616 6615 6809
f 6616 6809 6812
f 6812 6809 6806
f 6809 6615 6607
f 6810 6613 6617
f 6812 6810 6617
f 6618 6812 6617
f 6812 6618 6616
f 6628 6629 6813
f 6630 6628 6813
f 6814 6630 6813
f 6630 6814 6632
f 6815 6813 6629
f 6639 6815 6629
f 6813 6815 6814
f 6814 6815 6816
f 6640 6632 6814
f 6640 6814 6817
f 6817 6814 6816
f 6640 6817 6642
f 6649 6650 6818
f 6651 6649 6818
f 6819 6651 6818
f 6652 6651 6819
f 6820 6652 6819
f 6653 6652 6820
f 6821 6653 6820
f 6654 6653 6821
f 6822 6654 6821
f 6822 6824 6823
f 6822 6823 6654
f 6654 6823 6655
f 6826 6825 6656
f 6826 6656 6823
f 6823 6656 6655
f 6656 6825 6658
f 6827 6815 6639
f 6661 6827 6639
f 6815 6827 6816
f 6816 6827 6828
f 6816 6828 6817
f 6817 6828 6829
f 6817 6829 6662
f 6642 6817 6662
f 6670 6671 6830
f 6650 6670 6830
f 6650 6830 6818
f 6818 6830 6831
f 6832 6831 6833
f 6832 6819 6831
f 6819 6818 6831
f 6819 6834 6820
f 6832 6834 6819
f 6820 6835 6821
f 6834 6835 6820
f 6821 6836 6822
f 6835 6836 6821
f 6822 6836 6824
f 6826 6837 6825
f 6825 6672 6658
f 6825 6837 6672
f 6837 6838 6672
f 6838 6839 6672
f 6672 6839 6673
f 6673 6839 6840
f 6675 6673 6840
f 6827 6661 6679
f 6828 6827 6679
f 6681 6828 6679
f 6829 6828 6681
f 6682 6829 6681
f 6829 6682 6662
f 6841 6830 6671
f 6688 6841 6671
f 6842 6841 6843
f 6842 6831 6841
f 6831 6830 6841
f 6831 6842 6833
f 6840 6689 6675
f 6844 6689 6840
f 6844 6845 6689
f 6689 6845 6690
f 6845 6846 6690
f 6690 6846 6691
f 6848 6847 6692
f 6848 6692 6846
f 6846 6692 6691
f 6692 6847 6694
f 6849 6841 6688
f 6696 6849 6688
f 6843 6849 6850
f 6841 6849 6843
f 6848 6851 6847
f 6847 6697 6694
f 6847 6851 6697
f 6851 6852 6697
f 6852 6853 6697
f 6697 6853 6698
f 6698 6853 6854
f 6699 6698 6854
f 6855 6849 6696
f 6701 6855 6696
f 6850 6855 6856
f 6849 6855 6850
f 6703 6858 6857
f 6703 6699 6858
f 6699 6854 6858
f 6703 6857 6704
f 6859 6855 6701
f 6705 6859 6701
f 6856 6859 6860
f 6855 6859 6856
f 6863 6861 6862
f 6862 6857 6858
f 6862 6861 6857
f 6861 6864 6857
f 6857 6864 6706
f 6704 6857 6706
f 6859 6705 6708
f 6708 6860 6859
f 6708 6709 6860
f 6709 6865 6860
f 6868 6866 6867
f 6867 6861 6863
f 6867 6866 6861
f 6866 6869 6861
f 6861 6869 6864
f 6864 6869 6870
f 6864 6870 6711
f 6706 6864 6711
f 6712 6713 6871
f 6871 6709 6712
f 6871 6872 6709
f 6872 6865 6709
f 6874 6866 6868
f 6873 6866 6874
f 6866 6873 6869
f 6869 6873 6875
f 6716 6715 6870
f 6716 6870 6875
f 6875 6870 6869
f 6870 6715 6711
f 6876 6871 6713
f 6876 6713 6877
f 6877 6713 6719
f 6871 6876 6872
f 6879 6873 6874
f 6878 6873 6879
f 6873 6878 6875
f 6875 6878 6880
f 6875 6880 6721
f 6716 6875 6721
f 6881 6882 6877
f 6881 6877 6723
f 6723 6877 6719
f 6882 6881 6883
f 6885 6878 6879
f 6884 6878 6885
f 6878 6884 6880
f 6880 6884 6886
f 6880 6886 6725
f 6721 6880 6725
f 6726 6727 6887
f 6723 6726 6887
f 6723 6887 6881
f 6881 6887 6888
f 6883 6888 6889
f 6881 6888 6883
f 6885 6890 6884
f 6892 6884 6890
f 6892 6891 6884
f 6891 6886 6884
f 6886 6891 6729
f 6725 6886 6729
f 6887 6727 6732
f 6732 6733 6893
f 6732 6893 6887
f 6887 6893 6888
f 6889 6894 6895
f 6889 6888 6894
f 6888 6893 6894
f 6895 6894 6896
f 6892 6897 6891
f 6899 6898 6736
f 6897 6899 6736
f 6897 6736 6729
f 6897 6729 6891
f 6736 6898 6737
f 6738 6739 6900
f 6740 6738 6900
f 6901 6740 6900
f 6740 6901 6741
f 6902 6893 6733
f 6744 6902 6733
f 6893 6902 6894
f 6894 6902 6903
f 6896 6903 6904
f 6894 6903 6896
f 6907 6905 6906
f 6747 6906 6905
f 6747 6746 6906
f 6746 6908 6906
f 6908 6746 6909
f 6746 6748 6909
f 6898 6899 6909
f 6898 6909 6749
f 6749 6909 6748
f 6898 6749 6737
f 6751 6752 6910
f 6739 6751 6910
f 6739 6910 6900
f 6900 6910 6911
f 6900 6911 6901
f 6901 6911 6912
f 6753 6741 6901
f 6753 6901 6913
f 6913 6901 6912
f 6753 6913 6755
f 6902 6744 6761
f 6761 6762 6914
f 6761 6914 6902
f 6902 6914 6903
f 6904 6915 6916
f 6904 6903 6915
f 6903 6914 6915
f 6916 6915 6917
f 6920 6918 6919
f 6765 6919 6918
f 6765 6764 6919
f 6764 6921 6919
f 6905 6907 6921
f 6905 6921 6766
f 6766 6921 6764
f 6905 6766 6747
f 6910 6752 6767
f 6911 6910 6767
f 6769 6911 6767
f 6769 6770 6922
f 6769 6922 6911
f 6911 6922 6912
f 6912 6922 6913
f 6913 6922 6923
f 6913 6923 6772
f 6755 6913 6772
f 6924 6914 6762
f 6779 6924 6762
f 6914 6924 6915
f 6915 6924 6925
f 6917 6926 6927
f 6917 6915 6926
f 6915 6925 6926
f 6927 6928 6929
f 6926 6928 6927
f 6929 6930 6931
f 6928 6930 6929
f 6931 6932 6933
f 6930 6932 6931
f 6933 6934 6935
f 6932 6934 6933
f 6935 6936 6937
f 6934 6936 6935
f 6782 6937 6936
f 6782 6781 6937
f 6781 6938 6937
f 6938 6781 6939
f 6781 6784 6939
f 6918 6920 6939
f 6918 6939 6786
f 6786 6939 6784
f 6918 6786 6765
f 6787 6788 6940
f 6770 6787 6940
f 6770 6940 6922
f 6922 6940 6941
f 6922 6941 6923
f 6923 6941 6942
f 6923 6942 6790
f 6772 6923 6790
f 6924 6779 6792
f 6925 6924 6792
f 6793 6925 6792
f 6926 6925 6793
f 6795 6926 6793
f 6928 6926 6795
f 6797 6928 6795
f 6930 6928 6797
f 6799 6930 6797
f 6932 6930 6799
f 6800 6932 6799
f 6934 6932 6800
f 6801 6934 6800
f 6936 6934 6801
f 6802 6936 6801
f 6936 6802 6782
f 6940 6788 6804
f 6804 6805 6943
f 6804 6943 6940
f 6940 6943 6941
f 6808 6807 6942
f 6808 6942 6943
f 6943 6942 6941
f 6942 6807 6790
f 6943 6805 6811
f 6943 6811 6808
f 6823 6824 6944
f 6823 6944 6826
f 6832 6833 6945
f 6834 6832 6945
f 6946 6834 6945
f 6835 6834 6946
f 6947 6835 6946
f 6836 6835 6947
f 6948 6836 6947
f 6824 6836 6948
f 6824 6948 6944
f 6944 6948 6949
f 6837 6826 6944
f 6837 6944 6950
f 6950 6944 6949
f 6838 6837 6950
f 6951 6838 6950
f 6839 6838 6951
f 6952 6839 6951
f 6839 6952 6840
f 6842 6843 6953
f 6833 6842 6953
f 6833 6953 6945
f 6945 6953 6954
f 6945 6954 6946
f 6946 6954 6955
f 6946 6955 6947
f 6947 6955 6956
f 6947 6956 6948
f 6948 6956 6957
f 6958 6957 6959
f 6958 6949 6957
f 6949 6948 6957
f 6949 6960 6950
f 6958 6960 6949
f 6950 6961 6951
f 6960 6961 6950
f 6951 6962 6952
f 6961 6962 6951
f 6964 6963 6844
f 6962 6964 6844
f 6962 6844 6840
f 6962 6840 6952
f 6845 6844 6963
f 6965 6845 6963
f 6846 6845 6965
f 6966 6846 6965
f 6846 6966 6848
f 6967 6953 6843
f 6850 6967 6843
f 6953 6967 6954
f 6954 6967 6968
f 6954 6968 6955
f 6955 6968 6969
f 6970 6969 6971
f 6970 6956 6969
f 6956 6955 6969
f 6956 6972 6957
f 6970 6972 6956
f 6957 6972 6959
f 6964 6973 6963
f 6963 6974 6965
f 6973 6974 6963
f 6965 6975 6966
f 6974 6975 6965
f 6966 6851 6848
f 6966 6975 6851
f 6975 6976 6851
f 6976 6977 6851
f 6851 6977 6852
f 6979 6978 6853
f 6979 6853 6977
f 6977 6853 6852
f 6853 6978 6854
f 6980 6967 6850
f 6856 6980 6850
f 6981 6980 6982
f 6981 6968 6980
f 6968 6967 6980
f 6968 6983 6969
f 6981 6983 6968
f 6969 6983 6971
f 6986 6984 6985
f 6985 6978 6979
f 6985 6984 6978
f 6984 6987 6978
f 6978 6987 6858
f 6854 6978 6858
f 6988 6980 6856
f 6860 6988 6856
f 6982 6988 6989
f 6980 6988 6982
f 6992 6990 6991
f 6991 6984 6986
f 6991 6990 6984
f 6990 6993 6984
f 6863 6862 6987
f 6863 6987 6993
f 6993 6987 6984
f 6987 6862 6858
f 6994 6988 6860
f 6865 6994 6860
f 6989 6994 6995
f 6988 6994 6989
f 6998 6996 6997
f 6997 6990 6992
f 6997 6996 6990
f 6996 6999 6990
f 6868 6867 6993
f 6868 6993 6999
f 6999 6993 6990
f 6993 6867 6863
f 7000 6994 6865
f 6872 7000 6865
f 6995 7000 7001
f 6994 7000 6995
f 7003 6996 6998
f 7002 6996 7003
f 6996 7002 6999
f 6999 7002 7004
f 6999 7004 6874
f 6868 6999 6874
f 6876 6877 7005
f 6872 6876 7005
f 6872 7005 7000
f 7000 7005 7006
f 7001 7006 7007
f 7000 7006 7001
f 7003 7008 7002
f 7010 7002 7008
f 7010 7009 7002
f 7009 7004 7002
f 7004 7009 6879
f 6874 7004 6879
f 7005 6877 6882
f 6882 6883 7011
f 6882 7011 7005
f 7005 7011 7006
f 7007 7011 7012
f 7006 7011 7007
f 7010 7013 7009
f 7009 7013 7014
f 7009 7014 6879
f 6879 7014 6885
f 7015 7011 6883
f 6889 7015 6883
f 7012 7016 7017
f 7012 7011 7016
f 7011 7015 7016
f 7017 7016 7018
f 7014 6890 6885
f 7019 6890 7014
f 6890 7019 7020
f 6892 6890 7020
f 7015 6889 6895
f 6895 6896 7021
f 6895 7021 7015
f 7015 7021 7016
f 7018 7022 7023
f 7018 7016 7022
f 7016 7021 7022
f 7023 7022 7024
f 6897 7026 7025
f 6897 6892 7026
f 6892 7020 7026
f 6897 7025 6899
f 7027 7021 6896
f 6904 7027 6896
f 7021 7027 7022
f 7022 7027 7028
f 7024 7028 7029
f 7022 7028 7024
f 7032 7030 7031
f 6907 7031 7030
f 6907 6906 7031
f 6906 7033 7031
f 7033 6906 7034
f 6906 6908 7034
f 7025 7026 7034
f 7025 7034 6909
f 6909 7034 6908
f 7025 6909 6899
f 7027 6904 6916
f 6916 6917 7035
f 6916 7035 7027
f 7027 7035 7028
f 7029 7036 7037
f 7029 7028 7036
f 7028 7035 7036
f 7037 7038 7039
f 7036 7038 7037
f 7039 7040 7041
f 7038 7040 7039
f 7041 7042 7043
f 7040 7042 7041
f 7043 7044 7045
f 7042 7044 7043
f 7045 7046 7047
f 7044 7046 7045
f 7047 7048 7049
f 7046 7048 7047
f 6920 7049 7048
f 6920 6919 7049
f 6919 7050 7049
f 7030 7032 7050
f 7030 7050 6921
f 6921 7050 6919
f 7030 6921 6907
f 7035 6917 6927
f 7036 7035 6927
f 6929 7036 6927
f 7038 7036 6929
f 6931 7038 6929
f 7040 7038 6931
f 6933 7040 6931
f 7042 7040 6933
f 6935 7042 6933
f 7044 7042 6935
f 6937 7044 6935
f 7046 7044 6937
f 6938 7046 6937
f 7048 7046 6938
f 6939 7048 6938
f 7048 6939 6920
f 6958 6959 7051
f 6960 6958 7051
f 7052 6960 7051
f 6961 6960 7052
f 7053 6961 7052
f 6962 6961 7053
f 7054 6962 7053
f 6962 7054 6964
f 6970 6971 7055
f 6972 6970 7055
f 7056 6972 7055
f 6959 6972 7056
f 6959 7056 7051
f 7051 7056 7057
f 7051 7057 7052
f 7052 7057 7058
f 7052 7058 7053
f 7053 7058 7059
f 7053 7059 7054
f 7054 7059 7060
f 6973 6964 7054
f 6973 7054 7061
f 7061 7054 7060
f 6974 6973 7061
f 7062 6974 7061
f 6975 6974 7062
f 7063 6975 7062
f 6976 6975 7063
f 7064 6976 7063
f 6977 6976 7064
f 7065 6977 7064
f 6977 7065 6979
f 6981 6982 7066
f 6983 6981 7066
f 7067 6983 7066
f 6971 6983 7067
f 6971 7067 7055
f 7055 7067 7068
f 7069 7068 7070
f 7069 7056 7068
f 7056 7055 7068
f 7056 7071 7057
f 7069 7071 7056
f 7057 7072 7058
f 7071 7072 7057
f 7058 7073 7059
f 7072 7073 7058
f 7059 7074 7060
f 7073 7074 7059
f 7060 7075 7061
f 7074 7075 7060
f 7061 7076 7062
f 7075 7076 7061
f 7078 7062 7076
f 7078 7077 7062
f 7077 7063 7062
f 7063 7077 7064
f 7064 7077 7079
f 6986 6985 7065
f 6986 7065 7079
f 7079 7065 7064
f 7065 6985 6979
f 7080 7066 6982
f 6989 7080 6982
f 7081 7080 7082
f 7081 7067 7080
f 7067 7066 7080
f 7067 7083 7068
f 7081 7083 7067
f 7068 7083 7070
f 7086 7084 7085
f 7085 7077 7078
f 7085 7084 7077
f 7084 7087 7077
f 6992 6991 7079
f 6992 7079 7087
f 7087 7079 7077
f 7079 6991 6986
f 7088 7080 6989
f 6995 7088 6989
f 7082 7088 7089
f 7080 7088 7082
f 7091 7084 7086
f 7090 7084 7091
f 6998 6997 7087
f 6998 7087 7090
f 7090 7087 7084
f 7087 6997 6992
f 7092 7088 6995
f 7001 7092 6995
f 7089 7092 7093
f 7088 7092 7089
f 7095 7090 7091
f 7094 7090 7095
f 7090 7094 7003
f 6998 7090 7003
f 7096 7092 7001
f 7007 7096 7001
f 7093 7096 7097
f 7092 7096 7093
f 7095 7098 7094
f 7100 7099 7008
f 7098 7100 7008
f 7098 7008 7003
f 7098 7003 7094
f 7008 7099 7010
f 7101 7096 7007
f 7012 7101 7007
f 7097 7101 7102
f 7096 7101 7097
f 7100 7103 7099
f 7105 7104 7013
f 7103 7105 7013
f 7103 7013 7010
f 7103 7010 7099
f 7013 7104 7014
f 7101 7012 7017
f 7017 7018 7106
f 7101 7017 7106
f 7101 7106 7107
f 7101 7107 7102
f 7107 7108 7109
f 7106 7108 7107
f 7109 7108 7110
f 7105 7111 7104
f 7113 7112 7019
f 7111 7113 7019
f 7111 7019 7014
f 7111 7014 7104
f 7019 7112 7020
f 7106 7018 7023
f 7023 7024 7114
f 7023 7114 7106
f 7106 7114 7108
f 7110 7115 7116
f 7110 7108 7115
f 7108 7114 7115
f 7116 7115 7117
f 7120 7118 7119
f 7119 7118 7121
f 7113 7122 7112
f 7112 7122 7123
f 7112 7123 7020
f 7020 7123 7026
f 7124 7114 7024
f 7029 7124 7024
f 7114 7124 7115
f 7115 7124 7125
f 7117 7126 7127
f 7117 7115 7126
f 7115 7125 7126
f 7127 7128 7129
f 7126 7128 7127
f 7129 7130 7131
f 7128 7130 7129
f 7131 7132 7133
f 7130 7132 7131
f 7133 7134 7135
f 7132 7134 7133
f 7135 7118 7120
f 7135 7134 7118
f 7134 7136 7118
f 7121 7031 7137
f 7121 7136 7031
f 7121 7118 7136
f 7136 7032 7031
f 7137 7031 7138
f 7031 7033 7138
f 7138 7033 7139
f 7033 7034 7139
f 7139 7034 7026
f 7123 7139 7026
f 7124 7029 7037
f 7125 7124 7037
f 7039 7125 7037
f 7126 7125 7039
f 7041 7126 7039
f 7128 7126 7041
f 7043 7128 7041
f 7130 7128 7043
f 7045 7130 7043
f 7132 7130 7045
f 7047 7132 7045
f 7134 7132 7047
f 7049 7134 7047
f 7136 7134 7049
f 7050 7136 7049
f 7136 7050 7032
f 7069 7070 7140
f 7071 7069 7140
f 7141 7071 7140
f 7072 7071 7141
f 7142 7072 7141
f 7073 7072 7142
f 7143 7073 7142
f 7074 7073 7143
f 7144 7074 7143
f 7075 7074 7144
f 7145 7075 7144
f 7076 7075 7145
f 7146 7076 7145
f 7076 7146 7078
f 7081 7082 7147
f 7083 7081 7147
f 7148 7083 7147
f 7148 7150 7149
f 7083 7148 7149
f 7083 7149 7140
f 7083 7140 7070
f 7140 7151 7141
f 7149 7151 7140
f 7141 7152 7142
f 7151 7152 7141
f 7142 7153 7143
f 7152 7153 7142
f 7155 7143 7153
f 7155 7154 7143
f 7154 7144 7143
f 7144 7154 7145
f 7145 7154 7156
f 7086 7085 7146
f 7086 7146 7156
f 7156 7146 7145
f 7146 7085 7078
f 7157 7147 7082
f 7089 7157 7082
f 7147 7157 7148
f 7148 7157 7158
f 7150 7159 7160
f 7150 7148 7159
f 7148 7158 7159
f 7160 7159 7161
f 7164 7162 7163
f 7163 7154 7155
f 7163 7162 7154
f 7162 7165 7154
f 7154 7165 7156
f 7156 7165 7166
f 7156 7166 7091
f 7086 7156 7091
f 7167 7157 7089
f 7093 7167 7089
f 7157 7167 7158
f 7158 7167 7168
f 7158 7168 7159
f 7159 7168 7169
f 7161 7170 7171
f 7161 7159 7170
f 7159 7169 7170
f 7171 7170 7172
f 7164 7173 7162
f 7162 7174 7165
f 7173 7174 7162
f 7176 7165 7174
f 7176 7175 7165
f 7175 7166 7165
f 7166 7175 7095
f 7091 7166 7095
f 7177 7167 7093
f 7097 7177 7093
f 7167 7177 7168
f 7168 7177 7178
f 7168 7178 7169
f 7169 7178 7179
f 7169 7179 7170
f 7170 7179 7180
f 7172 7181 7182
f 7172 7170 7181
f 7170 7180 7181
f 7182 7181 7183
f 7176 7184 7175
f 7186 7185 7098
f 7184 7186 7098
f 7184 7098 7095
f 7184 7095 7175
f 7098 7185 7100
f 7187 7177 7097
f 7102 7187 7097
f 7177 7187 7178
f 7178 7187 7188
f 7178 7188 7179
f 7179 7188 7189
f 7179 7189 7180
f 7180 7189 7190
f 7180 7190 7181
f 7181 7190 7191
f 7183 7191 7192
f 7181 7191 7183
f 7186 7193 7185
f 7195 7194 7103
f 7193 7195 7103
f 7193 7103 7100
f 7193 7100 7185
f 7103 7194 7105
f 7187 7102 7107
f 7188 7187 7107
f 7109 7188 7107
f 7109 7110 7196
f 7109 7196 7188
f 7188 7196 7189
f 7189 7196 7190
f 7190 7196 7197
f 7190 7197 7191
f 7191 7197 7198
f 7192 7199 7200
f 7192 7191 7199
f 7191 7198 7199
f 7200 7201 7202
f 7199 7201 7200
f 7202 7203 7204
f 7201 7203 7202
f 7204 7205 7206
f 7203 7205 7204
f 7206 7205 7208
f 7195 7207 7194
f 7210 7209 7111
f 7207 7210 7111
f 7207 7111 7105
f 7207 7105 7194
f 7111 7209 7113
f 7196 7110 7116
f 7116 7117 7211
f 7116 7211 7196
f 7196 7211 7197
f 7197 7211 7198
f 7198 7211 7212
f 7198 7212 7199
f 7199 7212 7213
f 7199 7213 7201
f 7201 7213 7214
f 7201 7214 7203
f 7203 7214 7215
f 7120 7119 7205
f 7120 7205 7215
f 7215 7205 7203
f 7119 7121 7216
f 7205 7119 7216
f 7205 7216 7217
f 7205 7217 7208
f 7217 7209 7210
f 7217 7216 7209
f 7216 7218 7209
f 7122 7113 7209
f 7122 7209 7219
f 7219 7209 7218
f 7122 7219 7123
f 7211 7117 7127
f 7212 7211 7127
f 7129 7212 7127
f 7213 7212 7129
f 7131 7213 7129
f 7214 7213 7131
f 7133 7214 7131
f 7215 7214 7133
f 7135 7215 7133
f 7215 7135 7120
f 7216 7121 7137
f 7218 7216 7137
f 7138 7218 7137
f 7219 7218 7138
f 7139 7219 7138
f 7219 7139 7123
f 7149 7150 7220
f 7151 7149 7220
f 7221 7151 7220
f 7152 7151 7221
f 7222 7152 7221
f 7153 7152 7222
f 7223 7153 7222
f 7153 7223 7155
f 7220 7150 7160
f 7160 7161 7224
f 7160 7224 7220
f 7220 7224 7221
f 7221 7224 7222
f 7222 7224 7225
f 7164 7163 7223
f 7164 7223 7225
f 7225 7223 7222
f 7223 7163 7155
f 7224 7161 7171
f 7171 7172 7226
f 7171 7226 7224
f 7224 7226 7225
f 7173 7164 7225
f 7173 7225 7227
f 7227 7225 7226
f 7174 7173 7227
f 7228 7174 7227
f 7174 7228 7176
f 7226 7172 7182
f 7182 7183 7229
f 7182 7229 7226
f 7226 7229 7227
f 7227 7229 7228
f 7228 7229 7230
f 7184 7176 7228
f 7184 7228 7231
f 7231 7228 7230
f 7184 7231 7186
f 7232 7229 7183
f 7192 7232 7183
f 7229 7232 7230
f 7230 7232 7233
f 7234 7233 7235
f 7234 7231 7233
f 7231 7230 7233
f 7237 7236 7193
f 7234 7237 7193
f 7234 7193 7186
f 7234 7186 7231
f 7193 7236 7195
f 7232 7192 7200
f 7233 7232 7200
f 7202 7233 7200
f 7235 7233 7202
f 7235 7202 7238
f 7238 7202 7204
f 7236 7237 7238
f 7236 7238 7206
f 7206 7238 7204
f 7207 7195 7236
f 7207 7236 7239
f 7206 7208 7236
f 7208 7239 7236
f 7207 7239 7210
f 7239 7208 7217
f 7239 7217 7210
f 7234 7235 7240
f 7234 7240 7237
f 7240 7235 7238
f 7240 7238 7237

