# https://github.com/mikedh/trimesh
v -0.28906249 -0.03125000 -0.01562500
v -0.28125000 -0.03906249 -0.01562500
v -0.28125000 -0.03125000 -0.02343749
v -0.28906250 -0.03125000 0.00000000
v -0.28125000 -0.03906250 0.00000000
v -0.28906247 -0.03125000 0.01562500
v -0.28125000 -0.03906247 0.01562500
v -0.28125000 -0.03125000 0.02343747
v -0.28898361 -0.01562500 -0.03125000
v -0.28125000 -0.02335861 -0.03125000
v -0.28125000 -0.01562500 -0.03898361
v -0.28906250 -0.01562500 -0.01562500
v -0.28906250 -0.01562500 0.00000000
v -0.28906250 -0.01562500 0.01562500
v -0.28905798 -0.01562500 0.03125000
v -0.28125000 -0.02343298 0.03125000
v -0.28125000 -0.01562500 0.03905798
v -0.28906243 0.00000000 -0.03125000
v -0.28125000 0.00000000 -0.03906243
v -0.28906250 0.00000000 -0.01562500
v -0.28906250 0.00000000 0.00000000
v -0.28906250 0.00000000 0.01562500
v -0.28905713 0.00000000 0.03125000
v -0.28125000 0.00000000 0.03905713
v -0.28906248 0.01562500 -0.03125000
v -0.28125000 0.01562500 -0.03906248
v -0.28906250 0.01562500 -0.01562500
v -0.28906250 0.01562500 0.00000000
v -0.28906250 0.01562500 0.01562500
v -0.28125000 0.00780713 0.03125000
v -0.28125000 0.01562500 0.02343750
v -0.28885495 0.03125000 -0.03125000
v -0.28125000 0.03125000 -0.03885495
v -0.28906235 0.03125000 -0.01562500
v -0.28906249 0.03125000 0.00000000
v -0.28902064 0.03125000 0.01562500
v -0.28125000 0.03125000 0.02339564
v -0.28125000 0.03885495 -0.03125000
v -0.28125000 0.03906235 -0.01562500
v -0.28125000 0.03906249 0.00000000
v -0.28125000 0.03902064 0.01562500
v -0.27291342 -0.06250000 -0.03125000
v -0.26562500 -0.06978842 -0.03125000
v -0.26562500 -0.06250000 -0.03853842
v -0.27343750 -0.06250000 -0.01562500
v -0.26562500 -0.07031250 -0.01562500
v -0.27343748 -0.06250000 0.00000000
v -0.26562500 -0.07031248 0.00000000
v -0.27303269 -0.06250000 0.01562500
v -0.26562500 -0.06990769 0.01562500
v -0.26562500 -0.06250000 0.02303269
v -0.27343750 -0.04687500 -0.03125000
v -0.26562500 -0.04687500 -0.03906250
v -0.27343750 -0.04687500 -0.01562500
v -0.27343750 -0.04687500 0.00000000
v -0.27343750 -0.04687500 0.01562500
v -0.27343750 -0.04687500 0.03125000
v -0.26562500 -0.05468750 0.03125000
v -0.26562500 -0.04687500 0.03906250
v -0.27343556 -0.03125000 -0.04687500
v -0.26562500 -0.03906056 -0.04687500
v -0.26562500 -0.03125000 -0.05468556
v -0.27343750 -0.03125000 -0.03125000
v -0.27343750 -0.03125000 0.03125000
v -0.27343750 -0.03125000 0.04687500
v -0.26562500 -0.03906250 0.04687500
v -0.26562500 -0.03125000 0.05468750
v -0.27343750 -0.01562500 -0.04687500
v -0.26562500 -0.01562500 -0.05468750
v -0.27343750 -0.01562500 0.04687500
v -0.26562500 -0.01562500 0.05468750
v -0.27315224 0.00000000 -0.06250000
v -0.26562500 -0.00752724 -0.06250000
v -0.26562500 0.00000000 -0.07002724
v -0.27343750 0.00000000 -0.04687500
v -0.27343750 0.00000000 0.04687500
v -0.26562500 0.00000000 0.05468750
v -0.27343503 0.01562500 -0.06250000
v -0.26562500 0.01562500 -0.07031003
v -0.27343750 0.01562500 -0.04687500
v -0.27343750 0.01562500 0.03125000
v -0.27343749 0.01562500 0.04687500
v -0.26562500 0.01562500 0.05468749
v -0.27343450 0.03125000 -0.06250000
v -0.26562500 0.03125000 -0.07030950
v -0.27343750 0.03125000 -0.04687500
v -0.27343750 0.03125000 0.03125000
v -0.26562500 0.02343749 0.04687500
v -0.26562500 0.03125000 0.03906250
v -0.26562500 0.03905950 -0.06250000
v -0.27343750 0.04687500 -0.04687500
v -0.26562500 0.04687500 -0.05468750
v -0.27343750 0.04687500 -0.03125000
v -0.27343750 0.04687500 -0.01562500
v -0.27343750 0.04687500 0.00000000
v -0.27343750 0.04687500 0.01562500
v -0.27343744 0.04687500 0.03125000
v -0.26562500 0.04687500 0.03906244
v -0.26562500 0.05468750 -0.04687500
v -0.26918963 0.06250000 -0.03125000
v -0.26562500 0.06250000 -0.03481463
v -0.27343746 0.06250000 -0.01562500
v -0.27343748 0.06250000 0.00000000
v -0.27291602 0.06250000 0.01562500
v -0.26562500 0.05468744 0.03125000
v -0.26562500 0.06250000 0.02291602
v -0.26562500 0.06606463 -0.03125000
v -0.26562500 0.07031246 -0.01562500
v -0.26562500 0.07031248 0.00000000
v -0.26562500 0.06979102 0.01562500
v -0.25781250 -0.07812500 -0.03125000
v -0.25000000 -0.08593750 -0.03125000
v -0.25000000 -0.07812500 -0.03906250
v -0.25781250 -0.07812500 -0.01562500
v -0.25000000 -0.08593750 -0.01562500
v -0.25781250 -0.07812500 0.00000000
v -0.25000000 -0.08593750 0.00000000
v -0.25780928 -0.07812500 0.01562500
v -0.25000000 -0.08593428 0.01562500
v -0.25000000 -0.07812500 0.02343428
v -0.25781250 -0.06250000 -0.04687500
v -0.25000000 -0.07031250 -0.04687500
v -0.25000000 -0.06250000 -0.05468750
v -0.25781250 -0.06250000 0.03125000
v -0.25000000 -0.07031250 0.03125000
v -0.25771269 -0.06250000 0.04687500
v -0.25000000 -0.07021269 0.04687500
v -0.25000000 -0.06250000 0.05458769
v -0.25779918 -0.04687500 -0.06250000
v -0.25000000 -0.05467418 -0.06250000
v -0.25000000 -0.04687500 -0.07029918
v -0.25781250 -0.04687500 -0.04687500
v -0.25781250 -0.04687500 0.04687500
v -0.25758356 -0.04687500 0.06250000
v -0.25000000 -0.05445856 0.06250000
v -0.25000000 -0.04687500 0.07008356
v -0.25781250 -0.03125000 -0.06250000
v -0.25000000 -0.03125000 -0.07031250
v -0.25781250 -0.03125000 0.06250000
v -0.25000000 -0.03125000 0.07031250
v -0.25781250 -0.01562500 -0.06250000
v -0.25000000 -0.01562500 -0.07031250
v -0.25781250 -0.01562500 0.06250000
v -0.25000000 -0.01562500 0.07031250
v -0.25777134 0.00000000 -0.07812500
v -0.25000000 -0.00777134 -0.07812500
v -0.25000000 0.00000000 -0.08589634
v -0.25781250 0.00000000 0.06250000
v -0.25000000 0.00000000 0.07031250
v -0.25781048 0.01562500 -0.07812500
v -0.25000000 0.01562500 -0.08593548
v -0.25781250 0.01562500 0.06250000
v -0.25000000 0.01562500 0.07031250
v -0.25780847 0.03125000 -0.07812500
v -0.25000000 0.03125000 -0.08593347
v -0.25781250 0.03125000 0.04687500
v -0.25000000 0.02343750 0.06250000
v -0.25000000 0.03125000 0.05468750
v -0.25399553 0.04687500 -0.07812500
v -0.25000000 0.04687500 -0.08212053
v -0.25781250 0.04687500 -0.06250000
v -0.25781250 0.04687500 0.04687500
v -0.25000000 0.04687500 0.05468750
v -0.25000000 0.05087053 -0.07812500
v -0.25781250 0.06250000 -0.06250000
v -0.25000000 0.06250000 -0.07031250
v -0.25781250 0.06250000 -0.04687500
v -0.25781250 0.06250000 0.03125000
v -0.25000000 0.05468750 0.04687500
v -0.25000000 0.06250000 0.03906250
v -0.25000000 0.07031250 -0.06250000
v -0.25000000 0.07031250 -0.04687500
v -0.25781240 0.07812500 -0.03125000
v -0.25000000 0.07812500 -0.03906240
v -0.25781250 0.07812500 -0.01562500
v -0.25781250 0.07812500 0.00000000
v -0.25781140 0.07812500 0.01562500
v -0.25000000 0.07031250 0.03125000
v -0.25000000 0.07812500 0.02343640
v -0.25000000 0.08593740 -0.03125000
v -0.25000000 0.08593750 -0.01562500
v -0.25000000 0.08593750 0.00000000
v -0.25000000 0.08593640 0.01562500
v -0.24218750 -0.09375000 -0.03125000
v -0.23437500 -0.10156250 -0.03125000
v -0.23437500 -0.09375000 -0.03906250
v -0.24218750 -0.09375000 -0.01562500
v -0.23437500 -0.10156250 -0.01562500
v -0.24218750 -0.09375000 0.00000000
v -0.23437500 -0.10156250 0.00000000
v -0.24218748 -0.09375000 0.01562500
v -0.23437500 -0.10156248 0.01562500
v -0.23437500 -0.09375000 0.02343748
v -0.24218750 -0.07812500 -0.04687500
v -0.23437500 -0.08593750 -0.04687500
v -0.23437500 -0.07812500 -0.05468750
v -0.24218750 -0.07812500 0.03125000
v -0.23437500 -0.08593750 0.03125000
v -0.24218750 -0.07812500 0.04687500
v -0.23437500 -0.08593750 0.04687500
v -0.23437500 -0.07812500 0.05468750
v -0.24218750 -0.06250000 -0.06250000
v -0.23437500 -0.07031250 -0.06250000
v -0.23437500 -0.06250000 -0.07031250
v -0.24218750 -0.06250000 0.06250000
v -0.23437500 -0.07031250 0.06250000
v -0.23437500 -0.06250000 0.07031250
v -0.24218750 -0.04687500 -0.07812500
v -0.23437500 -0.05468750 -0.07812500
v -0.23437500 -0.04687500 -0.08593750
v -0.24218674 -0.04687500 0.07812500
v -0.23437500 -0.05468674 0.07812500
v -0.23437500 -0.04687500 0.08593674
v -0.24218750 -0.03125000 -0.07812500
v -0.23437500 -0.03125000 -0.08593750
v -0.24218750 -0.03125000 0.07812500
v -0.23437500 -0.03125000 0.08593750
v -0.23840200 -0.01562500 -0.09375000
v -0.23437500 -0.01965200 -0.09375000
v -0.23437500 -0.01562500 -0.09777700
v -0.24218750 -0.01562500 -0.07812500
v -0.24218750 -0.01562500 0.07812500
v -0.23437500 -0.01562500 0.08593750
v -0.24215958 0.00000000 -0.09375000
v -0.23437500 0.00000000 -0.10153458
v -0.24218750 0.00000000 0.07812500
v -0.23437500 0.00000000 0.08593750
v -0.24218189 0.01562500 -0.09375000
v -0.23437500 0.01562500 -0.10155689
v -0.24218749 0.01562500 0.07812500
v -0.23437500 0.01562500 0.08593749
v -0.24178517 0.03125000 -0.09375000
v -0.23437500 0.03125000 -0.10116017
v -0.24218750 0.03125000 0.06250000
v -0.23437500 0.02343749 0.07812500
v -0.23437500 0.03125000 0.07031250
v -0.23437500 0.03866017 -0.09375000
v -0.23437500 0.04687500 -0.08593750
v -0.24218750 0.04687500 0.06250000
v -0.23437500 0.04687500 0.07031250
v -0.24218750 0.06250000 -0.07812500
v -0.23437500 0.06250000 -0.08593750
v -0.24218750 0.06250000 0.04687500
v -0.23437500 0.05468750 0.06250000
v -0.23437500 0.06250000 0.05468750
v -0.23437500 0.07031250 -0.07812500
v -0.24218750 0.07812500 -0.06250000
v -0.23437500 0.07812500 -0.07031250
v -0.24218750 0.07812500 -0.04687500
v -0.24218750 0.07812500 0.03125000
v -0.23437500 0.07031250 0.04687500
v -0.23437500 0.07812500 0.03906250
v -0.23437500 0.08593750 -0.06250000
v -0.24197689 0.09375000 -0.04687500
v -0.23437500 0.09375000 -0.05447689
v -0.24218750 0.09375000 -0.03125000
v -0.24218750 0.09375000 -0.01562500
v -0.24218750 0.09375000 0.00000000
v -0.23437500 0.08593750 0.01562500
v -0.23437500 0.09375000 0.00781250
v -0.23437500 0.08593750 0.03125000
v -0.23437500 0.10135189 -0.04687500
v -0.23437500 0.10156250 -0.03125000
v -0.23437500 0.10156250 -0.01562500
v -0.23437500 0.10156250 0.00000000
v -0.22656174 -0.10937500 -0.03125000
v -0.21875000 -0.11718674 -0.03125000
v -0.21875000 -0.10937500 -0.03906174
v -0.22656250 -0.10937500 -0.01562500
v -0.21875000 -0.11718750 -0.01562500
v -0.22656250 -0.10937500 0.00000000
v -0.21875000 -0.11718750 0.00000000
v -0.21875000 -0.10937500 0.00781250
v -0.22656250 -0.09375000 -0.04687500
v -0.21875000 -0.10156250 -0.04687500
v -0.21875000 -0.09375000 -0.05468750
v -0.21875000 -0.10156250 0.01562500
v -0.22656250 -0.09375000 0.03125000
v -0.21875000 -0.10156250 0.03125000
v -0.22654398 -0.09375000 0.04687500
v -0.21875000 -0.10154398 0.04687500
v -0.21875000 -0.09375000 0.05466898
v -0.22656250 -0.07812500 -0.06250000
v -0.21875000 -0.08593750 -0.06250000
v -0.21875000 -0.07812500 -0.07031250
v -0.22656250 -0.07812500 0.06250000
v -0.21875000 -0.08593750 0.06250000
v -0.21875000 -0.07812500 0.07031250
v -0.22656250 -0.06250000 -0.07812500
v -0.21875000 -0.07031250 -0.07812500
v -0.21875000 -0.06250000 -0.08593750
v -0.22656250 -0.06250000 0.07812500
v -0.21875000 -0.07031250 0.07812500
v -0.21875000 -0.06250000 0.08593750
v -0.22656250 -0.04687500 -0.09375000
v -0.21875000 -0.05468750 -0.09375000
v -0.21875000 -0.04687500 -0.10156250
v -0.21875000 -0.04687500 0.08593750
v -0.22656250 -0.03125000 -0.09375000
v -0.21875000 -0.03125000 -0.10156250
v -0.22656250 -0.03125000 0.09375000
v -0.21875000 -0.03906250 0.09375000
v -0.21875000 -0.03125000 0.10156250
v -0.21875000 -0.01562500 -0.10156250
v -0.22656250 -0.01562500 0.09375000
v -0.21875000 -0.01562500 0.10156250
v -0.22555357 0.00000000 -0.10937500
v -0.21875000 -0.00680357 -0.10937500
v -0.21875000 0.00000000 -0.11617857
v -0.22656248 0.00000000 0.09375000
v -0.21875000 0.00000000 0.10156248
v -0.21875000 0.00680357 -0.10937500
v -0.21875000 0.01562500 -0.10156250
v -0.21875000 0.00781248 0.09375000
v -0.21875000 0.01562500 0.08593750
v -0.21875000 0.03125000 -0.10156250
v -0.22656250 0.03125000 0.07812500
v -0.21875000 0.03125000 0.08593750
v -0.22656250 0.04687500 -0.09375000
v -0.21875000 0.04687500 -0.10156250
v -0.22656245 0.04687500 0.07812500
v -0.21875000 0.04687500 0.08593745
v -0.22656245 0.06250000 -0.09375000
v -0.21875000 0.06250000 -0.10156245
v -0.22656250 0.06250000 0.06250000
v -0.21875000 0.05468745 0.07812500
v -0.21875000 0.06250000 0.07031250
v -0.21875000 0.07031245 -0.09375000
v -0.22656250 0.07812500 -0.07812500
v -0.21875000 0.07812500 -0.08593750
v -0.22656250 0.07812500 0.04687500
v -0.21875000 0.07031250 0.06250000
v -0.21875000 0.07812500 0.05468750
v -0.21875000 0.08593750 -0.07812500
v -0.22656250 0.09375000 -0.06250000
v -0.21875000 0.09375000 -0.07031250
v -0.22656250 0.09375000 0.01562500
v -0.22656037 0.09375000 0.03125000
v -0.21875000 0.08593750 0.04687500
v -0.21875000 0.09375000 0.03906037
v -0.21875000 0.10156250 -0.06250000
v -0.21875000 0.10156250 -0.04687500
v -0.21875000 0.10156250 -0.03125000
v -0.22655535 0.10937500 -0.01562500
v -0.21875000 0.10937500 -0.02343035
v -0.22621783 0.10937500 0.00000000
v -0.21875000 0.10156250 0.01562500
v -0.21875000 0.10937500 0.00746783
v -0.21875000 0.10156037 0.03125000
v -0.21875000 0.11718035 -0.01562500
v -0.21875000 0.11684283 0.00000000
v -0.21093750 -0.10937500 -0.04687500
v -0.20312500 -0.11718750 -0.04687500
v -0.20312500 -0.10937500 -0.05468750
v -0.20312500 -0.11718750 -0.03125000
v -0.20312500 -0.11718750 -0.01562500
v -0.20312500 -0.11718750 0.00000000
v -0.21093750 -0.10937500 0.01562500
v -0.20312500 -0.11718750 0.01562500
v -0.21081674 -0.10937500 0.03125000
v -0.20312500 -0.11706674 0.03125000
v -0.20312500 -0.10937500 0.03894174
v -0.21093750 -0.09375000 -0.06250000
v -0.20312500 -0.10156250 -0.06250000
v -0.20312500 -0.09375000 -0.07031250
v -0.20312500 -0.10156250 0.04687500
v -0.21077291 -0.09375000 0.06250000
v -0.20312500 -0.10139791 0.06250000
v -0.20312500 -0.09375000 0.07014791
v -0.21093750 -0.07812500 -0.07812500
v -0.20312500 -0.08593750 -0.07812500
v -0.20312500 -0.07812500 -0.08593750
v -0.21093750 -0.07812500 0.07812500
v -0.20312500 -0.08593750 0.07812500
v -0.20312500 -0.07812500 0.08593750
v -0.21093750 -0.06250000 -0.09375000
v -0.20312500 -0.07031250 -0.09375000
v -0.20312500 -0.06250000 -0.10156250
v -0.20312500 -0.06250000 0.08593750
v -0.20312500 -0.04687500 -0.10156250
v -0.21093750 -0.04687500 0.09375000
v -0.20312500 -0.05468750 0.09375000
v -0.20312500 -0.04687500 0.10156250
v -0.21093750 -0.03125000 -0.10937500
v -0.20312500 -0.03906250 -0.10937500
v -0.20312500 -0.03125000 -0.11718750
v -0.20312500 -0.03125000 0.10156250
v -0.21093750 -0.01562500 -0.10937500
v -0.20312500 -0.01562500 -0.11718750
v -0.20312500 -0.01562500 0.10156250
v -0.20312500 0.00000000 -0.11718750
v -0.20312500 0.00000000 0.10156250
v -0.21093750 0.01562500 -0.10937500
v -0.20312500 0.01562500 -0.11718750
v -0.21093750 0.01562500 0.09375000
v -0.20312500 0.01562500 0.10156250
v -0.21093750 0.03125000 -0.10937500
v -0.20312500 0.03125000 -0.11718750
v -0.21093750 0.03125000 0.09375000
v -0.20312500 0.03125000 0.10156250
v -0.21070370 0.04687500 -0.10937500
v -0.20312500 0.04687500 -0.11695370
v -0.20312500 0.03906250 0.09375000
v -0.20312500 0.04687500 0.08593750
v -0.20312500 0.05445370 -0.10937500
v -0.20312500 0.06250000 -0.10156250
v -0.21093750 0.06250000 0.07812500
v -0.20312500 0.06250000 0.08593750
v -0.21093750 0.07812500 -0.09375000
v -0.20312500 0.07812500 -0.10156250
v -0.21093750 0.07812500 0.06250000
v -0.21093634 0.07812500 0.07812500
v -0.20312500 0.07812500 0.08593634
v -0.20312500 0.08593750 -0.09375000
v -0.21093750 0.09375000 -0.07812500
v -0.20312500 0.09375000 -0.08593750
v -0.21093750 0.09375000 0.04687500
v -0.20312500 0.08593750 0.06250000
v -0.20312500 0.09375000 0.05468750
v -0.20312500 0.08593634 0.07812500
v -0.20312500 0.10156250 -0.07812500
v -0.21093750 0.10937500 -0.06250000
v -0.20312500 0.10937500 -0.07031250
v -0.21093750 0.10937500 -0.04687500
v -0.21093750 0.10937500 -0.03125000
v -0.21093750 0.10937500 0.01562500
v -0.20312500 0.10156250 0.03125000
v -0.20312500 0.10937500 0.02343750
v -0.20312500 0.10156250 0.04687500
v -0.20312500 0.11718750 -0.06250000
v -0.20312500 0.11718750 -0.04687500
v -0.20312500 0.11718750 -0.03125000
v -0.20312500 0.11718750 -0.01562500
v -0.20312500 0.11718750 0.00000000
v -0.20312500 0.11718750 0.01562500
v -0.19531044 -0.10937500 -0.06250000
v -0.18750000 -0.11718544 -0.06250000
v -0.18750000 -0.10937500 -0.07031044
v -0.18750000 -0.11718750 -0.04687500
v -0.18750000 -0.11718750 -0.03125000
v -0.18750000 -0.11718750 -0.01562500
v -0.18750000 -0.11718750 0.00000000
v -0.18750000 -0.11718750 0.01562500
v -0.18750000 -0.11718750 0.03125000
v -0.18750000 -0.10937500 0.03906250
v -0.19531249 -0.09375000 -0.07812500
v -0.18750000 -0.10156249 -0.07812500
v -0.18750000 -0.09375000 -0.08593749
v -0.18750000 -0.10156250 0.04687500
v -0.18750000 -0.10156250 0.06250000
v -0.18750000 -0.09375000 0.07031250
v -0.19530815 -0.07812500 -0.09375000
v -0.18750000 -0.08593315 -0.09375000
v -0.18750000 -0.07812500 -0.10155815
v -0.18750000 -0.08593750 0.07812500
v -0.18750000 -0.07812500 0.08593750
v -0.18750000 -0.06250000 -0.10156250
v -0.19531250 -0.06250000 0.09375000
v -0.18750000 -0.07031250 0.09375000
v -0.18750000 -0.06250000 0.10156250
v -0.19531250 -0.04687500 -0.10937500
v -0.18750000 -0.05468750 -0.10937500
v -0.18750000 -0.04687500 -0.11718750
v -0.18750000 -0.04687500 0.10156250
v -0.18750000 -0.03125000 -0.11718750
v -0.18750000 -0.03125000 0.10156250
v -0.19525117 -0.01562500 -0.12500000
v -0.18750000 -0.02337617 -0.12500000
v -0.18750000 -0.01562500 -0.13275117
v -0.19530525 -0.01562500 0.10937500
v -0.18750000 -0.02343025 0.10937500
v -0.18750000 -0.01562500 0.11718025
v -0.19531014 0.00000000 -0.12500000
v -0.18750000 0.00000000 -0.13281014
v -0.19531249 0.00000000 0.10937500
v -0.18750000 0.00000000 0.11718749
v -0.18750000 0.00781014 -0.12500000
v -0.18750000 0.01562500 -0.11718750
v -0.19523758 0.01562500 0.10937500
v -0.18750000 0.01562500 0.11711258
v -0.18750000 0.03125000 -0.11718750
v -0.18750000 0.02336258 0.10937500
v -0.18750000 0.03125000 0.10156250
v -0.18750000 0.04687500 -0.11718750
v -0.19531250 0.04687500 0.09375000
v -0.18750000 0.04687500 0.10156250
v -0.19531246 0.06250000 -0.10937500
v -0.18750000 0.06250000 -0.11718746
v -0.19531249 0.06250000 0.09375000
v -0.18750000 0.06250000 0.10156249
v -0.18750000 0.07031246 -0.10937500
v -0.18750000 0.07812500 -0.10156250
v -0.18750000 0.07031249 0.09375000
v -0.18750000 0.07812500 0.08593750
v -0.19530703 0.09375000 -0.09375000
v -0.18750000 0.09375000 -0.10155703
v -0.19531250 0.09375000 0.06250000
v -0.18750000 0.08593750 0.07812500
v -0.18750000 0.09375000 0.07031250
v -0.18750000 0.10155703 -0.09375000
v -0.19531247 0.10937500 -0.07812500
v -0.18750000 0.10937500 -0.08593747
v -0.19531250 0.10937500 0.03125000
v -0.18750000 0.10156250 0.04687500
v -0.18750000 0.10937500 0.03906250
v -0.18750000 0.10156250 0.06250000
v -0.18750000 0.11718747 -0.07812500
v -0.18750000 0.11718750 -0.06250000
v -0.18750000 0.11718750 -0.04687500
v -0.18859207 0.12500000 -0.03125000
v -0.18750000 0.12500000 -0.03234207
v -0.19517745 0.12500000 -0.01562500
v -0.18750000 0.11718750 0.00000000
v -0.18750000 0.12500000 -0.00794755
v -0.18750000 0.11718750 0.01562500
v -0.18750000 0.11718750 0.03125000
v -0.18750000 0.12609207 -0.03125000
v -0.18750000 0.13267745 -0.01562500
v -0.17968607 -0.12500000 -0.04687500
v -0.17187500 -0.13281107 -0.04687500
v -0.17187500 -0.12500000 -0.05468607
v -0.17968750 -0.12500000 -0.03125000
v -0.17187500 -0.13281250 -0.03125000
v -0.17968747 -0.12500000 -0.01562500
v -0.17187500 -0.13281247 -0.01562500
v -0.17968487 -0.12500000 0.00000000
v -0.17187500 -0.13280987 0.00000000
v -0.17187500 -0.12500000 0.00780987
v -0.17187500 -0.11718750 -0.06250000
v -0.17187500 -0.10937500 -0.07031250
v -0.17187500 -0.11718750 0.01562500
v -0.17187500 -0.11718750 0.03125000
v -0.17968516 -0.10937500 0.04687500
v -0.17187500 -0.11718516 0.04687500
v -0.17187500 -0.10937500 0.05468516
v -0.17187500 -0.10156250 -0.07812500
v -0.17187500 -0.09375000 -0.08593750
v -0.17187500 -0.10156250 0.06250000
v -0.17187500 -0.09375000 0.07031250
v -0.17187500 -0.08593750 -0.09375000
v -0.17187500 -0.07812500 -0.10156250
v -0.17187500 -0.08593750 0.07812500
v -0.17187500 -0.07812500 0.08593750
v -0.17968750 -0.06250000 -0.10937500
v -0.17187500 -0.07031250 -0.10937500
v -0.17187500 -0.06250000 -0.11718750
v -0.17187500 -0.07031250 0.09375000
v -0.17187500 -0.06250000 0.10156250
v -0.17187500 -0.04687500 -0.11718750
v -0.17187500 -0.04687500 0.10156250
v -0.17968750 -0.03125000 -0.12500000
v -0.17187500 -0.03906250 -0.12500000
v -0.17187500 -0.03125000 -0.13281250
v -0.17968735 -0.03125000 0.10937500
v -0.17187500 -0.03906235 0.10937500
v -0.17187500 -0.03125000 0.11718735
v -0.17187500 -0.01562500 -0.13281250
v -0.17187500 -0.01562500 0.11718750
v -0.17187500 0.00000000 -0.13281250
v -0.17187500 0.00000000 0.11718750
v -0.17968750 0.01562500 -0.12500000
v -0.17187500 0.01562500 -0.13281250
v -0.17187500 0.01562500 0.11718750
v -0.17968744 0.03125000 -0.12500000
v -0.17187500 0.03125000 -0.13281244
v -0.17968750 0.03125000 0.10937500
v -0.17187500 0.03125000 0.11718750
v -0.17187500 0.03906244 -0.12500000
v -0.17187500 0.04687500 -0.11718750
v -0.17187500 0.03906250 0.10937500
v -0.17187500 0.04687500 0.10156250
v -0.17187500 0.06250000 -0.11718750
v -0.17187500 0.06250000 0.10156250
v -0.17968698 0.07812500 -0.10937500
v -0.17187500 0.07812500 -0.11718698
v -0.17968588 0.07812500 0.09375000
v -0.17187500 0.07812500 0.10156088
v -0.17187500 0.08593698 -0.10937500
v -0.17187500 0.09375000 -0.10156250
v -0.17968750 0.09375000 0.07812500
v -0.17187500 0.08593588 0.09375000
v -0.17187500 0.09375000 0.08593750
v -0.17187500 0.10156250 -0.09375000
v -0.17187500 0.10937500 -0.08593750
v -0.17968750 0.10937500 0.04687500
v -0.17187500 0.10156250 0.06250000
v -0.17187500 0.10937500 0.05468750
v -0.17187500 0.10156250 0.07812500
v -0.17187500 0.11718750 -0.07812500
v -0.17968702 0.12500000 -0.06250000
v -0.17187500 0.12500000 -0.07031202
v -0.17968750 0.12500000 -0.04687500
v -0.17968750 0.12500000 0.00000000
v -0.17966714 0.12500000 0.01562500
v -0.17187500 0.11718750 0.03125000
v -0.17187500 0.12500000 0.02341714
v -0.17187500 0.11718750 0.04687500
v -0.17187500 0.13281202 -0.06250000
v -0.17187500 0.13281250 -0.04687500
v -0.17187500 0.13281250 -0.03125000
v -0.17187500 0.13281250 -0.01562500
v -0.17187500 0.13281250 0.00000000
v -0.17187500 0.13279214 0.01562500
v -0.16405625 -0.12500000 -0.06250000
v -0.15625000 -0.13280625 -0.06250000
v -0.15625000 -0.12500000 -0.07030625
v -0.15625000 -0.13281250 -0.04687500
v -0.15625000 -0.13281250 -0.03125000
v -0.15625000 -0.13281250 -0.01562500
v -0.15625000 -0.13281250 0.00000000
v -0.16406250 -0.12500000 0.01562500
v -0.15625000 -0.13281250 0.01562500
v -0.15625000 -0.12500000 0.02343750
v -0.16406250 -0.10937500 -0.07812500
v -0.15625000 -0.11718750 -0.07812500
v -0.15625000 -0.10937500 -0.08593750
v -0.15625000 -0.11718750 0.03125000
v -0.15625000 -0.11718750 0.04687500
v -0.15625000 -0.10937500 0.05468750
v -0.16406250 -0.09375000 -0.09375000
v -0.15625000 -0.10156250 -0.09375000
v -0.15625000 -0.09375000 -0.10156250
v -0.15625000 -0.10156250 0.06250000
v -0.16393695 -0.09375000 0.07812500
v -0.15625000 -0.10143695 0.07812500
v -0.15625000 -0.09375000 0.08581195
v -0.16406249 -0.07812500 -0.10937500
v -0.15625000 -0.08593749 -0.10937500
v -0.15625000 -0.07812500 -0.11718749
v -0.16404569 -0.07812500 0.09375000
v -0.15625000 -0.08592069 0.09375000
v -0.15625000 -0.07812500 0.10154569
v -0.15625000 -0.06250000 -0.11718750
v -0.15625000 -0.06250000 0.10156250
v -0.16406250 -0.04687500 -0.12500000
v -0.15625000 -0.05468750 -0.12500000
v -0.15625000 -0.04687500 -0.13281250
v -0.15625000 -0.04687500 0.10156250
v -0.15625000 -0.03125000 -0.13281250
v -0.15625000 -0.03906250 0.10937500
v -0.15625000 -0.03125000 0.11718750
v -0.15625000 -0.01562500 -0.13281250
v -0.15625000 -0.01562500 0.11718750
v -0.15625000 0.00000000 -0.13281250
v -0.15625000 0.00000000 0.11718750
v -0.15625000 0.01562500 -0.13281250
v -0.15625000 0.01562500 0.11718750
v -0.15625000 0.03125000 -0.13281250
v -0.15625000 0.03125000 0.11718750
v -0.16406250 0.04687500 -0.12500000
v -0.15625000 0.04687500 -0.13281250
v -0.16406250 0.04687500 0.10937500
v -0.15625000 0.04687500 0.11718750
v -0.15625000 0.05468750 -0.12500000
v -0.15625000 0.06250000 -0.11718750
v -0.15625000 0.05468750 0.10937500
v -0.15625000 0.06250000 0.10156250
v -0.15625000 0.07812500 -0.11718750
v -0.15625000 0.07812500 0.10156250
v -0.16396782 0.09375000 -0.10937500
v -0.15625000 0.09375000 -0.11709282
v -0.15625000 0.08593750 0.09375000
v -0.15625000 0.09375000 0.08593750
v -0.15625000 0.10146782 -0.10937500
v -0.16406250 0.10937500 -0.09375000
v -0.15625000 0.10937500 -0.10156250
v -0.16406250 0.10937500 0.06250000
v -0.15625000 0.10156250 0.07812500
v -0.15625000 0.10937500 0.07031250
v -0.15625000 0.11718750 -0.09375000
v -0.16406250 0.12500000 -0.07812500
v -0.15625000 0.12500000 -0.08593750
v -0.16406250 0.12500000 0.03125000
v -0.15625000 0.11718750 0.04687500
v -0.15625000 0.12500000 0.03906250
v -0.15625000 0.11718750 0.06250000
v -0.15625000 0.13281250 -0.07812500
v -0.15625000 0.13281250 -0.06250000
v -0.15625000 0.13281250 -0.04687500
v -0.15625000 0.13281250 -0.03125000
v -0.16371137 0.14062500 -0.01562500
v -0.15625000 0.14062500 -0.02308637
v -0.15625000 0.13281250 0.00000000
v -0.15625000 0.14062500 -0.00816363
v -0.15625000 0.13281250 0.01562500
v -0.15625000 0.13281250 0.03125000
v -0.15625000 0.14808637 -0.01562500
v -0.14062500 -0.13281250 -0.06250000
v -0.14062500 -0.12500000 -0.07031250
v -0.14062500 -0.13281250 -0.04687500
v -0.14062500 -0.13281250 -0.03125000
v -0.14062500 -0.13281250 -0.01562500
v -0.14062500 -0.13281250 0.00000000
v -0.14062500 -0.13281250 0.01562500
v -0.14842521 -0.12500000 0.03125000
v -0.14062500 -0.13280021 0.03125000
v -0.14062500 -0.12500000 0.03905021
v -0.14839057 -0.10937500 -0.09375000
v -0.14062500 -0.11714057 -0.09375000
v -0.14062500 -0.10937500 -0.10151557
v -0.14062500 -0.11718750 -0.07812500
v -0.14062500 -0.11718750 0.04687500
v -0.14062500 -0.10937500 0.05468750
v -0.14062500 -0.09375000 -0.10156250
v -0.14062500 -0.10156250 0.06250000
v -0.14062500 -0.10156250 0.07812500
v -0.14062500 -0.09375000 0.08593750
v -0.14062500 -0.08593750 -0.10937500
v -0.14062500 -0.07812500 -0.11718750
v -0.14062500 -0.08593750 0.09375000
v -0.14062500 -0.07812500 0.10156250
v -0.14843750 -0.06250000 -0.12500000
v -0.14062500 -0.07031250 -0.12500000
v -0.14062500 -0.06250000 -0.13281250
v -0.14062500 -0.06250000 0.10156250
v -0.14062500 -0.04687500 -0.13281250
v -0.14840678 -0.04687500 0.10937500
v -0.14062500 -0.05465678 0.10937500
v -0.14062500 -0.04687500 0.11715678
v -0.14843744 -0.03125000 -0.14062500
v -0.14062500 -0.03906244 -0.14062500
v -0.14062500 -0.03125000 -0.14843744
v -0.14062500 -0.03125000 0.11718750
v -0.14843750 -0.01562500 -0.14062500
v -0.14062500 -0.01562500 -0.14843750
v -0.14062500 -0.01562500 0.11718750
v -0.14843750 0.00000000 -0.14062500
v -0.14062500 0.00000000 -0.14843750
v -0.14062500 0.00000000 0.11718750
v -0.14843750 0.01562500 -0.14062500
v -0.14062500 0.01562500 -0.14843750
v -0.14062500 0.01562500 0.11718750
v -0.14802908 0.03125000 -0.14062500
v -0.14062500 0.03125000 -0.14802908
v -0.14062500 0.03125000 0.11718750
v -0.14062500 0.03865408 -0.14062500
v -0.14062500 0.04687500 -0.13281250
v -0.14062500 0.04687500 0.11718750
v -0.14843750 0.06250000 -0.12500000
v -0.14062500 0.06250000 -0.13281250
v -0.14843742 0.06250000 0.10937500
v -0.14062500 0.06250000 0.11718742
v -0.14062500 0.07031250 -0.12500000
v -0.14062500 0.07812500 -0.11718750
v -0.14062500 0.07031242 0.10937500
v -0.14062500 0.07812500 0.10156250
v -0.14062500 0.09375000 -0.11718750
v -0.14841425 0.09375000 0.09375000
v -0.14062500 0.09375000 0.10153925
v -0.14062500 0.10156250 -0.10937500
v -0.14062500 0.10937500 -0.10156250
v -0.14062500 0.10156250 0.07812500
v -0.14062500 0.10937500 0.07031250
v -0.14062500 0.10153925 0.09375000
v -0.14062500 0.11718750 -0.09375000
v -0.14062500 0.12500000 -0.08593750
v -0.14843746 0.12500000 0.04687500
v -0.14062500 0.11718750 0.06250000
v -0.14062500 0.12500000 0.05468746
v -0.14062500 0.13281250 -0.07812500
v -0.14062500 0.13281250 -0.06250000
v -0.14843741 0.14062500 -0.04687500
v -0.14062500 0.14062500 -0.05468741
v -0.14843750 0.14062500 -0.03125000
v -0.14843598 0.14062500 0.00000000
v -0.14062500 0.13281250 0.01562500
v -0.14062500 0.14062500 0.00781098
v -0.14062500 0.13281250 0.03125000
v -0.14062500 0.13281246 0.04687500
v -0.14062500 0.14843741 -0.04687500
v -0.14062500 0.14843750 -0.03125000
v -0.14062500 0.14843750 -0.01562500
v -0.14062500 0.14843598 0.00000000
v -0.13273417 -0.14062500 -0.01562500
v -0.12500000 -0.14835917 -0.01562500
v -0.12500000 -0.14062500 -0.02335917
v -0.13241777 -0.14062500 0.00000000
v -0.12500000 -0.14804277 0.00000000
v -0.12500000 -0.14062500 0.00741777
v -0.13281250 -0.12500000 -0.07812500
v -0.12500000 -0.13281250 -0.07812500
v -0.12500000 -0.12500000 -0.08593750
v -0.12500000 -0.13281250 -0.06250000
v -0.12500000 -0.13281250 -0.04687500
v -0.12500000 -0.13281250 -0.03125000
v -0.12500000 -0.13281250 0.01562500
v -0.12500000 -0.13281250 0.03125000
v -0.12500000 -0.12500000 0.03906250
v -0.12500000 -0.11718750 -0.09375000
v -0.12500000 -0.10937500 -0.10156250
v -0.12500000 -0.11718750 0.04687500
v -0.13281246 -0.10937500 0.06250000
v -0.12500000 -0.11718746 0.06250000
v -0.12500000 -0.10937500 0.07031246
v -0.13281250 -0.09375000 -0.10937500
v -0.12500000 -0.10156250 -0.10937500
v -0.12500000 -0.09375000 -0.11718750
v -0.12500000 -0.10156250 0.07812500
v -0.12500000 -0.09375000 0.08593750
v -0.13281250 -0.07812500 -0.12500000
v -0.12500000 -0.08593750 -0.12500000
v -0.12500000 -0.07812500 -0.13281250
v -0.12500000 -0.08593750 0.09375000
v -0.12500000 -0.07812500 0.10156250
v -0.12500000 -0.06250000 -0.13281250
v -0.13021355 -0.06250000 0.10937500
v -0.12500000 -0.06771355 0.10937500
v -0.12500000 -0.06250000 0.11458855
v -0.13281250 -0.04687500 -0.14062500
v -0.12500000 -0.05468750 -0.14062500
v -0.12500000 -0.04687500 -0.14843750
v -0.12500000 -0.04687500 0.11718748
v -0.12500000 -0.03125000 -0.14843750
v -0.12500000 -0.03125000 0.11718750
v -0.12500000 -0.01562500 -0.14843750
v -0.12500000 -0.01562500 0.11718750
v -0.12500000 0.00000000 -0.14843750
v -0.12500000 0.00000000 0.11718750
v -0.12500000 0.01562500 -0.14843750
v -0.12500000 0.01562500 0.11718750
v -0.12500000 0.03125000 -0.14843750
v -0.12500000 0.03125000 0.11718750
v -0.13281250 0.04687500 -0.14062500
v -0.12500000 0.04687500 -0.14843750
v -0.12500000 0.04687500 0.11718750
v -0.12500000 0.05468750 -0.14062500
v -0.12500000 0.06250000 -0.13281250
v -0.12500000 0.06250000 0.11718750
v -0.13281250 0.07812500 -0.12500000
v -0.12500000 0.07812500 -0.13281250
v -0.13120957 0.07812500 0.10937500
v -0.12500000 0.07812500 0.11558457
v -0.12500000 0.08593750 -0.12500000
v -0.12500000 0.09375000 -0.11718750
v -0.12500000 0.08433457 0.10937500
v -0.12500000 0.09375000 0.10156250
v -0.13281250 0.10937500 -0.10937500
v -0.12500000 0.10937500 -0.11718750
v -0.13281250 0.10937500 0.07812500
v -0.12500000 0.10156250 0.09375000
v -0.12500000 0.10937500 0.08593750
v -0.12500000 0.11718750 -0.10937500
v -0.13281250 0.12500000 -0.09375000
v -0.12500000 0.12500000 -0.10156250
v -0.12500000 0.11718750 0.06250000
v -0.12500000 0.12500000 0.05468750
v -0.12500000 0.11718750 0.07812500
v -0.12500000 0.13281250 -0.09375000
v -0.13251881 0.14062500 -0.07812500
v -0.12500000 0.14062500 -0.08564381
v -0.13281250 0.14062500 -0.06250000
v -0.13281188 0.14062500 0.01562500
v -0.13215468 0.14062500 0.03125000
v -0.12500000 0.13281250 0.04687500
v -0.12500000 0.14062500 0.03840468
v -0.12500000 0.14814381 -0.07812500
v -0.12500000 0.14843750 -0.06250000
v -0.12500000 0.14843750 -0.04687500
v -0.12500000 0.14843750 -0.03125000
v -0.12500000 0.14843750 -0.01562500
v -0.12500000 0.14843750 0.00000000
v -0.12500000 0.14843688 0.01562500
v -0.12500000 0.14777968 0.03125000
v -0.13281234 0.21875000 -0.03125000
v -0.12500000 0.21093766 -0.03125000
v -0.12500000 0.21875000 -0.03915737
v -0.12758508 0.21875000 -0.01562500
v -0.12500000 0.21616492 -0.01562500
v -0.12500000 0.21875000 -0.01303992
v -0.13256866 0.23437500 -0.03125000
v -0.12500000 0.23437500 -0.03881866
v -0.13281250 0.23437500 -0.01562500
v -0.12569674 0.23437500 0.00000000
v -0.12500000 0.23367826 0.00000000
v -0.12500000 0.23437500 0.00069674
v -0.12500000 0.24194366 -0.03125000
v -0.12500000 0.24218749 -0.01562500
v -0.12500000 0.23507174 0.00000000
v -0.11555322 -0.14062500 -0.04687500
v -0.10937500 -0.14680322 -0.04687500
v -0.10937500 -0.14062500 -0.05305322
v -0.11718750 -0.14062500 -0.03125000
v -0.10937500 -0.14843750 -0.03125000
v -0.10937500 -0.14843750 -0.01562500
v -0.10937500 -0.14843750 0.00000000
v -0.10937500 -0.14062500 0.00781250
v -0.11718747 -0.12500000 -0.09375000
v -0.10937500 -0.13281247 -0.09375000
v -0.10937500 -0.12500000 -0.10156247
v -0.10937500 -0.13281250 -0.07812500
v -0.10937500 -0.13281250 -0.06250000
v -0.10937500 -0.13281250 0.01562500
v -0.10937500 -0.13281250 0.03125000
v -0.11712622 -0.12500000 0.04687500
v -0.10937500 -0.13275122 0.04687500
v -0.10937500 -0.12500000 0.05462622
v -0.11718749 -0.10937500 -0.10937500
v -0.10937500 -0.11718749 -0.10937500
v -0.10937500 -0.10937500 -0.11718749
v -0.10937500 -0.11718750 0.06250000
v -0.10937500 -0.10937500 0.07031250
v -0.11718650 -0.09375000 -0.12500000
v -0.10937500 -0.10156150 -0.12500000
v -0.10937500 -0.09375000 -0.13281150
v -0.10937500 -0.10156250 0.07812500
v -0.11718741 -0.09375000 0.09375000
v -0.10937500 -0.10156241 0.09375000
v -0.10937500 -0.09375000 0.10156241
v -0.10937500 -0.07812500 -0.13281250
v -0.11692789 -0.07812500 0.10937500
v -0.10937500 -0.08567789 0.10937500
v -0.10937500 -0.07812500 0.11692789
v -0.11718750 -0.06250000 -0.14062500
v -0.10937500 -0.07031250 -0.14062500
v -0.10937500 -0.06250000 -0.14843750
v -0.10937500 -0.06250000 0.11718750
v -0.11678606 -0.04687500 -0.15625000
v -0.10937500 -0.05428606 -0.15625000
v -0.10937500 -0.04687500 -0.16366106
v -0.10937500 -0.04687500 0.11718750
v -0.11718750 -0.03125000 -0.15625000
v -0.10937500 -0.03125000 -0.16406250
v -0.10937500 -0.03125000 0.11718750
v -0.11718750 -0.01562500 -0.15625000
v -0.10937500 -0.01562500 -0.16406250
v -0.10937500 -0.01562500 0.11718750
v -0.11718750 0.00000000 -0.15625000
v -0.10937500 0.00000000 -0.16406250
v -0.10937500 0.00000000 0.11718750
v -0.11718750 0.01562500 -0.15625000
v -0.10937500 0.01562500 -0.16406250
v -0.10937500 0.01562500 0.11718750
v -0.10937500 0.02343750 -0.15625000
v -0.10937500 0.03125000 -0.14843750
v -0.10937500 0.03125000 0.11718750
v -0.10937500 0.04687500 -0.14843750
v -0.10937500 0.04687500 0.11718750
v -0.11718750 0.06250000 -0.14062500
v -0.10937500 0.06250000 -0.14843750
v -0.10937500 0.06250000 0.11718750
v -0.10937500 0.07031250 -0.14062500
v -0.10937500 0.07812500 -0.13281250
v -0.10937500 0.07812500 0.11718750
v -0.11718750 0.09375000 -0.12500000
v -0.10937500 0.09375000 -0.13281250
v -0.10937500 0.08593750 0.10937500
v -0.10937500 0.09375000 0.10156250
v -0.10937500 0.10156250 -0.12500000
v -0.10937500 0.10937500 -0.11718750
v -0.10937500 0.10156250 0.09375000
v -0.10937500 0.10937500 0.08593750
v -0.11718750 0.12500000 -0.10937500
v -0.10937500 0.12500000 -0.11718750
v -0.11718750 0.12500000 0.06250000
v -0.10937500 0.11718750 0.07812500
v -0.10937500 0.12500000 0.07031250
v -0.10937500 0.13281250 -0.10937500
v -0.11718736 0.14062500 -0.09375000
v -0.10937500 0.14062500 -0.10156236
v -0.11716516 0.14062500 0.04687500
v -0.10937500 0.13281250 0.06250000
v -0.10937500 0.14062500 0.05466516
v -0.10937500 0.14843736 -0.09375000
v -0.10937500 0.14843750 -0.07812500
v -0.11627074 0.15625000 -0.06250000
v -0.10937500 0.15625000 -0.06939574
v -0.11718750 0.15625000 -0.04687500
v -0.11718750 0.15625000 -0.03125000
v -0.11718749 0.15625000 -0.01562500
v -0.11536382 0.15625000 0.00000000
v -0.10937500 0.14843750 0.01562500
v -0.10937500 0.15625000 0.00598882
v -0.10937500 0.14843750 0.03125000
v -0.10937500 0.14841516 0.04687500
v -0.10937500 0.16314574 -0.06250000
v -0.10937500 0.16406250 -0.04687500
v -0.10937500 0.16406250 -0.03125000
v -0.10937500 0.16406249 -0.01562500
v -0.10937500 0.16223882 0.00000000
v -0.11728250 0.21875000 -0.04687500
v -0.10937500 0.20666983 -0.04687500
v -0.10937500 0.21875000 -0.05499186
v -0.10937500 0.20768226 -0.03125000
v -0.10937500 0.20955508 -0.01562500
v -0.11718748 0.21875000 0.00000000
v -0.10937500 0.21093752 0.00000000
v -0.11352286 0.21875000 0.01562500
v -0.10937500 0.21460214 0.01562500
v -0.10937500 0.21875000 0.01977286
v -0.10937500 0.22656247 -0.04687500
v -0.10937500 0.23437500 -0.03906248
v -0.10937500 0.22289796 0.01562500
v -0.10937500 0.23437500 0.00779500
v -0.10937500 0.24218748 -0.03125000
v -0.10937500 0.24218750 -0.01562500
v -0.10937500 0.24216987 0.00000000
v -0.10155773 -0.14062500 -0.06250000
v -0.09375000 -0.14843273 -0.06250000
v -0.09375000 -0.14062500 -0.07030773
v -0.09375000 -0.14843750 -0.04687500
v -0.09375000 -0.14843750 -0.03125000
v -0.09375000 -0.14843750 -0.01562500
v -0.09375000 -0.14843750 0.00000000
v -0.10156250 -0.14062500 0.01562500
v -0.09375000 -0.14843750 0.01562500
v -0.09375000 -0.14062500 0.02343750
v -0.10122226 -0.12500000 -0.12500000
v -0.09375000 -0.13247226 -0.12500000
v -0.09375000 -0.12500000 -0.13247226
v -0.10156250 -0.12500000 -0.10937500
v -0.09375000 -0.13281250 -0.10937500
v -0.09375000 -0.13281250 -0.09375000
v -0.09375000 -0.13281250 -0.07812500
v -0.09375000 -0.13281250 0.03125000
v -0.09375000 -0.13281250 0.04687500
v -0.09375000 -0.12500000 0.05468750
v -0.10156250 -0.10937500 -0.12500000
v -0.09375000 -0.10937500 -0.13281250
v -0.09375000 -0.11718750 0.06250000
v -0.10156247 -0.10937500 0.07812500
v -0.09375000 -0.11718747 0.07812500
v -0.09375000 -0.10937500 0.08593747
v -0.10156097 -0.09375000 -0.14062500
v -0.09375000 -0.10156097 -0.14062500
v -0.09375000 -0.09375000 -0.14844993
v -0.09375000 -0.10156250 0.09375000
v -0.09375000 -0.09375000 0.10156250
v -0.10156250 -0.07812500 -0.14062500
v -0.09375000 -0.07812500 -0.14843750
v -0.09375000 -0.08593750 0.10937500
v -0.09375000 -0.07812500 0.11718750
v -0.10155808 -0.06250000 -0.20312500
v -0.09375000 -0.07030722 -0.20312500
v -0.09375000 -0.06250000 -0.21093255
v -0.09375000 -0.06250000 -0.19488874
v -0.10156246 -0.06250000 -0.15625000
v -0.09375000 -0.07031246 -0.15625000
v -0.09375000 -0.06250000 -0.16425249
v -0.09375000 -0.06250000 0.11718750
v -0.10156046 -0.04687500 -0.21875000
v -0.09375000 -0.05468579 -0.21875000
v -0.09375000 -0.04687500 -0.22656046
v -0.10156250 -0.04687500 -0.20312500
v -0.10153264 -0.04687500 -0.18750000
v -0.09375000 -0.05508675 -0.18750000
v -0.10154358 -0.04687500 -0.17187500
v -0.09375000 -0.05485862 -0.17187500
v -0.09375000 -0.04687500 0.11718750
v -0.10151331 -0.03125000 -0.21875000
v -0.09375000 -0.03125000 -0.22651331
v -0.10156250 -0.03125000 -0.20312500
v -0.10156217 -0.03125000 -0.18750000
v -0.10154131 -0.03125000 -0.17187500
v -0.09375000 -0.03125000 0.11718750
v -0.10156246 -0.01562500 -0.21875000
v -0.09375000 -0.01562500 -0.22656246
v -0.10156250 -0.01562500 -0.20312500
v -0.10156055 -0.01562500 -0.18750000
v -0.10151675 -0.01562500 -0.17187500
v -0.09375000 -0.01562500 0.11718750
v -0.10146412 0.00000000 -0.21875000
v -0.09375000 0.00000000 -0.22646412
v -0.10156249 0.00000000 -0.20312500
v -0.10140502 0.00000000 -0.18750000
v -0.09375000 -0.00452439 -0.17187500
v -0.09375000 0.00000000 -0.17649189
v -0.09375000 0.00000000 -0.16738817
v -0.09375000 0.00000000 0.11718750
v -0.09375000 0.00771412 -0.21875000
v -0.09375000 0.00781791 -0.20312500
v -0.09375000 0.00767467 -0.18750000
v -0.09375000 0.01562500 -0.16406250
v -0.09472680 0.01562500 0.12500000
v -0.09375000 0.01464820 0.12500000
v -0.09375000 0.01562500 0.12597680
v -0.10156250 0.03125000 -0.15625000
v -0.09375000 0.03125000 -0.16406250
v -0.09375000 0.01660180 0.12500000
v -0.09375000 0.03125000 0.11718750
v -0.09375000 0.04010165 -0.15625000
v -0.09375000 0.04687500 -0.14947665
v -0.09375000 0.04687500 0.11718750
v -0.09375000 0.06250000 -0.14843750
v -0.09375000 0.06250000 0.11718750
v -0.10156250 0.07812500 -0.14062500
v -0.09375000 0.07812500 -0.14843750
v -0.09375000 0.07812500 0.11718750
v -0.09375000 0.08593750 -0.14062500
v -0.09375000 0.09375000 -0.13281250
v -0.10156021 0.09375000 0.10937500
v -0.09375000 0.09375000 0.11718521
v -0.10092672 0.10937500 -0.14062500
v -0.09375000 0.10219828 -0.14062500
v -0.09375000 0.10937500 -0.14780172
v -0.10156250 0.10937500 -0.12500000
v -0.10156250 0.10937500 0.09375000
v -0.09375000 0.10156021 0.10937500
v -0.09375000 0.10937500 0.10156250
v -0.10070367 0.12500000 -0.14062500
v -0.09375000 0.12500000 -0.14757867
v -0.10156250 0.12500000 -0.12500000
v -0.10156250 0.12500000 0.07812500
v -0.09375000 0.11718750 0.09375000
v -0.09375000 0.12500000 0.08593750
v -0.09375000 0.13202658 -0.14062500
v -0.10156310 0.14062500 -0.12500000
v -0.09375000 0.14062500 -0.13288622
v -0.10156250 0.14062500 -0.10937500
v -0.10156249 0.14062500 0.06250000
v -0.09375000 0.13281250 0.07812500
v -0.09375000 0.14062500 0.07031249
v -0.09375000 0.15021836 -0.12500000
v -0.10155929 0.15625000 -0.10937500
v -0.09375000 0.15625000 -0.11896531
v -0.09588032 0.15625000 -0.09375000
v -0.10156232 0.15625000 -0.07812500
v -0.10156250 0.15625000 0.01562500
v -0.10156241 0.15625000 0.03125000
v -0.09375000 0.14843750 0.04687500
v -0.09375000 0.15625000 0.03906241
v -0.09375000 0.14843749 0.06250000
v -0.09375000 0.16405929 -0.10937500
v -0.09375000 0.15838033 -0.09375000
v -0.09375000 0.16406232 -0.07812500
v -0.09375000 0.16406250 -0.06250000
v -0.10156205 0.17187500 -0.04687500
v -0.09375000 0.17187500 -0.05468705
v -0.10156250 0.17187500 -0.03125000
v -0.10156234 0.17187500 -0.01562500
v -0.10130189 0.17187500 0.00000000
v -0.09375000 0.16406250 0.01562500
v -0.09375000 0.17187500 0.00755189
v -0.09375000 0.16406241 0.03125000
v -0.09375000 0.17968705 -0.04687500
v -0.09375000 0.17988265 -0.03125000
v -0.09375000 0.18010249 -0.01562500
v -0.09375000 0.17942689 0.00000000
v -0.10481772 0.20312500 -0.03125000
v -0.09375000 0.19511736 -0.03125000
v -0.09375000 0.20312500 -0.04128142
v -0.10294481 0.20312500 -0.01562500
v -0.09375000 0.19489746 -0.01562500
v -0.10153880 0.20312500 0.00000000
v -0.09375000 0.19533620 0.00000000
v -0.09375000 0.20312500 0.00796949
v -0.09375000 0.20871856 -0.04687500
v -0.09375000 0.21875000 -0.05472116
v -0.09375000 0.21091886 0.01562500
v -0.09375000 0.21875000 0.02327546
v -0.09375000 0.22656268 -0.04687500
v -0.09375000 0.23437500 -0.03906262
v -0.09375000 0.22640659 0.01562500
v -0.09375000 0.23437500 0.00777138
v -0.09375000 0.24218744 -0.03125000
v -0.09375000 0.24218747 -0.01562500
v -0.09375000 0.24214025 0.00000000
v -0.07970595 -0.21875000 -0.01562500
v -0.07812500 -0.22033095 -0.01562500
v -0.07812500 -0.21875000 -0.01720595
v -0.08518299 -0.21875000 0.00000000
v -0.07812500 -0.22580799 0.00000000
v -0.07812500 -0.21875000 0.00705799
v -0.07812500 -0.21716905 -0.01562500
v -0.07812500 -0.21169201 0.00000000
v -0.08592904 -0.15625000 -0.01562500
v -0.07812500 -0.16405404 -0.01562500
v -0.07812500 -0.15625000 -0.02342904
v -0.08365444 -0.15625000 0.00000000
v -0.07812500 -0.16177944 0.00000000
v -0.07812500 -0.15625000 0.00552944
v -0.08593745 -0.14062500 -0.10937500
v -0.07812500 -0.14843745 -0.10937500
v -0.07812500 -0.14062500 -0.11720254
v -0.08593750 -0.14062500 -0.09375000
v -0.07812500 -0.14843750 -0.09375000
v -0.08593750 -0.14062500 -0.07812500
v -0.07812500 -0.14843750 -0.07812500
v -0.07812500 -0.14843750 -0.06250000
v -0.07812500 -0.14843750 -0.04687500
v -0.07812500 -0.14843750 -0.03125000
v -0.07812500 -0.14843750 0.01562500
v -0.08593746 -0.14062500 0.03125000
v -0.07812500 -0.14843746 0.03125000
v -0.07812500 -0.14062500 0.03906246
v -0.07812500 -0.13282759 -0.12500000
v -0.07812500 -0.12500000 -0.13281258
v -0.07812500 -0.13281250 0.04687500
v -0.08593696 -0.12500000 0.06250000
v -0.07812500 -0.13281196 0.06250000
v -0.07812500 -0.12500000 0.07031196
v -0.08500274 -0.10937500 -0.14062500
v -0.07812500 -0.11625281 -0.14062500
v -0.07812500 -0.10937500 -0.14750274
v -0.07812500 -0.11718750 0.07812500
v -0.08593750 -0.10937500 0.09375000
v -0.07812500 -0.11718750 0.09375000
v -0.07812500 -0.10937500 0.10156250
v -0.07812500 -0.09375000 -0.14843750
v -0.08593750 -0.09375000 0.10937500
v -0.07812500 -0.10156250 0.10937500
v -0.07812500 -0.09375000 0.11718750
v -0.07812500 -0.07812500 -0.14843761
v -0.07812500 -0.07812500 0.11718750
v -0.08578687 -0.06250000 -0.20312500
v -0.07812500 -0.07009795 -0.15625000
v -0.07812500 -0.06250000 -0.16384784
v -0.08567770 -0.06250000 0.12500000
v -0.07812500 -0.07005270 0.12500000
v -0.07812500 -0.06250000 0.13255270
v -0.07812500 -0.05537810 -0.21875000
v -0.07812500 -0.04687500 -0.22656246
v -0.07812500 -0.05484060 -0.20312500
v -0.08596433 -0.04687500 -0.18750000
v -0.07812500 -0.04687500 -0.19531228
v -0.08595642 -0.04687500 -0.17187500
v -0.07812500 -0.04687500 -0.16406250
v -0.08546720 -0.04687500 0.12500000
v -0.07812500 -0.04687500 0.13234220
v -0.07812500 -0.03125000 -0.22656250
v -0.07812500 -0.03891730 -0.18750000
v -0.08595848 -0.03125000 -0.17187500
v -0.07812500 -0.03125000 -0.17983552
v -0.07812500 -0.03125000 -0.16406271
v -0.08587851 -0.03125000 0.12500000
v -0.07812500 -0.03125000 0.13275351
v -0.07812500 -0.01562500 -0.22656250
v -0.08598133 -0.01562500 -0.17187500
v -0.07812500 -0.01562500 -0.17968577
v -0.07812500 -0.01562500 -0.16406443
v -0.08593720 -0.01562500 0.12500000
v -0.07812500 -0.01562500 0.13281220
v -0.07812500 0.00000000 -0.22656250
v -0.07812500 0.00000000 -0.17969483
v -0.07812500 0.00000000 -0.16406348
v -0.08593750 0.00000000 0.12500000
v -0.07812500 0.00000000 0.13281250
v -0.07812500 0.00781251 -0.21875000
v -0.07812500 0.00781748 -0.20312500
v -0.07812500 0.00992175 -0.18750000
v -0.07812500 0.01562500 -0.16406229
v -0.07812500 0.01562500 0.13281250
v -0.08590543 0.03125000 -0.15625000
v -0.07812500 0.02346934 -0.15625000
v -0.07812500 0.03125000 -0.14846957
v -0.08593335 0.03125000 0.12500000
v -0.07812500 0.03125000 0.13280835
v -0.07812500 0.04687500 -0.14843754
v -0.08558210 0.04687500 0.12500000
v -0.07812500 0.04687500 0.13245710
v -0.07812500 0.06250000 -0.14843774
v -0.08580135 0.06250000 0.12500000
v -0.07812500 0.06250000 0.13267635
v -0.07812500 0.07812500 -0.14843778
v -0.08533634 0.07812500 0.12500000
v -0.07812500 0.07812500 0.13221134
v -0.08559703 0.09375000 -0.14062500
v -0.07812500 0.09375000 -0.14812093
v -0.07812500 0.08533634 0.12500000
v -0.07812500 0.09375000 0.11718750
v -0.07812500 0.10937500 -0.14843176
v -0.08593745 0.10937500 0.10937500
v -0.07812500 0.10937500 0.11718745
v -0.07812500 0.12500000 -0.14843736
v -0.08593750 0.12500000 0.09375000
v -0.07812500 0.11718745 0.10937500
v -0.07812500 0.12500000 0.10156250
v -0.08596614 0.14062500 -0.14062500
v -0.07812500 0.14062500 -0.14839242
v -0.08593750 0.14062500 0.07812500
v -0.07812500 0.13281250 0.09375000
v -0.07812500 0.14062500 0.08593750
v -0.07812500 0.14909300 -0.14062500
v -0.08765074 0.15625000 -0.12500000
v -0.07812500 0.15625000 -0.13344207
v -0.08593750 0.15625000 0.04687500
v -0.08593750 0.15625000 0.06250000
v -0.08559077 0.15625000 0.07812500
v -0.07812500 0.15625000 0.08559077
v -0.07812500 0.16399135 -0.12500000
v -0.07812500 0.16406054 -0.10937500
v -0.07812500 0.15969850 -0.09375000
v -0.07812500 0.16396794 -0.07812500
v -0.07812500 0.16406250 -0.06250000
v -0.07812500 0.17187500 -0.05443612
v -0.08593750 0.17187500 0.01562500
v -0.08593663 0.17187500 0.03125000
v -0.07812500 0.16605392 0.04687500
v -0.07812500 0.17187500 0.04105311
v -0.07812500 0.16406250 0.06250000
v -0.07812500 0.16371577 0.07812500
v -0.07812500 0.17943612 -0.04687500
v -0.07812500 0.17970969 -0.03125000
v -0.07812500 0.17972879 -0.01562500
v -0.07812500 0.18003902 0.00000000
v -0.07812500 0.17970388 0.01562500
v -0.07812500 0.17968663 0.03125000
v -0.07812500 0.19529025 -0.03125000
v -0.07812500 0.20312500 -0.04632874
v -0.07812500 0.19527122 -0.01562500
v -0.07812500 0.19496223 0.00000000
v -0.07812500 0.20312500 0.01206194
v -0.07812500 0.20367127 -0.04687500
v -0.07812500 0.21875000 -0.05468746
v -0.07812500 0.20671119 0.01562500
v -0.07812500 0.21875000 0.02340347
v -0.07812500 0.22656487 -0.04687500
v -0.07812500 0.23437500 -0.03904112
v -0.07812500 0.22661795 0.01562500
v -0.07812500 0.23437500 0.00788472
v -0.07812500 0.24216368 -0.03125000
v -0.07812500 0.24218643 -0.01562500
v -0.07812500 0.24217024 0.00000000
v -0.06250000 -0.22656298 -0.01562500
v -0.06250000 -0.21875000 -0.02345272
v -0.06250000 -0.22668506 0.00000000
v -0.07031250 -0.21875000 0.01562500
v -0.06250000 -0.22656272 0.01562500
v -0.07031250 -0.21875000 0.03125000
v -0.06250000 -0.22656250 0.03125000
v -0.07031185 -0.21875000 0.04687500
v -0.06250000 -0.22656185 0.04687500
v -0.06250000 -0.21875000 0.05468686
v -0.06250000 -0.21057137 -0.01562500
v -0.07031245 -0.20312500 0.00000000
v -0.06250000 -0.20312500 -0.00817858
v -0.07031241 -0.20312500 0.01562500
v -0.07028945 -0.20312500 0.03125000
v -0.06250000 -0.21093815 0.04687500
v -0.06250000 -0.20312500 0.03903945
v -0.06250000 -0.19531255 0.00000000
v -0.06250000 -0.19531259 0.01562500
v -0.06250000 -0.19533555 0.03125000
v -0.07031250 -0.15625000 -0.03125000
v -0.06250000 -0.16406250 -0.03125000
v -0.06250000 -0.15625000 -0.03908640
v -0.06250000 -0.16406250 -0.01562500
v -0.06250000 -0.16406250 0.00000000
v -0.07025636 -0.15625000 0.01562500
v -0.06250000 -0.16400636 0.01562500
v -0.06250000 -0.15625000 0.02338136
v -0.07031043 -0.14062500 -0.10937500
v -0.06250000 -0.14843553 -0.09375000
v -0.06250000 -0.14062500 -0.10156266
v -0.06250000 -0.14843750 -0.07812500
v -0.06250000 -0.14843750 -0.06250000
v -0.06250000 -0.14846140 -0.04687500
v -0.06250000 -0.14843750 0.03125000
v -0.07031241 -0.14062500 0.04687500
v -0.06250000 -0.14843741 0.04687500
v -0.06250000 -0.14062500 0.05949829
v -0.06250000 -0.13279087 -0.12500000
v -0.06250000 -0.12500000 -0.13279088
v -0.06250000 -0.13281463 -0.10937500
v -0.06250000 -0.13762334 0.06250000
v -0.07031250 -0.12500000 0.07812500
v -0.06250000 -0.13281250 0.07812500
v -0.07031250 -0.12500000 0.09375000
v -0.06250000 -0.13281250 0.09375000
v -0.06250000 -0.12500000 0.10156250
v -0.07124547 -0.10937500 -0.14062500
v -0.06250000 -0.10937500 -0.13281432
v -0.07031250 -0.10937500 0.10937500
v -0.06250000 -0.11718750 0.10937500
v -0.07031194 -0.10937500 0.12500000
v -0.06250000 -0.11718694 0.12500000
v -0.06250000 -0.10937500 0.13281194
v -0.06250000 -0.10133167 -0.14062500
v -0.06250000 -0.09375000 -0.14820486
v -0.07031250 -0.09375000 0.12500000
v -0.06250000 -0.09375000 0.13281250
v -0.06250000 -0.07812500 -0.14843750
v -0.07031250 -0.07812500 0.12500000
v -0.06250000 -0.07812500 0.13281250
v -0.07052716 -0.06250000 -0.15625000
v -0.06250000 -0.06250000 -0.14843750
v -0.06250000 -0.06250000 0.13281250
v -0.06250000 -0.05464875 -0.21875000
v -0.06250000 -0.04687500 -0.22652375
v -0.06250000 -0.05467453 -0.20312500
v -0.06250000 -0.04687500 -0.19532606
v -0.07031249 -0.04687500 -0.15625000
v -0.06250000 -0.04687500 -0.14843751
v -0.06250000 -0.04687500 0.13281250
v -0.06250000 -0.03125000 -0.22656250
v -0.07045935 -0.03125000 -0.18750000
v -0.06250000 -0.03125000 -0.19531112
v -0.07031250 -0.03125000 -0.15625000
v -0.06250000 -0.03125000 -0.14843750
v -0.06250000 -0.03125000 0.13281250
v -0.06250000 -0.01562500 -0.22656253
v -0.06250000 -0.01619285 -0.18750000
v -0.06250000 -0.01562500 -0.18693234
v -0.07031250 -0.01562500 -0.15625000
v -0.06250000 -0.01562500 -0.14843750
v -0.06250000 -0.01562500 0.13281250
v -0.06250000 0.00000000 -0.22656250
v -0.07030676 0.00000000 -0.18750000
v -0.06250000 -0.01505537 -0.18750000
v -0.06250000 0.00000000 -0.19529845
v -0.07031250 0.00000000 -0.15625000
v -0.06250000 0.00000000 -0.14843750
v -0.06250000 0.00000000 0.13281250
v -0.06250000 0.00835682 -0.21875000
v -0.06786012 0.01562500 -0.20312500
v -0.06250000 0.01562500 -0.20898211
v -0.06250000 0.01562500 -0.19776933
v -0.07031274 0.01562500 -0.15625000
v -0.06250000 0.01562500 -0.14843750
v -0.06250000 0.01562500 0.13281250
v -0.06250000 0.02098063 -0.20312500
v -0.06250000 0.03125000 -0.14843693
v -0.06250000 0.03125000 0.13281250
v -0.06683905 0.04687500 -0.14062500
v -0.06250000 0.04253550 -0.14062500
v -0.06250000 0.04687500 -0.13628595
v -0.06250000 0.04687500 0.13281250
v -0.07027078 0.06250000 -0.14062500
v -0.06250000 0.06250000 -0.13285422
v -0.06250000 0.06250000 0.13281250
v -0.07030798 0.07812500 -0.14062500
v -0.06250000 0.07812500 -0.13281783
v -0.06250000 0.07812500 0.13281250
v -0.07054104 0.09375000 -0.14062500
v -0.06250000 0.09375000 -0.13292458
v -0.07031250 0.09375000 0.12500000
v -0.06250000 0.09375000 0.13281250
v -0.06250000 0.10145167 -0.14062500
v -0.06250000 0.10937500 -0.14844124
v -0.07031203 0.10937500 0.12500000
v -0.06250000 0.10937500 0.13281203
v -0.06250000 0.12500000 -0.15493588
v -0.07031250 0.12500000 0.10937500
v -0.06250000 0.11718703 0.12500000
v -0.06250000 0.12500000 0.11718750
v -0.06847379 0.14062500 -0.17187500
v -0.06250000 0.13465087 -0.17187500
v -0.06250000 0.14062500 -0.17784879
v -0.07030549 0.14062500 -0.15625000
v -0.06250000 0.12631628 -0.15625000
v -0.07031250 0.14062500 0.09375000
v -0.07031154 0.14062500 0.10937500
v -0.06250000 0.14062500 0.11718654
v -0.07030978 0.15625000 -0.17187500
v -0.06250000 0.15625000 -0.17968478
v -0.07032830 0.15625000 -0.15625000
v -0.07101254 0.15625000 -0.14062500
v -0.07460964 0.15625000 -0.09375000
v -0.06250000 0.14853402 -0.09375000
v -0.06250000 0.15625000 -0.10148446
v -0.07040672 0.15625000 -0.07812500
v -0.06250000 0.14843784 -0.07812500
v -0.06250000 0.15625000 -0.06391688
v -0.07031235 0.15625000 0.09375000
v -0.06250000 0.14843654 0.10937500
v -0.06250000 0.15625000 0.10156235
v -0.06250000 0.16405978 -0.17187500
v -0.07031282 0.17187500 -0.15625000
v -0.06250000 0.17187500 -0.16405868
v -0.06935660 0.17187500 -0.14062500
v -0.06250000 0.16405453 -0.12500000
v -0.06250000 0.17187500 -0.13375810
v -0.06250000 0.16404403 -0.10937500
v -0.06250000 0.15766676 -0.06250000
v -0.07056388 0.17187500 -0.04687500
v -0.06250000 0.16406225 -0.04687500
v -0.07031197 0.17187500 -0.03125000
v -0.06250000 0.16406309 -0.03125000
v -0.07030113 0.17187500 -0.01562500
v -0.06250000 0.16407386 -0.01562500
v -0.06564479 0.17187500 0.00000000
v -0.06250000 0.16873021 0.00000000
v -0.06250000 0.17187500 0.00321540
v -0.07230065 0.17187500 0.04687500
v -0.07029610 0.17187500 0.06250000
v -0.06250000 0.16476190 0.07812500
v -0.06250000 0.17187500 0.07099563
v -0.06250000 0.16406237 0.09375000
v -0.06250000 0.17968368 -0.15625000
v -0.06250000 0.17873157 -0.14062500
v -0.06250000 0.17957860 0.01562500
v -0.06250000 0.17967595 0.03125000
v -0.06250000 0.17968401 0.04687500
v -0.06250000 0.17967110 0.06250000
v -0.06250000 0.19531273 -0.03125000
v -0.06250000 0.20312500 -0.04477255
v -0.06250000 0.19531908 -0.01562500
v -0.06250000 0.19566145 0.00000000
v -0.06250000 0.20312500 0.00763209
v -0.06250000 0.20523980 -0.04687500
v -0.06250000 0.21875000 -0.05466081
v -0.06250000 0.21120906 0.01562500
v -0.06250000 0.21875000 0.02299755
v -0.06250000 0.22653942 -0.04687500
v -0.06452151 0.23437500 -0.03125000
v -0.06250000 0.23236420 -0.03125000
v -0.06250000 0.23437500 -0.02923610
v -0.06250000 0.22612444 0.01562500
v -0.06250000 0.23437500 0.00708353
v -0.06250000 0.24218060 -0.01562500
v -0.06250000 0.24145665 0.00000000
v -0.05439041 -0.23437500 -0.01562500
v -0.04687500 -0.24188993 -0.01562500
v -0.04687500 -0.23437500 -0.02313993
v -0.05476230 -0.23437500 0.00000000
v -0.04687500 -0.24213974 0.00000000
v -0.04687500 -0.23437500 0.00831829
v -0.05469546 -0.21875000 -0.03125000
v -0.04687500 -0.22655524 -0.03125000
v -0.04687500 -0.21875000 -0.03905523
v -0.04687500 -0.22711583 0.01562500
v -0.04687500 -0.22657139 0.03125000
v -0.04687500 -0.22656250 0.04687500
v -0.04687500 -0.21875000 0.05470154
v -0.04687500 -0.21094446 -0.03125000
v -0.05505315 -0.20312500 -0.01562500
v -0.04687500 -0.20312500 -0.02343733
v -0.04687500 -0.20863093 0.04687500
v -0.04687500 -0.20312500 0.04136907
v -0.05100061 -0.20312500 0.06250000
v -0.04687500 -0.20726153 0.06250000
v -0.04687500 -0.20312500 0.05629127
v -0.04687500 -0.20312500 0.06662563
v -0.04687500 -0.19531297 -0.01562500
v -0.04687500 -0.19530115 0.00000000
v -0.04687500 -0.19514914 0.01562500
v -0.04687500 -0.19531250 0.03125000
v -0.04687500 -0.19899939 0.06250000
v -0.05468675 -0.15625000 -0.03125000
v -0.04687500 -0.16406109 -0.01562500
v -0.04687500 -0.15625000 -0.02343685
v -0.04687500 -0.16398208 0.00000000
v -0.05466290 -0.15625000 0.01562500
v -0.04687500 -0.15625000 0.00781282
v -0.05458688 -0.14062500 -0.09375000
v -0.04687500 -0.14842037 -0.07812500
v -0.04687500 -0.14062500 -0.08602297
v -0.04687500 -0.14843743 -0.06250000
v -0.04687500 -0.14843750 -0.04687500
v -0.04687500 -0.14843826 -0.03125000
v -0.04687500 -0.14851824 0.01562500
v -0.04687500 -0.14844821 0.03125000
v -0.04687500 -0.14843933 0.04687500
v -0.05949834 -0.14062500 0.06250000
v -0.04687500 -0.14843750 0.06250000
v -0.05468750 -0.14062500 0.07812500
v -0.04687500 -0.14843750 0.07812500
v -0.05468746 -0.14062500 0.09375000
v -0.04687500 -0.14843746 0.09375000
v -0.04687500 -0.14062500 0.10201847
v -0.05465344 -0.14062500 0.12500000
v -0.04687500 -0.14876238 0.12500000
v -0.04687500 -0.14062500 0.11676545
v -0.05465622 -0.14062500 0.14062500
v -0.04687500 -0.14840785 0.14062500
v -0.05047294 -0.14062500 0.15625000
v -0.04687500 -0.14422294 0.15625000
v -0.04687500 -0.14062500 0.15984794
v -0.04687500 -0.13282026 -0.12500000
v -0.04687500 -0.12500000 -0.13286474
v -0.04687500 -0.13281275 -0.10937500
v -0.04687500 -0.13291509 -0.09375000
v -0.05468750 -0.12500000 0.10937500
v -0.04687500 -0.13326851 0.10937500
v -0.05468750 -0.12500000 0.12500000
v -0.05468746 -0.12500000 0.14062500
v -0.04849617 -0.12500000 0.15625000
v -0.04687500 -0.12500000 0.15787117
v -0.04687500 -0.10937500 -0.13714677
v -0.05468750 -0.10937500 0.14062500
v -0.04687500 -0.12337883 0.15625000
v -0.04687500 -0.10937500 0.14843750
v -0.04687500 -0.10570410 -0.14062500
v -0.04687500 -0.09375000 -0.14816455
v -0.05468750 -0.09375000 0.14062500
v -0.04687500 -0.09375000 0.14843750
v -0.04687500 -0.07812500 -0.14836161
v -0.05468750 -0.07812500 0.14062500
v -0.05416690 -0.07812500 0.15625000
v -0.04687500 -0.08541690 0.15625000
v -0.04687500 -0.07812500 0.16354190
v -0.04687500 -0.06250000 -0.14838821
v -0.05468750 -0.06250000 0.14062500
v -0.05414513 -0.06250000 0.15625000
v -0.04687500 -0.06250000 0.16352013
v -0.04687500 -0.05451918 -0.21875000
v -0.04687500 -0.04687500 -0.22639483
v -0.05115855 -0.04687500 -0.20312500
v -0.04687500 -0.04687500 -0.20753284
v -0.05463695 -0.04687500 -0.14062500
v -0.04687500 -0.05468624 -0.14062500
v -0.04687500 -0.04687500 -0.13286305
v -0.05468748 -0.04687500 0.14062500
v -0.04687500 -0.05522987 0.15625000
v -0.04687500 -0.04687500 0.14843748
v -0.04687500 -0.03125000 -0.22666314
v -0.04687500 -0.04259879 -0.20312500
v -0.04687500 -0.03125000 -0.19531685
v -0.05468746 -0.03125000 -0.14062500
v -0.04687500 -0.03125000 -0.13281254
v -0.05468123 -0.03125000 0.14062500
v -0.04687500 -0.03125000 0.14843123
v -0.04687500 -0.01562500 -0.22783727
v -0.06193234 -0.01562500 -0.18750000
v -0.04687500 -0.01562500 -0.19531250
v -0.05468749 -0.01562500 -0.14062500
v -0.04687500 -0.01562500 -0.13281251
v -0.05468544 -0.01562500 0.14062500
v -0.04687500 -0.01562500 0.14843544
v -0.04687500 0.00000000 -0.22781901
v -0.04687500 0.00000000 -0.19531250
v -0.05468750 0.00000000 -0.14062500
v -0.04687500 0.00000000 -0.13281250
v -0.05468749 0.00000000 0.14062500
v -0.04687500 0.00000000 0.14843749
v -0.05099500 0.01562500 -0.21875000
v -0.04687500 0.01562500 -0.22246074
v -0.04687500 0.01562500 -0.19963368
v -0.05468750 0.01562500 -0.14062500
v -0.04687500 0.01562500 -0.13281250
v -0.05468750 0.01562500 0.14062500
v -0.04687500 0.01562500 0.14843750
v -0.05186158 0.01562500 0.21875000
v -0.04687500 0.01062771 0.21875000
v -0.04687500 0.01562500 0.21376342
v -0.05468750 0.01562500 0.23437500
v -0.04687500 0.00542972 0.23437500
v -0.04687500 0.01562500 0.24228559
v -0.04687500 0.01933574 -0.21875000
v -0.04687500 0.01911632 -0.20312500
v -0.05468807 0.03125000 -0.14062500
v -0.04687500 0.03125000 -0.13281250
v -0.05468743 0.03125000 0.14062500
v -0.04687500 0.03125000 0.14843743
v -0.05468464 0.03125000 0.21875000
v -0.04687500 0.03125000 0.21094036
v -0.05468750 0.03125000 0.23437500
v -0.05597062 0.03125000 0.25000000
v -0.04687500 0.02377047 0.25000000
v -0.04687500 0.03125000 0.25738167
v -0.04687500 0.04687500 -0.13281250
v -0.05454913 0.04687500 0.14062500
v -0.04687500 0.04687500 0.14829913
v -0.05468747 0.04687500 0.21875000
v -0.04687500 0.04687500 0.21093753
v -0.05468670 0.04687500 0.23437500
v -0.04687500 0.03863178 0.25000000
v -0.04687500 0.04687500 0.24218681
v -0.04687500 0.06250000 -0.13281233
v -0.05443259 0.06250000 0.14062500
v -0.04687500 0.06250000 0.14818259
v -0.05468750 0.06250000 0.21875000
v -0.04687500 0.06250000 0.21093750
v -0.04687500 0.05482725 0.23437500
v -0.04687500 0.06250000 0.22670305
v -0.04687500 0.07812500 -0.13274729
v -0.05455005 0.07812500 0.14062500
v -0.04687500 0.07812500 0.14830005
v -0.05468749 0.07812500 0.21875000
v -0.04687500 0.07812500 0.20919995
v -0.04687500 0.07812500 0.22656255
v -0.04687500 0.09375000 -0.13281208
v -0.05101940 0.09375000 0.14062500
v -0.04687500 0.09375000 0.14476940
v -0.05162466 0.09375000 0.21875000
v -0.04687500 0.09375000 0.21425457
v -0.04687500 0.09375000 0.22313606
v -0.05177986 0.10937500 -0.14062500
v -0.04687500 0.10937500 -0.13572122
v -0.05406924 0.10937500 0.14062500
v -0.04687500 0.10937500 0.14781924
v -0.04687500 0.09813606 0.21875000
v -0.05294665 0.12500000 -0.17187500
v -0.04687500 0.11892868 -0.17187500
v -0.04687500 0.12500000 -0.17794638
v -0.06118554 0.12500000 -0.15625000
v -0.04687500 0.11718254 -0.15625000
v -0.04687500 0.11427878 -0.14062500
v -0.05468750 0.12500000 0.12500000
v -0.05231290 0.12500000 0.14062500
v -0.04687500 0.12500000 0.14606290
v -0.04687500 0.14062500 -0.17969147
v -0.05467883 0.14062500 0.12500000
v -0.04687500 0.13050425 0.14062500
v -0.04687500 0.14062500 0.13287673
v -0.04687500 0.15625000 -0.17968750
v -0.05405594 0.15625000 -0.10937500
v -0.04687500 0.14908586 -0.10937500
v -0.04687500 0.15625000 -0.11654060
v -0.04687500 0.14828690 -0.09375000
v -0.04687500 0.14829217 -0.07812500
v -0.06108324 0.15625000 -0.06250000
v -0.04687500 0.14843728 -0.06250000
v -0.05468775 0.15625000 -0.04687500
v -0.04687500 0.14843750 -0.04687500
v -0.05468751 0.15625000 -0.03125000
v -0.04687500 0.14843750 -0.03125000
v -0.05468752 0.15625000 -0.01562500
v -0.04687500 0.14843750 -0.01562500
v -0.05468628 0.15625000 0.00000000
v -0.04687500 0.14843872 0.00000000
v -0.04687500 0.15625000 0.01341385
v -0.05414103 0.15625000 0.10937500
v -0.04687500 0.14847395 0.12500000
v -0.04687500 0.15625000 0.11668596
v -0.04687500 0.16406408 -0.17187500
v -0.04687500 0.17187500 -0.16406390
v -0.05359682 0.17187500 -0.14062500
v -0.04687500 0.16607473 -0.14062500
v -0.04687500 0.17187500 -0.14642543
v -0.04687500 0.16406516 -0.12500000
v -0.05479640 0.17187500 0.01562500
v -0.04687500 0.15846056 0.01562500
v -0.05469904 0.17187500 0.03125000
v -0.04687500 0.16406210 0.03125000
v -0.05468121 0.17187500 0.04687500
v -0.04687500 0.16407228 0.04687500
v -0.04687500 0.17187500 0.05858342
v -0.04687500 0.16420435 0.07812500
v -0.04687500 0.17187500 0.06651665
v -0.04687500 0.16406253 0.09375000
v -0.04687500 0.16351646 0.10937500
v -0.04687500 0.17968733 -0.15625000
v -0.04687500 0.17578423 0.06250000
v -0.04687500 0.19564187 -0.03125000
v -0.04687500 0.20312500 -0.03887523
v -0.04687500 0.19874053 -0.01562500
v -0.05490670 0.20312500 0.00000000
v -0.04687500 0.20312500 -0.01113486
v -0.04687500 0.21153314 -0.04687500
v -0.04687500 0.21875000 -0.05395065
v -0.04687500 0.21080780 0.00000000
v -0.05497964 0.21875000 0.01562500
v -0.04687500 0.21875000 0.00796041
v -0.04687500 0.22960076 -0.04687500
v -0.04687500 0.22976970 -0.03125000
v -0.04687500 0.23437500 -0.02662738
v -0.05510025 0.23437500 0.00000000
v -0.04687500 0.22688196 0.00000000
v -0.04687500 0.23437500 -0.00751360
v -0.04687500 0.24216669 -0.01562500
v -0.03125000 -0.24218625 -0.01562500
v -0.03125000 -0.23437500 -0.02386951
v -0.03125000 -0.24218479 0.00000000
v -0.03960648 -0.23437500 0.01562500
v -0.03125000 -0.24217810 0.01562500
v -0.03878800 -0.23437500 0.03125000
v -0.03125000 -0.24190412 0.03125000
v -0.03125000 -0.23437500 0.03877912
v -0.03125000 -0.22699575 -0.03125000
v -0.03125000 -0.21875000 -0.03906250
v -0.03125000 -0.22656249 0.04687500
v -0.03125000 -0.21875000 0.05468756
v -0.03125000 -0.21046569 -0.03125000
v -0.03125000 -0.20312500 -0.02390931
v -0.03125000 -0.21093329 0.04687500
v -0.03125000 -0.20312500 0.03906671
v -0.04273169 -0.20312500 0.06250000
v -0.03125000 -0.19528986 -0.01562500
v -0.03799290 -0.18750000 0.00000000
v -0.03125000 -0.18750000 -0.00675398
v -0.03600211 -0.18750000 0.01562500
v -0.03125000 -0.19531250 0.03125000
v -0.03125000 -0.18750000 0.02023994
v -0.03125000 -0.18076824 0.00000000
v -0.03125000 -0.18288506 0.01562500
v -0.03904120 -0.15625000 -0.14062500
v -0.03125000 -0.16404072 -0.14062500
v -0.03125000 -0.15625000 -0.14843327
v -0.03130178 -0.15625000 -0.12500000
v -0.03125000 -0.15630178 -0.12500000
v -0.03125000 -0.15625000 -0.12494822
v -0.03906391 -0.15625000 -0.01562500
v -0.03914292 -0.15625000 0.00000000
v -0.03908998 -0.14062500 -0.15625000
v -0.03125000 -0.14845504 -0.15625000
v -0.03125000 -0.14062500 -0.16409733
v -0.04106111 -0.14062500 -0.14062500
v -0.03906165 -0.14062500 -0.12500000
v -0.03887559 -0.14062500 -0.10937500
v -0.03125000 -0.14825033 -0.10937500
v -0.03783369 -0.14062500 -0.09375000
v -0.03125000 -0.14710884 -0.09375000
v -0.03907346 -0.14062500 -0.07812500
v -0.03125000 -0.14062500 -0.08726017
v -0.03906257 -0.14062500 -0.06250000
v -0.03906240 -0.14062500 -0.04687500
v -0.03125000 -0.14842396 -0.03125000
v -0.03125000 -0.14062500 -0.03904906
v -0.03125000 -0.14843750 -0.01562500
v -0.03125000 -0.14843750 0.00000000
v -0.03125000 -0.14843750 0.01562500
v -0.03125000 -0.14842664 0.03125000
v -0.03125000 -0.14843623 0.04687500
v -0.03125000 -0.14843747 0.06250000
v -0.03125000 -0.14843744 0.07812500
v -0.03125000 -0.14836105 0.09375000
v -0.03867970 -0.14062500 0.10937500
v -0.03125000 -0.14760153 0.10937500
v -0.03125000 -0.15290078 0.12500000
v -0.03125000 -0.14847050 0.14062500
v -0.03125000 -0.14792548 0.15625000
v -0.03125000 -0.14062500 0.16355048
v -0.03905598 -0.12500000 -0.17187500
v -0.03125000 -0.13283524 -0.17187500
v -0.03125000 -0.12500000 -0.17967539
v -0.03970734 -0.12500000 -0.15625000
v -0.03908181 -0.12500000 -0.14062500
v -0.03125000 -0.13281867 -0.07812500
v -0.03125000 -0.13281250 -0.06250000
v -0.03125000 -0.13281260 -0.04687500
v -0.03125000 -0.12500000 0.16402251
v -0.03125000 -0.11691573 -0.17187500
v -0.03125000 -0.11718942 -0.15625000
v -0.04336914 -0.10937500 -0.14062500
v -0.03125000 -0.10937500 -0.14840735
v -0.03902269 -0.10937500 0.15625000
v -0.03125000 -0.10937500 0.16402282
v -0.03125000 -0.09375000 -0.14289404
v -0.03906247 -0.09375000 0.15625000
v -0.03125000 -0.09375000 0.16407003
v -0.03910339 -0.07812500 -0.14062500
v -0.03125000 -0.09146353 -0.14062500
v -0.03125000 -0.07812500 -0.13284750
v -0.03125000 -0.07812500 0.16408861
v -0.03911179 -0.06250000 -0.14062500
v -0.03125000 -0.06250000 -0.13281250
v -0.03894257 -0.06250000 0.17187500
v -0.03125000 -0.07021867 0.17187500
v -0.03125000 -0.06250000 0.17956757
v -0.03125000 -0.05413120 -0.21875000
v -0.03125000 -0.04687500 -0.22629433
v -0.03125000 -0.04687500 -0.21147195
v -0.03125000 -0.04687500 -0.13281250
v -0.03906250 -0.04687500 0.15625000
v -0.03687121 -0.04687500 0.17187500
v -0.03125000 -0.04687500 0.17749621
v -0.03916160 -0.03125000 -0.23437500
v -0.03125000 -0.03934980 -0.23437500
v -0.03125000 -0.03125000 -0.24218596
v -0.03888347 -0.03125000 -0.20312500
v -0.03125000 -0.03125000 -0.21075412
v -0.03125000 -0.03125000 -0.13280702
v -0.03906158 -0.03125000 0.15625000
v -0.03125000 -0.04125379 0.17187500
v -0.03125000 -0.03125000 0.16406158
v -0.04031968 -0.01562500 -0.23437500
v -0.03125000 -0.01562500 -0.24216944
v -0.03703171 -0.01562500 -0.20312500
v -0.03125000 -0.01562500 -0.20890671
v -0.03335507 -0.01562500 -0.12500000
v -0.03125000 -0.01773262 -0.12500000
v -0.03125000 -0.01562500 -0.12289493
v -0.03125000 -0.02343842 0.15625000
v -0.03125000 -0.01562500 0.14843750
v -0.04031686 0.00000000 -0.23437500
v -0.03125000 0.00000000 -0.24218529
v -0.03125000 -0.00983943 -0.20312500
v -0.03125000 0.00000000 -0.19531664
v -0.03836227 0.00000000 -0.12500000
v -0.03125000 0.00000000 -0.11788773
v -0.03125000 0.00000000 0.14843750
v -0.03125000 0.00781029 -0.23437500
v -0.03125000 0.01562500 -0.22600012
v -0.04233541 0.01562500 -0.20312500
v -0.03125000 0.00917291 -0.20312500
v -0.03125000 0.01562500 -0.21012525
v -0.03841277 0.01562500 -0.12500000
v -0.03125000 0.01562500 -0.11783723
v -0.03125000 0.01562500 0.14843750
v -0.03776895 0.01562500 0.18750000
v -0.03125000 0.00899705 0.18750000
v -0.03125000 0.01562500 0.18098105
v -0.03125000 0.01562500 0.19403333
v -0.03125000 0.00787514 0.21875000
v -0.03125000 0.01562500 0.21098544
v -0.03125000 0.00780195 0.23437500
v -0.03125000 0.01562500 0.24218708
v -0.03125000 0.02287512 -0.21875000
v -0.03906245 0.03125000 -0.12500000
v -0.03125000 0.03125000 -0.11718755
v -0.03125000 0.03125000 0.14843750
v -0.03234525 0.03125000 0.18750000
v -0.03125000 0.03125000 0.18640475
v -0.03860482 0.03125000 0.20312500
v -0.03125000 0.02388044 0.20312500
v -0.03949134 0.03125000 0.25000000
v -0.03125000 0.03125000 0.24218946
v -0.03906250 0.04687500 -0.12500000
v -0.03125000 0.04687500 -0.11718750
v -0.03125000 0.04687500 0.14843750
v -0.03125000 0.03234525 0.18750000
v -0.03891581 0.04687500 0.20312500
v -0.03125000 0.04687500 0.19545919
v -0.03125000 0.04687500 0.24216832
v -0.03906267 0.06250000 -0.12500000
v -0.03125000 0.06250000 -0.11718750
v -0.03125000 0.06250000 0.14843750
v -0.03853599 0.06250000 0.20312500
v -0.03125000 0.06250000 0.19583901
v -0.03125000 0.05477342 0.23437500
v -0.03125000 0.06250000 0.22666760
v -0.03912771 0.07812500 -0.12500000
v -0.03125000 0.07812500 -0.11718749
v -0.03125000 0.07812500 0.14843750
v -0.03916108 0.07812500 0.20312500
v -0.03125000 0.07812500 0.19695609
v -0.03125000 0.07812500 0.22656268
v -0.03906293 0.09375000 -0.12500000
v -0.03125000 0.09375000 -0.11686656
v -0.03125000 0.09375000 0.14843742
v -0.03125000 0.08443539 0.20312500
v -0.03125000 0.09375000 0.21401073
v -0.03125000 0.09375000 0.22336556
v -0.03906009 0.10937500 -0.12500000
v -0.03905232 0.10937500 -0.10937500
v -0.03125000 0.10125172 -0.10937500
v -0.03125000 0.10937500 -0.10157157
v -0.03125000 0.10937500 0.14814233
v -0.03125000 0.09836556 0.21875000
v -0.03125000 0.11844976 -0.17187500
v -0.03125000 0.12500000 -0.17844909
v -0.03125000 0.11720247 -0.15625000
v -0.03125000 0.11718587 -0.14062500
v -0.03838520 0.12500000 -0.12500000
v -0.03125000 0.12500000 -0.13213621
v -0.03906194 0.12500000 -0.10937500
v -0.03906238 0.12500000 -0.09375000
v -0.03125000 0.11718651 -0.09375000
v -0.03906209 0.12500000 -0.07812500
v -0.03125000 0.11718790 -0.07812500
v -0.03125000 0.12500000 -0.06792496
v -0.04143690 0.12500000 0.14062500
v -0.03125000 0.11689255 0.14062500
v -0.03125000 0.12500000 0.13281272
v -0.03125000 0.14062500 -0.17968734
v -0.03125000 0.13213538 -0.12500000
v -0.03906405 0.14062500 -0.10937500
v -0.03125000 0.14062500 -0.11718767
v -0.03921311 0.14062500 -0.09375000
v -0.03920783 0.14062500 -0.07812500
v -0.03906272 0.14062500 -0.06250000
v -0.03125000 0.13042459 -0.06250000
v -0.03906250 0.14062500 -0.04687500
v -0.03125000 0.13281225 -0.04687500
v -0.03906250 0.14062500 -0.03125000
v -0.03125000 0.13281250 -0.03125000
v -0.03906249 0.14062500 -0.01562500
v -0.03125000 0.13281251 -0.01562500
v -0.03877735 0.14062500 0.00000000
v -0.03125000 0.13309765 0.00000000
v -0.03125000 0.14062500 0.00755400
v -0.03457891 0.14062500 0.12500000
v -0.03125000 0.13730190 0.12500000
v -0.03125000 0.14062500 0.12167690
v -0.03125000 0.15625000 -0.17968742
v -0.03860442 0.15625000 -0.12500000
v -0.03125000 0.14889843 -0.12500000
v -0.03125000 0.15625000 -0.13235547
v -0.04466444 0.15625000 0.01562500
v -0.03125000 0.14841083 0.01562500
v -0.03906290 0.15625000 0.03125000
v -0.03125000 0.14843747 0.03125000
v -0.03905792 0.15625000 0.04687500
v -0.03125000 0.14844208 0.04687500
v -0.03125000 0.15625000 0.05468443
v -0.03125000 0.15625000 0.11598215
v -0.03125000 0.16406243 -0.17187500
v -0.03125000 0.17187500 -0.16405639
v -0.03125000 0.16512182 -0.14062500
v -0.03125000 0.17187500 -0.14738017
v -0.04296577 0.17187500 0.06250000
v -0.03125000 0.16406099 0.06250000
v -0.03125000 0.16406242 0.07812500
v -0.03125000 0.16406173 0.09375000
v -0.03125000 0.16280276 0.10937500
v -0.03125000 0.17968138 -0.15625000
v -0.03876333 0.20312500 -0.03125000
v -0.04246769 0.20312500 -0.01562500
v -0.03125000 0.21094462 -0.04687500
v -0.03125000 0.21875000 -0.05468857
v -0.03125000 0.21031004 -0.03125000
v -0.03125000 0.21090951 -0.01562500
v -0.03125000 0.21148166 0.00000000
v -0.03125000 0.21875000 0.00726835
v -0.04270253 0.23437500 -0.04687500
v -0.03125000 0.23437500 -0.05468564
v -0.04226960 0.23437500 -0.03125000
v -0.03125000 0.22603960 0.00000000
v -0.03125000 0.23437500 -0.00780131
v -0.03125000 0.24218556 -0.04687500
v -0.03125000 0.24218738 -0.03125000
v -0.03125000 0.24217731 -0.01562500
v -0.01562500 -0.24208567 -0.01562500
v -0.01562500 -0.23437500 -0.02333711
v -0.01562500 -0.24218636 0.00000000
v -0.01562500 -0.24218744 0.01562500
v -0.01562500 -0.24218222 0.03125000
v -0.01562500 -0.23437500 0.03905722
v -0.01562500 -0.22656367 -0.03125000
v -0.01562500 -0.21875000 -0.03906223
v -0.01562500 -0.22656169 0.04687500
v -0.01562500 -0.21875000 0.05468669
v -0.01562500 -0.21092494 -0.03125000
v -0.01562500 -0.20312500 -0.02345033
v -0.01562500 -0.21093760 0.04687500
v -0.01562500 -0.20312500 0.03906320
v -0.01562500 -0.19471941 -0.01562500
v -0.01562500 -0.18750000 -0.00836797
v -0.01562500 -0.19531250 0.03125000
v -0.01562500 -0.18750000 0.01701257
v -0.02022021 -0.17187500 -0.12500000
v -0.01562500 -0.17647016 -0.12500000
v -0.01562500 -0.17187500 -0.12961033
v -0.01562500 -0.17187500 -0.12040482
v -0.01562500 -0.17972532 0.00000000
v -0.01562500 -0.18611243 0.01562500
v -0.02345505 -0.15625000 -0.15625000
v -0.01562500 -0.16406250 -0.15625000
v -0.01562500 -0.15625000 -0.16406255
v -0.01562500 -0.16408075 -0.14062500
v -0.01562500 -0.15625000 -0.11718768
v -0.01562500 -0.14062500 -0.16897171
v -0.01562500 -0.14835050 -0.10937500
v -0.02467170 -0.14062500 -0.09375000
v -0.01562500 -0.14062500 -0.10155244
v -0.02345104 -0.14062500 -0.03125000
v -0.02343750 -0.14062500 -0.01562500
v -0.02343750 -0.14062500 0.00000000
v -0.02343750 -0.14062500 0.01562500
v -0.02344836 -0.14062500 0.03125000
v -0.02343877 -0.14062500 0.04687500
v -0.02343748 -0.14062500 0.06250000
v -0.02343643 -0.14062500 0.07812500
v -0.01740447 -0.14062500 0.09375000
v -0.01562500 -0.14764678 0.10937500
v -0.01562500 -0.14062500 0.09584003
v -0.01562500 -0.14964781 0.12500000
v -0.01562500 -0.14866075 0.14062500
v -0.01562500 -0.14839538 0.15625000
v -0.01562500 -0.14062500 0.16402038
v -0.01562500 -0.13695639 -0.17187500
v -0.01562500 -0.12500000 -0.17853958
v -0.01562500 -0.13290956 -0.09375000
v -0.01993844 -0.12500000 -0.07812500
v -0.01562500 -0.12500000 -0.08243845
v -0.02343750 -0.12500000 -0.06250000
v -0.02343750 -0.12500000 -0.04687500
v -0.01562500 -0.13270956 -0.03125000
v -0.01562500 -0.12500000 -0.03895956
v -0.01562500 -0.13281250 -0.01562500
v -0.01562500 -0.13281250 0.00000000
v -0.01562500 -0.13281250 0.01562500
v -0.01562500 -0.13281250 0.03125000
v -0.01562500 -0.13281250 0.04687500
v -0.01562500 -0.13281256 0.06250000
v -0.01562500 -0.13281362 0.07812500
v -0.01562500 -0.13887616 0.09375000
v -0.01562500 -0.12500000 0.16405836
v -0.02148142 -0.10937500 -0.17187500
v -0.01562500 -0.10937500 -0.17746775
v -0.01851729 -0.10937500 -0.15625000
v -0.01616518 -0.10937500 -0.14062500
v -0.01562500 -0.10990989 -0.14062500
v -0.01562500 -0.10937500 -0.14273860
v -0.01562500 -0.10937500 -0.14009011
v -0.01562500 -0.12068656 -0.07812500
v -0.01562500 -0.11718740 -0.06250000
v -0.01562500 -0.11718750 -0.04687500
v -0.01562500 -0.10937500 0.16406226
v -0.01562500 -0.10378225 -0.17187500
v -0.01562500 -0.10648853 -0.15625000
v -0.02897955 -0.09375000 -0.14062500
v -0.01562500 -0.09375000 -0.13281436
v -0.01562500 -0.09375000 0.16578008
v -0.01562500 -0.07812500 -0.13227487
v -0.01562500 -0.07812500 0.16417716
v -0.02342877 -0.06250000 -0.12500000
v -0.01562500 -0.07084144 -0.12500000
v -0.01562500 -0.06250000 -0.11719623
v -0.02355743 -0.06250000 0.17187500
v -0.01562500 -0.06250000 0.16406250
v -0.01562500 -0.05338103 -0.21875000
v -0.01562500 -0.04687500 -0.22736419
v -0.01562500 -0.04687500 -0.21224382
v -0.02343740 -0.04687500 -0.12500000
v -0.01562500 -0.04687500 -0.11718760
v -0.02562879 -0.04687500 0.17187500
v -0.01562500 -0.04687500 0.16406249
v -0.01562500 -0.04113510 -0.23437500
v -0.01562500 -0.03125000 -0.24218750
v -0.01562500 -0.03125000 -0.21093170
v -0.02344298 -0.03125000 -0.12500000
v -0.01562500 -0.03125000 -0.11718750
v -0.01562500 -0.03125000 0.16387436
v -0.01562500 -0.01562500 -0.24218750
v -0.01562500 -0.01562500 -0.21087363
v -0.01562500 -0.01562500 -0.11718750
v -0.01562500 -0.02362461 0.15625000
v -0.01562500 -0.01562500 0.14842080
v -0.01562500 0.00000000 -0.24218750
v -0.02217516 0.00000000 -0.20312500
v -0.01562500 0.00000000 -0.20967113
v -0.01562500 0.00000000 -0.11718750
v -0.01562500 0.00000000 0.14843668
v -0.01562500 0.00781290 -0.23437500
v -0.01562500 0.01562500 -0.22656027
v -0.01562500 0.01562500 -0.21090300
v -0.01562500 0.01562500 -0.11718750
v -0.01562500 0.01562500 0.14843749
v -0.02473105 0.01562500 0.18750000
v -0.01562500 0.00783990 0.21875000
v -0.01562500 0.01562500 0.21094545
v -0.01562500 0.00972223 0.23437500
v -0.01562500 0.01562500 0.24027777
v -0.01562500 0.02343487 -0.21875000
v -0.01562500 0.03125000 -0.11718602
v -0.01562500 0.03125000 0.14843750
v -0.03015472 0.03125000 0.18750000
v -0.01562500 0.02342083 0.20312500
v -0.01562500 0.03125000 0.19531518
v -0.01562500 0.03125000 0.24218112
v -0.02343633 0.04687500 -0.10937500
v -0.01562500 0.03906219 -0.10937500
v -0.01562500 0.04687500 -0.10156367
v -0.01562500 0.04687500 0.14843263
v -0.01562500 0.04687500 0.19531246
v -0.01562500 0.04687500 0.24202977
v -0.02343750 0.06250000 -0.10937500
v -0.01562500 0.06250000 -0.10156250
v -0.01562500 0.06250000 0.14781862
v -0.01562500 0.06250000 0.19531305
v -0.01562500 0.05701146 0.23437500
v -0.01562500 0.06250000 0.22902937
v -0.02343751 0.07812500 -0.10937500
v -0.01562500 0.07812500 -0.10156014
v -0.01973800 0.07812500 0.14062500
v -0.01562500 0.07351318 0.14062500
v -0.01562500 0.07812500 0.13651200
v -0.01562500 0.07812500 0.19537461
v -0.01562500 0.07812500 0.22666999
v -0.02375844 0.09375000 -0.10937500
v -0.02343750 0.09375000 -0.09375000
v -0.01562500 0.08593514 -0.09375000
v -0.01562500 0.09375000 -0.08471072
v -0.02343586 0.09375000 0.14062500
v -0.01562500 0.09375000 0.13281423
v -0.01562500 0.08780826 0.20312500
v -0.01562500 0.09375000 0.20992718
v -0.01562500 0.09375000 0.22561331
v -0.02343861 0.10937500 -0.09375000
v -0.02343750 0.10937500 -0.07812500
v -0.01562500 0.10033572 -0.07812500
v -0.02341968 0.10937500 -0.06250000
v -0.01562500 0.10158032 -0.06250000
v -0.01562500 0.10937500 -0.05470529
v -0.02373267 0.10937500 0.14062500
v -0.01562500 0.10937500 0.13281250
v -0.01562500 0.10061331 0.21875000
v -0.02469971 0.12500000 -0.17187500
v -0.02345064 0.12500000 -0.15625000
v -0.02342548 0.12500000 -0.14062500
v -0.02582541 0.12500000 -0.06250000
v -0.02343776 0.12500000 -0.04687500
v -0.01562500 0.11718747 -0.04687500
v -0.02343736 0.12500000 -0.03125000
v -0.01562500 0.11718764 -0.03125000
v -0.01562500 0.12500000 -0.01884216
v -0.01562500 0.12500000 0.13261414
v -0.02343763 0.14062500 -0.17187500
v -0.01976904 0.14062500 -0.15625000
v -0.01562500 0.13734516 -0.14062500
v -0.01562500 0.14062500 -0.14723697
v -0.02343632 0.14062500 -0.12500000
v -0.01562500 0.14062500 -0.13735290
v -0.01562500 0.12821707 -0.01562500
v -0.01562500 0.13281222 0.00000000
v -0.02346417 0.14062500 0.01562500
v -0.01562500 0.13281250 0.01562500
v -0.02343753 0.14062500 0.03125000
v -0.01562500 0.13281250 0.03125000
v -0.02343749 0.14062500 0.04687500
v -0.01562500 0.13281251 0.04687500
v -0.01562500 0.14062500 0.05524110
v -0.01562500 0.13325631 0.12500000
v -0.01562500 0.14062500 0.11782871
v -0.02343533 0.15625000 -0.17187500
v -0.01562500 0.14703669 -0.15625000
v -0.01562500 0.15625000 -0.16158840
v -0.01562500 0.15625000 -0.13899757
v -0.02343901 0.15625000 0.06250000
v -0.01562500 0.14788389 0.06250000
v -0.02323550 0.15625000 0.07812500
v -0.01562500 0.14863962 0.07812500
v -0.01562500 0.15625000 0.08575533
v -0.01562500 0.15625000 0.11728682
v -0.02341368 0.17187500 -0.15625000
v -0.01562500 0.16161334 -0.15625000
v -0.01562500 0.15793570 -0.14062500
v -0.01562500 0.16404697 0.09375000
v -0.01562500 0.16574655 0.10937500
v -0.02059292 0.20312500 -0.01562500
v -0.01562500 0.19818155 -0.01562500
v -0.01562500 0.20312500 -0.02097927
v -0.01562500 0.20312500 -0.01063739
v -0.01562500 0.21105218 -0.04687500
v -0.01562500 0.21875000 -0.05457775
v -0.01562500 0.21047413 -0.03125000
v -0.01562500 0.21088893 0.00000000
v -0.01562500 0.21875000 0.00781019
v -0.01562500 0.23437500 -0.05467198
v -0.02272805 0.23437500 0.00000000
v -0.01562500 0.23437500 0.00708185
v -0.01562500 0.24217194 -0.04687500
v -0.01562500 0.24218757 -0.03125000
v -0.01562500 0.24255419 -0.01562500
v -0.01562500 0.24145685 0.00000000
v -0.00681251 -0.23437500 -0.01562500
v 0.00000000 -0.24218748 0.00000000
v 0.00000000 -0.23437500 -0.00891246
v 0.00000000 -0.24218750 0.01562500
v 0.00000000 -0.24218745 0.03125000
v 0.00000000 -0.23437500 0.03906245
v 0.00000000 -0.22544522 -0.03125000
v 0.00000000 -0.21875000 -0.03794522
v 0.00000000 -0.22766248 -0.01562500
v 0.00000000 -0.22653684 0.04687500
v 0.00000000 -0.21875000 0.05466184
v 0.00000000 -0.21204979 -0.03125000
v 0.00000000 -0.20312500 -0.02344259
v 0.00000000 -0.21096258 0.04687500
v 0.00000000 -0.20312500 0.03906308
v 0.00000000 -0.18923312 -0.01562500
v 0.00000000 -0.18750000 -0.01389077
v 0.00000000 -0.19531251 0.03125000
v 0.00000000 -0.18750000 0.01675567
v 0.00000000 -0.17860203 -0.12500000
v 0.00000000 -0.17187500 -0.13695178
v 0.00000000 -0.17187500 -0.11827296
v 0.00000000 -0.17969032 0.00000000
v 0.00000000 -0.18636933 0.01562500
v 0.00000000 -0.16406103 -0.15625000
v 0.00000000 -0.15625000 -0.16406103
v 0.00000000 -0.16892900 -0.14062500
v 0.00000000 -0.15625000 -0.11718773
v -0.00502028 -0.15625000 0.14062500
v 0.00000000 -0.16107760 0.14062500
v 0.00000000 -0.15625000 0.12769482
v 0.00000000 -0.15625000 0.14545561
v 0.00000000 -0.14062500 -0.16406249
v -0.00735185 -0.14062500 -0.10937500
v 0.00000000 -0.14062500 -0.11664020
v -0.01124559 -0.14062500 0.09375000
v 0.00000000 -0.14444533 0.09375000
v 0.00000000 -0.14062500 0.08992963
v 0.00000000 -0.14817003 0.10937500
v 0.00000000 -0.15491803 0.12500000
v 0.00000000 -0.14841488 0.15625000
v 0.00000000 -0.14062500 0.16403627
v -0.00896041 -0.12500000 -0.17187500
v 0.00000000 -0.12500000 -0.16405489
v 0.00000000 -0.13321424 -0.10937500
v -0.00756794 -0.12500000 -0.09375000
v 0.00000000 -0.12500000 -0.10146397
v -0.00791544 -0.12500000 -0.03125000
v -0.00781250 -0.12500000 -0.01562500
v -0.00781250 -0.12500000 0.00000000
v -0.00781250 -0.12500000 0.01562500
v -0.00781250 -0.12500000 0.03125000
v -0.00769345 -0.12500000 0.04687500
v -0.00644564 -0.12500000 0.06250000
v 0.00000000 -0.13263178 0.07812500
v 0.00000000 -0.12500000 0.06912159
v 0.00000000 -0.12500000 0.16406268
v -0.01003158 -0.10937500 -0.17187500
v -0.01273853 -0.10937500 -0.15625000
v 0.00000000 -0.11719511 -0.15625000
v 0.00000000 -0.11718712 -0.14062500
v -0.00770271 -0.10937500 -0.12500000
v 0.00000000 -0.11707878 -0.12500000
v 0.00000000 -0.10937500 -0.11612578
v 0.00000000 -0.11742473 -0.09375000
v -0.00781240 -0.10937500 -0.07812500
v 0.00000000 -0.10937500 -0.08594474
v -0.00781260 -0.10937500 -0.06250000
v -0.00781231 -0.10937500 -0.04687500
v 0.00000000 -0.11718720 -0.03125000
v 0.00000000 -0.10937500 -0.03906238
v 0.00000000 -0.11718750 -0.01562500
v 0.00000000 -0.11718750 0.00000000
v 0.00000000 -0.11718750 0.01562500
v 0.00000000 -0.11718750 0.03125000
v 0.00000000 -0.11730655 0.04687500
v 0.00000000 -0.11855436 0.06250000
v 0.00000000 -0.10937500 0.16406316
v -0.00781347 -0.09375000 -0.12500000
v -0.00751475 -0.09375000 -0.10937500
v 0.00000000 -0.10243903 -0.10937500
v 0.00000000 -0.09375000 -0.09984823
v 0.00000000 -0.10156187 -0.07812500
v 0.00000000 -0.10156250 -0.06250000
v 0.00000000 -0.10156269 -0.04687500
v 0.00000000 -0.09375000 0.16974496
v -0.00835013 -0.07812500 -0.12500000
v -0.00780317 -0.07812500 -0.10937500
v 0.00000000 -0.07812500 -0.10157183
v 0.00000000 -0.07812500 0.15902580
v -0.00467876 -0.06250000 -0.10937500
v 0.00000000 -0.06250000 -0.10469624
v -0.00781247 -0.06250000 0.15625000
v 0.00000000 -0.07534922 0.15625000
v 0.00000000 -0.06250000 0.14840019
v 0.00000000 -0.04688711 -0.21875000
v 0.00000000 -0.04687500 -0.21948461
v 0.00000000 -0.04687500 -0.21873789
v -0.00686768 -0.04687500 -0.10937500
v 0.00000000 -0.04687500 -0.10250732
v -0.00709103 -0.04687500 0.14062500
v 0.00000000 -0.05400307 0.14062500
v 0.00000000 -0.04687500 0.13352977
v -0.00781251 -0.04687500 0.15625000
v 0.00000000 -0.04663320 -0.23437500
v 0.00000000 -0.03125000 -0.24218750
v 0.00000000 -0.03125000 -0.21093134
v -0.00779069 -0.03125000 -0.10937500
v 0.00000000 -0.03125000 -0.10158431
v -0.00781229 -0.03125000 0.14062500
v 0.00000000 -0.03125000 0.13129918
v -0.00800064 -0.03125000 0.15625000
v 0.00000000 -0.01562500 -0.24218751
v 0.00000000 -0.01562500 -0.21087521
v -0.00781080 -0.01562500 -0.10937500
v 0.00000000 -0.01562500 -0.10156420
v -0.00783023 -0.01562500 0.14062500
v 0.00000000 -0.01562500 0.13276636
v 0.00000000 0.00000000 -0.24218750
v 0.00000000 0.00000000 -0.21093409
v -0.00781248 0.00000000 -0.10937500
v 0.00000000 0.00000000 -0.10156252
v -0.00781332 0.00000000 0.14062500
v 0.00000000 0.00000000 0.13280511
v 0.00000000 0.00854017 -0.23437500
v 0.00000000 0.01562500 -0.22728991
v 0.00000000 0.01562500 -0.21093776
v -0.00781250 0.01562500 -0.10937500
v 0.00000000 0.01562500 -0.10156250
v -0.00781249 0.01562500 0.14062500
v 0.00000000 0.01562500 0.13275028
v 0.00000000 0.00781774 0.21875000
v 0.00000000 0.01562500 0.21071145
v -0.00970474 0.01562500 0.23437500
v 0.00000000 0.01562500 0.22657584
v 0.00000000 0.02343724 -0.21875000
v -0.00781398 0.03125000 -0.10937500
v 0.00000000 0.03125000 -0.10156250
v -0.00781250 0.03125000 0.14062500
v 0.00000000 0.03125000 0.12785250
v 0.00000000 0.02320622 0.20312500
v 0.00000000 0.03125000 0.19531141
v 0.00000000 0.02342159 0.23437500
v 0.00000000 0.03125000 0.24218482
v -0.00412756 0.04687500 -0.09375000
v 0.00000000 0.04274744 -0.09375000
v 0.00000000 0.04687500 -0.08962244
v -0.00667694 0.04687500 0.12500000
v 0.00000000 0.03484926 0.12500000
v 0.00000000 0.04687500 0.11832306
v -0.00781737 0.04687500 0.14062500
v 0.00000000 0.04687500 0.19526005
v 0.00000000 0.04687500 0.24196809
v -0.00781250 0.06250000 -0.09375000
v 0.00000000 0.06250000 -0.08593750
v -0.00779715 0.06250000 0.12500000
v 0.00000000 0.06250000 0.11717202
v -0.00843138 0.06250000 0.14062500
v 0.00000000 0.06250000 0.19530971
v -0.00994098 0.06250000 0.23437500
v 0.00000000 0.06250000 0.24181726
v -0.00781486 0.07812500 -0.09375000
v -0.00779619 0.07812500 -0.07812500
v 0.00000000 0.07032881 -0.07812500
v 0.00000000 0.07812500 -0.07032881
v -0.00780889 0.07812500 0.12500000
v 0.00000000 0.07812500 0.11665653
v 0.00000000 0.07812500 0.19532085
v -0.00175541 0.07812500 0.23437500
v 0.00000000 0.07812500 0.23608799
v -0.00903928 0.09375000 -0.07812500
v -0.00780768 0.09375000 -0.06250000
v 0.00000000 0.08594232 -0.06250000
v 0.00000000 0.09375000 -0.05469232
v -0.00781128 0.09375000 0.12500000
v 0.00000000 0.09375000 0.11578757
v -0.00685508 0.09375000 0.20312500
v 0.00000000 0.09375000 0.19811433
v 0.00000000 0.07983799 0.23437500
v 0.00000000 0.09375000 0.22636355
v -0.00781253 0.10937500 -0.04687500
v 0.00000000 0.10156250 -0.04687500
v 0.00000000 0.10937500 -0.03901590
v -0.00781201 0.10937500 0.12500000
v 0.00000000 0.10937500 0.11688089
v 0.00000000 0.09876067 0.20312500
v 0.00000000 0.10136355 0.21875000
v 0.00000000 0.11714090 -0.03125000
v -0.01240793 0.12500000 -0.01562500
v 0.00000000 0.11718750 -0.01562500
v -0.00781278 0.12500000 0.00000000
v 0.00000000 0.11718750 0.00000000
v -0.00781250 0.12500000 0.01562500
v 0.00000000 0.11718750 0.01562500
v -0.00781250 0.12500000 0.03125000
v 0.00000000 0.11718750 0.03125000
v -0.00781250 0.12500000 0.04687500
v 0.00000000 0.11718750 0.04687500
v -0.00781249 0.12500000 0.06250000
v 0.00000000 0.11718751 0.06250000
v -0.00690514 0.12500000 0.07812500
v 0.00000000 0.11808662 0.07812500
v 0.00000000 0.12500000 0.08519750
v -0.00800999 0.12500000 0.12500000
v 0.00000000 0.12500000 0.11714399
v -0.01235380 0.14062500 -0.14062500
v -0.00836611 0.14062500 0.06250000
v -0.00781237 0.14062500 0.07812500
v 0.00000000 0.14062500 0.08601948
v 0.00000000 0.14062500 0.11731495
v -0.01028862 0.15625000 -0.15625000
v -0.01399768 0.15625000 -0.14062500
v 0.00000000 0.15625000 0.08616227
v 0.00000000 0.15625000 0.11782184
v 0.00000000 0.16387771 0.09375000
v -0.00950345 0.17187500 0.10937500
v 0.00000000 0.17187500 0.10154683
v 0.00000000 0.17187500 0.11723012
v 0.00000000 0.17966353 0.10937500
v -0.01068155 0.20312500 -0.01562500
v -0.00781777 0.21875000 -0.04687500
v 0.00000000 0.21183833 -0.03125000
v 0.00000000 0.21875000 -0.03826980
v 0.00000000 0.21170319 -0.01562500
v -0.00699229 0.21875000 0.00000000
v 0.00000000 0.21875000 -0.00775505
v 0.00000000 0.22645436 -0.04687500
v 0.00000000 0.23437500 -0.05468626
v -0.00267765 0.23437500 0.00000000
v 0.00000000 0.23437500 -0.00228667
v 0.00000000 0.24218933 -0.04687500
v 0.00000000 0.24230530 -0.03125000
v -0.00779340 0.25000000 -0.01562500
v 0.00000000 0.25000000 -0.02316932
v 0.00000000 0.25000000 -0.00818550
v 0.00000000 0.25742671 -0.01562500
v 0.01562500 -0.24218746 0.00000000
v 0.01562500 -0.23437500 -0.00903434
v 0.01562500 -0.24218750 0.01562500
v 0.01562500 -0.24218750 0.03125000
v 0.01562500 -0.23437500 0.03906250
v 0.00757274 -0.21875000 -0.03125000
v 0.01562500 -0.22778438 -0.01562500
v 0.01562500 -0.21875000 -0.02431888
v 0.01562500 -0.22628210 0.04687500
v 0.01562500 -0.21875000 0.05440710
v 0.01562500 -0.20312500 -0.02346757
v 0.01562500 -0.21121667 0.04687500
v 0.01562500 -0.20312500 0.03906370
v 0.00180087 -0.18750000 -0.01562500
v 0.01562500 -0.18750000 -0.02326863
v 0.00133330 -0.18750000 0.01562500
v 0.01562500 -0.19461544 0.01562500
v 0.01562500 -0.18750000 0.00850911
v 0.01562500 -0.19531253 0.03125000
v 0.00672901 -0.17187500 -0.12500000
v 0.01562500 -0.17985637 -0.01562500
v 0.01562500 -0.17968795 0.00000000
v 0.01170920 -0.17187500 0.14062500
v 0.01562500 -0.17597163 0.14062500
v 0.01562500 -0.17187500 0.13455079
v 0.00927531 -0.17187500 0.15625000
v 0.01562500 -0.17822402 0.15625000
v 0.01562500 -0.17187500 0.16259922
v 0.00783710 -0.15625000 -0.15625000
v 0.01562500 -0.16405817 -0.14062500
v 0.01562500 -0.15625000 -0.14845923
v 0.01562500 -0.16404747 -0.12500000
v 0.01562500 -0.15625000 -0.11720454
v 0.00821115 -0.15625000 0.10937500
v 0.01562500 -0.16432060 0.10937500
v 0.01562500 -0.15625000 0.10195439
v 0.00133208 -0.15625000 0.12500000
v 0.01562500 -0.16648976 0.12500000
v 0.00797908 -0.15625000 0.15625000
v 0.00800653 -0.15625000 0.17187500
v 0.01562500 -0.16386827 0.17187500
v 0.01562500 -0.15625000 0.17949306
v 0.01562500 -0.14837242 -0.15625000
v 0.01562500 -0.14062500 -0.16397136
v 0.01562500 -0.14062500 -0.11719147
v 0.01562500 -0.14732825 0.09375000
v 0.01562500 -0.14062500 0.08705342
v 0.00813402 -0.14062500 0.17187500
v 0.01562500 -0.14062500 0.17940302
v 0.00978135 -0.12500000 -0.15625000
v 0.01562500 -0.13092208 -0.15625000
v 0.01314479 -0.12500000 -0.14062500
v 0.01562500 -0.12748020 -0.14062500
v 0.00851366 -0.12500000 -0.12500000
v 0.01562500 -0.13211495 -0.12500000
v 0.00766641 -0.12500000 -0.10937500
v 0.00768534 -0.12500000 0.07812500
v 0.01562500 -0.12500000 0.08588387
v 0.01285098 -0.12500000 0.17187500
v 0.01562500 -0.12500000 0.17465091
v 0.00664322 -0.10937500 -0.10937500
v 0.00780515 -0.10937500 -0.09375000
v 0.00781220 -0.10937500 -0.03125000
v 0.00781250 -0.10937500 -0.01562500
v 0.00781250 -0.10937500 0.00000000
v 0.00781281 -0.10937500 0.01562500
v 0.00783744 -0.10937500 0.03125000
v 0.00781376 -0.10937500 0.04687500
v 0.00783044 -0.10937500 0.06250000
v 0.00855169 -0.10937500 0.07812500
v 0.01562500 -0.10937500 0.08519831
v 0.01562500 -0.12202461 0.17187500
v 0.01562500 -0.10937500 0.16439794
v 0.00581716 -0.09375000 -0.09375000
v 0.00781176 -0.09375000 -0.07812500
v 0.00781250 -0.09375000 -0.06250000
v 0.00905775 -0.09375000 -0.04687500
v 0.01562500 -0.10156250 -0.03125000
v 0.01562500 -0.09375000 -0.04030775
v 0.01562500 -0.10156250 -0.01562500
v 0.01562500 -0.10156250 0.00000000
v 0.01562500 -0.10156281 0.01562500
v 0.01562500 -0.10158744 0.03125000
v 0.01562500 -0.10156376 0.04687500
v 0.01562500 -0.10158044 0.06250000
v 0.01562500 -0.10230169 0.07812500
v 0.01562500 -0.09375000 0.16273369
v 0.00781250 -0.07812500 -0.09375000
v 0.00781257 -0.07812500 -0.07812500
v 0.01562500 -0.08593739 -0.06250000
v 0.01562500 -0.07812500 -0.07031245
v 0.01562500 -0.08718275 -0.04687500
v 0.00948775 -0.07812500 0.14062500
v 0.01562500 -0.08426114 0.14062500
v 0.01562500 -0.07812500 0.13297904
v 0.00277578 -0.07812500 0.15625000
v 0.01562500 -0.08727050 0.15625000
v 0.00781252 -0.06250000 -0.09375000
v 0.01562500 -0.07031257 -0.07812500
v 0.01562500 -0.06250000 -0.08593752
v 0.00781260 -0.06250000 0.12500000
v 0.01562500 -0.07182916 0.12500000
v 0.01562500 -0.06250000 0.11158806
v 0.00777515 -0.06250000 0.14062500
v 0.00072486 -0.04687500 -0.23437500
v 0.01562500 -0.05069065 -0.23437500
v 0.01562500 -0.04687500 -0.23819065
v 0.00001443 -0.04687500 -0.21875000
v 0.01562500 -0.04687500 -0.23003134
v 0.01562500 -0.05467451 -0.09375000
v 0.01562500 -0.04687500 -0.10154949
v 0.00781347 -0.04687500 0.10937500
v 0.01562500 -0.06028651 0.10937500
v 0.01562500 -0.04687500 0.10156347
v 0.00780826 -0.04687500 0.12500000
v 0.01562500 -0.03125000 -0.24218879
v 0.01562500 -0.03974571 -0.21875000
v 0.01562500 -0.03125000 -0.21093736
v 0.01562500 -0.03125000 -0.10156234
v 0.00781720 -0.03125000 0.10937500
v 0.01562500 -0.03125000 0.10156720
v 0.00629898 -0.03125000 0.12500000
v 0.01562500 -0.01562500 -0.24242867
v 0.01562500 -0.01562500 -0.21093563
v 0.01562500 -0.01562500 -0.10156248
v 0.00783937 -0.01562500 0.10937500
v 0.01562500 -0.01562500 0.10158937
v 0.00776636 -0.01562500 0.12500000
v 0.01562500 0.00000000 -0.24234791
v 0.01562500 0.00000000 -0.21093750
v 0.01562500 0.00000000 -0.10156248
v 0.00781632 0.00000000 0.10937500
v 0.01562500 0.00000000 0.10156632
v 0.00780511 0.00000000 0.12500000
v 0.00759631 0.01562500 -0.23437500
v 0.01562500 0.01562500 -0.24167470
v 0.01562500 0.01562500 -0.21093971
v 0.01562500 0.01562500 -0.10149550
v 0.00781250 0.01562500 0.10937500
v 0.01562500 0.01562500 0.10156250
v 0.00775026 0.01562500 0.12500000
v 0.01562500 0.00781383 0.21875000
v 0.01562500 0.01562500 0.20936253
v 0.01562500 0.01562500 0.22656128
v 0.01562500 0.02292470 -0.23437500
v 0.01562500 0.02343529 -0.21875000
v 0.00781250 0.03125000 -0.09375000
v 0.01562500 0.02337050 -0.09375000
v 0.01562500 0.03125000 -0.08593750
v 0.00781250 0.03125000 0.10937500
v 0.01562500 0.03125000 0.10156250
v 0.00285250 0.03125000 0.12500000
v 0.01562500 0.02186125 0.20312500
v 0.01562500 0.03125000 0.19522820
v 0.01562500 0.02344173 0.23437500
v 0.01562500 0.03125000 0.24218316
v 0.01562500 0.04687500 -0.08593750
v 0.00781250 0.04687500 0.10937500
v 0.01562500 0.04687500 0.10155991
v 0.01562500 0.04687500 0.19144109
v 0.01562500 0.04687500 0.24212137
v 0.00781252 0.06250000 -0.07812500
v 0.01562500 0.05468752 -0.07812500
v 0.01562500 0.06250000 -0.07031252
v 0.00793783 0.06250000 0.09375000
v 0.01562500 0.05481024 0.09375000
v 0.01562500 0.06250000 0.08606283
v 0.00778167 0.06250000 0.10937500
v 0.01562500 0.06250000 0.19476483
v 0.01562500 0.06250000 0.24179829
v 0.01039775 0.07812500 -0.06250000
v 0.01562500 0.07289775 -0.06250000
v 0.01562500 0.07812500 -0.05727275
v 0.00781250 0.07812500 0.09375000
v 0.01562500 0.07812500 0.08589661
v 0.00727794 0.07812500 0.10937500
v 0.01562500 0.07812500 0.19531300
v 0.01562500 0.07812500 0.24208778
v 0.00781252 0.09375000 -0.04687500
v 0.01562500 0.08593752 -0.04687500
v 0.01562500 0.09375000 -0.03906251
v 0.00781250 0.09375000 0.07812500
v 0.01562500 0.08589661 0.07812500
v 0.01562500 0.09375000 0.07031226
v 0.00776203 0.09375000 0.09375000
v 0.00641140 0.09375000 0.10937500
v 0.01562500 0.09375000 0.19814168
v 0.01562500 0.08583778 0.23437500
v 0.01562500 0.09375000 0.22635189
v 0.00776590 0.10937500 -0.03125000
v 0.01562500 0.10156250 -0.03125000
v 0.00781288 0.10937500 -0.01562500
v 0.01562500 0.10156288 -0.01562500
v 0.01562500 0.10937500 -0.00736100
v 0.00781317 0.10937500 0.04687500
v 0.01562500 0.10156317 0.04687500
v 0.01562500 0.10937500 0.03485201
v 0.00781250 0.10937500 0.06250000
v 0.01562500 0.10156226 0.06250000
v 0.00780415 0.10937500 0.07812500
v 0.00778463 0.10937500 0.09375000
v 0.00750540 0.10937500 0.10937500
v 0.01562500 0.09873332 0.20312500
v 0.01562500 0.10135189 0.21875000
v 0.01562500 0.11673562 0.00000000
v 0.01562500 0.11709913 0.01562500
v 0.01562500 0.11297654 0.03125000
v 0.00764327 0.12500000 0.09375000
v 0.00776812 0.12500000 0.10937500
v 0.01067456 0.14062500 0.09375000
v 0.01562500 0.13371615 0.10937500
v 0.01562500 0.14062500 0.09944116
v 0.00973104 0.14062500 0.12500000
v 0.01562500 0.13485558 0.12500000
v 0.01562500 0.14062500 0.13076969
v 0.01562500 0.14550463 0.09375000
v 0.01562500 0.15625000 0.08580493
v 0.00714412 0.15625000 0.12500000
v 0.01562500 0.15625000 0.13283777
v 0.01004383 0.17187500 0.07812500
v 0.01562500 0.16617154 0.07812500
v 0.01562500 0.17187500 0.07254389
v 0.00777162 0.17187500 0.09375000
v 0.00774452 0.17187500 0.12500000
v 0.01562500 0.17187500 0.13618250
v 0.01562500 0.17944683 0.07812500
v 0.00770646 0.18750000 0.09375000
v 0.01562500 0.18750000 0.08393400
v 0.00810642 0.18750000 0.10937500
v 0.01562500 0.18158513 0.12500000
v 0.01562500 0.18750000 0.11880467
v 0.01562500 0.19530726 0.09375000
v 0.01562500 0.19501719 0.10937500
v 0.00815158 0.21875000 -0.03125000
v 0.01562500 0.21746070 -0.01562500
v 0.01562500 0.21875000 -0.01734466
v 0.01562500 0.21875000 -0.01433566
v 0.01562500 0.22656190 -0.04687500
v 0.01562500 0.23437500 -0.05472461
v 0.01562500 0.22532877 -0.03125000
v 0.00285128 0.23437500 0.00000000
v 0.01562500 0.22758741 0.00000000
v 0.01562500 0.23437500 0.00678748
v 0.01562500 0.24224033 -0.04687500
v 0.00925552 0.25000000 -0.03125000
v 0.01562500 0.25000000 -0.03755681
v 0.01562500 0.24153181 0.00000000
v 0.01562500 0.25000000 -0.00744053
v 0.01562500 0.25625601 -0.03125000
v 0.01562500 0.25781103 -0.01562500
v 0.03125000 -0.24218723 0.00000000
v 0.03125000 -0.23437500 -0.00894137
v 0.03125000 -0.24218750 0.01562500
v 0.03125000 -0.24218750 0.03125000
v 0.03125000 -0.23437500 0.03906250
v 0.03125000 -0.22769163 -0.01562500
v 0.03125000 -0.21875000 -0.02954570
v 0.03125000 -0.22159901 0.04687500
v 0.03125000 -0.21875000 0.04972401
v 0.03125000 -0.20312500 -0.02396502
v 0.03125000 -0.21589837 0.04687500
v 0.03125000 -0.20312500 0.03906642
v 0.03125000 -0.18750000 -0.02342214
v 0.03125000 -0.19518748 0.01562500
v 0.03125000 -0.18750000 0.00793750
v 0.03125000 -0.19531298 0.03125000
v 0.02351644 -0.18750000 0.12500000
v 0.03125000 -0.19520372 0.12500000
v 0.03125000 -0.18750000 0.11492879
v 0.02632904 -0.18750000 0.14062500
v 0.03125000 -0.19221854 0.14062500
v 0.03125000 -0.18750000 0.14534354
v 0.03125000 -0.17970286 -0.01562500
v 0.03125000 -0.17968752 0.00000000
v 0.02499721 -0.17187500 0.09375000
v 0.03125000 -0.17812599 0.09375000
v 0.03125000 -0.17187500 0.08749963
v 0.02299612 -0.17187500 0.10937500
v 0.03125000 -0.18184874 0.10937500
v 0.02115445 -0.17187500 0.12500000
v 0.03125000 -0.17961736 0.15625000
v 0.03125000 -0.17187500 0.16399236
v 0.02371606 -0.15625000 -0.14062500
v 0.03125000 -0.15795774 -0.12500000
v 0.03125000 -0.15625000 -0.12682110
v 0.03125000 -0.15625000 -0.12329226
v 0.02390204 -0.15625000 0.09375000
v 0.03125000 -0.15625000 0.08640882
v 0.03125000 -0.16406238 0.17187500
v 0.03125000 -0.15625000 0.17968738
v 0.02635970 -0.14062500 -0.15625000
v 0.03125000 -0.14870869 -0.14062500
v 0.03125000 -0.14062500 -0.15142775
v 0.02949079 -0.14062500 -0.12500000
v 0.03125000 -0.14856325 -0.12500000
v 0.03125000 -0.14062500 -0.12676201
v 0.03125000 -0.14062500 0.08596574
v 0.03125000 -0.14062500 0.18397302
v 0.03125000 -0.13281812 -0.14062500
v 0.03125000 -0.12500000 0.08595188
v 0.02354884 -0.12500000 0.18750000
v 0.03125000 -0.13701713 0.18750000
v 0.03125000 -0.12500000 0.19519772
v 0.03125000 -0.10937500 0.08594887
v 0.02361701 -0.10937500 0.17187500
v 0.03125000 -0.11729181 0.18750000
v 0.03125000 -0.10937500 0.17918350
v 0.02348964 -0.09375000 -0.03125000
v 0.03125000 -0.09470397 -0.01562500
v 0.03125000 -0.09375000 -0.01659100
v 0.02390879 -0.09375000 0.00000000
v 0.03125000 -0.09375000 -0.01455692
v 0.02361550 -0.09375000 0.01562500
v 0.02457946 -0.09375000 0.03125000
v 0.02343904 -0.09375000 0.04687500
v 0.02343750 -0.09375000 0.06250000
v 0.02343750 -0.09375000 0.07812500
v 0.02358664 -0.09375000 0.09375000
v 0.03125000 -0.10142473 0.09375000
v 0.03125000 -0.09375000 0.10141336
v 0.02236190 -0.09375000 0.15625000
v 0.03125000 -0.10129888 0.15625000
v 0.03125000 -0.09375000 0.14870006
v 0.03125000 -0.10207262 0.17187500
v 0.02343739 -0.07812500 -0.06250000
v 0.03125000 -0.08593745 -0.04687500
v 0.03125000 -0.07812500 -0.05468745
v 0.03125000 -0.08598964 -0.03125000
v 0.03125000 -0.08640879 0.00000000
v 0.03125000 -0.08611550 0.01562500
v 0.03125000 -0.08707946 0.03125000
v 0.03125000 -0.08593904 0.04687500
v 0.03125000 -0.08593750 0.06250000
v 0.02343841 -0.07812500 0.07812500
v 0.03125000 -0.07812500 0.07031341
v 0.02343750 -0.07812500 0.09375000
v 0.02344134 -0.07812500 0.10937500
v 0.03125000 -0.08593361 0.10937500
v 0.02199729 -0.07812500 0.12500000
v 0.03125000 -0.08585812 0.12500000
v 0.03125000 -0.08593584 0.14062500
v 0.02343750 -0.06250000 -0.07812500
v 0.03125000 -0.07031225 -0.06250000
v 0.03125000 -0.06250000 -0.07031225
v 0.02591867 -0.06250000 0.07812500
v 0.03125000 -0.06250000 0.07279367
v 0.02343750 -0.06250000 0.09375000
v 0.01783802 -0.06250000 0.10937500
v 0.03125000 -0.05174229 -0.23437500
v 0.03125000 -0.04687500 -0.23924245
v 0.03125000 -0.04687500 -0.22898480
v 0.02342449 -0.04687500 -0.09375000
v 0.03125000 -0.05468675 -0.07812500
v 0.03125000 -0.04687500 -0.08593675
v 0.03125000 -0.05088204 0.07812500
v 0.02343750 -0.04687500 0.09375000
v 0.03125000 -0.04687500 0.08049311
v 0.02903818 -0.03125000 -0.25000000
v 0.03125000 -0.03346129 -0.25000000
v 0.03125000 -0.03125000 -0.25221119
v 0.03125000 -0.03965459 -0.21875000
v 0.03125000 -0.03125000 -0.21093753
v 0.02343747 -0.03125000 -0.09375000
v 0.03125000 -0.03125000 -0.08593763
v 0.02343750 -0.03125000 0.09375000
v 0.03125000 -0.03125000 0.08591049
v 0.02335456 -0.01562500 -0.25000000
v 0.03125000 -0.01562500 -0.25765422
v 0.03125000 -0.01562500 -0.21093750
v 0.02347079 -0.01562500 -0.09375000
v 0.03125000 -0.01562500 -0.08597080
v 0.02343750 -0.01562500 0.09375000
v 0.03125000 -0.01562500 0.08593730
v 0.02328300 0.00000000 -0.25000000
v 0.03125000 0.00000000 -0.25780659
v 0.03125000 0.00000000 -0.21093750
v 0.02385521 0.00000000 -0.09375000
v 0.03125000 0.00000000 -0.08635523
v 0.02343750 0.00000000 0.09375000
v 0.03125000 0.00000000 0.08593750
v 0.03125000 0.00780660 -0.25000000
v 0.03125000 0.01562500 -0.24218732
v 0.03125000 0.01562500 -0.21109729
v 0.02337056 0.01562500 -0.09375000
v 0.03125000 0.01562500 -0.08593756
v 0.02343750 0.01562500 0.09375000
v 0.03125000 0.01562500 0.08593750
v 0.02673462 0.01562500 0.20312500
v 0.03125000 0.01230347 0.20312500
v 0.03125000 0.01562500 0.19980347
v 0.03125000 0.00782232 0.21875000
v 0.03125000 0.01562500 0.22655268
v 0.03125000 0.02343730 -0.23437500
v 0.03125000 0.02327771 -0.21875000
v 0.03125000 0.03125000 -0.08593750
v 0.02343750 0.03125000 0.09375000
v 0.03125000 0.03125000 0.08593750
v 0.03125000 0.03125000 0.19208990
v 0.03125000 0.02344169 0.23437500
v 0.03125000 0.03125000 0.24218331
v 0.02624141 0.04687500 -0.07812500
v 0.03125000 0.04186641 -0.07812500
v 0.03125000 0.04687500 -0.07311641
v 0.02343491 0.04687500 0.09375000
v 0.03125000 0.04687500 0.08584353
v 0.01962645 0.04687500 0.18750000
v 0.03125000 0.03590622 0.18750000
v 0.03125000 0.04687500 0.17976709
v 0.03125000 0.04687500 0.24202015
v 0.03125000 0.06250000 -0.07031228
v 0.02343750 0.06250000 0.07812500
v 0.03125000 0.05459353 0.07812500
v 0.03125000 0.06250000 0.07026536
v 0.02415257 0.06250000 0.18750000
v 0.03125000 0.06250000 0.18094219
v 0.02340898 0.06250000 0.23437500
v 0.03125000 0.05488110 0.23437500
v 0.03125000 0.06250000 0.22692325
v 0.03125000 0.07031228 -0.06250000
v 0.02674328 0.07812500 -0.04687500
v 0.03125000 0.07361828 -0.04687500
v 0.03125000 0.07812500 -0.04236828
v 0.02343750 0.07812500 0.06250000
v 0.03125000 0.07026536 0.06250000
v 0.03125000 0.07812500 0.05468750
v 0.02339661 0.07812500 0.07812500
v 0.03125000 0.06905922 0.18750000
v 0.03125000 0.07812500 0.19531106
v 0.03125000 0.07239990 0.23437500
v 0.03125000 0.07812500 0.23976918
v 0.02343750 0.09375000 -0.03125000
v 0.03125000 0.08593750 -0.03125000
v 0.02343771 0.09375000 -0.01562500
v 0.03125000 0.08593771 -0.01562500
v 0.03125000 0.09375000 -0.00599170
v 0.02473153 0.09375000 0.04687500
v 0.03125000 0.08723153 0.04687500
v 0.03125000 0.09375000 0.04030895
v 0.02343726 0.09375000 0.06250000
v 0.02284588 0.09375000 0.20312500
v 0.03125000 0.08823815 0.20312500
v 0.03125000 0.09375000 0.21766094
v 0.03125000 0.08351918 0.23437500
v 0.03125000 0.09375000 0.21936300
v 0.02298562 0.10937500 0.00000000
v 0.03125000 0.09974150 0.00000000
v 0.02334913 0.10937500 0.01562500
v 0.03125000 0.10155886 0.01562500
v 0.01922654 0.10937500 0.03125000
v 0.03125000 0.10151363 0.03125000
v 0.03125000 0.09436300 0.21875000
v 0.02253686 0.14062500 0.10937500
v 0.03125000 0.13382046 0.12500000
v 0.03125000 0.14062500 0.11819245
v 0.03125000 0.14062500 0.13186794
v 0.03125000 0.14842955 0.09375000
v 0.03125000 0.15625000 0.08593505
v 0.03125000 0.14843445 0.10937500
v 0.02759128 0.15625000 0.14062500
v 0.03125000 0.15256313 0.14062500
v 0.03125000 0.15625000 0.14426562
v 0.02120765 0.17187500 0.07812500
v 0.03125000 0.17187500 0.08593641
v 0.02096286 0.17187500 0.14062500
v 0.03125000 0.17187500 0.14740044
v 0.02371061 0.18750000 0.09375000
v 0.03125000 0.17996524 0.09375000
v 0.02465253 0.18750000 0.10937500
v 0.03125000 0.18118901 0.10937500
v 0.02598676 0.18750000 0.12500000
v 0.03125000 0.18750000 0.12010171
v 0.03125000 0.17867974 0.14062500
v 0.03125000 0.18750000 0.12871373
v 0.03125000 0.19119217 0.12500000
v 0.02626895 0.21875000 -0.03125000
v 0.03125000 0.21478261 -0.03125000
v 0.03125000 0.21875000 -0.03522585
v 0.03125000 0.21141613 -0.01562500
v 0.03125000 0.21875000 -0.00828546
v 0.02351413 0.23437500 -0.06250000
v 0.03125000 0.22667613 -0.06250000
v 0.03125000 0.23437500 -0.07019876
v 0.03125000 0.22655134 -0.04687500
v 0.03125000 0.22656252 0.00000000
v 0.03125000 0.23437500 0.00780679
v 0.03125000 0.24207376 -0.06250000
v 0.03125000 0.24269826 -0.04687500
v 0.03125000 0.25000000 -0.03951878
v 0.02414741 0.25000000 0.00000000
v 0.03125000 0.25000000 0.00673384
v 0.03125000 0.25775781 -0.03125000
v 0.03125000 0.25781246 -0.01562500
v 0.03125000 0.25673384 0.00000000
v 0.04687500 -0.24218730 0.00000000
v 0.04687500 -0.23437500 -0.01318532
v 0.04687500 -0.24218750 0.01562500
v 0.04687500 -0.24218750 0.03125000
v 0.04687500 -0.23437500 0.03906250
v 0.03295451 -0.21875000 -0.03125000
v 0.04687500 -0.22656195 -0.03125000
v 0.04687500 -0.21875000 -0.03906195
v 0.04687500 -0.23193542 -0.01562500
v 0.03417870 -0.21875000 0.04687500
v 0.04687500 -0.21875000 0.03919469
v 0.03872829 -0.20312500 -0.03125000
v 0.04687500 -0.20312500 -0.03886863
v 0.04687500 -0.20312500 0.03907874
v 0.04687500 -0.19550637 -0.03125000
v 0.04687500 -0.18750000 -0.02206816
v 0.04687500 -0.19511418 0.01562500
v 0.04687500 -0.18750000 0.00801081
v 0.04687500 -0.19531265 0.03125000
v 0.04102816 -0.18750000 0.10937500
v 0.04687500 -0.19129358 0.10937500
v 0.04687500 -0.18750000 0.10557592
v 0.03918667 -0.18750000 0.12500000
v 0.04687500 -0.18750000 0.11334295
v 0.03596854 -0.18750000 0.14062500
v 0.04687500 -0.18105684 -0.01562500
v 0.04687500 -0.17968751 0.00000000
v 0.04687500 -0.17933266 0.09375000
v 0.04687500 -0.17187500 0.08629981
v 0.04687500 -0.17649968 0.12500000
v 0.04446329 -0.17187500 0.14062500
v 0.04687500 -0.17187500 0.13569550
v 0.03899242 -0.17187500 0.15625000
v 0.03295783 -0.15625000 -0.12500000
v 0.04687500 -0.15625000 0.08596785
v 0.04687500 -0.16946327 0.14062500
v 0.04687500 -0.16398184 0.15625000
v 0.04108666 -0.15625000 0.17187500
v 0.04687500 -0.15625000 0.16601127
v 0.03906956 -0.14062500 -0.14062500
v 0.04687500 -0.14062500 0.08625639
v 0.04687500 -0.15046177 0.17187500
v 0.04687500 -0.14062500 0.17970518
v 0.04687500 -0.12500000 0.08721642
v 0.04687500 -0.13281172 0.18750000
v 0.04687500 -0.12500000 0.19529403
v 0.03905123 -0.10937500 0.09375000
v 0.04687500 -0.11846633 0.09375000
v 0.04687500 -0.10937500 0.10156240
v 0.04687500 -0.11708073 0.18750000
v 0.04687500 -0.10937500 0.17978868
v 0.03220397 -0.09375000 -0.01562500
v 0.04687500 -0.09375000 0.10837582
v 0.04077146 -0.09375000 0.15625000
v 0.04687500 -0.10158243 0.17187500
v 0.04687500 -0.09375000 0.16210825
v 0.03906255 -0.07812500 -0.04687500
v 0.04687500 -0.08593748 -0.03125000
v 0.04687500 -0.07812500 -0.03906258
v 0.04687500 -0.08593750 -0.01562500
v 0.04687500 -0.08593713 0.00000000
v 0.04687500 -0.08593399 0.01562500
v 0.04687500 -0.08593506 0.03125000
v 0.03907566 -0.07812500 0.04687500
v 0.04687500 -0.07812500 0.03907322
v 0.03906250 -0.07812500 0.06250000
v 0.04687500 -0.09275082 0.10937500
v 0.04687500 -0.08594637 0.12500000
v 0.04687500 -0.08595188 0.14062500
v 0.04687500 -0.08789562 0.15625000
v 0.03906243 -0.06250000 -0.06250000
v 0.04687500 -0.07031260 -0.04687500
v 0.04687500 -0.06250000 -0.05468768
v 0.04687500 -0.07032566 0.04687500
v 0.03906250 -0.06250000 0.06250000
v 0.04687500 -0.06250000 0.05468750
v 0.04687500 -0.05440234 -0.23437500
v 0.04687500 -0.04687500 -0.24190243
v 0.04687500 -0.04687500 -0.22676847
v 0.03906175 -0.04687500 -0.07812500
v 0.04687500 -0.05468768 -0.06250000
v 0.04687500 -0.04687500 -0.07031250
v 0.03926062 -0.04687500 0.06250000
v 0.04687500 -0.04687500 0.05488562
v 0.03361811 -0.04687500 0.07812500
v 0.04687500 -0.03777585 -0.25000000
v 0.04687500 -0.03125000 -0.25652576
v 0.04687500 -0.03914165 -0.21875000
v 0.04687500 -0.03125000 -0.21093761
v 0.04687500 -0.03906243 -0.07812500
v 0.04687500 -0.03125000 -0.08593742
v 0.04687500 -0.03326046 0.06250000
v 0.03903549 -0.03125000 0.07812500
v 0.04687500 -0.03125000 0.06442325
v 0.04687500 -0.01562500 -0.25781175
v 0.04687500 -0.01562500 -0.21093750
v 0.04687500 -0.01562500 -0.08593750
v 0.03906230 -0.01562500 0.07812500
v 0.04687500 -0.01562500 0.07031250
v 0.04687500 0.00000000 -0.25781239
v 0.04687500 0.00000000 -0.21093755
v 0.04687500 0.00000000 -0.08593759
v 0.03906250 0.00000000 0.07812500
v 0.04687500 0.00000000 0.07031250
v 0.04687500 0.00976139 -0.25000000
v 0.04687500 0.01562500 -0.24413648
v 0.04162028 0.01562500 -0.21875000
v 0.04687500 0.01051195 -0.21875000
v 0.04687500 0.01562500 -0.22386302
v 0.04687500 0.01562500 -0.08593750
v 0.03906250 0.01562500 0.07812500
v 0.04687500 0.01562500 0.07031250
v 0.04687500 0.00819693 0.20312500
v 0.04687500 0.01562500 0.19569693
v 0.04687500 0.00787764 0.21875000
v 0.04687500 0.01562500 0.22649736
v 0.04687500 0.02343748 -0.23437500
v 0.04687500 0.03125000 -0.08593328
v 0.03906250 0.03125000 0.07812500
v 0.04687500 0.03125000 0.07031250
v 0.04687500 0.03125000 0.19350548
v 0.04687500 0.02347680 0.23437500
v 0.04687500 0.03125000 0.24214820
v 0.04687500 0.03905828 -0.07812500
v 0.04687500 0.04687500 -0.07031250
v 0.03896853 0.04687500 0.07812500
v 0.04687500 0.04687500 0.06563028
v 0.04687500 0.03725988 0.18750000
v 0.04687500 0.04687500 0.17969215
v 0.04687500 0.04687500 0.24183620
v 0.03906244 0.06250000 -0.06250000
v 0.04687500 0.05468766 -0.06250000
v 0.04687500 0.06250000 -0.05468766
v 0.03901536 0.06250000 0.06250000
v 0.04687500 0.05000528 0.06250000
v 0.04687500 0.06250000 0.05260400
v 0.04687500 0.06250000 0.17969878
v 0.04687500 0.05439906 0.23437500
v 0.04687500 0.06250000 0.22662546
v 0.04687500 0.07031250 -0.04687500
v 0.03940270 0.07812500 -0.03125000
v 0.04687500 0.07065270 -0.03125000
v 0.04687500 0.07812500 -0.02377198
v 0.03906327 0.07812500 0.03125000
v 0.04687500 0.07031327 0.03125000
v 0.04687500 0.07812500 0.02343754
v 0.03906250 0.07812500 0.04687500
v 0.04687500 0.06822900 0.04687500
v 0.04687500 0.07038608 0.18750000
v 0.04687500 0.07812500 0.19522764
v 0.03664418 0.07812500 0.23437500
v 0.04687500 0.07812500 0.22656250
v 0.04687500 0.08593177 -0.01562500
v 0.03724150 0.09375000 0.00000000
v 0.04687500 0.08593750 0.00000000
v 0.03905886 0.09375000 0.01562500
v 0.04687500 0.08593677 0.01562500
v 0.03901363 0.09375000 0.03125000
v 0.04687500 0.08594402 0.20312500
v 0.03186300 0.09375000 0.21875000
v 0.04687500 0.08593752 0.21875000
v 0.03805457 0.14062500 0.12500000
v 0.03906240 0.15625000 0.09375000
v 0.03906664 0.15625000 0.10937500
v 0.04687500 0.14955440 0.12500000
v 0.04687500 0.15625000 0.11830038
v 0.03489127 0.15625000 0.14062500
v 0.04687500 0.15625000 0.13169646
v 0.03906191 0.17187500 0.09375000
v 0.04521933 0.17187500 0.10937500
v 0.04687500 0.17187500 0.11146810
v 0.03820294 0.17187500 0.14062500
v 0.04687500 0.17187500 0.13195606
v 0.03494219 0.18750000 0.12500000
v 0.04687500 0.17865356 0.12500000
v 0.04687500 0.21152364 -0.03125000
v 0.04687500 0.21875000 -0.04233520
v 0.04687500 0.21098608 -0.01562500
v 0.04687500 0.21875000 -0.00786085
v 0.04687500 0.22636712 -0.06250000
v 0.04687500 0.23437500 -0.07031248
v 0.04687500 0.22282125 -0.04687500
v 0.04687500 0.22659941 0.00000000
v 0.04687500 0.23437500 0.00777536
v 0.04687500 0.24218748 -0.06250000
v 0.04687500 0.24464661 -0.04687500
v 0.04687500 0.25000000 -0.04151396
v 0.03811387 0.25000000 0.00000000
v 0.04687500 0.24228262 0.00000000
v 0.04687500 0.25000000 -0.00768025
v 0.04687500 0.25780401 -0.03125000
v 0.04687500 0.25781250 -0.01562500
v 0.06250000 -0.24206125 0.00000000
v 0.06250000 -0.23437500 -0.01524733
v 0.06250000 -0.24218749 0.01562500
v 0.06250000 -0.24218454 0.03125000
v 0.06250000 -0.23437500 0.03905954
v 0.06250000 -0.22656250 -0.03125000
v 0.06250000 -0.21875000 -0.03910056
v 0.06250000 -0.23400907 -0.01562500
v 0.06250000 -0.21875000 0.03913992
v 0.06250000 -0.20312500 -0.03906325
v 0.06250000 -0.20312500 0.03912269
v 0.06250000 -0.19531250 -0.03125000
v 0.05335846 -0.18750000 -0.01562500
v 0.06250000 -0.19527095 -0.01562500
v 0.06250000 -0.18750000 -0.00728118
v 0.06250000 -0.19527310 0.01562500
v 0.06250000 -0.18750000 0.00727904
v 0.06250000 -0.19531253 0.03125000
v 0.05066854 -0.18750000 0.10937500
v 0.06250000 -0.18026016 0.00000000
v 0.05433604 -0.17187500 0.09375000
v 0.05472682 -0.17187500 0.10937500
v 0.05130738 -0.17187500 0.12500000
v 0.06250000 -0.16277115 0.09375000
v 0.06250000 -0.15625000 0.08723947
v 0.06250000 -0.16410209 0.10937500
v 0.06250000 -0.16406250 0.12500000
v 0.05468790 -0.15625000 0.14062500
v 0.06250000 -0.15625000 0.13281301
v 0.05460678 -0.15625000 0.15625000
v 0.06250000 -0.14062500 0.08979311
v 0.06250000 -0.14843801 0.14062500
v 0.06250000 -0.14744999 0.15625000
v 0.05469045 -0.14062500 0.17187500
v 0.06250000 -0.14062500 0.16307789
v 0.06250000 -0.12500000 0.08772383
v 0.05815179 -0.12500000 0.17187500
v 0.06250000 -0.12500000 0.16752681
v 0.05466904 -0.12500000 0.18750000
v 0.06250000 -0.11897379 0.09375000
v 0.06250000 -0.10937500 0.10156246
v 0.06250000 -0.12059662 0.17187500
v 0.06250000 -0.10937500 0.17961908
v 0.04788014 -0.09375000 0.10937500
v 0.06250000 -0.10153769 0.10937500
v 0.06250000 -0.09375000 0.11716284
v 0.06250000 -0.10156299 0.17187500
v 0.06250000 -0.09375000 0.16398114
v 0.05468780 -0.07812500 -0.03125000
v 0.05468912 -0.07812500 -0.01562500
v 0.05468713 -0.07812500 0.00000000
v 0.05468399 -0.07812500 0.01562500
v 0.05468506 -0.07812500 0.03125000
v 0.06250000 -0.08593764 0.12500000
v 0.06250000 -0.08594397 0.14062500
v 0.06250000 -0.08608678 0.15625000
v 0.06250000 -0.07027904 -0.04687500
v 0.06250000 -0.06250000 -0.05465404
v 0.06250000 -0.07031283 -0.03125000
v 0.06250000 -0.07031412 -0.01562500
v 0.06250000 -0.07031250 0.00000000
v 0.06250000 -0.07031250 0.01562500
v 0.06250000 -0.07031250 0.03125000
v 0.05468751 -0.06250000 0.04687500
v 0.06250000 -0.06250000 0.03906251
v 0.06250000 -0.05457759 -0.23437500
v 0.06250000 -0.04687500 -0.24207762
v 0.06250000 -0.04687500 -0.22666491
v 0.05748885 -0.04687500 -0.06250000
v 0.06250000 -0.04687500 -0.05748885
v 0.06250000 -0.05462881 0.04687500
v 0.06250000 -0.04687500 0.05462880
v 0.06250000 -0.03233582 -0.25000000
v 0.06250000 -0.03125000 -0.25108581
v 0.06250000 -0.03906815 -0.21875000
v 0.06250000 -0.03125000 -0.21093935
v 0.05484155 -0.03125000 -0.07812500
v 0.06250000 -0.04186385 -0.06250000
v 0.06250000 -0.03125000 -0.07046663
v 0.04879825 -0.03125000 0.06250000
v 0.06250000 -0.03125000 0.05468750
v 0.06250000 -0.01562500 -0.25781239
v 0.06250000 -0.01562500 -0.21093752
v 0.06250000 -0.02359162 -0.07812500
v 0.06250000 -0.01562500 -0.08593749
v 0.05468758 -0.01562500 0.06250000
v 0.06250000 -0.01562500 0.05468758
v 0.06250000 0.00000000 -0.25781241
v 0.06250000 0.00000000 -0.21300070
v 0.06250000 0.00000000 -0.08593750
v 0.06250000 -0.00781021 0.06250000
v 0.06250000 0.00000000 0.07031013
v 0.05307746 0.01562500 -0.25000000
v 0.06250000 0.01562500 -0.25745518
v 0.06250000 0.00575327 -0.21875000
v 0.06250000 0.01562500 -0.22655852
v 0.06250000 0.01562500 -0.08593750
v 0.06250000 0.01562500 0.07031047
v 0.06250000 0.01207503 0.20312500
v 0.06250000 0.01562500 0.19957503
v 0.06250000 0.00809869 0.21875000
v 0.06250000 0.01562500 0.22627631
v 0.06250000 0.02308018 -0.25000000
v 0.06250000 0.02343722 -0.23437500
v 0.06250000 0.03125000 -0.08539187
v 0.05473398 0.03125000 0.06250000
v 0.06250000 0.02348195 0.06250000
v 0.06250000 0.03125000 0.05473398
v 0.06250000 0.03125000 0.19471566
v 0.06250000 0.02376971 0.23437500
v 0.06250000 0.03125000 0.24185529
v 0.06250000 0.03851687 -0.07812500
v 0.06250000 0.04687500 -0.07031248
v 0.05629247 0.04687500 0.04687500
v 0.06250000 0.04066747 0.04687500
v 0.06250000 0.04687500 0.04066747
v 0.05000528 0.04687500 0.06250000
v 0.06250000 0.03846837 0.18750000
v 0.06250000 0.04687500 0.17969023
v 0.06250000 0.04687500 0.24173569
v 0.06250000 0.05468748 -0.06250000
v 0.06250000 0.06250000 -0.05467566
v 0.05469696 0.06250000 0.03125000
v 0.06250000 0.05469696 0.03125000
v 0.06250000 0.06250000 0.02344696
v 0.05260400 0.06250000 0.04687500
v 0.06250000 0.06250000 0.18122119
v 0.06250000 0.05423570 0.23437500
v 0.06250000 0.06250000 0.22656251
v 0.06250000 0.07030066 -0.04687500
v 0.06250000 0.07031252 -0.03125000
v 0.06250000 0.07812500 -0.02057082
v 0.05469913 0.07812500 0.01562500
v 0.06250000 0.07032486 0.01562500
v 0.06250000 0.07812500 0.00781871
v 0.06250000 0.06883987 0.18750000
v 0.06250000 0.07812500 0.19524910
v 0.06250000 0.07812500 0.22656241
v 0.06250000 0.08307081 -0.01562500
v 0.06250000 0.08593135 0.00000000
v 0.06250000 0.08622550 0.20312500
v 0.06250000 0.08593741 0.21875000
v 0.05357057 0.15625000 0.12500000
v 0.05365354 0.17187500 0.12500000
v 0.06250000 0.21224146 -0.03125000
v 0.06250000 0.21875000 -0.03980224
v 0.06068832 0.21875000 -0.01562500
v 0.06250000 0.21875000 -0.01802458
v 0.06250000 0.22632894 -0.06250000
v 0.06250000 0.23437500 -0.07031250
v 0.06250000 0.22455060 -0.04687500
v 0.06250000 0.22054186 -0.01562500
v 0.06082046 0.23437500 0.00000000
v 0.06250000 0.23437500 -0.00166534
v 0.06250000 0.24218751 -0.06250000
v 0.06250000 0.24304932 -0.04687500
v 0.06250000 0.25000000 -0.03992135
v 0.06250000 0.25000000 -0.00781517
v 0.06250000 0.25780950 -0.03125000
v 0.06250000 0.25780982 -0.01562500
v 0.06855566 -0.23437500 -0.01562500
v 0.07812500 -0.23494551 -0.01562500
v 0.07812500 -0.23437500 -0.01619551
v 0.07812500 -0.24015010 0.00000000
v 0.07812500 -0.24216639 0.01562500
v 0.07089788 -0.23437500 0.03125000
v 0.07812500 -0.23437500 0.02400483
v 0.07064239 -0.21875000 -0.04687500
v 0.07812500 -0.22619463 -0.04687500
v 0.07812500 -0.21875000 -0.05431963
v 0.07812500 -0.22656251 -0.03125000
v 0.07812500 -0.22715082 0.03125000
v 0.07812500 -0.21875000 0.03906250
v 0.07812500 -0.21129053 -0.04687500
v 0.07812500 -0.20312500 -0.03907737
v 0.07812500 -0.20312500 0.03903686
v 0.07812500 -0.19531250 -0.03125000
v 0.07812500 -0.19530333 -0.01562500
v 0.06974066 -0.18750000 0.00000000
v 0.07812500 -0.19531167 0.00000000
v 0.07812500 -0.19531250 0.01562500
v 0.07812500 -0.19533814 0.03125000
v 0.06901053 -0.15625000 0.09375000
v 0.07121113 -0.15625000 0.10937500
v 0.07039272 -0.15625000 0.12500000
v 0.06645689 -0.14062500 0.09375000
v 0.07812500 -0.14838136 0.10937500
v 0.07812500 -0.14062500 0.10251648
v 0.07812500 -0.14851770 0.12500000
v 0.07278224 -0.14062500 0.14062500
v 0.07812500 -0.14062500 0.13528222
v 0.06932498 -0.14062500 0.15625000
v 0.06853266 -0.12500000 0.09375000
v 0.07812500 -0.12500000 0.10156934
v 0.07812500 -0.13528223 0.14062500
v 0.07038362 -0.12500000 0.15625000
v 0.07812500 -0.12500000 0.14850861
v 0.07812500 -0.10937500 0.10156255
v 0.07812500 -0.11707552 0.15625000
v 0.07024408 -0.10937500 0.17187500
v 0.07812500 -0.10937500 0.16387942
v 0.07812500 -0.10155939 0.10937500
v 0.07812500 -0.09375000 0.11718436
v 0.07812500 -0.09375000 0.16356537
v 0.07812500 -0.08593752 0.12500000
v 0.07812500 -0.08594607 0.14062500
v 0.07812500 -0.08643722 0.15625000
v 0.07027910 -0.06250000 -0.04687500
v 0.07812500 -0.07031084 -0.03125000
v 0.07812500 -0.06250000 -0.03906090
v 0.07812500 -0.07031234 -0.01562500
v 0.07812500 -0.07028853 0.00000000
v 0.07812500 -0.07027135 0.01562500
v 0.07057869 -0.06250000 0.03125000
v 0.07812500 -0.06250000 0.02366259
v 0.07812500 -0.05435324 -0.23437500
v 0.07812500 -0.04687500 -0.24185380
v 0.07812500 -0.04687500 -0.22689300
v 0.07812500 -0.05468756 -0.04687500
v 0.07812500 -0.04687500 -0.05468750
v 0.07812500 -0.05495370 0.03125000
v 0.07025380 -0.04687500 0.04687500
v 0.07812500 -0.04687500 0.03906250
v 0.07812500 -0.03902055 -0.25000000
v 0.07812500 -0.03125000 -0.25776998
v 0.07812500 -0.03906509 -0.21875000
v 0.07812500 -0.03125000 -0.21093868
v 0.07812500 -0.03906249 -0.06250000
v 0.07812500 -0.03125000 -0.07031249
v 0.07812500 -0.03700615 0.04687500
v 0.07812500 -0.03125000 0.05263115
v 0.07812500 -0.01562500 -0.25781250
v 0.07812500 -0.01562500 -0.21093760
v 0.07812500 -0.02342428 -0.07812500
v 0.07812500 -0.01562500 -0.08592428
v 0.07812500 -0.01562500 0.05468750
v 0.07812500 0.00000000 -0.25781301
v 0.06942105 0.00000000 -0.21875000
v 0.07812500 -0.00660444 -0.21875000
v 0.07812500 0.00000000 -0.22535434
v 0.07812500 0.00000000 -0.08593750
v 0.07031987 0.00000000 0.06250000
v 0.07812500 0.00000000 0.05469724
v 0.07812500 0.01562500 -0.25775841
v 0.07812500 0.01562500 -0.22656054
v 0.07812500 0.01562500 -0.08593750
v 0.07031150 0.01562500 0.06250000
v 0.07812500 0.01562500 0.05468853
v 0.06610254 0.01562500 0.20312500
v 0.07812500 0.00879419 0.21875000
v 0.07812500 0.01562500 0.21184581
v 0.07812500 0.01562500 0.22558081
v 0.07812500 0.02338341 -0.25000000
v 0.07812500 0.02343748 -0.23437500
v 0.07812500 0.03125000 -0.08591870
v 0.07812500 0.03125000 0.05441551
v 0.07812500 0.02336303 0.20312500
v 0.07812500 0.03125000 0.19453883
v 0.07812500 0.02527228 0.23437500
v 0.07812500 0.03125000 0.24035271
v 0.07812500 0.03904370 -0.07812500
v 0.07812500 0.04687500 -0.07030986
v 0.07812500 0.03879051 0.04687500
v 0.07812500 0.04687500 0.03900314
v 0.07812500 0.03944341 0.18750000
v 0.07812500 0.04687500 0.18083653
v 0.07812500 0.04687500 0.23662250
v 0.07812500 0.05468486 -0.06250000
v 0.07047804 0.06250000 -0.04687500
v 0.07812500 0.05486487 -0.04687500
v 0.07812500 0.06250000 -0.03923987
v 0.07812500 0.05462814 0.03125000
v 0.07812500 0.06250000 0.02317357
v 0.06920860 0.06250000 0.18750000
v 0.07812500 0.05397458 0.18750000
v 0.07812500 0.06250000 0.19487045
v 0.07812500 0.04912250 0.23437500
v 0.07812500 0.06250000 0.22656250
v 0.07812500 0.07031250 -0.03125000
v 0.06761685 0.07812500 -0.01562500
v 0.07812500 0.07050834 -0.01562500
v 0.07812500 0.07812500 -0.00428276
v 0.07812500 0.07004857 0.01562500
v 0.07812500 0.07812500 0.00412864
v 0.07812500 0.07812500 0.19527320
v 0.07812500 0.07812500 0.22656148
v 0.07812500 0.08225364 0.00000000
v 0.07460599 0.09375000 0.20312500
v 0.07812500 0.09375000 0.19980301
v 0.07812500 0.08593648 0.21875000
v 0.07812500 0.09375000 0.20644699
v 0.07812500 0.09707199 0.20312500
v 0.06977370 0.21875000 -0.04687500
v 0.07812500 0.21243724 -0.04687500
v 0.07812500 0.21875000 -0.05328356
v 0.07403015 0.21875000 -0.03125000
v 0.07812500 0.21875000 -0.03550326
v 0.07812500 0.22646328 -0.06250000
v 0.07812500 0.23437500 -0.07060416
v 0.07812500 0.22191038 -0.03125000
v 0.07812500 0.22656241 -0.01562500
v 0.07812500 0.23437500 -0.00781241
v 0.07812500 0.24219028 -0.06250000
v 0.07812500 0.24624483 -0.04687500
v 0.07812500 0.25000000 -0.04311568
v 0.07812500 0.25000000 -0.00928889
v 0.07812500 0.25780682 -0.03125000
v 0.07812500 0.25633611 -0.01562500
v 0.09375000 -0.23702193 -0.01562500
v 0.09375000 -0.23437500 -0.01827204
v 0.09375000 -0.24043115 0.00000000
v 0.09375000 -0.24120440 0.01562500
v 0.09375000 -0.23437500 0.02245440
v 0.09375000 -0.22655972 -0.04687500
v 0.09375000 -0.21875000 -0.05468472
v 0.09375000 -0.22656269 -0.03125000
v 0.09375000 -0.22655281 0.03125000
v 0.09375000 -0.21875000 0.03905281
v 0.09375000 -0.21093665 -0.04687500
v 0.09375000 -0.20312500 -0.03906613
v 0.09015806 -0.20312500 0.03125000
v 0.09375000 -0.20670565 0.03125000
v 0.09375000 -0.20312500 0.02767619
v 0.09375000 -0.19531250 -0.03125000
v 0.09375000 -0.19530441 -0.01562500
v 0.09375000 -0.19531250 0.00000000
v 0.09375000 -0.19531250 0.01562500
v 0.08498352 -0.14062500 0.10937500
v 0.08593748 -0.14062500 0.12500000
v 0.08592382 -0.12500000 0.10937500
v 0.08594161 -0.12500000 0.12500000
v 0.08593765 -0.12500000 0.14062500
v 0.08593777 -0.10937500 0.10937500
v 0.08649972 -0.10937500 0.12500000
v 0.08608546 -0.10937500 0.14062500
v 0.08575442 -0.10937500 0.15625000
v 0.08596640 -0.09375000 0.12500000
v 0.08593046 -0.09375000 0.14062500
v 0.08543737 -0.09375000 0.15625000
v 0.08606228 -0.06250000 -0.03125000
v 0.08618341 -0.06250000 -0.01562500
v 0.08591382 -0.06250000 0.00000000
v 0.08589645 -0.06250000 0.01562500
v 0.09375000 -0.04934846 -0.23437500
v 0.09375000 -0.04687500 -0.23697982
v 0.09375000 -0.04687500 -0.23190033
v 0.09375000 -0.05468629 -0.04687500
v 0.09375000 -0.04687500 -0.05468628
v 0.09375000 -0.05481394 -0.03125000
v 0.09375000 -0.05493357 -0.01562500
v 0.09375000 -0.05468779 0.00000000
v 0.09375000 -0.05468760 0.01562500
v 0.08648699 -0.04687500 0.03125000
v 0.09375000 -0.04687500 0.02398699
v 0.09375000 -0.03930375 -0.25000000
v 0.09375000 -0.03125000 -0.25781249
v 0.09375000 -0.03906446 -0.21875000
v 0.09375000 -0.03125000 -0.21093782
v 0.09375000 -0.03906207 -0.06250000
v 0.09375000 -0.03125000 -0.07031207
v 0.09375000 -0.03961199 0.03125000
v 0.08388115 -0.03125000 0.04687500
v 0.09375000 -0.03125000 0.03906250
v 0.09375000 -0.01562500 -0.25782381
v 0.09375000 -0.01562500 -0.21093814
v 0.09375000 -0.02341320 -0.07812500
v 0.09375000 -0.01562500 -0.08591319
v 0.09375000 -0.02335624 0.04687500
v 0.09375000 -0.01562500 0.05460624
v 0.08684687 0.00000000 -0.26562500
v 0.09375000 -0.00691378 -0.26562500
v 0.09375000 0.00000000 -0.27252762
v 0.09375000 -0.00640016 -0.21875000
v 0.09375000 0.00000000 -0.22514954
v 0.09375000 0.00000000 -0.08594503
v 0.09375000 0.00000000 0.05468742
v 0.09375000 0.00690262 -0.26562500
v 0.09375000 0.01562500 -0.25781165
v 0.09375000 0.01562500 -0.22524180
v 0.09375000 0.01562500 -0.08594586
v 0.09375000 0.01562500 0.05466442
v 0.09375000 0.01436155 0.21875000
v 0.09375000 0.01562500 0.21748539
v 0.09375000 0.01562500 0.22001346
v 0.09375000 0.02343665 -0.25000000
v 0.09375000 0.02343750 -0.23437500
v 0.09375000 0.03125000 -0.08593750
v 0.08566555 0.03125000 0.04687500
v 0.09375000 0.02341446 0.04687500
v 0.09375000 0.03125000 0.03906254
v 0.09375000 0.02343358 0.20312500
v 0.09375000 0.03125000 0.19423181
v 0.09375000 0.02589727 0.23437500
v 0.09375000 0.03125000 0.23972770
v 0.09375000 0.03906252 -0.07812500
v 0.09375000 0.04687500 -0.07031252
v 0.08587855 0.04687500 0.03125000
v 0.09375000 0.03906292 0.03125000
v 0.09375000 0.04687500 0.02343792
v 0.09375000 0.04372530 0.18750000
v 0.09375000 0.04687500 0.18499297
v 0.08045008 0.04687500 0.23437500
v 0.09375000 0.03674345 0.23437500
v 0.09375000 0.04687500 0.22671776
v 0.09375000 0.05468750 -0.06250000
v 0.08755702 0.06250000 -0.04687500
v 0.09375000 0.06250000 -0.05289903
v 0.08567547 0.06250000 0.01562500
v 0.09375000 0.05468941 0.01562500
v 0.09375000 0.06250000 0.00781441
v 0.09375000 0.04981063 0.18750000
v 0.09375000 0.06250000 0.19456850
v 0.09375000 0.06250000 0.22656250
v 0.09375000 0.06852403 -0.04687500
v 0.09375000 0.07031250 -0.03125000
v 0.09375000 0.07037485 -0.01562500
v 0.08225417 0.07812500 0.00000000
v 0.09375000 0.07031318 0.00000000
v 0.09375000 0.07812500 0.19508918
v 0.09375000 0.07812500 0.22612393
v 0.09375000 0.09375000 0.19536065
v 0.09375000 0.08549893 0.21875000
v 0.09375000 0.09375000 0.21088932
v 0.09375000 0.10151432 0.20312500
v 0.09375000 0.21098304 -0.04687500
v 0.09375000 0.21875000 -0.05469615
v 0.08621359 0.21875000 -0.03125000
v 0.09375000 0.21576414 -0.03125000
v 0.09375000 0.21875000 -0.02826414
v 0.08576049 0.23437500 -0.07812500
v 0.09375000 0.22667725 -0.07812500
v 0.09375000 0.23437500 -0.08582275
v 0.09375000 0.22650830 -0.06250000
v 0.09375000 0.22656250 -0.01562500
v 0.09375000 0.23437500 -0.00781250
v 0.09375000 0.24207275 -0.07812500
v 0.09375000 0.24330090 -0.06250000
v 0.08193081 0.25000000 -0.04687500
v 0.09375000 0.25000000 -0.05573320
v 0.09375000 0.25000000 -0.01006435
v 0.09375000 0.25774348 -0.04687500
v 0.09375000 0.25780426 -0.03125000
v 0.09375000 0.25556065 -0.01562500
v 0.10937500 -0.24080861 -0.01562500
v 0.10937500 -0.23437500 -0.02206247
v 0.10787743 -0.23437500 0.00000000
v 0.10937500 -0.23437500 -0.00136665
v 0.10062964 -0.23437500 0.01562500
v 0.10937500 -0.22654589 -0.04687500
v 0.10937500 -0.21875000 -0.05467089
v 0.10937500 -0.22656648 -0.03125000
v 0.10937500 -0.23339262 0.00000000
v 0.10937500 -0.22661351 0.01562500
v 0.10937500 -0.22165275 0.03125000
v 0.10937500 -0.21875000 0.03415275
v 0.10937500 -0.21095385 -0.04687500
v 0.10937500 -0.20312500 -0.03906276
v 0.10937500 -0.21584348 0.03125000
v 0.10937500 -0.20312500 0.02344367
v 0.10937500 -0.19531250 -0.03125000
v 0.10937500 -0.19516893 -0.01562500
v 0.10937500 -0.19531250 0.00000000
v 0.10937500 -0.19531256 0.01562500
v 0.10323882 -0.06250000 -0.03125000
v 0.10937500 -0.06851598 -0.03125000
v 0.10937500 -0.06250000 -0.03726896
v 0.10138862 -0.06250000 -0.01562500
v 0.10937500 -0.07024027 -0.01562500
v 0.10937500 -0.06250000 -0.00788394
v 0.09643320 -0.04687500 -0.23437500
v 0.10937500 -0.05469065 -0.04687500
v 0.10937500 -0.04687500 -0.05468845
v 0.10937500 -0.05468829 0.00000000
v 0.10937500 -0.05468750 0.01562500
v 0.10937500 -0.04687500 0.02343802
v 0.10937500 -0.03959229 -0.25000000
v 0.10937500 -0.03125000 -0.25782579
v 0.10937500 -0.03944293 -0.23437500
v 0.10937500 -0.03904935 -0.21875000
v 0.10937500 -0.03125000 -0.21095100
v 0.10937500 -0.03906345 -0.06250000
v 0.10937500 -0.03125000 -0.07031498
v 0.10937500 -0.03906302 0.03125000
v 0.10937500 -0.03125000 0.03906250
v 0.10156914 -0.01562500 -0.26562500
v 0.10937500 -0.02343284 -0.26562500
v 0.10937500 -0.01562500 -0.27341955
v 0.10937500 -0.01562500 -0.21098347
v 0.10937500 -0.02343998 -0.07812500
v 0.10937500 -0.01562500 -0.08593749
v 0.10937500 -0.01871201 0.04687500
v 0.10937500 -0.01562500 0.04996201
v 0.10937500 0.00000000 -0.27343700
v 0.10937500 -0.00698255 -0.21875000
v 0.10937500 0.00000000 -0.22568713
v 0.10937500 0.00000000 -0.08881720
v 0.10937500 0.00000000 0.05468657
v 0.10937500 0.00781202 -0.26562500
v 0.10937500 0.01562500 -0.25781244
v 0.10030235 0.01562500 -0.21875000
v 0.10937500 0.00699866 -0.21875000
v 0.10937500 0.01562500 -0.21099976
v 0.10170325 0.01562500 -0.09375000
v 0.10937500 0.00506257 -0.09375000
v 0.10937500 0.01562500 -0.10141339
v 0.10937500 0.01562500 0.04884398
v 0.10937500 0.00855553 0.21875000
v 0.10937500 0.01562500 0.21166123
v 0.10937500 0.01562500 0.22582438
v 0.10937500 0.02343742 -0.25000000
v 0.10937500 0.02343750 -0.23437500
v 0.10937500 0.02337524 -0.21875000
v 0.10937500 0.02328844 -0.09375000
v 0.10937500 0.03125000 -0.08593755
v 0.10937500 0.01759398 0.04687500
v 0.10937500 0.03125000 0.03906250
v 0.10263017 0.03125000 0.18750000
v 0.10937500 0.02554600 0.18750000
v 0.10937500 0.03125000 0.18179600
v 0.10937500 0.02341803 0.20312500
v 0.10937500 0.02664460 0.23437500
v 0.10937500 0.03125000 0.23897628
v 0.10937500 0.04259665 -0.07812500
v 0.10937500 0.04687500 -0.07384665
v 0.10937500 0.03906250 0.03125000
v 0.10937500 0.04687500 0.02343751
v 0.10937500 0.04687500 0.18012884
v 0.10937500 0.03585239 0.23437500
v 0.10937500 0.04687500 0.22656383
v 0.10937500 0.05469271 -0.06250000
v 0.10937500 0.06250000 -0.05469204
v 0.10937500 0.05468750 0.01562500
v 0.10937500 0.06250000 0.00781250
v 0.10116239 0.06250000 0.18750000
v 0.10937500 0.06250000 0.18003308
v 0.10937500 0.06250000 0.22656250
v 0.10937500 0.07031184 -0.04687500
v 0.10937500 0.07031250 -0.03125000
v 0.10937500 0.07035313 -0.01562500
v 0.10937500 0.07031249 0.00000000
v 0.10139650 0.07812500 0.18750000
v 0.10937500 0.07812500 0.17974486
v 0.10119816 0.07812500 0.21875000
v 0.10937500 0.07038692 0.21875000
v 0.10937500 0.07812500 0.21101192
v 0.10937500 0.08592559 0.18750000
v 0.10937500 0.09375000 0.19578250
v 0.10937500 0.09375000 0.21042223
v 0.10937500 0.10104723 0.20312500
v 0.10937500 0.21103542 -0.04687500
v 0.10937500 0.21875000 -0.05509093
v 0.10109636 0.21875000 -0.03125000
v 0.10937500 0.21875000 -0.03460062
v 0.10937500 0.22656912 -0.07812500
v 0.10937500 0.23437500 -0.08593088
v 0.10937500 0.22606148 -0.06250000
v 0.10937500 0.22203511 -0.03125000
v 0.10937500 0.22656250 -0.01562500
v 0.10937500 0.23437500 -0.00781250
v 0.10937500 0.24218088 -0.07812500
v 0.10057190 0.25000000 -0.06250000
v 0.10937500 0.25000000 -0.07018744
v 0.10937500 0.25000000 -0.00794297
v 0.10937500 0.25768744 -0.06250000
v 0.10937500 0.25781028 -0.04687500
v 0.10937500 0.25780834 -0.03125000
v 0.10937500 0.25768203 -0.01562500
v 0.12500000 -0.23740757 -0.01562500
v 0.12500000 -0.23437500 -0.01865783
v 0.12500000 -0.23437500 -0.01252655
v 0.12500000 -0.22151149 -0.04687500
v 0.12500000 -0.21875000 -0.04963649
v 0.12500000 -0.22656292 -0.03125000
v 0.12500000 -0.22666693 0.00000000
v 0.12500000 -0.22656483 0.01562500
v 0.12168646 -0.21875000 0.03125000
v 0.12500000 -0.21875000 0.03034600
v 0.12500000 -0.21598842 -0.04687500
v 0.12500000 -0.20312500 -0.03906264
v 0.12500000 -0.20312500 0.01766404
v 0.12500000 -0.19531250 -0.03125000
v 0.12500000 -0.19531234 -0.01562500
v 0.12500000 -0.19531250 0.00000000
v 0.12500000 -0.20108689 0.01562500
v 0.12500000 -0.07029672 -0.03125000
v 0.12500000 -0.06250000 -0.03998102
v 0.12500000 -0.07031196 -0.01562500
v 0.12500000 -0.06250000 -0.00745681
v 0.11736333 -0.04687500 -0.06250000
v 0.12500000 -0.05451071 -0.06250000
v 0.12500000 -0.04687500 -0.07013571
v 0.12500000 -0.05562157 -0.04687500
v 0.12500000 -0.05504373 0.00000000
v 0.12500000 -0.05468751 0.01562500
v 0.12500000 -0.04687500 0.02343752
v 0.12500000 -0.04000745 -0.25000000
v 0.12500000 -0.03125000 -0.26256690
v 0.12500000 -0.03907035 -0.23437500
v 0.12500000 -0.03687418 -0.21875000
v 0.12500000 -0.03125000 -0.21312583
v 0.11793746 -0.03125000 -0.07812500
v 0.12500000 -0.03831009 -0.07812500
v 0.12500000 -0.03125000 -0.08518509
v 0.12500000 -0.03906252 0.03125000
v 0.12500000 -0.03125000 0.03906250
v 0.12500000 -0.02819190 -0.26562500
v 0.12500000 -0.01562500 -0.27343750
v 0.12500000 -0.01562500 -0.21321064
v 0.12500000 -0.01562500 -0.08593750
v 0.11257024 -0.01562500 0.04687500
v 0.12500000 -0.01562500 0.03923095
v 0.12500000 0.00000000 -0.27343750
v 0.12500000 -0.00940570 -0.21875000
v 0.12500000 0.00000000 -0.22583967
v 0.11434773 0.00000000 -0.09375000
v 0.12500000 -0.00776640 -0.09375000
v 0.12500000 0.00000000 -0.10151639
v 0.12500000 -0.00798089 0.04687500
v 0.12500000 0.00000000 0.05468745
v 0.12500000 0.00788621 -0.26562500
v 0.12500000 0.01562500 -0.25788621
v 0.12500000 0.00709382 -0.21875000
v 0.12500000 0.01562500 -0.21094169
v 0.12500000 0.01562500 -0.10156250
v 0.12500000 0.01562500 0.05390663
v 0.12500000 0.00781419 0.21875000
v 0.12500000 0.01562500 0.21002681
v 0.12199341 0.01562500 0.23437500
v 0.12500000 0.01262149 0.23437500
v 0.12500000 0.01562500 0.23737851
v 0.12500000 0.02343750 -0.25000000
v 0.12500000 0.02343750 -0.23437500
v 0.12500000 0.02343331 -0.21875000
v 0.11798358 0.03125000 -0.09375000
v 0.12500000 0.03125000 -0.10076637
v 0.12500000 0.02265663 0.04687500
v 0.12500000 0.03125000 0.03906248
v 0.12500000 0.02343754 0.18750000
v 0.12500000 0.03125000 0.17968754
v 0.12500000 0.02252515 0.20312500
v 0.12500000 0.03125000 0.24150302
v 0.12500000 0.03826637 -0.09375000
v 0.11365345 0.04687500 -0.07812500
v 0.12500000 0.04687500 -0.08593738
v 0.12500000 0.03906248 0.03125000
v 0.12500000 0.04687500 0.02343750
v 0.12500000 0.04687500 0.17968750
v 0.12500000 0.03837813 0.23437500
v 0.12500000 0.04687500 0.22656261
v 0.12500000 0.05468738 -0.07812500
v 0.11734567 0.06250000 -0.06250000
v 0.12500000 0.06250000 -0.07014913
v 0.12500000 0.05468750 0.01562500
v 0.12500000 0.06250000 0.00781242
v 0.12500000 0.06250000 0.17968750
v 0.12500000 0.06250000 0.22656250
v 0.12500000 0.07014913 -0.06250000
v 0.12500000 0.07031250 -0.04687500
v 0.12500000 0.07031341 -0.03125000
v 0.12500000 0.07033800 -0.01562500
v 0.12500000 0.07031242 0.00000000
v 0.12500000 0.07812500 0.17968750
v 0.12500000 0.07031399 0.21875000
v 0.12500000 0.07812500 0.21093899
v 0.11893478 0.09375000 0.18750000
v 0.12500000 0.09375000 0.18147790
v 0.11856926 0.09375000 0.20312500
v 0.12500000 0.08781265 0.20312500
v 0.12500000 0.09375000 0.19540219
v 0.12500000 0.09977210 0.18750000
v 0.12319928 0.21875000 -0.06250000
v 0.12500000 0.21714401 -0.06250000
v 0.12500000 0.21875000 -0.06410599
v 0.12500000 0.21131555 -0.04687500
v 0.12500000 0.21875000 -0.03818442
v 0.12500000 0.22688741 -0.07812500
v 0.12500000 0.23437500 -0.08561259
v 0.12500000 0.22531316 -0.03125000
v 0.12500000 0.22656252 -0.01562500
v 0.12500000 0.23437500 -0.00781252
v 0.12500000 0.24186259 -0.07812500
v 0.12500000 0.25000000 -0.07029764
v 0.12500000 0.25000000 -0.00783272
v 0.12500000 0.25779764 -0.06250000
v 0.12500000 0.25779040 -0.04687500
v 0.12500000 0.25777052 -0.03125000
v 0.12500000 0.25779228 -0.01562500
v 0.12803493 -0.23437500 -0.01562500
v 0.14062500 -0.22656239 -0.04687500
v 0.14062500 -0.21875000 -0.05468739
v 0.14062500 -0.22657191 -0.03125000
v 0.14062500 -0.22656628 -0.01562500
v 0.14062500 -0.22656857 0.00000000
v 0.14062500 -0.22656277 0.01562500
v 0.12614444 -0.21875000 0.03125000
v 0.14062500 -0.22558210 0.03125000
v 0.14062500 -0.21875000 0.03808210
v 0.14062500 -0.20894078 -0.04687500
v 0.14062500 -0.20312500 -0.04105932
v 0.12703909 -0.20312500 0.01562500
v 0.14062500 -0.21093534 0.01562500
v 0.14062500 -0.20312500 0.00781459
v 0.14062500 -0.21166714 0.03125000
v 0.14062500 -0.19531250 -0.03125000
v 0.14062500 -0.19531248 -0.01562500
v 0.14062500 -0.19531257 0.00000000
v 0.13236811 -0.06250000 -0.04687500
v 0.14062500 -0.06981946 -0.04687500
v 0.14062500 -0.06250000 -0.05420278
v 0.14062500 -0.07031236 -0.03125000
v 0.14062500 -0.07031249 -0.01562500
v 0.13393522 -0.06250000 0.00000000
v 0.14062500 -0.06884318 0.00000000
v 0.14062500 -0.06250000 0.00634460
v 0.14062500 -0.05469585 -0.06250000
v 0.14062500 -0.04687500 -0.07055856
v 0.14062500 -0.05468898 0.01562500
v 0.14062500 -0.04687500 0.02343751
v 0.14062500 -0.04071838 -0.25000000
v 0.14062500 -0.03125000 -0.25794510
v 0.14062500 -0.03906883 -0.23437500
v 0.13122492 -0.03125000 -0.21875000
v 0.14062500 -0.03125000 -0.22592549
v 0.14062500 -0.03930856 -0.07812500
v 0.14062500 -0.03125000 -0.08593751
v 0.14062500 -0.03906251 0.03125000
v 0.14062500 -0.03125000 0.03906250
v 0.14062500 -0.02357010 -0.26562500
v 0.14062500 -0.01562500 -0.27343750
v 0.13099571 -0.01562500 -0.21875000
v 0.14062500 -0.01562500 -0.22607303
v 0.14062500 -0.01562500 -0.08810693
v 0.14062500 -0.01562500 0.03906333
v 0.14062500 0.00000000 -0.27343750
v 0.14062500 0.00000000 -0.22120831
v 0.14062500 -0.00998193 -0.09375000
v 0.14062500 0.00000000 -0.10156250
v 0.14062500 -0.00780969 0.04687500
v 0.14062500 0.00000000 0.05468387
v 0.13341165 0.01562500 -0.26562500
v 0.14062500 0.01562500 -0.27276512
v 0.13775514 0.01562500 -0.21875000
v 0.14062500 0.01562500 -0.22161742
v 0.14062500 0.01562500 -0.10156254
v 0.14062500 0.01562500 0.05429775
v 0.14062500 0.00781263 0.21875000
v 0.14062500 0.01562500 0.20824197
v 0.12800368 0.01562500 0.23437500
v 0.14062500 0.01562500 0.22656264
v 0.14062500 0.02276512 -0.26562500
v 0.14062500 0.02343750 -0.25000000
v 0.14062500 0.02343737 -0.23437500
v 0.14062500 0.03125000 -0.10156248
v 0.14062500 0.02304775 0.04687500
v 0.14062500 0.03125000 0.03906248
v 0.14062500 0.02343750 0.18750000
v 0.14062500 0.03125000 0.17968735
v 0.14062500 0.02074186 0.20312500
v 0.13214591 0.03125000 0.23437500
v 0.14062500 0.03125000 0.22658052
v 0.14062500 0.03906246 -0.09375000
v 0.14062500 0.04687500 -0.08593750
v 0.14062500 0.03906248 0.03125000
v 0.14062500 0.04687500 0.02343750
v 0.14062500 0.04687500 0.17968574
v 0.14062500 0.04687500 0.22656250
v 0.14062500 0.05468827 -0.07812500
v 0.14062500 0.06250000 -0.07031327
v 0.14062500 0.05468750 0.01562500
v 0.14062500 0.06250000 0.00781246
v 0.14062500 0.06250000 0.17968695
v 0.14062500 0.06250000 0.22656250
v 0.14062500 0.07031339 -0.06250000
v 0.14062500 0.07031509 -0.04687500
v 0.14062500 0.07032032 -0.03125000
v 0.14062500 0.07031363 -0.01562500
v 0.14062500 0.07031246 0.00000000
v 0.14062500 0.07812500 0.17968743
v 0.14062500 0.07031255 0.21875000
v 0.14062500 0.07812500 0.21093755
v 0.13298119 0.09375000 0.18750000
v 0.14062500 0.08788694 0.18750000
v 0.14062500 0.08595677 0.20312500
v 0.14062500 0.21096764 -0.06250000
v 0.14062500 0.21875000 -0.07028238
v 0.14062500 0.21275305 -0.04687500
v 0.14062500 0.21875000 -0.04019297
v 0.13298012 0.23437500 -0.07812500
v 0.14062500 0.23437500 -0.07080458
v 0.14062500 0.22585358 -0.03125000
v 0.14062500 0.22660398 -0.01562500
v 0.14062500 0.23437500 -0.00785404
v 0.14062500 0.25000000 -0.07031024
v 0.13424226 0.25000000 -0.04687500
v 0.14062500 0.24363861 -0.04687500
v 0.14062500 0.25000000 -0.05323857
v 0.13449630 0.25000000 -0.03125000
v 0.14062500 0.24391129 -0.03125000
v 0.13283401 0.25000000 -0.01562500
v 0.14062500 0.24218768 -0.01562500
v 0.14062500 0.25781024 -0.06250000
v 0.14871677 -0.23437500 -0.03125000
v 0.15625000 -0.24189884 -0.03125000
v 0.15625000 -0.23437500 -0.03887617
v 0.15177031 -0.23437500 -0.01562500
v 0.15625000 -0.23885160 -0.01562500
v 0.15625000 -0.23437500 -0.00981322
v 0.15625000 -0.22666492 -0.04687500
v 0.15625000 -0.21875000 -0.05468761
v 0.15625000 -0.22806161 0.00000000
v 0.15625000 -0.22656250 0.01562500
v 0.14985254 -0.21875000 0.03125000
v 0.15625000 -0.21875000 0.02577971
v 0.14644069 -0.20312500 -0.04687500
v 0.15625000 -0.20312500 -0.05468751
v 0.15625000 -0.21093542 0.01562500
v 0.15625000 -0.20312500 0.00781363
v 0.15625000 -0.19531251 -0.04687500
v 0.15625000 -0.19530047 -0.03125000
v 0.15625000 -0.19531244 -0.01562500
v 0.15625000 -0.19531345 0.00000000
v 0.14843125 -0.06250000 -0.06250000
v 0.15625000 -0.07031040 -0.06250000
v 0.15625000 -0.06250000 -0.07032605
v 0.15625000 -0.07031223 -0.04687500
v 0.15625000 -0.07031250 -0.03125000
v 0.15625000 -0.07031250 -0.01562500
v 0.15625000 -0.06977503 0.00000000
v 0.15625000 -0.06250000 0.00727507
v 0.14819144 -0.04687500 -0.07812500
v 0.15625000 -0.05470315 -0.07812500
v 0.15625000 -0.04687500 -0.08593775
v 0.15625000 -0.05468754 0.01562500
v 0.15625000 -0.04687500 0.02343750
v 0.15625000 -0.03925903 -0.25000000
v 0.15625000 -0.03125000 -0.25781251
v 0.15625000 -0.03907197 -0.23437500
v 0.15625000 -0.03125000 -0.22653635
v 0.14844464 -0.03125000 -0.09375000
v 0.15625000 -0.03905560 -0.09375000
v 0.15625000 -0.03125000 -0.10155535
v 0.15625000 -0.03906250 0.03125000
v 0.15625000 -0.03125000 0.03906250
v 0.15625000 -0.02343596 -0.26562500
v 0.15625000 -0.01562500 -0.27343595
v 0.15625000 -0.01562500 -0.22654932
v 0.14626807 -0.01562500 -0.09375000
v 0.15625000 -0.01562500 -0.10188904
v 0.15625000 -0.01562500 0.03906256
v 0.15625000 0.00000000 -0.27343708
v 0.14365315 0.00000000 -0.21875000
v 0.15625000 -0.00684351 -0.21875000
v 0.15625000 0.00000000 -0.21191947
v 0.14877473 0.00000000 -0.10937500
v 0.15625000 -0.00780179 -0.10937500
v 0.15625000 0.00000000 -0.11685026
v 0.15625000 -0.00604616 0.04687500
v 0.15625000 0.00000000 0.05292110
v 0.15625000 0.01562500 -0.27170532
v 0.15625000 0.00683347 -0.21875000
v 0.15625000 0.01562500 -0.22677358
v 0.14911898 0.01562500 -0.10937500
v 0.15625000 0.01562500 -0.11650597
v 0.15625000 0.01562500 0.05097494
v 0.14999719 0.01562500 0.20312500
v 0.15625000 0.01179360 0.20312500
v 0.15625000 0.01562500 0.19929286
v 0.15625000 0.00781309 0.21875000
v 0.15625000 0.01562500 0.22656191
v 0.15625000 0.02170532 -0.26562500
v 0.15625000 0.02343822 -0.25000000
v 0.15625000 0.02322344 -0.23437500
v 0.14958860 0.03125000 -0.10937500
v 0.15625000 0.03125000 -0.11603638
v 0.15625000 0.01972494 0.04687500
v 0.15625000 0.03125000 0.03906249
v 0.15625000 0.02343650 0.18750000
v 0.15625000 0.03125000 0.17968350
v 0.15625000 0.03125000 0.22656250
v 0.15625000 0.03791138 -0.10937500
v 0.15625000 0.03957375 -0.09375000
v 0.15625000 0.04687500 -0.08644875
v 0.15625000 0.03906250 0.03125000
v 0.15625000 0.04687500 0.02343750
v 0.15625000 0.04687500 0.17954335
v 0.15625000 0.04687500 0.22656250
v 0.14844841 0.06250000 -0.07812500
v 0.15625000 0.06250000 -0.08592581
v 0.15625000 0.05468752 0.01562500
v 0.15625000 0.06250000 0.00781252
v 0.15625000 0.06250000 0.17951861
v 0.15625000 0.06250000 0.22656249
v 0.15625000 0.07030081 -0.07812500
v 0.14846732 0.07812500 -0.06250000
v 0.15625000 0.07812500 -0.07028178
v 0.14844135 0.07812500 -0.04687500
v 0.14843254 0.07812500 -0.03125000
v 0.15487948 0.07812500 -0.01562500
v 0.15625000 0.07031250 0.00000000
v 0.15625000 0.07812500 -0.01425484
v 0.15625000 0.07812500 0.17954351
v 0.15625000 0.07031251 0.21875000
v 0.15625000 0.07812500 0.21093751
v 0.15625000 0.08590678 -0.06250000
v 0.15625000 0.08593107 -0.04687500
v 0.15625000 0.08593464 -0.03125000
v 0.15625000 0.07949516 -0.01562500
v 0.15625000 0.08925022 0.18750000
v 0.15625000 0.08593753 0.20312500
v 0.15625000 0.21093753 -0.06250000
v 0.15625000 0.21875000 -0.07193571
v 0.15625000 0.21094016 -0.04687500
v 0.15625000 0.21875000 -0.03755027
v 0.15625000 0.23437500 -0.07039669
v 0.15625000 0.22504770 -0.03125000
v 0.15625000 0.22766398 -0.01562500
v 0.15625000 0.23437500 -0.00891454
v 0.15625000 0.25000000 -0.07031250
v 0.15625000 0.24270732 -0.04687500
v 0.15625000 0.25000000 -0.05416768
v 0.15625000 0.24219247 -0.03125000
v 0.15625000 0.24108546 -0.01562500
v 0.15625000 0.25781250 -0.06250000
v 0.16397144 -0.23437500 -0.04687500
v 0.17187500 -0.24217613 -0.04687500
v 0.17187500 -0.23437500 -0.05467613
v 0.17187500 -0.24218749 -0.03125000
v 0.17187500 -0.24218742 -0.01562500
v 0.16256435 -0.23437500 0.00000000
v 0.17187500 -0.24218650 0.00000000
v 0.17187500 -0.23437500 0.00781284
v 0.17187500 -0.21875000 -0.05468948
v 0.17187500 -0.22656384 0.01562500
v 0.17187500 -0.21875000 0.02347019
v 0.17187500 -0.20312500 -0.05469200
v 0.16408420 -0.20312500 0.01562500
v 0.17187500 -0.20312500 0.02532791
v 0.17187500 -0.19530761 -0.04687500
v 0.16465901 -0.18750000 -0.03125000
v 0.17187500 -0.18750000 -0.03845889
v 0.17187500 -0.19319926 -0.01562500
v 0.17187500 -0.18750000 -0.02190035
v 0.17187500 -0.19531250 0.00000000
v 0.17187500 -0.19533628 0.01562500
v 0.17187500 -0.18029597 -0.03125000
v 0.16404982 -0.06250000 -0.07812500
v 0.17187500 -0.07030952 -0.07812500
v 0.17187500 -0.06250000 -0.08593452
v 0.17187500 -0.07033481 -0.06250000
v 0.17187500 -0.07110988 -0.04687500
v 0.17187500 -0.07031312 -0.03125000
v 0.17187500 -0.07031249 -0.01562500
v 0.17187500 -0.06990044 0.00000000
v 0.17187500 -0.06250000 0.00740045
v 0.16408860 -0.04687500 -0.09375000
v 0.17187500 -0.05466114 -0.09375000
v 0.17187500 -0.04687500 -0.10153614
v 0.17187500 -0.05468752 0.01562500
v 0.17187500 -0.04687500 0.02343750
v 0.17187500 -0.03906492 -0.25000000
v 0.17187500 -0.03125000 -0.25781250
v 0.17187500 -0.03907300 -0.23437500
v 0.17187500 -0.03125000 -0.22656164
v 0.17187500 -0.03125000 -0.10205998
v 0.17187500 -0.03906249 0.03125000
v 0.17187500 -0.03125000 0.03906249
v 0.16406095 -0.01562500 -0.26562500
v 0.17187500 -0.01562500 -0.25781250
v 0.17187500 -0.01562500 -0.22655767
v 0.16373601 -0.01562500 -0.10937500
v 0.17187500 -0.02393492 -0.10937500
v 0.17187500 -0.01562500 -0.11718748
v 0.17187500 -0.01562500 0.03906370
v 0.16406210 0.00000000 -0.26562500
v 0.17187500 0.00000000 -0.25764296
v 0.17187500 -0.00655303 -0.21875000
v 0.17187500 0.00000000 -0.21220173
v 0.17187500 0.00000000 -0.11718798
v 0.17187500 -0.00093952 0.04687500
v 0.17187500 0.00000000 0.04781425
v 0.16233033 0.01562500 -0.26562500
v 0.17187500 0.01562500 -0.25781173
v 0.16741780 0.01562500 -0.23437500
v 0.17187500 0.01107670 -0.23437500
v 0.17187500 0.01562500 -0.23866027
v 0.17187500 0.00654827 -0.21875000
v 0.17187500 0.01562500 -0.11718756
v 0.17187500 0.01562500 0.05439494
v 0.17187500 0.00809984 0.20312500
v 0.17187500 0.01562500 0.19523331
v 0.16646392 0.01562500 0.21875000
v 0.17187500 0.01562500 0.21307629
v 0.17187500 0.02567901 -0.25000000
v 0.17187500 0.03125000 -0.11718734
v 0.17187500 0.02315532 0.04687500
v 0.17187500 0.03125000 0.03907290
v 0.17187500 0.02307111 0.18750000
v 0.17187500 0.03125000 0.17968077
v 0.17187500 0.02105362 0.21875000
v 0.17187500 0.03125000 0.22654256
v 0.17187500 0.03906234 -0.10937500
v 0.16355168 0.04687500 -0.09375000
v 0.17187500 0.04687500 -0.10156208
v 0.17187500 0.03907136 0.03125000
v 0.17187500 0.04687500 0.02344637
v 0.17187500 0.04687500 0.17733134
v 0.17187500 0.04687500 0.22656211
v 0.17187500 0.05468708 -0.09375000
v 0.17187500 0.06250000 -0.08593750
v 0.17187500 0.05507322 0.01562500
v 0.17187500 0.06250000 0.00819822
v 0.16416910 0.06250000 0.17187500
v 0.17187500 0.05258439 0.17187500
v 0.17187500 0.06250000 0.16433791
v 0.17187500 0.06250000 0.22652137
v 0.17187500 0.07299513 -0.07812500
v 0.17187500 0.07812500 -0.07299513
v 0.17187500 0.07215611 0.00000000
v 0.17187500 0.07812500 -0.00596889
v 0.16483255 0.07812500 0.17187500
v 0.17187500 0.07812500 0.16497489
v 0.17187500 0.07027137 0.21875000
v 0.17187500 0.07812500 0.21093750
v 0.17187500 0.08593881 -0.06250000
v 0.17187500 0.08595460 -0.04687500
v 0.17187500 0.08594068 -0.03125000
v 0.17187500 0.08593749 -0.01562500
v 0.17187500 0.08502515 0.17187500
v 0.17187500 0.08600018 0.18750000
v 0.17187500 0.08593750 0.20312500
v 0.16243937 0.21875000 -0.07812500
v 0.17187500 0.21093762 -0.07812500
v 0.17187500 0.21875000 -0.08593738
v 0.17187500 0.21093723 -0.06250000
v 0.17187500 0.21093629 -0.04687500
v 0.16256131 0.21875000 -0.03125000
v 0.17187500 0.21095163 -0.03125000
v 0.17187500 0.21875000 -0.02335079
v 0.16568192 0.23437500 -0.07812500
v 0.17187500 0.23437500 -0.08423770
v 0.17187500 0.22664324 -0.01562500
v 0.17187500 0.23437500 -0.00799406
v 0.17187500 0.24048770 -0.07812500
v 0.17187500 0.25000000 -0.07031247
v 0.17187500 0.24588557 -0.04687500
v 0.17187500 0.25000000 -0.05098945
v 0.17187500 0.24218753 -0.03125000
v 0.17187500 0.24200594 -0.01562500
v 0.17187500 0.25781247 -0.06250000
v 0.18750000 -0.23674597 -0.04687500
v 0.18750000 -0.23437500 -0.04924597
v 0.18750000 -0.24218742 -0.03125000
v 0.18750000 -0.24218749 -0.01562500
v 0.18750000 -0.24218741 0.00000000
v 0.18066424 -0.23437500 0.01562500
v 0.18750000 -0.24120944 0.01562500
v 0.18750000 -0.23437500 0.02245944
v 0.18750000 -0.21875000 -0.05470054
v 0.17988505 -0.21875000 0.03125000
v 0.18750000 -0.22633228 0.03125000
v 0.18750000 -0.21875000 0.03883228
v 0.18750000 -0.20312500 -0.05541285
v 0.18681208 -0.20312500 0.03125000
v 0.18750000 -0.20312500 0.03167467
v 0.18750000 -0.19455475 -0.04687500
v 0.18750000 -0.18750000 -0.03981964
v 0.17757485 -0.18750000 -0.01562500
v 0.18239746 -0.18750000 0.00000000
v 0.18750000 -0.19531250 0.01562500
v 0.18750000 -0.18750000 0.00510254
v 0.18750000 -0.20270033 0.03125000
v 0.18750000 -0.17968812 -0.03125000
v 0.18750000 -0.17968813 -0.01562500
v 0.18750000 -0.18239746 0.00000000
v 0.17983773 -0.07812500 -0.06250000
v 0.18750000 -0.08576498 -0.06250000
v 0.18750000 -0.07812500 -0.07014170
v 0.17889419 -0.07812500 -0.04687500
v 0.18750000 -0.08593338 -0.04687500
v 0.17978289 -0.07812500 -0.03125000
v 0.18750000 -0.08584149 -0.03125000
v 0.18750000 -0.07812500 -0.02346165
v 0.18750000 -0.07031422 -0.07812500
v 0.18750000 -0.06250000 -0.08593819
v 0.18750000 -0.07038436 -0.01562500
v 0.18750000 -0.07030921 0.00000000
v 0.18750000 -0.06250000 0.00781007
v 0.18041401 -0.04687500 -0.23437500
v 0.18750000 -0.05395048 -0.23437500
v 0.18750000 -0.04687500 -0.24145049
v 0.18750000 -0.04687500 -0.22729932
v 0.18750000 -0.05468820 -0.09375000
v 0.18750000 -0.04687500 -0.10156276
v 0.18750000 -0.05468849 0.01562500
v 0.18750000 -0.04687500 0.02343752
v 0.18750000 -0.03906171 -0.25000000
v 0.18750000 -0.03125000 -0.25781170
v 0.18750000 -0.03125000 -0.22645880
v 0.17920079 -0.03125000 -0.10937500
v 0.18750000 -0.03905196 -0.10937500
v 0.18750000 -0.03125000 -0.11721600
v 0.18750000 -0.03906252 0.03125000
v 0.18750000 -0.03125000 0.03906250
v 0.17999165 -0.01562500 -0.25000000
v 0.18750000 -0.02313415 -0.25000000
v 0.18750000 -0.01562500 -0.24249165
v 0.18282193 -0.01562500 -0.21875000
v 0.18750000 -0.02038640 -0.21875000
v 0.18750000 -0.01562500 -0.21407602
v 0.17969969 -0.01562500 -0.12500000
v 0.18750000 -0.02346458 -0.12500000
v 0.18750000 -0.01562500 -0.13287661
v 0.18750000 -0.01562500 0.03913448
v 0.17951836 0.00000000 -0.25000000
v 0.18750000 0.00000000 -0.23670133
v 0.18750000 0.00000000 -0.21093957
v 0.17969004 0.00000000 -0.12500000
v 0.18750000 0.00000000 -0.13287131
v 0.18750000 -0.00788271 0.04687500
v 0.18750000 0.00000000 0.05468573
v 0.18037645 0.01562500 -0.25000000
v 0.17618284 0.01562500 -0.23437500
v 0.18750000 0.01562500 -0.24284836
v 0.18530134 0.01562500 -0.21875000
v 0.18750000 0.01562500 -0.21655134
v 0.17969724 0.01562500 -0.12500000
v 0.18750000 0.01562500 -0.13280278
v 0.18750000 0.01562500 0.05468749
v 0.18660382 0.01562500 0.18750000
v 0.18750000 0.01480490 0.18750000
v 0.18750000 0.01562500 0.18667990
v 0.18477082 0.01562500 0.20312500
v 0.18750000 0.01562500 0.19093449
v 0.18750000 0.02612238 -0.23437500
v 0.18750000 0.01782366 -0.21875000
v 0.18750000 0.02374983 -0.12500000
v 0.18750000 0.03125000 -0.11750963
v 0.17973378 0.03125000 0.04687500
v 0.18750000 0.03125000 0.05463082
v 0.18750000 0.03125000 0.17964149
v 0.18750000 0.01819236 0.20312500
v 0.17966775 0.03125000 0.21875000
v 0.18750000 0.03125000 0.21093769
v 0.18750000 0.04183454 -0.10937500
v 0.18750000 0.04687500 -0.10433454
v 0.17969687 0.04687500 0.03125000
v 0.18750000 0.03900591 0.04687500
v 0.18750000 0.04687500 0.03904435
v 0.17928501 0.04687500 0.17187500
v 0.18750000 0.04100388 0.17187500
v 0.18750000 0.04687500 0.16604701
v 0.17968806 0.04687500 0.21875000
v 0.18750000 0.04687500 0.21093845
v 0.18750000 0.05529793 -0.09375000
v 0.18750000 0.06250000 -0.08654793
v 0.17930211 0.06250000 0.01562500
v 0.18750000 0.05466927 0.03125000
v 0.18750000 0.06250000 0.02343717
v 0.18750000 0.06250000 0.16406252
v 0.17964689 0.06250000 0.21875000
v 0.18750000 0.06250000 0.21093801
v 0.17700489 0.07812500 -0.07812500
v 0.18750000 0.07812500 -0.08593748
v 0.17784409 0.07812500 0.00000000
v 0.18750000 0.07031218 0.01562500
v 0.18750000 0.07812500 0.00781230
v 0.18750000 0.07812500 0.16406260
v 0.18750000 0.07812500 0.21093749
v 0.18750000 0.08594013 -0.07812500
v 0.17968691 0.09375000 -0.06250000
v 0.18750000 0.09375000 -0.07031443
v 0.17967042 0.09375000 -0.04687500
v 0.17968470 0.09375000 -0.03125000
v 0.18011718 0.09375000 -0.01562500
v 0.18750000 0.08593734 0.00000000
v 0.18750000 0.09375000 -0.00824213
v 0.18722670 0.09375000 0.17187500
v 0.18750000 0.09375000 0.17160170
v 0.18750000 0.08597135 0.18750000
v 0.18750000 0.09375000 0.17215064
v 0.18750000 0.08593749 0.20312500
v 0.18750000 0.10156201 -0.06250000
v 0.18750000 0.10156425 -0.04687500
v 0.18750000 0.10156223 -0.03125000
v 0.18750000 0.10113282 -0.01562500
v 0.18750000 0.09402330 0.17187500
v 0.17979858 0.20312500 -0.06250000
v 0.18750000 0.19542140 -0.06250000
v 0.18750000 0.20312500 -0.07284519
v 0.17968638 0.20312500 -0.04687500
v 0.18750000 0.19531229 -0.04687500
v 0.18750000 0.20312500 -0.03905724
v 0.18750000 0.20830563 -0.07812500
v 0.18750000 0.21875000 -0.08593750
v 0.18750000 0.21093214 -0.03125000
v 0.18750000 0.21875000 -0.02327504
v 0.18750000 0.23437500 -0.08591556
v 0.18750000 0.22640039 -0.01562500
v 0.18750000 0.23437500 -0.00781284
v 0.18750000 0.24216556 -0.07812500
v 0.18750000 0.25000000 -0.06759511
v 0.18750000 0.24218865 -0.04687500
v 0.18750000 0.25000000 -0.05740387
v 0.18750000 0.24218745 -0.03125000
v 0.18750000 0.24218716 -0.01562500
v 0.18750000 0.25509511 -0.06250000
v 0.18987098 -0.23437500 -0.04687500
v 0.19531257 -0.23437500 -0.03125000
v 0.19531406 -0.23437500 -0.01562500
v 0.19531424 -0.23437500 0.00000000
v 0.19433988 -0.23437500 0.01562500
v 0.20312500 -0.22656254 -0.04687500
v 0.20312500 -0.21875000 -0.05477414
v 0.20312500 -0.22656265 -0.03125000
v 0.20312500 -0.22656406 -0.01562500
v 0.20312500 -0.22656434 0.00000000
v 0.20312500 -0.22656803 0.01562500
v 0.19883411 -0.21875000 0.03125000
v 0.20312500 -0.21875000 0.02714015
v 0.19466070 -0.20312500 -0.06250000
v 0.20312500 -0.21095001 -0.06250000
v 0.20312500 -0.20312500 -0.07023837
v 0.20312500 -0.21448184 0.03125000
v 0.20312500 -0.20312500 0.03886083
v 0.20312500 -0.19538629 -0.06250000
v 0.19460295 -0.18750000 -0.04687500
v 0.20312500 -0.18750000 -0.05463920
v 0.20312500 -0.19530574 0.01562500
v 0.20312500 -0.18750000 0.00781921
v 0.20312500 -0.19551417 0.03125000
v 0.20312500 -0.17973614 -0.04687500
v 0.20312500 -0.17968010 -0.03125000
v 0.20312500 -0.17966066 -0.01562500
v 0.20312500 -0.17968754 0.00000000
v 0.19550696 -0.09375000 -0.06250000
v 0.20312500 -0.10136803 -0.06250000
v 0.20312500 -0.09375000 -0.07012438
v 0.20289866 -0.09375000 -0.04687500
v 0.20312500 -0.09397634 -0.04687500
v 0.20188844 -0.09375000 -0.03125000
v 0.20312500 -0.09498657 -0.03125000
v 0.19627754 -0.09375000 -0.01562500
v 0.20312500 -0.10059831 -0.01562500
v 0.20312500 -0.09375000 -0.00872853
v 0.19559379 -0.07812500 -0.07812500
v 0.20312500 -0.08566082 -0.07812500
v 0.20312500 -0.07812500 -0.08565447
v 0.19524065 -0.07812500 -0.01562500
v 0.19532813 -0.07812500 0.00000000
v 0.20312500 -0.08597148 0.00000000
v 0.20312500 -0.07812500 0.00779679
v 0.20312500 -0.06250000 -0.08598642
v 0.20260184 -0.06250000 0.01562500
v 0.20312500 -0.06302303 0.01562500
v 0.20312500 -0.06250000 0.01614803
v 0.20312500 -0.05426818 -0.23437500
v 0.20312500 -0.04687500 -0.24176818
v 0.20312500 -0.04687500 -0.22603246
v 0.20312500 -0.05473641 -0.09375000
v 0.20312500 -0.04687500 -0.10156311
v 0.20312500 -0.04687500 0.02343800
v 0.19531170 -0.03125000 -0.25000000
v 0.20312500 -0.03125000 -0.24218750
v 0.19520955 -0.03125000 -0.21875000
v 0.20312500 -0.04000768 -0.21875000
v 0.19627426 -0.03125000 -0.20312500
v 0.20312500 -0.03810082 -0.20312500
v 0.20047568 -0.03125000 -0.18750000
v 0.20312500 -0.03389932 -0.18750000
v 0.19629590 -0.03125000 -0.17187500
v 0.20312500 -0.03807910 -0.17187500
v 0.20312500 -0.03125000 -0.16405226
v 0.20312500 -0.03906112 -0.10937500
v 0.20312500 -0.03125000 -0.11746374
v 0.20312500 -0.03906300 0.03125000
v 0.20312500 -0.03125000 0.03906251
v 0.20312500 -0.01562500 -0.24218658
v 0.19531530 -0.01562500 -0.20312500
v 0.19588493 -0.01562500 -0.18750000
v 0.19677695 -0.01562500 -0.17187500
v 0.19568495 -0.01562500 -0.15625000
v 0.20312500 -0.02406231 -0.15625000
v 0.19523621 -0.01562500 -0.14062500
v 0.20312500 -0.02344201 -0.14062500
v 0.20312500 -0.02371574 -0.12500000
v 0.19524420 -0.01562500 0.04687500
v 0.20312500 -0.02343383 0.04687500
v 0.20312500 -0.01562500 0.05468387
v 0.18982856 0.00000000 -0.23437500
v 0.20312500 -0.00780860 -0.23437500
v 0.20312500 0.00000000 -0.22656732
v 0.19531266 0.00000000 -0.20312500
v 0.19554034 0.00000000 -0.18750000
v 0.20312500 -0.00427482 -0.17187500
v 0.20312500 0.00000000 -0.17522782
v 0.19632385 0.00000000 -0.15625000
v 0.20312500 0.00000000 -0.16795966
v 0.19525067 0.00000000 -0.14062500
v 0.20312500 0.00000000 0.05523325
v 0.20312500 0.00813120 -0.23437500
v 0.20312500 0.01562500 -0.24186399
v 0.19531254 0.01562500 -0.20312500
v 0.19531649 0.01562500 -0.18750000
v 0.19678510 0.01562500 -0.17187500
v 0.20312500 0.00428154 -0.17187500
v 0.19651742 0.01562500 -0.15625000
v 0.19531245 0.01562500 -0.14062500
v 0.20312500 0.01562500 0.05473921
v 0.20312500 0.01302346 0.18750000
v 0.20312500 0.01562500 0.18489836
v 0.20082948 0.01562500 0.20312500
v 0.20312500 0.01511326 0.20312500
v 0.20312500 0.01562500 0.20363674
v 0.19260633 0.03125000 -0.23437500
v 0.20312500 0.03125000 -0.24218259
v 0.19535494 0.03125000 -0.21875000
v 0.20312500 0.02343762 -0.20312500
v 0.20312500 0.03125000 -0.21097978
v 0.20312500 0.02343351 -0.18750000
v 0.20312500 0.02196490 -0.17187500
v 0.20312500 0.02223841 -0.15625000
v 0.19598261 0.03125000 -0.14062500
v 0.20312500 0.03125000 -0.14777332
v 0.19499037 0.03125000 -0.12500000
v 0.20312500 0.03125000 0.05468750
v 0.19529627 0.03125000 0.17187500
v 0.20312500 0.02346712 0.17187500
v 0.20312500 0.03125000 0.16409228
v 0.20312500 0.03125000 0.21093745
v 0.20312500 0.03905759 -0.23437500
v 0.20312500 0.03902006 -0.21875000
v 0.20312500 0.03839239 -0.14062500
v 0.20312500 0.03922576 -0.12500000
v 0.19254077 0.04687500 -0.10937500
v 0.20312500 0.04687500 -0.11735040
v 0.19550926 0.04687500 0.04687500
v 0.20312500 0.04687500 0.05449065
v 0.20312500 0.04687500 0.16405547
v 0.20312500 0.04687500 0.21093750
v 0.20312500 0.05468729 -0.10937500
v 0.19473225 0.06250000 -0.09375000
v 0.20312500 0.06250000 -0.10153229
v 0.20312500 0.05983694 0.03125000
v 0.20312500 0.06250000 0.02858693
v 0.20312500 0.05449065 0.04687500
v 0.20312500 0.06250000 0.16406146
v 0.20312500 0.06250000 0.21093750
v 0.20312500 0.07028347 -0.09375000
v 0.20312500 0.07812500 -0.08593883
v 0.20312500 0.07031331 0.01562500
v 0.20312500 0.07812500 0.00781332
v 0.20312500 0.07812500 0.16406247
v 0.20312500 0.07812500 0.21093672
v 0.19533378 0.09375000 -0.07812500
v 0.20312500 0.09375000 -0.08591357
v 0.20312500 0.08645823 0.00000000
v 0.20312500 0.09375000 -0.00729177
v 0.20312500 0.09375000 0.16407197
v 0.20312500 0.08642989 0.18750000
v 0.20312500 0.09375000 0.18017043
v 0.20312500 0.08593672 0.20312500
v 0.20312500 0.10153946 -0.07812500
v 0.19531345 0.10937500 -0.06250000
v 0.20312500 0.10937500 -0.07031221
v 0.19531075 0.10937500 -0.04687500
v 0.19531244 0.10937500 -0.03125000
v 0.19535270 0.10937500 -0.01562500
v 0.20312500 0.10937500 -0.00785270
v 0.20312500 0.10155301 0.17187500
v 0.19703838 0.12500000 -0.06250000
v 0.20312500 0.12500000 -0.06858662
v 0.19534123 0.12500000 -0.04687500
v 0.19538893 0.12500000 -0.03125000
v 0.20312500 0.12072984 -0.01562500
v 0.20312500 0.12500000 -0.01992400
v 0.20312500 0.13116223 -0.06250000
v 0.20312500 0.13291032 -0.04687500
v 0.20312500 0.13273665 -0.03125000
v 0.19548678 0.18750000 -0.06250000
v 0.20312500 0.17954291 -0.06250000
v 0.20312500 0.18750000 -0.07013683
v 0.19531245 0.18750000 -0.04687500
v 0.20312500 0.17944670 -0.04687500
v 0.20312500 0.18750000 -0.03906206
v 0.19278573 0.20312500 -0.07812500
v 0.20312500 0.19542940 -0.07812500
v 0.20312500 0.20312500 -0.08624712
v 0.19541403 0.20312500 -0.03125000
v 0.20312500 0.19541869 -0.03125000
v 0.20312500 0.20312500 -0.02354438
v 0.20312500 0.21875000 -0.08593583
v 0.20312500 0.21875000 -0.02335777
v 0.19529069 0.23437500 -0.07812500
v 0.20312500 0.22656095 -0.07812500
v 0.20312500 0.23437500 -0.07026182
v 0.20312500 0.22656293 -0.01562500
v 0.20312500 0.23437500 -0.00789266
v 0.19259511 0.25000000 -0.06250000
v 0.20312500 0.24213669 -0.06250000
v 0.20312500 0.24218510 -0.04687500
v 0.20312500 0.24200587 -0.03125000
v 0.20312500 0.24210734 -0.01562500
v 0.21875000 -0.22656242 -0.04687500
v 0.21875000 -0.21875000 -0.05469586
v 0.21875000 -0.22656244 -0.03125000
v 0.21875000 -0.22654510 -0.01562500
v 0.21094332 -0.21875000 0.00000000
v 0.21875000 -0.21875000 -0.00782408
v 0.21875000 -0.22644874 0.01562500
v 0.21875000 -0.21875000 0.00792044
v 0.21875000 -0.21875000 0.02332374
v 0.21875000 -0.21094546 -0.06250000
v 0.21875000 -0.20312500 -0.07031202
v 0.21875000 -0.21094332 0.00000000
v 0.21875000 -0.20982066 0.03125000
v 0.21875000 -0.20312500 0.03794566
v 0.21093779 -0.18750000 -0.06250000
v 0.21875000 -0.18750000 -0.07032743
v 0.21158164 -0.18750000 0.01562500
v 0.21875000 -0.19642925 0.03125000
v 0.21875000 -0.18750000 0.02278675
v 0.21875000 -0.17965040 -0.06250000
v 0.21093788 -0.17187500 -0.04687500
v 0.21875000 -0.17187500 -0.05472484
v 0.21093010 -0.17187500 -0.03125000
v 0.21091066 -0.17187500 -0.01562500
v 0.21875000 -0.17831727 0.00000000
v 0.21875000 -0.17187500 -0.00644227
v 0.21875000 -0.18033835 0.01562500
v 0.21093997 -0.15625000 -0.04687500
v 0.21875000 -0.15625000 -0.05468847
v 0.21093758 -0.15625000 -0.03125000
v 0.21682872 -0.15625000 -0.01562500
v 0.21875000 -0.15625000 -0.01370370
v 0.21122572 -0.14062500 -0.04687500
v 0.21875000 -0.14062500 -0.05440880
v 0.21875000 -0.14447545 -0.03125000
v 0.21875000 -0.14062500 -0.03531856
v 0.21875000 -0.15420428 -0.01562500
v 0.21271356 -0.12500000 -0.04687500
v 0.21875000 -0.12500000 -0.05523659
v 0.21093939 -0.12500000 -0.03125000
v 0.21875000 -0.13677321 -0.03125000
v 0.21098537 -0.12500000 -0.01562500
v 0.21875000 -0.13304535 -0.01562500
v 0.21875000 -0.12500000 -0.00785851
v 0.21099515 -0.10937500 -0.06250000
v 0.21875000 -0.11942327 -0.06250000
v 0.21875000 -0.10937500 -0.07025493
v 0.21093772 -0.10937500 -0.04687500
v 0.21093744 -0.10937500 -0.03125000
v 0.21093664 -0.10937500 -0.01562500
v 0.21244104 -0.10937500 0.00000000
v 0.21875000 -0.11568576 0.00000000
v 0.21875000 -0.10937500 0.00630896
v 0.21129512 -0.09375000 -0.07812500
v 0.21875000 -0.10119862 -0.07812500
v 0.21875000 -0.09375000 -0.08557354
v 0.21088779 -0.09375000 0.00000000
v 0.21875000 -0.09375000 0.00781248
v 0.21875000 -0.07812500 -0.08593749
v 0.21875000 -0.07812500 0.00799658
v 0.21875000 -0.06250000 -0.08603882
v 0.21875000 -0.07047841 0.01562500
v 0.21875000 -0.06250000 0.02341933
v 0.21064428 -0.04687500 -0.23437500
v 0.21794992 -0.04687500 -0.21875000
v 0.21875000 -0.04750927 -0.21875000
v 0.21875000 -0.04687500 -0.21940425
v 0.21875000 -0.04687500 -0.21811325
v 0.21875000 -0.05478554 -0.09375000
v 0.21875000 -0.04687500 -0.10155924
v 0.21875000 -0.04687500 0.02348434
v 0.21098665 -0.03125000 -0.23437500
v 0.21875000 -0.03125000 -0.22661148
v 0.21875000 -0.03907819 -0.20312500
v 0.21875000 -0.03906793 -0.18750000
v 0.21875000 -0.03906404 -0.17187500
v 0.20994437 -0.03125000 -0.15625000
v 0.21875000 -0.03906257 -0.15625000
v 0.21875000 -0.03125000 -0.14374609
v 0.21875000 -0.03748555 -0.10937500
v 0.21875000 -0.03125000 -0.11587939
v 0.21875000 -0.03910934 0.03125000
v 0.21875000 -0.03125000 0.03907141
v 0.21093719 -0.01562500 -0.23437500
v 0.21875000 -0.01562500 -0.22656311
v 0.21875000 -0.02812911 -0.14062500
v 0.21875000 -0.02371577 -0.12500000
v 0.21875000 -0.02344641 0.04687500
v 0.21118786 -0.01562500 0.06250000
v 0.21875000 -0.02318709 0.06250000
v 0.21875000 -0.01562500 0.07006209
v 0.21875000 0.00000000 -0.22656250
v 0.20632674 0.00000000 -0.17187500
v 0.21039181 0.00000000 0.06250000
v 0.21875000 0.00000000 0.07031259
v 0.21061808 0.01562500 -0.23437500
v 0.21875000 0.01562500 -0.22656660
v 0.21088930 0.01562500 0.06250000
v 0.21875000 0.01562500 0.07030902
v 0.21875000 0.00855671 0.18750000
v 0.21875000 0.01562500 0.18037494
v 0.21875000 0.01067320 0.20312500
v 0.21875000 0.01562500 0.20807680
v 0.21102841 0.03125000 -0.23437500
v 0.21875000 0.03125000 -0.22665791
v 0.21230682 0.03125000 -0.20312500
v 0.21875000 0.02355214 -0.18750000
v 0.21875000 0.03125000 -0.19657058
v 0.21875000 0.02443607 -0.17187500
v 0.21093157 0.03125000 -0.15625000
v 0.21875000 0.03125000 -0.16506103
v 0.21875000 0.02406598 0.06250000
v 0.21875000 0.03125000 0.05531946
v 0.21094283 0.03125000 0.15625000
v 0.21875000 0.02344278 0.15625000
v 0.21875000 0.03125000 0.14844285
v 0.21875000 0.02338024 0.17187500
v 0.21462275 0.03125000 0.20312500
v 0.21875000 0.02443425 0.20312500
v 0.21875000 0.03125000 0.19899778
v 0.21875000 0.03906215 -0.21875000
v 0.21875000 0.03769302 -0.20312500
v 0.21875000 0.03906260 -0.15625000
v 0.21875000 0.04353037 -0.14062500
v 0.21103529 0.04687500 -0.12500000
v 0.21875000 0.04687500 -0.13710132
v 0.21875000 0.04687500 0.05468746
v 0.21093089 0.04687500 0.15625000
v 0.21875000 0.04687500 0.14843792
v 0.21125071 0.04687500 0.20312500
v 0.21875000 0.04687500 0.19562571
v 0.21875000 0.05442652 -0.12500000
v 0.21875000 0.05480183 -0.10937500
v 0.21875000 0.06250000 -0.10166633
v 0.20610075 0.06250000 0.03125000
v 0.21875000 0.05468751 0.04687500
v 0.21875000 0.06250000 0.03853432
v 0.21093798 0.06250000 0.15625000
v 0.21875000 0.06250000 0.14843902
v 0.21097455 0.06250000 0.20312500
v 0.21875000 0.06250000 0.19534955
v 0.21193714 0.07812500 -0.09375000
v 0.21875000 0.07812500 -0.10056156
v 0.21875000 0.07031500 0.01562500
v 0.21875000 0.07812500 0.00781527
v 0.21875000 0.06978426 0.03125000
v 0.21201266 0.07812500 0.15625000
v 0.21875000 0.07812500 0.14951269
v 0.21093674 0.07812500 0.20312500
v 0.21875000 0.07812500 0.19531251
v 0.21875000 0.08493806 -0.09375000
v 0.21875000 0.09375000 -0.08593903
v 0.21875000 0.08614399 0.00000000
v 0.21875000 0.09375000 -0.00760599
v 0.21875000 0.09163622 0.15625000
v 0.21875000 0.09375000 0.15791758
v 0.21875000 0.08619411 0.18750000
v 0.21875000 0.09375000 0.17991519
v 0.21093802 0.10937500 -0.07812500
v 0.21875000 0.10937500 -0.08593609
v 0.21875000 0.10937500 -0.00781567
v 0.21875000 0.10153355 0.17187500
v 0.21104055 0.12500000 -0.07812500
v 0.21875000 0.12500000 -0.08583445
v 0.21657548 0.12500000 -0.01562500
v 0.21875000 0.12500000 -0.01473813
v 0.21122327 0.14062500 -0.07812500
v 0.21875000 0.14062500 -0.08565173
v 0.21085819 0.14062500 -0.06250000
v 0.21081095 0.14062500 -0.04687500
v 0.21097026 0.14062500 -0.03125000
v 0.21875000 0.12588722 -0.01562500
v 0.21875000 0.14062500 -0.02346924
v 0.21093802 0.15625000 -0.07812500
v 0.21875000 0.15625000 -0.08593698
v 0.21093673 0.15625000 -0.06250000
v 0.21093305 0.15625000 -0.04687500
v 0.21107341 0.15625000 -0.03125000
v 0.21875000 0.15625000 -0.02357339
v 0.21093570 0.17187500 -0.07812500
v 0.21875000 0.17187500 -0.08594283
v 0.21061632 0.17187500 -0.06250000
v 0.21069645 0.17187500 -0.04687500
v 0.21127263 0.17187500 -0.03125000
v 0.21875000 0.17187500 -0.02377262
v 0.21152088 0.18750000 -0.09375000
v 0.21875000 0.18026553 -0.09375000
v 0.21875000 0.18750000 -0.10097912
v 0.21093652 0.18750000 -0.07812500
v 0.21093687 0.18750000 -0.03125000
v 0.21875000 0.18750000 -0.02343732
v 0.21875000 0.19475980 -0.09375000
v 0.21875000 0.20312500 -0.08591646
v 0.21875000 0.20312500 -0.02343748
v 0.21093583 0.21875000 -0.07812500
v 0.21875000 0.21088563 -0.07812500
v 0.21875000 0.21875000 -0.07028627
v 0.21367419 0.21875000 -0.01562500
v 0.21875000 0.21374387 -0.01562500
v 0.21875000 0.21875000 -0.01061888
v 0.21088669 0.23437500 -0.06250000
v 0.21875000 0.22653627 -0.06250000
v 0.21095626 0.23437500 -0.04687500
v 0.21875000 0.22658366 -0.04687500
v 0.21077220 0.23437500 -0.03125000
v 0.21875000 0.22657883 -0.03125000
v 0.21096890 0.23437500 -0.01562500
v 0.21875000 0.22385378 -0.01562500
v 0.22656242 -0.21875000 -0.04687500
v 0.22656244 -0.21875000 -0.03125000
v 0.22654510 -0.21875000 -0.01562500
v 0.22644874 -0.21875000 0.01562500
v 0.23437500 -0.20754139 -0.06250000
v 0.23437500 -0.20312500 -0.06691639
v 0.23437500 -0.21093750 -0.04687500
v 0.23437500 -0.21093750 -0.03125000
v 0.23437500 -0.21093710 -0.01562500
v 0.23437500 -0.20962882 0.00000000
v 0.23437500 -0.21093747 0.01562500
v 0.22544566 -0.20312500 0.03125000
v 0.23437500 -0.20312500 0.02343748
v 0.23437500 -0.18750000 -0.07203744
v 0.23437500 -0.18750000 0.02342702
v 0.22652477 -0.17187500 -0.06250000
v 0.23437500 -0.17187500 -0.07075901
v 0.22713876 -0.17187500 0.00000000
v 0.23437500 -0.17969796 0.01562500
v 0.23437500 -0.17187500 0.00589092
v 0.22655907 -0.15625000 -0.06250000
v 0.23437500 -0.15625000 -0.07032683
v 0.22697750 -0.15625000 0.00000000
v 0.23437500 -0.15625000 0.00739744
v 0.22655296 -0.14062500 -0.06250000
v 0.23437500 -0.14062500 -0.07059575
v 0.22260039 -0.14062500 -0.03125000
v 0.22628183 -0.14062500 -0.01562500
v 0.23362639 -0.14062500 0.00000000
v 0.23437500 -0.14062500 0.00074860
v 0.22427391 -0.12500000 -0.06250000
v 0.23437500 -0.12500000 -0.07034544
v 0.22997074 -0.12500000 0.00000000
v 0.23437500 -0.12500000 0.00440275
v 0.22797924 -0.10937500 -0.07812500
v 0.23437500 -0.11580256 -0.07812500
v 0.23437500 -0.10937500 -0.08452068
v 0.23437500 -0.10937500 0.00780864
v 0.23437500 -0.09375000 -0.08593750
v 0.23437500 -0.09375000 0.00781255
v 0.23437500 -0.07812500 -0.08593788
v 0.23437500 -0.07812500 0.00785768
v 0.23437500 -0.06250000 -0.08594167
v 0.23437500 -0.07030323 0.01562500
v 0.23437500 -0.06250000 0.02338305
v 0.21938431 -0.04687500 -0.21875000
v 0.22659986 -0.04687500 -0.09375000
v 0.23437500 -0.04687500 -0.08597814
v 0.23437500 -0.04687500 0.02347641
v 0.22656555 -0.03125000 -0.21875000
v 0.22785675 -0.03125000 -0.20312500
v 0.23173791 -0.03125000 -0.18750000
v 0.23437500 -0.03882497 -0.17187500
v 0.23437500 -0.03125000 -0.18472415
v 0.23437500 -0.03872013 -0.15625000
v 0.23437500 -0.03125000 -0.14877667
v 0.22498552 -0.03125000 -0.10937500
v 0.23015680 -0.03125000 -0.09375000
v 0.23437500 -0.03125000 -0.08953180
v 0.23437500 -0.03910144 0.03125000
v 0.23437500 -0.03125000 0.03906337
v 0.22665314 -0.01562500 -0.21875000
v 0.23437500 -0.02389669 -0.20312500
v 0.23437500 -0.01562500 -0.21018378
v 0.23079022 -0.01562500 -0.18750000
v 0.23437500 -0.01562500 -0.19171822
v 0.23437500 -0.01562500 -0.18173064
v 0.22873208 -0.01562500 -0.15625000
v 0.23437500 -0.02158800 -0.15625000
v 0.23437500 -0.01562500 -0.16447494
v 0.22657328 -0.01562500 -0.14062500
v 0.22656260 -0.01562500 -0.12500000
v 0.22656269 -0.01562500 -0.10937500
v 0.23437500 -0.02421643 -0.09375000
v 0.23437500 -0.01562500 -0.09861195
v 0.23437500 -0.02343850 0.04687500
v 0.23437500 -0.02343569 0.06250000
v 0.23437500 -0.01562500 0.07031069
v 0.22657685 0.00000000 -0.21875000
v 0.23437500 0.00000000 -0.21087778
v 0.23437500 -0.00749696 -0.18750000
v 0.22982196 0.00000000 -0.17187500
v 0.23437500 -0.00698535 -0.17187500
v 0.23437500 0.00000000 -0.18124360
v 0.22687231 0.00000000 -0.15625000
v 0.22660389 0.00000000 -0.14062500
v 0.22656950 0.00000000 -0.12500000
v 0.22656557 0.00000000 -0.10937500
v 0.23437500 0.00000000 -0.10153821
v 0.22664329 0.00000000 0.07812500
v 0.23437500 -0.00773156 0.07812500
v 0.23437500 0.00000000 0.08585656
v 0.23332044 0.01562500 -0.21875000
v 0.23437500 0.01562500 -0.21769496
v 0.23082396 0.01562500 -0.17187500
v 0.23437500 0.01562500 -0.17555239
v 0.22715510 0.01562500 -0.15625000
v 0.23322455 0.01562500 -0.14062500
v 0.22666079 0.01562500 -0.12500000
v 0.22660175 0.01562500 -0.10937500
v 0.23437500 0.01562500 -0.10147374
v 0.22657766 0.01562500 0.07812500
v 0.22857879 0.01562500 0.09375000
v 0.23437500 0.00982879 0.09375000
v 0.23437500 0.01562500 0.09955467
v 0.22934512 0.01562500 0.15625000
v 0.23437500 0.01059517 0.15625000
v 0.23437500 0.01562500 0.14845366
v 0.22759645 0.01562500 0.17187500
v 0.23437500 0.00890265 0.17187500
v 0.23437500 0.00793226 0.18750000
v 0.22370239 0.01562500 0.20312500
v 0.23437500 0.01562500 0.19519342
v 0.22713318 0.03125000 -0.21875000
v 0.22533534 0.03125000 -0.20312500
v 0.23437500 0.02358194 -0.20312500
v 0.23437500 0.02326102 -0.18750000
v 0.23232309 0.03125000 -0.15625000
v 0.23437500 0.01738090 -0.14062500
v 0.23437500 0.03125000 -0.15321765
v 0.22732620 0.03125000 -0.12500000
v 0.23437500 0.03125000 -0.13385861
v 0.22656529 0.03125000 -0.10937500
v 0.22735433 0.03125000 -0.09375000
v 0.23437500 0.02410242 -0.09375000
v 0.23437500 0.03125000 -0.08672932
v 0.22593055 0.03125000 0.06250000
v 0.22770081 0.03125000 0.07812500
v 0.23122762 0.03125000 0.09375000
v 0.23012367 0.03125000 0.10937500
v 0.23437500 0.02699149 0.10937500
v 0.23437500 0.03125000 0.11961701
v 0.22658574 0.03125000 0.14062500
v 0.23437500 0.02068929 0.14062500
v 0.23437500 0.03125000 0.12757836
v 0.23437500 0.03125000 0.19531242
v 0.23437500 0.03727664 -0.14062500
v 0.22630157 0.04687500 -0.12500000
v 0.22656242 0.04687500 -0.10937500
v 0.22656260 0.04687500 -0.09375000
v 0.23437500 0.04687500 -0.08593758
v 0.22694159 0.04687500 0.06250000
v 0.23437500 0.03801302 0.07812500
v 0.23437500 0.04687500 0.07002384
v 0.23437500 0.03439786 0.09375000
v 0.23437500 0.03550301 0.10937500
v 0.22687554 0.04687500 0.14062500
v 0.23437500 0.04687500 0.13307219
v 0.23437500 0.04687500 0.19529489
v 0.22655193 0.06250000 -0.09375000
v 0.23437500 0.06250000 -0.08593745
v 0.23437500 0.05474417 0.04687500
v 0.23437500 0.06250000 0.03902591
v 0.23437500 0.05430842 0.06250000
v 0.22677538 0.06250000 0.14062500
v 0.23437500 0.06250000 0.13301678
v 0.23437500 0.06250000 0.19531104
v 0.22556164 0.07812500 -0.09375000
v 0.23437500 0.07812500 -0.08593330
v 0.23437500 0.07000985 0.01562500
v 0.23437500 0.07812500 0.00763486
v 0.23437500 0.07021921 0.03125000
v 0.23437500 0.07014188 0.14062500
v 0.23437500 0.07812500 0.14839522
v 0.23437500 0.07812500 0.19525533
v 0.23437500 0.09375000 -0.08593717
v 0.23437500 0.08576238 0.00000000
v 0.23437500 0.09375000 -0.00780997
v 0.22044282 0.09375000 0.15625000
v 0.23437500 0.09375000 0.14853219
v 0.23437500 0.08588033 0.18750000
v 0.23437500 0.09375000 0.17519951
v 0.23437500 0.10937500 -0.08601777
v 0.23437500 0.10937500 -0.00781892
v 0.23437500 0.10146780 0.15625000
v 0.23437500 0.09707451 0.17187500
v 0.23437500 0.12500000 -0.08595309
v 0.23437500 0.12500000 -0.00914521
v 0.23437500 0.14062500 -0.08598096
v 0.23254677 0.14062500 -0.01562500
v 0.23437500 0.14062500 -0.01379743
v 0.23437500 0.15625000 -0.08771047
v 0.23437500 0.14273283 -0.01562500
v 0.23437500 0.15625000 -0.02280145
v 0.22661086 0.17187500 -0.09375000
v 0.23437500 0.16234057 -0.09375000
v 0.23437500 0.17187500 -0.10150877
v 0.22664329 0.17187500 -0.01562500
v 0.23437500 0.16350676 -0.01562500
v 0.23437500 0.17187500 -0.00789329
v 0.23437500 0.18750000 -0.10044430
v 0.22707077 0.18750000 -0.01562500
v 0.23437500 0.18750000 -0.00832100
v 0.23437500 0.19419430 -0.09375000
v 0.22651062 0.20312500 -0.07812500
v 0.23437500 0.19505496 -0.07812500
v 0.22659574 0.20312500 -0.06250000
v 0.23437500 0.19534025 -0.06250000
v 0.23437500 0.20312500 -0.05472048
v 0.23437500 0.19483450 -0.01562500
v 0.23437500 0.20312500 -0.02340688
v 0.22653627 0.21875000 -0.06250000
v 0.22656256 0.21875000 -0.04687500
v 0.23437500 0.21093729 -0.04687500
v 0.23437500 0.21875000 -0.03905751
v 0.23437500 0.21747343 -0.01562500
v 0.23437500 0.21875000 -0.01435759
v 0.23437500 0.22655746 -0.03125000
v 0.23437500 0.22001741 -0.01562500
v 0.23879139 -0.20312500 -0.06250000
v 0.24218750 -0.20312500 -0.04687500
v 0.24218750 -0.20312500 -0.03125000
v 0.24218710 -0.20312500 -0.01562500
v 0.24087882 -0.20312500 0.00000000
v 0.24218747 -0.20312500 0.01562500
v 0.24228240 -0.18750000 -0.06250000
v 0.25000000 -0.19473390 -0.04687500
v 0.25000000 -0.18750000 -0.05420337
v 0.25000000 -0.19531028 -0.03125000
v 0.25000000 -0.19081023 -0.01562500
v 0.24791855 -0.18750000 0.00000000
v 0.25000000 -0.18750000 -0.00568381
v 0.24304613 -0.18750000 0.01562500
v 0.25000000 -0.17908947 -0.06250000
v 0.25000000 -0.17187500 -0.06962022
v 0.24044889 -0.17187500 0.00000000
v 0.25000000 -0.17187500 -0.00761950
v 0.25000000 -0.15625000 -0.07029112
v 0.25000000 -0.16284897 0.00000000
v 0.25000000 -0.15625000 0.00641075
v 0.25000000 -0.14062500 -0.07031358
v 0.25000000 -0.14062500 0.00780110
v 0.25000000 -0.12500000 -0.07030976
v 0.24187243 -0.12500000 0.00000000
v 0.25000000 -0.12967193 0.00000000
v 0.25000000 -0.12500000 -0.00466436
v 0.24077158 -0.10937500 -0.07812500
v 0.25000000 -0.10937500 -0.07030296
v 0.25000000 -0.12000542 0.00000000
v 0.25000000 -0.10937500 0.00742375
v 0.25000000 -0.09474886 -0.07812500
v 0.25000000 -0.09375000 -0.07912364
v 0.25000000 -0.09375000 0.00780881
v 0.25000000 -0.07812500 -0.08584544
v 0.25000000 -0.07812500 0.00781233
v 0.25000000 -0.06250000 -0.08593683
v 0.24217039 -0.06250000 0.01562500
v 0.25000000 -0.06250000 0.00784984
v 0.24483085 -0.04687500 -0.07812500
v 0.25000000 -0.05204475 -0.07812500
v 0.25000000 -0.04687500 -0.07295585
v 0.25000000 -0.05388801 0.01562500
v 0.25000000 -0.04687500 0.02260108
v 0.24194515 -0.03125000 -0.17187500
v 0.24184490 -0.03125000 -0.15625000
v 0.24218760 -0.03125000 -0.07812500
v 0.24771293 -0.03125000 -0.06250000
v 0.25000000 -0.03353707 -0.06250000
v 0.25000000 -0.03125000 -0.05738610
v 0.24401308 -0.03125000 -0.03125000
v 0.25000000 -0.03723692 -0.03125000
v 0.25000000 -0.03125000 -0.04121887
v 0.24249118 -0.03125000 -0.01562500
v 0.25000000 -0.03875883 -0.01562500
v 0.24230106 -0.03125000 0.00000000
v 0.25000000 -0.03894898 0.00000000
v 0.24364178 -0.03125000 0.01562500
v 0.25000000 -0.03843207 0.01562500
v 0.24765765 -0.03125000 0.03125000
v 0.24134407 -0.01562500 -0.20312500
v 0.23964278 -0.01562500 -0.17187500
v 0.23923678 -0.01562500 -0.09375000
v 0.24218750 -0.01562500 -0.07812500
v 0.24231287 -0.01562500 -0.06250000
v 0.25000000 -0.01562500 -0.05399380
v 0.25000000 -0.02293658 -0.03125000
v 0.25000000 -0.02140549 -0.01562500
v 0.25000000 -0.02345548 0.00000000
v 0.25000000 -0.02488623 0.01562500
v 0.25000000 -0.02890771 0.03125000
v 0.25000000 -0.02343752 0.04687500
v 0.25000000 -0.02343441 0.06250000
v 0.25000000 -0.01562500 0.07030957
v 0.24211343 0.00000000 -0.20312500
v 0.23774141 0.00000000 -0.18750000
v 0.24216015 0.00000000 -0.09375000
v 0.24218750 0.00000000 -0.07812500
v 0.24219134 0.00000000 -0.06250000
v 0.24489594 0.00000000 -0.04687500
v 0.25000000 -0.00585076 -0.04687500
v 0.25000000 0.00000000 -0.04103562
v 0.25000000 -0.00781266 0.07812500
v 0.25000000 0.00000000 0.09214517
v 0.24218559 0.01562500 -0.20312500
v 0.24200985 0.01562500 -0.18750000
v 0.24205949 0.01562500 -0.09375000
v 0.24218750 0.01562500 -0.07812500
v 0.24218750 0.01562500 -0.06250000
v 0.24240982 0.01562500 -0.04687500
v 0.25000000 0.01562500 -0.03926560
v 0.25000000 0.00160483 0.09375000
v 0.24218523 0.01562500 0.10937500
v 0.25000000 0.00781897 0.10937500
v 0.24218470 0.01562500 0.12500000
v 0.25000000 0.00781142 0.12500000
v 0.23941895 0.01562500 0.14062500
v 0.25000000 0.00781204 0.14062500
v 0.25000000 0.00781246 0.15625000
v 0.25000000 0.00781597 0.17187500
v 0.25000000 0.01238133 0.18750000
v 0.25000000 0.01562500 0.19074367
v 0.24040108 0.03125000 -0.14062500
v 0.24218749 0.03125000 -0.07812500
v 0.24218750 0.03125000 -0.06250000
v 0.24393697 0.03125000 -0.04687500
v 0.25000000 0.03125000 -0.04079128
v 0.23694058 0.03125000 0.12500000
v 0.24233552 0.03125000 0.18750000
v 0.25000000 0.01896721 0.18750000
v 0.25000000 0.03125000 0.17983560
v 0.24218748 0.04687500 -0.07812500
v 0.24218754 0.04687500 -0.06250000
v 0.25000000 0.04530821 -0.04687500
v 0.25000000 0.04687500 -0.04790632
v 0.24611148 0.04687500 -0.01562500
v 0.25000000 0.04263600 -0.01562500
v 0.25000000 0.04687500 -0.02174772
v 0.25000000 0.04687500 -0.01063832
v 0.24209690 0.04687500 0.07812500
v 0.24218675 0.04687500 0.09375000
v 0.24218538 0.04687500 0.10937500
v 0.24213407 0.04687500 0.12500000
v 0.24216991 0.04687500 0.18750000
v 0.25000000 0.04687500 0.17968752
v 0.24218744 0.06250000 -0.07812500
v 0.24220517 0.06250000 -0.06250000
v 0.25000000 0.06250000 -0.05394191
v 0.25000000 0.05523803 -0.01562500
v 0.24888266 0.06250000 0.00000000
v 0.25000000 0.06096473 0.00000000
v 0.25000000 0.06250000 -0.00329954
v 0.24189778 0.06250000 0.01562500
v 0.25000000 0.05396581 0.01562500
v 0.24272747 0.06250000 0.03125000
v 0.25000000 0.05532021 0.03125000
v 0.24213509 0.06250000 0.04687500
v 0.25000000 0.06250000 0.03843403
v 0.24218749 0.06250000 0.06250000
v 0.24218756 0.06250000 0.07812500
v 0.24218784 0.06250000 0.09375000
v 0.24218883 0.06250000 0.10937500
v 0.24217889 0.06250000 0.12500000
v 0.24218604 0.06250000 0.18750000
v 0.25000000 0.06250000 0.17968750
v 0.24218322 0.07812500 -0.07812500
v 0.24678168 0.07812500 -0.06250000
v 0.25000000 0.07812500 -0.05927211
v 0.24206475 0.07812500 0.00000000
v 0.25000000 0.07812500 -0.00776963
v 0.25000000 0.07030851 0.04687500
v 0.25000000 0.07034747 0.06250000
v 0.25000000 0.07038192 0.07812500
v 0.25000000 0.07046570 0.09375000
v 0.25000000 0.07057721 0.10937500
v 0.24221117 0.07812500 0.12500000
v 0.25000000 0.07812500 0.11694511
v 0.24214522 0.07812500 0.14062500
v 0.24213033 0.07812500 0.18750000
v 0.25000000 0.07812500 0.17819426
v 0.25000000 0.08613888 -0.07812500
v 0.25000000 0.09375000 -0.08573612
v 0.25000000 0.08134338 -0.06250000
v 0.25000000 0.09375000 -0.00781973
v 0.25000000 0.08591423 0.12500000
v 0.25000000 0.08656744 0.14062500
v 0.24336350 0.09375000 0.15625000
v 0.25000000 0.08720588 0.15625000
v 0.23769951 0.09375000 0.17187500
v 0.25000000 0.08444426 0.17187500
v 0.25000000 0.10937500 -0.08603841
v 0.25000000 0.10937500 -0.00810687
v 0.25000000 0.12500000 -0.08587107
v 0.25000000 0.12500000 -0.00900986
v 0.24219387 0.14062500 -0.07812500
v 0.25000000 0.13275081 -0.07812500
v 0.24262020 0.14062500 -0.06250000
v 0.25000000 0.13321296 -0.06250000
v 0.25000000 0.14062500 -0.05344482
v 0.23806486 0.14062500 -0.01562500
v 0.25000000 0.13486713 -0.01562500
v 0.25000000 0.14062500 -0.02035895
v 0.24239114 0.15625000 -0.07812500
v 0.25000000 0.15326845 -0.06250000
v 0.25000000 0.15625000 -0.06534240
v 0.24506418 0.15625000 -0.01562500
v 0.25000000 0.14878223 -0.01562500
v 0.25000000 0.15625000 -0.01122301
v 0.24213377 0.17187500 -0.09375000
v 0.24218693 0.17187500 -0.07812500
v 0.24234933 0.17187500 -0.06250000
v 0.25000000 0.15906758 -0.06250000
v 0.25000000 0.17187500 -0.05481288
v 0.24220049 0.17187500 -0.01562500
v 0.25000000 0.16072830 -0.01562500
v 0.25000000 0.17187500 -0.02335847
v 0.24106930 0.18750000 -0.09375000
v 0.24192996 0.18750000 -0.07812500
v 0.24218201 0.18750000 -0.06250000
v 0.24258054 0.18750000 -0.04687500
v 0.25000000 0.18004416 -0.04687500
v 0.25000000 0.18750000 -0.03818040
v 0.24167905 0.18750000 -0.01562500
v 0.25000000 0.18750000 -0.02470538
v 0.24218724 0.20312500 -0.04687500
v 0.24218889 0.20312500 -0.03125000
v 0.25000000 0.19404592 -0.03125000
v 0.24218246 0.21875000 -0.03125000
v 0.23564241 0.21875000 -0.01562500
v 0.25723390 -0.18750000 -0.04687500
v 0.25781028 -0.18750000 -0.03125000
v 0.25331023 -0.18750000 -0.01562500
v 0.25712022 -0.17187500 -0.06250000
v 0.25781272 -0.17187500 -0.04687500
v 0.25781895 -0.17187500 -0.03125000
v 0.25781189 -0.17187500 -0.01562500
v 0.25779116 -0.15625000 -0.06250000
v 0.26562500 -0.16353779 -0.04687500
v 0.26562500 -0.15625000 -0.05416262
v 0.26562500 -0.16379980 -0.03125000
v 0.25802796 -0.15625000 -0.01562500
v 0.26562500 -0.15625000 -0.02349123
v 0.25641075 -0.15625000 0.00000000
v 0.25782888 -0.14062500 -0.06250000
v 0.26562500 -0.14062500 -0.05470107
v 0.26562500 -0.14562426 -0.01562500
v 0.25787365 -0.14062500 0.00000000
v 0.26562500 -0.14062500 -0.01074934
v 0.25782771 -0.12500000 -0.06250000
v 0.26562500 -0.12500000 -0.05466404
v 0.25800836 -0.12500000 -0.01562500
v 0.26562500 -0.13564074 -0.01562500
v 0.26562500 -0.12500000 -0.02633337
v 0.25780270 -0.10937500 -0.06250000
v 0.25859421 -0.10937500 -0.04687500
v 0.26562500 -0.11644773 -0.04687500
v 0.25907756 -0.10937500 -0.03125000
v 0.26562500 -0.11910984 -0.03125000
v 0.25781915 -0.10937500 -0.01562500
v 0.25742385 -0.10937500 0.00000000
v 0.26562500 -0.09986632 -0.07812500
v 0.26562500 -0.09375000 -0.08424132
v 0.26562500 -0.10156317 -0.06250000
v 0.26562500 -0.10234421 -0.04687500
v 0.26562500 -0.10281921 -0.03125000
v 0.26562500 -0.09959576 -0.01562500
v 0.25780898 -0.09375000 0.00000000
v 0.26562500 -0.09375000 -0.00978531
v 0.26562500 -0.07812500 -0.08584644
v 0.25781233 -0.07812500 0.00000000
v 0.26562500 -0.07812500 -0.00785105
v 0.26562500 -0.06250000 -0.08582221
v 0.25781255 -0.06250000 0.00000000
v 0.26562500 -0.06250000 -0.00781244
v 0.26562500 -0.05480257 -0.07812500
v 0.26562500 -0.04687500 -0.06476609
v 0.26491339 -0.04687500 -0.01562500
v 0.26562500 -0.04758661 -0.01562500
v 0.26562500 -0.04687500 -0.01634885
v 0.25781252 -0.04687500 0.00000000
v 0.25697608 -0.04687500 0.01562500
v 0.26562500 -0.04460902 -0.06250000
v 0.25407182 -0.03125000 -0.04687500
v 0.26562500 -0.03907458 -0.04687500
v 0.26562500 -0.03913233 -0.03125000
v 0.25699460 -0.01562500 -0.04687500
v 0.25552034 -0.01562500 -0.03125000
v 0.25550019 -0.01562500 -0.01562500
v 0.25771692 -0.01562500 0.00000000
v 0.25780675 -0.01562500 0.01562500
v 0.25781250 -0.01562500 0.03125000
v 0.25845162 -0.01562500 0.04687500
v 0.25786099 -0.01562500 0.06250000
v 0.25700662 0.00000000 -0.03125000
v 0.25781193 0.00000000 -0.01562500
v 0.25781248 0.00000000 0.00000000
v 0.25781250 0.00000000 0.01562500
v 0.25782023 0.00000000 0.03125000
v 0.26562500 -0.00844960 0.04687500
v 0.26562500 0.00000000 0.03905680
v 0.26562500 -0.00786408 0.06250000
v 0.26562500 -0.00781252 0.07812500
v 0.25175793 0.00000000 0.09375000
v 0.26562500 -0.00741540 0.09375000
v 0.26443077 0.00000000 0.10937500
v 0.26562500 -0.00119414 0.10937500
v 0.26562500 0.00000000 0.11058437
v 0.25779327 0.01562500 -0.03125000
v 0.25779949 0.01562500 -0.01562500
v 0.25781169 0.01562500 0.00000000
v 0.25781250 0.01562500 0.01562500
v 0.25781362 0.01562500 0.03125000
v 0.26562500 0.01562500 0.03906572
v 0.26562500 0.00775889 0.12500000
v 0.26562500 0.00778170 0.14062500
v 0.26562500 0.00781241 0.15625000
v 0.25789045 0.01562500 0.17187500
v 0.26562500 0.01562500 0.16414391
v 0.25324367 0.01562500 0.18750000
v 0.25779074 0.03125000 -0.03125000
v 0.25735748 0.03125000 -0.01562500
v 0.25776933 0.03125000 0.00000000
v 0.25780657 0.03125000 0.01562500
v 0.25781254 0.03125000 0.03125000
v 0.26562500 0.03125000 0.03906899
v 0.26156906 0.03125000 0.17187500
v 0.26562500 0.03125000 0.16781906
v 0.25103131 0.04687500 -0.04687500
v 0.25530600 0.04687500 -0.03125000
v 0.25647054 0.04687500 0.00000000
v 0.25707797 0.04687500 0.01562500
v 0.25781246 0.04687500 0.03125000
v 0.26562500 0.04687500 0.03906435
v 0.25782371 0.04687500 0.17187500
v 0.26562500 0.04687500 0.16407369
v 0.25704940 0.06250000 -0.04687500
v 0.25615114 0.06250000 -0.03125000
v 0.25349095 0.06250000 -0.01562500
v 0.26562500 0.06250000 0.03922223
v 0.25781250 0.06250000 0.17187500
v 0.26562500 0.06250000 0.16233170
v 0.25841239 0.07812500 -0.04687500
v 0.25809563 0.07812500 -0.03125000
v 0.25797848 0.07812500 -0.01562500
v 0.26562500 0.07015321 0.04687500
v 0.26562500 0.07057201 0.06250000
v 0.26562500 0.07156133 0.07812500
v 0.25774873 0.07812500 0.09375000
v 0.26562500 0.07812500 0.08477631
v 0.25761289 0.07812500 0.10937500
v 0.26161363 0.07812500 0.14062500
v 0.26562500 0.07411308 0.14062500
v 0.26562500 0.07812500 0.13648182
v 0.25781250 0.07812500 0.15625000
v 0.26562500 0.06858171 0.15625000
v 0.25631926 0.07812500 0.17187500
v 0.26562500 0.08593980 -0.07812500
v 0.26562500 0.09375000 -0.08593520
v 0.26562500 0.08593733 -0.06250000
v 0.26562500 0.08532308 -0.04687500
v 0.26562500 0.08564159 -0.03125000
v 0.25964029 0.09375000 -0.01562500
v 0.26562500 0.09375000 -0.02160296
v 0.26562500 0.08584784 0.09375000
v 0.26562500 0.08587156 0.10937500
v 0.26562500 0.08576676 0.12500000
v 0.26562500 0.10937500 -0.08593802
v 0.25755429 0.10937500 -0.01562500
v 0.26562500 0.10937500 -0.02340181
v 0.26562500 0.12500000 -0.08593673
v 0.25954235 0.12500000 -0.04687500
v 0.26562500 0.11894233 -0.04687500
v 0.26562500 0.12500000 -0.05295784
v 0.25779726 0.12500000 -0.03125000
v 0.26562500 0.11718713 -0.03125000
v 0.25661522 0.12500000 -0.01562500
v 0.26562500 0.13281173 -0.07812500
v 0.26562500 0.13278601 -0.06250000
v 0.25615176 0.14062500 -0.04687500
v 0.25775618 0.14062500 -0.03125000
v 0.25272315 0.15625000 -0.06250000
v 0.25776157 0.15625000 -0.04687500
v 0.25780809 0.15625000 -0.03125000
v 0.25440201 0.15625000 -0.01562500
v 0.25777603 0.17187500 -0.04687500
v 0.25779774 0.17187500 -0.03125000
v 0.25654456 0.18750000 -0.03125000
v 0.27291257 -0.15625000 -0.04687500
v 0.27316836 -0.15625000 -0.03125000
v 0.27343434 -0.14062500 -0.04687500
v 0.27342575 -0.14062500 -0.03125000
v 0.27043858 -0.14062500 -0.01562500
v 0.27339519 -0.12500000 -0.04687500
v 0.27037225 -0.12500000 -0.03125000
v 0.28125000 -0.10152841 -0.07812500
v 0.28125000 -0.09375000 -0.08590341
v 0.28125000 -0.10156250 -0.06250000
v 0.28125000 -0.10156238 -0.04687500
v 0.27347177 -0.09375000 -0.03125000
v 0.28125000 -0.09375000 -0.03901978
v 0.27146453 -0.09375000 -0.01562500
v 0.28125000 -0.07812500 -0.08588122
v 0.28125000 -0.08598034 -0.03125000
v 0.27341430 -0.07812500 -0.01562500
v 0.28125000 -0.07812500 -0.02342214
v 0.27333371 -0.06250000 -0.07812500
v 0.28125000 -0.07035728 -0.07812500
v 0.28125000 -0.06250000 -0.07032017
v 0.28125000 -0.07031917 -0.01562500
v 0.28125000 -0.06250000 -0.00782119
v 0.26789098 -0.04687500 -0.06250000
v 0.28125000 -0.05469134 -0.06250000
v 0.27342598 -0.04687500 -0.04687500
v 0.28125000 -0.05468694 -0.04687500
v 0.27336790 -0.04687500 -0.03125000
v 0.28125000 -0.05468727 -0.03125000
v 0.28125000 -0.05469618 -0.01562500
v 0.27343548 0.00000000 0.04687500
v 0.27405369 0.00000000 0.06250000
v 0.28125000 -0.00599226 0.07812500
v 0.28125000 0.00000000 0.07153910
v 0.28125000 -0.00783546 0.09375000
v 0.28125000 -0.00776502 0.10937500
v 0.28125000 0.00000000 0.11715914
v 0.27343317 0.01562500 0.04687500
v 0.28125000 0.00899491 0.06250000
v 0.28125000 0.01562500 0.05646488
v 0.28125000 0.00779344 0.12500000
v 0.28125000 0.00776934 0.14062500
v 0.27345027 0.01562500 0.15625000
v 0.28125000 0.01562500 0.14844601
v 0.27343098 0.03125000 0.04687500
v 0.28125000 0.03125000 0.05592024
v 0.27392339 0.03125000 0.15625000
v 0.28125000 0.03125000 0.14892330
v 0.27343578 0.04687500 0.04687500
v 0.28125000 0.04687500 0.06237598
v 0.27965581 0.04687500 0.09375000
v 0.28125000 0.04528027 0.09375000
v 0.28125000 0.04687500 0.09201845
v 0.28125000 0.04687500 0.09534437
v 0.27770864 0.04687500 0.14062500
v 0.28125000 0.04333357 0.14062500
v 0.28125000 0.04687500 0.13708194
v 0.27343748 0.04687500 0.15625000
v 0.27327779 0.06250000 0.04687500
v 0.27344115 0.06250000 0.06250000
v 0.28125000 0.04699913 0.06250000
v 0.27343753 0.06250000 0.07812500
v 0.28125000 0.05432651 0.07812500
v 0.27343762 0.06250000 0.09375000
v 0.27353416 0.06250000 0.10937500
v 0.28125000 0.05478369 0.10937500
v 0.27345858 0.06250000 0.12500000
v 0.28125000 0.05470618 0.12500000
v 0.27343679 0.06250000 0.14062500
v 0.27170670 0.06250000 0.15625000
v 0.27334772 0.07812500 0.09375000
v 0.27337102 0.07812500 0.10937500
v 0.27326666 0.07812500 0.12500000
v 0.28125000 0.08618054 -0.07812500
v 0.28125000 0.09375000 -0.08569446
v 0.28125000 0.08596102 -0.06250000
v 0.28125000 0.08593900 -0.04687500
v 0.28125000 0.08593896 -0.03125000
v 0.27420699 0.09375000 -0.01562500
v 0.28125000 0.08847146 -0.01562500
v 0.28125000 0.09375000 -0.01035774
v 0.28125000 0.10937500 -0.08595025
v 0.27864258 0.10937500 -0.01562500
v 0.28125000 0.10937500 -0.01303765
v 0.28125000 0.12500000 -0.08594161
v 0.27186551 0.12500000 -0.04687500
v 0.28125000 0.11718987 -0.03125000
v 0.28125000 0.12500000 -0.03925153
v 0.28125000 0.11196690 -0.01562500
v 0.28125000 0.13281236 -0.07812500
v 0.28125000 0.13281186 -0.06250000
v 0.28125000 0.13262100 -0.04687500
v 0.29687500 -0.10155761 -0.07812500
v 0.29687500 -0.09375000 -0.08593261
v 0.29687500 -0.10156239 -0.06250000
v 0.29687500 -0.10155884 -0.04687500
v 0.29687500 -0.09375000 -0.03519377
v 0.29687500 -0.07812500 -0.08439201
v 0.29687500 -0.08980868 -0.03125000
v 0.29687500 -0.07812500 -0.02343793
v 0.29687500 -0.07185798 -0.07812500
v 0.28950891 -0.06250000 -0.06250000
v 0.29687500 -0.06986227 -0.06250000
v 0.29687500 -0.06250000 -0.05486700
v 0.28905416 -0.06250000 -0.01562500
v 0.29687500 -0.06250000 -0.02514600
v 0.29687500 -0.05495860 -0.04687500
v 0.29687500 -0.05639634 -0.03125000
v 0.28724225 0.00000000 0.07812500
v 0.28910305 0.00000000 0.09375000
v 0.28903045 0.00000000 0.10937500
v 0.28728512 0.01562500 0.06250000
v 0.28906081 0.01562500 0.07812500
v 0.28916457 0.01562500 0.09375000
v 0.29687500 0.00969928 0.10937500
v 0.29687500 0.01562500 0.10336748
v 0.28906264 0.01562500 0.12500000
v 0.29687500 0.01562500 0.11528637
v 0.28905822 0.01562500 0.14062500
v 0.28782976 0.03125000 0.06250000
v 0.28906064 0.03125000 0.07812500
v 0.28906103 0.03125000 0.09375000
v 0.28912798 0.03125000 0.10937500
v 0.29687500 0.02159790 0.10937500
v 0.28906461 0.03125000 0.12500000
v 0.28906241 0.03125000 0.14062500
v 0.28137402 0.04687500 0.06250000
v 0.28870148 0.04687500 0.07812500
v 0.28906201 0.04687500 0.10937500
v 0.28906008 0.04687500 0.12500000
v 0.28894045 0.09375000 -0.07812500
v 0.28955991 0.09375000 -0.06250000
v 0.29251805 0.09375000 -0.04687500
v 0.28926576 0.09375000 -0.03125000
v 0.28654053 0.09375000 -0.01562500
v 0.29687500 0.10144145 -0.07812500
v 0.29687500 0.10937500 -0.08617158
v 0.29687500 0.10104167 -0.06250000
v 0.29687500 0.09810574 -0.04687500
v 0.29687500 0.10135836 -0.03125000
v 0.29687500 0.10154465 -0.01562500
v 0.29687500 0.10937500 -0.00782065
v 0.29687500 0.12500000 -0.08674875
v 0.28937869 0.12500000 -0.03125000
v 0.28984373 0.12500000 -0.01562500
v 0.29687500 0.12500000 -0.00860187
v 0.29687500 0.13281078 -0.07812500
v 0.29687500 0.13281197 -0.06250000
v 0.29687500 0.13281182 -0.04687500
v 0.29687500 0.13249385 -0.03125000
v 0.29687500 0.13202313 -0.01562500
v 0.31250000 -0.10156031 -0.07812500
v 0.31250000 -0.09375000 -0.08593531
v 0.31250000 -0.10155676 -0.06250000
v 0.31250000 -0.10156657 -0.04687500
v 0.30081731 -0.09375000 -0.03125000
v 0.31250000 -0.10156077 -0.03125000
v 0.31250000 -0.09375000 -0.02335941
v 0.30317811 -0.07812500 -0.07812500
v 0.31250000 -0.08590216 -0.07812500
v 0.31250000 -0.07812500 -0.07034816
v 0.31250000 -0.07812500 -0.02344168
v 0.31250000 -0.07031411 -0.06250000
v 0.30448763 -0.06250000 -0.04687500
v 0.31250000 -0.07024122 -0.04687500
v 0.30297911 -0.06250000 -0.03125000
v 0.31250000 -0.07032325 -0.03125000
v 0.30278618 0.01562500 0.10937500
v 0.30445350 0.10937500 -0.09375000
v 0.31250000 0.10156258 -0.09375000
v 0.31250000 0.10937500 -0.10156242
v 0.31250000 0.10150843 -0.07812500
v 0.31250000 0.10145205 -0.06250000
v 0.31250000 0.10052358 -0.04687500
v 0.31250000 0.10158802 -0.03125000
v 0.31250000 0.10335028 -0.01562500
v 0.31250000 0.10937500 -0.00960032
v 0.30387456 0.12500000 -0.09375000
v 0.31250000 0.12500000 -0.10156249
v 0.30552993 0.12500000 -0.03125000
v 0.31250000 0.11831842 -0.03125000
v 0.31250000 0.12500000 -0.03790650
v 0.31250000 0.12500000 -0.02160035
v 0.31250000 0.12500000 -0.01070501
v 0.31250000 0.13281249 -0.09375000
v 0.31250000 0.13281260 -0.07812500
v 0.31250000 0.13281253 -0.06250000
v 0.31250000 0.13281250 -0.04687500
v 0.31250000 0.12991999 -0.01562500
v 0.32812500 -0.09965615 -0.07812500
v 0.32812500 -0.09375000 -0.08403115
v 0.32812500 -0.10159356 -0.06250000
v 0.32812500 -0.10438383 -0.04687500
v 0.32812500 -0.10177976 -0.03125000
v 0.32025997 -0.09375000 -0.01562500
v 0.32812500 -0.10153519 -0.01562500
v 0.32812500 -0.09375000 -0.00783981
v 0.32812500 -0.08784384 -0.07812500
v 0.32812500 -0.07812500 -0.07022026
v 0.32812500 -0.08568412 -0.01562500
v 0.32812500 -0.07812500 -0.02316409
v 0.32812500 -0.07040475 -0.06250000
v 0.32812500 -0.07031238 -0.04687500
v 0.32812500 -0.07031973 -0.03125000
v 0.32812500 0.10156220 -0.09375000
v 0.32812500 0.10937500 -0.10156271
v 0.32812500 0.10133516 -0.07812500
v 0.32812500 0.10071327 -0.06250000
v 0.32812500 0.09673378 -0.04687500
v 0.32812500 0.10365031 -0.03125000
v 0.31852762 0.10937500 -0.01562500
v 0.32812500 0.10937500 -0.02552243
v 0.32812500 0.12500000 -0.10156585
v 0.32812500 0.11644650 -0.03125000
v 0.32812500 0.12500000 -0.03768066
v 0.31745063 0.12500000 -0.01562500
v 0.32812500 0.13281274 -0.09375000
v 0.32508040 0.14062500 -0.07812500
v 0.32812500 0.14062500 -0.08116969
v 0.32812500 0.13752874 -0.06250000
v 0.32812500 0.14062500 -0.07039439
v 0.32812500 0.13281252 -0.04687500
v 0.32812500 0.14366954 -0.07812500
v 0.33328052 -0.10937500 -0.04687500
v 0.34375000 -0.11700013 -0.04687500
v 0.34375000 -0.10937500 -0.05683633
v 0.33619732 -0.10937500 -0.03125000
v 0.34375000 -0.11671086 -0.03125000
v 0.34375000 -0.10937500 -0.02391407
v 0.34375000 -0.10120293 -0.07812500
v 0.34375000 -0.09375000 -0.08557791
v 0.34375000 -0.10388337 -0.06250000
v 0.34375000 -0.10156233 -0.01562500
v 0.34375000 -0.09375000 -0.00781274
v 0.34375000 -0.08629700 -0.07812500
v 0.34375000 -0.07812500 -0.07030850
v 0.34375000 -0.08563115 -0.01562500
v 0.34375000 -0.07812500 -0.02313188
v 0.34375000 -0.07031658 -0.06250000
v 0.34375000 -0.07031229 -0.04687500
v 0.34375000 -0.07031334 -0.03125000
v 0.34070492 0.10937500 -0.10937500
v 0.34375000 0.10633005 -0.10937500
v 0.34375000 0.10937500 -0.11241995
v 0.34375000 0.10155899 -0.09375000
v 0.34375000 0.10036799 -0.07812500
v 0.34375000 0.09505082 -0.06250000
v 0.34375000 0.10044870 -0.04687500
v 0.33428093 0.10937500 -0.03125000
v 0.34375000 0.10937500 -0.03860536
v 0.34375000 0.11749583 -0.10937500
v 0.34375000 0.12500000 -0.10651901
v 0.34375000 0.12500000 -0.03879411
v 0.34375000 0.13281267 -0.09375000
v 0.34375000 0.14062500 -0.08579685
v 0.33129201 0.14062500 -0.06250000
v 0.34375000 0.13281395 -0.04687500
v 0.34375000 0.14062500 -0.05479642
v 0.34375000 0.14829668 -0.07812500
v 0.34375000 0.14832713 -0.06250000
v 0.35937500 -0.11695905 -0.04687500
v 0.35937500 -0.10937500 -0.05546521
v 0.35937500 -0.11700907 -0.03125000
v 0.35937500 -0.10937500 -0.02361593
v 0.35937500 -0.10154529 -0.07812500
v 0.35937500 -0.09375000 -0.08679730
v 0.35937500 -0.10256574 -0.06250000
v 0.35937500 -0.10156232 -0.01562500
v 0.35937500 -0.09375000 -0.00781268
v 0.35937500 -0.08597657 -0.07812500
v 0.35937500 -0.07812500 -0.07031283
v 0.35937500 -0.08581436 -0.01562500
v 0.35937500 -0.07812500 -0.02331428
v 0.35937500 -0.07031291 -0.06250000
v 0.35937500 -0.07031239 -0.04687500
v 0.35937500 -0.07031219 -0.03125000
v 0.35937500 0.10496976 -0.10937500
v 0.35937500 0.10937500 -0.11378024
v 0.35937500 0.10152179 -0.09375000
v 0.35937500 0.09531220 -0.07812500
v 0.35937500 0.09529040 -0.06250000
v 0.35937500 0.10154297 -0.04687500
v 0.35937500 0.10937500 -0.03905101
v 0.34714700 0.12500000 -0.10937500
v 0.35937500 0.12500000 -0.11634405
v 0.35937500 0.12500000 -0.03805321
v 0.35937500 0.13196905 -0.10937500
v 0.35937500 0.13281251 -0.09375000
v 0.35143319 0.14062500 -0.07812500
v 0.35937500 0.13282402 -0.07812500
v 0.35147618 0.14062500 -0.06250000
v 0.35937500 0.13283655 -0.06250000
v 0.35937500 0.13281250 -0.04687500
v 0.36907906 -0.10937500 -0.07812500
v 0.37500000 -0.11527468 -0.07812500
v 0.37500000 -0.10937500 -0.08402496
v 0.37500000 -0.10937500 -0.06534245
v 0.37237676 -0.10937500 -0.04687500
v 0.37372221 -0.10937500 -0.03125000
v 0.36629017 -0.09375000 -0.09375000
v 0.37500000 -0.10156100 -0.09375000
v 0.37500000 -0.09375000 -0.10156070
v 0.37500000 -0.10751778 -0.06250000
v 0.37500000 -0.10687698 -0.04687500
v 0.37500000 -0.10814980 -0.03125000
v 0.37500000 -0.10154864 -0.01562500
v 0.37500000 -0.09375000 -0.00782636
v 0.37500000 -0.08593930 -0.09375000
v 0.37500000 -0.08592227 -0.07812500
v 0.37500000 -0.07812500 -0.07032778
v 0.37500000 -0.08591933 -0.01562500
v 0.37500000 -0.07812500 -0.02340551
v 0.37500000 -0.07031254 -0.06250000
v 0.37500000 -0.07031124 -0.04687500
v 0.37500000 -0.07031219 -0.03125000
v 0.37155488 0.09375000 -0.09375000
v 0.37500000 0.09033278 -0.09375000
v 0.37500000 0.09375000 -0.09716736
v 0.36119153 0.09375000 -0.07812500
v 0.37500000 0.08659643 -0.07812500
v 0.37500000 0.09375000 -0.07037490
v 0.37500000 0.10229484 -0.10937500
v 0.37500000 0.10937500 -0.11645496
v 0.37500000 0.10096558 -0.06250000
v 0.37500000 0.10156520 -0.04687500
v 0.37500000 0.10937500 -0.03906395
v 0.37500000 0.12500000 -0.11713253
v 0.36785739 0.12500000 -0.03125000
v 0.37500000 0.11884659 -0.03125000
v 0.37500000 0.12500000 -0.02509828
v 0.37500000 0.13275753 -0.10937500
v 0.37500000 0.13281250 -0.09375000
v 0.37500000 0.13281250 -0.07812500
v 0.37500000 0.13281250 -0.06250000
v 0.37500000 0.13281249 -0.04687500
v 0.37500000 0.13115172 -0.03125000
v 0.39062500 -0.11718286 -0.07812500
v 0.39062500 -0.10937500 -0.08612810
v 0.37689809 -0.10937500 -0.06250000
v 0.39062500 -0.11709087 -0.06250000
v 0.37803254 -0.10937500 -0.04687500
v 0.39062500 -0.11627190 -0.04687500
v 0.39062500 -0.10937500 -0.03979073
v 0.39062500 -0.10175773 -0.09375000
v 0.39062500 -0.09375000 -0.10156249
v 0.39062500 -0.10175194 -0.03125000
v 0.38295120 -0.09375000 -0.01562500
v 0.39062500 -0.09375000 -0.02328495
v 0.39062500 -0.08513942 -0.09375000
v 0.38441823 -0.07812500 -0.07812500
v 0.39062500 -0.07812500 -0.08509739
v 0.39062500 -0.07812500 -0.02343844
v 0.39062500 -0.07193290 -0.07812500
v 0.39062500 -0.07031250 -0.06250000
v 0.39062500 -0.07030791 -0.04687500
v 0.39062500 -0.07031350 -0.03125000
v 0.39062500 0.08594735 -0.09375000
v 0.39062500 0.09375000 -0.10156154
v 0.39062500 0.08592053 -0.07812500
v 0.38230922 0.09375000 -0.06250000
v 0.39062500 0.08603125 -0.06250000
v 0.39062500 0.09375000 -0.05468384
v 0.39062500 0.10529304 -0.10937500
v 0.39062500 0.10937500 -0.11345008
v 0.39062500 0.10146489 -0.04687500
v 0.39062500 0.10937500 -0.03582056
v 0.39062500 0.12500000 -0.11294293
v 0.38121190 0.12500000 -0.03125000
v 0.39062500 0.12500000 -0.03899966
v 0.39062500 0.12856793 -0.10937500
v 0.39062500 0.13268401 -0.09375000
v 0.39062500 0.13275504 -0.07812500
v 0.39062500 0.13281234 -0.06250000
v 0.39062500 0.13281242 -0.04687500
v 0.40625000 -0.11701323 -0.07812500
v 0.40625000 -0.10937500 -0.08576328
v 0.40625000 -0.11663786 -0.06250000
v 0.40625000 -0.11713508 -0.04687500
v 0.40625000 -0.10937500 -0.03911492
v 0.40625000 -0.10156255 -0.09375000
v 0.40625000 -0.09375000 -0.10156295
v 0.40625000 -0.10149942 -0.03125000
v 0.40625000 -0.09375000 -0.02350058
v 0.39764004 -0.07812500 -0.09375000
v 0.40625000 -0.07812500 -0.10308229
v 0.40625000 -0.07812500 -0.02452675
v 0.40625000 -0.07031300 -0.09375000
v 0.40625000 -0.07031243 -0.07812500
v 0.40625000 -0.07031245 -0.06250000
v 0.40625000 -0.07018141 -0.04687500
v 0.40625000 -0.07140163 -0.03125000
v 0.40369433 0.07812500 -0.09375000
v 0.40625000 0.07556931 -0.09375000
v 0.40625000 0.07812500 -0.09630568
v 0.39897211 0.07812500 -0.07812500
v 0.40625000 0.07086518 -0.07812500
v 0.40625000 0.07812500 -0.06994038
v 0.40402862 0.09375000 -0.10937500
v 0.40625000 0.09153294 -0.10937500
v 0.40625000 0.09375000 -0.11159204
v 0.40625000 0.08501582 -0.06250000
v 0.39839656 0.09375000 -0.04687500
v 0.40625000 0.08599409 -0.04687500
v 0.40625000 0.09375000 -0.03911599
v 0.39534586 0.10937500 -0.10937500
v 0.40625000 0.09638557 -0.10937500
v 0.40625000 0.10937500 -0.10223167
v 0.40015022 0.10937500 -0.03125000
v 0.40625000 0.10610191 -0.03125000
v 0.40625000 0.10937500 -0.02797912
v 0.39419293 0.12500000 -0.10937500
v 0.39830904 0.12500000 -0.09375000
v 0.40625000 0.11705899 -0.09375000
v 0.39838012 0.12500000 -0.07812500
v 0.40625000 0.11718757 -0.07812500
v 0.40625000 0.12500000 -0.06678876
v 0.40625000 0.11264613 -0.03125000
v 0.40625000 0.12500000 -0.03906421
v 0.40625000 0.12928870 -0.06250000
v 0.40625000 0.13281041 -0.04687500
v 0.41388823 -0.10937500 -0.07812500
v 0.41351286 -0.10937500 -0.06250000
v 0.41401008 -0.10937500 -0.04687500
v 0.42187500 -0.10156176 -0.09375000
v 0.42187500 -0.09375000 -0.10156176
v 0.42187500 -0.10156250 -0.07812500
v 0.42187500 -0.10156242 -0.06250000
v 0.42187500 -0.10156214 -0.04687500
v 0.41399943 -0.09375000 -0.03125000
v 0.42187500 -0.09375000 -0.03906286
v 0.41260093 -0.07812500 -0.10937500
v 0.42187500 -0.08587645 -0.10937500
v 0.42187500 -0.07812500 -0.11712645
v 0.41324226 -0.07812500 -0.03125000
v 0.42187500 -0.07812500 -0.03878950
v 0.42187500 -0.06935325 -0.10937500
v 0.41468146 -0.06250000 -0.09375000
v 0.42187500 -0.06250000 -0.10196691
v 0.41424988 -0.06250000 -0.07812500
v 0.41407827 -0.06250000 -0.06250000
v 0.41393231 -0.06250000 -0.04687500
v 0.42187500 -0.06250000 -0.03905922
v 0.42187500 -0.05508507 -0.09375000
v 0.42187500 -0.05208284 -0.07812500
v 0.42187500 -0.05469073 -0.06250000
v 0.42187500 -0.05468829 -0.04687500
v 0.41408802 0.06250000 -0.09375000
v 0.42187500 0.05465906 -0.09375000
v 0.42187500 0.06250000 -0.10153705
v 0.41969177 0.06250000 -0.07812500
v 0.42187500 0.06031568 -0.07812500
v 0.42187500 0.06250000 -0.07594149
v 0.41526941 0.07812500 -0.10937500
v 0.42187500 0.07151931 -0.10937500
v 0.42187500 0.07812500 -0.11598055
v 0.41315716 0.07812500 -0.06250000
v 0.42187500 0.07032849 -0.06250000
v 0.42187500 0.07812500 -0.05433740
v 0.42187500 0.09375000 -0.11718461
v 0.42187500 0.08557088 -0.04687500
v 0.42187500 0.09375000 -0.03906252
v 0.42187500 0.10155962 -0.10937500
v 0.41393460 0.10937500 -0.09375000
v 0.42187500 0.10156314 -0.09375000
v 0.42187500 0.10937500 -0.08565400
v 0.40952088 0.10937500 -0.03125000
v 0.42187500 0.10937500 -0.03908989
v 0.42187500 0.11690336 -0.07812500
v 0.41054138 0.12500000 -0.06250000
v 0.42187500 0.11719086 -0.06250000
v 0.41511991 0.12500000 -0.04687500
v 0.42187500 0.11822006 -0.04687500
v 0.42968676 -0.09375000 -0.09375000
v 0.42968756 -0.09375000 -0.07812500
v 0.42968742 -0.09375000 -0.06250000
v 0.42968715 -0.09375000 -0.04687500
v 0.42962661 -0.07812500 -0.10937500
v 0.43750000 -0.08534496 -0.09375000
v 0.43750000 -0.07812500 -0.10097012
v 0.43750000 -0.08593657 -0.07812500
v 0.43750000 -0.08593745 -0.06250000
v 0.43750000 -0.08593749 -0.04687500
v 0.43750000 -0.07812500 -0.03906252
v 0.43750000 -0.06250000 -0.10179694
v 0.43750000 -0.06250000 -0.03906235
v 0.42971145 -0.04687500 -0.10937500
v 0.43750000 -0.05489796 -0.10937500
v 0.43750000 -0.04687500 -0.11716350
v 0.42946508 -0.04687500 -0.09375000
v 0.42691754 -0.04687500 -0.07812500
v 0.42967493 -0.04687500 -0.06250000
v 0.43125886 -0.04687500 -0.04687500
v 0.43750000 -0.04687500 -0.04063397
v 0.43003441 -0.03125000 -0.10937500
v 0.43750000 -0.03125000 -0.11684058
v 0.42967574 -0.03125000 -0.09375000
v 0.42968809 -0.03125000 -0.07812500
v 0.43017070 -0.03125000 -0.06250000
v 0.43750000 -0.04063366 -0.04687500
v 0.43750000 -0.03125000 -0.05517038
v 0.43750000 -0.02377742 -0.10937500
v 0.43032247 -0.01562500 -0.09375000
v 0.43750000 -0.01562500 -0.10093449
v 0.43750000 -0.02279306 -0.07812500
v 0.43750000 -0.01562500 -0.08592689
v 0.43750000 -0.02392061 -0.06250000
v 0.43750000 -0.00710552 -0.09375000
v 0.43480987 0.03125000 -0.07812500
v 0.43750000 0.02855758 -0.07812500
v 0.43750000 0.03125000 -0.08854973
v 0.43750000 0.03125000 -0.07542005
v 0.42963382 0.04687500 -0.09375000
v 0.43750000 0.03271879 -0.09375000
v 0.43750000 0.04687500 -0.10157029
v 0.42968618 0.04687500 -0.07812500
v 0.43111483 0.04687500 -0.06250000
v 0.43750000 0.04046475 -0.06250000
v 0.43750000 0.04687500 -0.05611479
v 0.42969888 0.06250000 -0.10937500
v 0.43750000 0.05469087 -0.10937500
v 0.43750000 0.06250000 -0.11717598
v 0.42968879 0.06250000 -0.06250000
v 0.43750000 0.06250000 -0.05467283
v 0.43750000 0.07812500 -0.11719300
v 0.43750000 0.07812500 -0.05164306
v 0.43750000 0.09375000 -0.11349892
v 0.43750000 0.08568154 -0.04687500
v 0.43750000 0.09375000 -0.04188705
v 0.43750000 0.09787391 -0.10937500
v 0.43750000 0.10156219 -0.09375000
v 0.42940435 0.10937500 -0.07812500
v 0.43750000 0.10156348 -0.07812500
v 0.43750000 0.10937500 -0.07024654
v 0.42966051 0.10937500 -0.04687500
v 0.43750000 0.09873830 -0.04687500
v 0.43750000 0.10937500 -0.05475404
v 0.43750000 0.11712055 -0.06250000
v 0.44471995 -0.07812500 -0.09375000
v 0.44531151 -0.07812500 -0.07812500
v 0.44532597 -0.07812500 -0.06250000
v 0.44531484 -0.07812500 -0.04687500
v 0.45312500 -0.07029800 -0.09375000
v 0.45312500 -0.06250000 -0.10154807
v 0.45312500 -0.07031249 -0.07812500
v 0.45312500 -0.07032603 -0.06250000
v 0.45312500 -0.07031175 -0.04687500
v 0.45312500 -0.06250000 -0.03906561
v 0.45312500 -0.05468161 -0.10937500
v 0.45312500 -0.04687500 -0.11718154
v 0.45312500 -0.04687500 -0.03906426
v 0.45312500 -0.03125000 -0.11719038
v 0.44537666 -0.03125000 -0.04687500
v 0.45312500 -0.03125000 -0.03912698
v 0.44530811 -0.01562500 -0.10937500
v 0.45312500 -0.01562500 -0.11720300
v 0.44466699 -0.01562500 -0.07812500
v 0.44531479 -0.01562500 -0.06250000
v 0.45312500 -0.02347928 -0.04687500
v 0.45312500 -0.01562500 -0.05466718
v 0.44549939 0.00000000 -0.10937500
v 0.45312500 0.00000000 -0.11700255
v 0.44398048 0.00000000 -0.09375000
v 0.44531091 0.00000000 -0.07812500
v 0.44690057 0.00000000 -0.06250000
v 0.45312500 0.00000000 -0.05627554
v 0.45312500 0.01486692 -0.10937500
v 0.44404693 0.01562500 -0.09375000
v 0.45312500 0.01562500 -0.10865068
v 0.44531175 0.01562500 -0.07812500
v 0.44552255 0.01562500 -0.06250000
v 0.45312500 0.01562500 -0.05489542
v 0.44762060 0.03125000 -0.10937500
v 0.45312500 0.01690687 -0.10937500
v 0.45312500 0.03125000 -0.11488899
v 0.43896868 0.03125000 -0.09375000
v 0.44528658 0.03125000 -0.06250000
v 0.45312500 0.03125000 -0.05385581
v 0.44530499 0.04687500 -0.10937500
v 0.45312500 0.04687500 -0.11749739
v 0.44606048 0.04687500 -0.04687500
v 0.45312500 0.03897796 -0.04687500
v 0.45312500 0.04687500 -0.03981052
v 0.45312500 0.06250000 -0.11719716
v 0.45312500 0.05423159 -0.04687500
v 0.45312500 0.06250000 -0.05439374
v 0.45312500 0.07812500 -0.11296313
v 0.45312500 0.07812500 -0.05468862
v 0.44162391 0.09375000 -0.10937500
v 0.45312500 0.08171313 -0.10937500
v 0.44542125 0.09375000 -0.09375000
v 0.45312500 0.08604609 -0.09375000
v 0.45312500 0.09375000 -0.08526219
v 0.44569560 0.09375000 -0.06250000
v 0.45312500 0.08631938 -0.06250000
v 0.45312500 0.09375000 -0.07071480
v 0.44248795 0.09375000 -0.04687500
v 0.45312500 0.10077908 -0.07812500
v 0.44524557 0.10937500 -0.06250000
v 0.46092301 -0.06250000 -0.09375000
v 0.46093760 -0.06250000 -0.07812500
v 0.46093863 -0.06250000 -0.06250000
v 0.46093439 -0.06250000 -0.04687500
v 0.46093179 -0.04687500 -0.10937500
v 0.46875000 -0.05465958 -0.09375000
v 0.46875000 -0.04687500 -0.10153482
v 0.46875000 -0.05462204 -0.07812500
v 0.46875000 -0.05468297 -0.06250000
v 0.46096387 -0.04687500 -0.04687500
v 0.46875000 -0.04687500 -0.05466503
v 0.46657731 -0.03125000 -0.10937500
v 0.46875000 -0.03125000 -0.10720223
v 0.46875000 -0.03872146 -0.04687500
v 0.46875000 -0.03125000 -0.03943162
v 0.46875000 -0.02790465 -0.10937500
v 0.46875000 -0.01562500 -0.11519060
v 0.46462922 -0.01562500 -0.04687500
v 0.46875000 -0.01562500 -0.04277183
v 0.46875000 0.00000000 -0.11653880
v 0.46270042 0.00000000 -0.04687500
v 0.46875000 0.00000000 -0.04082545
v 0.45418955 0.01562500 -0.10937500
v 0.46875000 0.01562500 -0.11561485
v 0.46102204 0.01562500 -0.04687500
v 0.46875000 0.01562500 -0.03914917
v 0.46875000 0.03125000 -0.11602520
v 0.46416758 0.03125000 -0.04687500
v 0.46875000 0.03125000 -0.04295303
v 0.46100927 0.04687500 -0.10937500
v 0.46875000 0.03797043 -0.10937500
v 0.46835143 0.04687500 -0.09375000
v 0.46875000 0.04647607 -0.09375000
v 0.46875000 0.04687500 -0.08913643
v 0.46019178 0.04687500 -0.04687500
v 0.46875000 0.03517371 -0.04687500
v 0.46875000 0.04687500 -0.05469017
v 0.46093768 0.06250000 -0.10937500
v 0.46094084 0.06250000 -0.09375000
v 0.46093794 0.06250000 -0.07812500
v 0.46875000 0.04779389 -0.07812500
v 0.46363778 0.06250000 -0.06250000
v 0.46875000 0.05738338 -0.06250000
v 0.45671313 0.07812500 -0.10937500
v 0.46093703 0.07812500 -0.09375000
v 0.46093320 0.07812500 -0.07812500
v 0.46093631 0.07812500 -0.06250000
v 0.46015408 0.09375000 -0.07812500
v 0.47653457 -0.04687500 -0.09375000
v 0.47649693 -0.04687500 -0.07812500
v 0.47655684 -0.04687500 -0.06250000
v 0.47656243 -0.03125000 -0.09375000
v 0.47669125 -0.03125000 -0.07812500
v 0.47672899 -0.03125000 -0.06250000
v 0.47619338 -0.03125000 -0.04687500
v 0.47456554 -0.01562500 -0.10937500
v 0.47656400 -0.01562500 -0.09375000
v 0.47855821 -0.01562500 -0.07812500
v 0.48437500 -0.02358608 -0.06250000
v 0.48437500 -0.01562500 -0.07229146
v 0.47285317 -0.01562500 -0.04687500
v 0.48437500 -0.01562500 -0.05470542
v 0.47591346 0.00000000 -0.10937500
v 0.47657368 0.00000000 -0.09375000
v 0.47769882 0.00000000 -0.07812500
v 0.48437500 0.00000000 -0.07140406
v 0.47479956 0.00000000 -0.04687500
v 0.48437500 0.00000000 -0.05473321
v 0.47498963 0.01562500 -0.10937500
v 0.47656315 0.01562500 -0.09375000
v 0.47656856 0.01562500 -0.07812500
v 0.48324112 0.01562500 -0.06250000
v 0.48437500 0.01447875 -0.06250000
v 0.47647583 0.01562500 -0.04687500
v 0.47539952 0.03125000 -0.10937500
v 0.47655896 0.03125000 -0.09375000
v 0.47656005 0.03125000 -0.07812500
v 0.47656655 0.03125000 -0.06250000
v 0.47267197 0.03125000 -0.04687500
v 0.46966879 0.04687500 -0.07812500
v 0.47655751 0.04687500 -0.06250000
v -0.47532836 -0.06250000 -0.03125000
v -0.46875000 -0.06912784 -0.03125000
v -0.46875000 -0.06250000 -0.03784435
v -0.46875000 -0.06250000 -0.02425152
v -0.47170086 -0.04687500 -0.04687500
v -0.46875000 -0.04983591 -0.04687500
v -0.46875000 -0.04687500 -0.04982586
v -0.47627521 -0.04687500 -0.03125000
v -0.47512425 -0.04687500 -0.01562500
v -0.46875000 -0.05366611 -0.01562500
v -0.46875000 -0.04687500 -0.00925046
v -0.47635282 -0.03125000 -0.04687500
v -0.46875000 -0.03125000 -0.05447782
v -0.47656225 -0.03125000 -0.03125000
v -0.47654228 -0.03125000 -0.01562500
v -0.46875000 -0.03125000 -0.00783264
v -0.47656217 -0.01562500 -0.04687500
v -0.46875000 -0.01562500 -0.05468717
v -0.47656249 -0.01562500 -0.03125000
v -0.47655841 -0.01562500 -0.01562500
v -0.46875000 -0.01562500 -0.00781651
v -0.47656242 0.00000000 -0.04687500
v -0.46875000 0.00000000 -0.05468742
v -0.47656248 0.00000000 -0.03125000
v -0.47652922 0.00000000 -0.01562500
v -0.46875000 0.00000000 -0.00784574
v -0.47032545 0.01562500 -0.04687500
v -0.46875000 0.01562500 -0.04845045
v -0.47656221 0.01562500 -0.03125000
v -0.47648054 0.01562500 -0.01562500
v -0.46875000 0.01562500 -0.00789444
v -0.46875000 0.01720045 -0.04687500
v -0.47654487 0.03125000 -0.03125000
v -0.46875000 0.03125000 -0.03904487
v -0.47604444 0.03125000 -0.01562500
v -0.46875000 0.03125000 -0.00833051
v -0.47629263 0.04687500 -0.03125000
v -0.46875000 0.04687500 -0.03879263
v -0.47656074 0.04687500 -0.01562500
v -0.46875000 0.04687500 -0.00781393
v -0.46875000 0.05441763 -0.03125000
v -0.47654523 0.06250000 -0.01562500
v -0.46875000 0.06250000 -0.02342023
v -0.46875000 0.06250000 -0.00782913
v -0.46875000 0.07029523 -0.01562500
v -0.46092919 -0.12500000 0.03125000
v -0.45312500 -0.13280419 0.03125000
v -0.45312500 -0.12500000 0.02340481
v -0.46093289 -0.12500000 0.04687500
v -0.45312500 -0.13280789 0.04687500
v -0.46065774 -0.12500000 0.06250000
v -0.45312500 -0.13253274 0.06250000
v -0.45665724 -0.12500000 0.07812500
v -0.45312500 -0.12853224 0.07812500
v -0.45312500 -0.12500000 0.08165751
v -0.46093654 -0.10937500 0.03125000
v -0.45312500 -0.10937500 0.02327932
v -0.46093491 -0.10937500 0.04687500
v -0.45964851 -0.10937500 0.06250000
v -0.45312500 -0.12136605 0.07812500
v -0.45312500 -0.10937500 0.06916389
v -0.46088939 -0.09375000 -0.01562500
v -0.45312500 -0.10151457 -0.01562500
v -0.45312500 -0.09375000 -0.02339471
v -0.46088251 -0.09375000 0.00000000
v -0.45312500 -0.10157700 0.00000000
v -0.45312500 -0.09375000 0.01232861
v -0.46070873 -0.09375000 0.03125000
v -0.45312500 -0.09375000 0.01903863
v -0.46090243 -0.09375000 0.04687500
v -0.45312500 -0.10282383 0.06250000
v -0.45312500 -0.09375000 0.05468085
v -0.46098818 -0.07812500 -0.03125000
v -0.45312500 -0.08594281 -0.03125000
v -0.45312500 -0.07812500 -0.03906249
v -0.46127194 -0.07812500 -0.01562500
v -0.46067187 -0.07812500 0.00000000
v -0.45886275 -0.07812500 0.01562500
v -0.45312500 -0.08886899 0.01562500
v -0.46090948 -0.07812500 0.03125000
v -0.46093409 -0.07812500 0.04687500
v -0.45312500 -0.07812500 0.05499346
v -0.46095088 -0.06250000 -0.04687500
v -0.45312500 -0.07030949 -0.04687500
v -0.45312500 -0.06250000 -0.05468449
v -0.46136465 -0.06250000 -0.01562500
v -0.46093691 -0.06250000 0.00000000
v -0.46090107 -0.06250000 0.01562500
v -0.46093272 -0.06250000 0.03125000
v -0.46092476 -0.06250000 0.04687500
v -0.45312500 -0.06250000 0.05596888
v -0.45312500 -0.04687500 -0.05468750
v -0.46093779 -0.04687500 0.00000000
v -0.46086315 -0.04687500 0.01562500
v -0.46083948 -0.04687500 0.03125000
v -0.46082655 -0.04687500 0.04687500
v -0.45312500 -0.04687500 0.05563318
v -0.45312500 -0.03125000 -0.05468756
v -0.46093756 -0.03125000 0.00000000
v -0.45726217 -0.03125000 0.01562500
v -0.45312500 -0.03292373 0.03125000
v -0.45312500 -0.03125000 0.02741863
v -0.45923241 -0.03125000 0.04687500
v -0.45312500 -0.03125000 0.03365950
v -0.46076495 -0.03125000 0.06250000
v -0.45312500 -0.03994740 0.06250000
v -0.46083963 -0.03125000 0.07812500
v -0.45312500 -0.03929958 0.07812500
v -0.45312500 -0.03125000 0.08583985
v -0.45312500 -0.01562500 -0.05468860
v -0.46093757 -0.01562500 0.00000000
v -0.45312500 -0.02354797 0.01562500
v -0.45312500 -0.01562500 0.01140123
v -0.45974008 -0.01562500 0.04687500
v -0.45312500 -0.01562500 0.03714308
v -0.46093157 -0.01562500 0.06250000
v -0.46089059 -0.01562500 0.07812500
v -0.45312500 -0.01562500 0.08589221
v -0.45312500 0.00000000 -0.05468750
v -0.46093754 0.00000000 0.00000000
v -0.45312500 0.00000000 0.00893736
v -0.45757683 0.00000000 0.03125000
v -0.45312500 -0.00738482 0.03125000
v -0.45312500 0.00000000 0.02582092
v -0.46034962 0.00000000 0.04687500
v -0.46083181 0.00000000 0.06250000
v -0.45716760 0.00000000 0.07812500
v -0.45312500 0.00000000 0.08216767
v -0.45312500 0.01562500 -0.05468750
v -0.46093745 0.01562500 0.00000000
v -0.45312500 0.01562500 0.01359858
v -0.45782575 0.01562500 0.03125000
v -0.45312500 0.01562500 0.01964412
v -0.45413676 0.01562500 0.04687500
v -0.46082125 0.01562500 0.06250000
v -0.45312500 0.00407568 0.07812500
v -0.45312500 0.01562500 0.07023925
v -0.46052638 0.03125000 -0.04687500
v -0.45312500 0.03125000 -0.05427638
v -0.46093748 0.03125000 0.00000000
v -0.45312500 0.03125000 0.01232329
v -0.45312500 0.03038333 0.03125000
v -0.45312500 0.02073769 0.04687500
v -0.46084218 0.03125000 0.06250000
v -0.45312500 0.03125000 0.04886412
v -0.45312500 0.03125000 0.07021727
v -0.45312500 0.03865138 -0.04687500
v -0.45312500 0.04687500 -0.03906250
v -0.46093780 0.04687500 0.00000000
v -0.45453868 0.04687500 0.01562500
v -0.45312500 0.04264437 0.01562500
v -0.46079653 0.04687500 0.03125000
v -0.45312500 0.03164889 0.03125000
v -0.46039817 0.04687500 0.04687500
v -0.45312500 0.03344534 0.04687500
v -0.45930503 0.04687500 0.06250000
v -0.45312500 0.04687500 0.06868003
v -0.46093673 0.06250000 -0.03125000
v -0.45312500 0.06250000 -0.03906173
v -0.46092795 0.06250000 0.00000000
v -0.45312500 0.05795108 0.01562500
v -0.45312500 0.06250000 0.01501016
v -0.46006441 0.06250000 0.03125000
v -0.45312500 0.06250000 0.01638511
v -0.45878918 0.06250000 0.04687500
v -0.45312500 0.05523011 0.06250000
v -0.45312500 0.06250000 0.05468280
v -0.45312500 0.07031173 -0.03125000
v -0.45312500 0.07118860 -0.01562500
v -0.45312500 0.07048857 0.00000000
v -0.45312500 0.07002704 0.03125000
v -0.46060595 0.07812500 0.04687500
v -0.45312500 0.07812500 0.03880318
v -0.45922854 0.07812500 0.06250000
v -0.45312500 0.06984971 0.06250000
v -0.45312500 0.07812500 0.06860508
v -0.46021928 0.09375000 0.04687500
v -0.45312500 0.09375000 0.03428937
v -0.46067827 0.09375000 0.06250000
v -0.45312500 0.09375000 0.07005591
v -0.45312500 0.10084442 0.04687500
v -0.45312500 0.10130326 0.06250000
v -0.44535350 -0.12500000 0.01562500
v -0.43750000 -0.13281250 0.01562500
v -0.43750000 -0.12500000 0.00723888
v -0.43750000 -0.13281250 0.03125000
v -0.43750000 -0.13281250 0.04687500
v -0.43750000 -0.13281373 0.06250000
v -0.43750000 -0.13418544 0.07812500
v -0.44531289 -0.12500000 0.09375000
v -0.43750000 -0.13439620 0.09375000
v -0.44530720 -0.12500000 0.10937500
v -0.43750000 -0.13611309 0.10937500
v -0.44063628 -0.12500000 0.12500000
v -0.43750000 -0.12813628 0.12500000
v -0.43750000 -0.12500000 0.12813628
v -0.44530790 -0.10937500 -0.01562500
v -0.43750000 -0.11718271 -0.01562500
v -0.43750000 -0.10937500 -0.02343271
v -0.44538199 -0.10937500 0.00000000
v -0.43750000 -0.11776112 0.00000000
v -0.44547164 -0.10937500 0.01562500
v -0.44545637 -0.10937500 0.07812500
v -0.44531246 -0.10937500 0.09375000
v -0.44406299 -0.10937500 0.10937500
v -0.43750000 -0.12185313 0.12500000
v -0.43750000 -0.10937500 0.11595406
v -0.44459404 -0.09375000 -0.03125000
v -0.43750000 -0.10083876 -0.03125000
v -0.43750000 -0.09375000 -0.03833876
v -0.44986508 -0.09375000 0.01562500
v -0.44534092 -0.09375000 0.06250000
v -0.44530568 -0.09375000 0.07812500
v -0.43750000 -0.10151604 0.09375000
v -0.43750000 -0.09375000 0.08597719
v -0.43750000 -0.10280863 0.10937500
v -0.43750000 -0.07812500 -0.03906271
v -0.44562186 -0.07812500 0.06250000
v -0.44528095 -0.07812500 0.07812500
v -0.43750000 -0.07812500 0.08590596
v -0.43750000 -0.07031271 -0.04687500
v -0.43750000 -0.06250000 -0.05468750
v -0.44660628 -0.06250000 0.06250000
v -0.44531249 -0.06250000 0.07812500
v -0.44003214 -0.06250000 0.09375000
v -0.43750000 -0.06503215 0.09375000
v -0.43750000 -0.06250000 0.09635583
v -0.43750000 -0.04687500 -0.05468843
v -0.44636731 -0.04687500 0.06250000
v -0.44564733 -0.04687500 0.07812500
v -0.44531250 -0.04687500 0.09375000
v -0.44513329 -0.04687500 0.10937500
v -0.43750000 -0.05464236 0.10937500
v -0.43750000 -0.04687500 0.11724703
v -0.43750000 -0.03125000 -0.05472029
v -0.45148841 -0.03125000 0.03125000
v -0.44531272 -0.03125000 0.09375000
v -0.44531228 -0.03125000 0.10937500
v -0.43962164 -0.03125000 0.12500000
v -0.43750000 -0.03348624 0.12500000
v -0.43750000 -0.03125000 0.12765708
v -0.43872285 -0.01562500 -0.06250000
v -0.43750000 -0.01685703 -0.06250000
v -0.43750000 -0.01562500 -0.06372253
v -0.44890123 -0.01562500 0.01562500
v -0.44831623 -0.01562500 0.03125000
v -0.44531412 -0.01562500 0.09375000
v -0.44531249 -0.01562500 0.10937500
v -0.44166833 -0.01562500 0.12500000
v -0.43750000 -0.01562500 0.13061447
v -0.43828115 0.00000000 -0.06250000
v -0.43750000 0.00000000 -0.06328115
v -0.44643737 0.00000000 0.01562500
v -0.44531259 0.00000000 0.09375000
v -0.44531236 0.00000000 0.10937500
v -0.44156852 0.00000000 0.12500000
v -0.43750000 0.00000000 0.13058816
v -0.43750000 0.00078115 -0.06250000
v -0.43750000 0.01562500 -0.05468750
v -0.45109861 0.01562500 0.01562500
v -0.44535550 0.01562500 0.07812500
v -0.44530937 0.01562500 0.09375000
v -0.44449258 0.01562500 0.10937500
v -0.43750000 0.00772461 0.12500000
v -0.43750000 0.01562500 0.12019185
v -0.43750000 0.03125000 -0.05468750
v -0.44982334 0.03125000 0.01562500
v -0.45273990 0.03125000 0.03125000
v -0.45117786 0.03125000 0.04687500
v -0.44531259 0.03125000 0.07812500
v -0.44083781 0.03125000 0.09375000
v -0.43750000 0.02273778 0.10937500
v -0.43750000 0.03125000 0.09717007
v -0.44090503 0.03125000 0.15625000
v -0.43750000 0.02781530 0.15625000
v -0.43750000 0.03125000 0.15276836
v -0.43750000 0.03125000 0.15995484
v -0.44441543 0.04687500 -0.04687500
v -0.43750000 0.04687500 -0.05379043
v -0.44531245 0.04687500 0.07812500
v -0.43750000 0.03486394 0.09375000
v -0.43750000 0.04687500 0.08633637
v -0.44524086 0.04687500 0.14062500
v -0.43750000 0.03902266 0.14062500
v -0.43750000 0.04687500 0.13286724
v -0.44531526 0.04687500 0.15625000
v -0.43750000 0.04687500 0.16464607
v -0.43750000 0.05379043 -0.04687500
v -0.43750000 0.06250000 -0.03906250
v -0.45251170 0.06250000 0.01562500
v -0.44745647 0.06250000 0.06250000
v -0.44531155 0.06250000 0.07812500
v -0.43750000 0.06250000 0.08651184
v -0.44315521 0.06250000 0.12500000
v -0.43750000 0.05682917 0.12500000
v -0.43750000 0.06250000 0.11924650
v -0.44531227 0.06250000 0.14062500
v -0.44530702 0.06250000 0.15625000
v -0.43750000 0.06250000 0.16405658
v -0.43750000 0.07031323 -0.03125000
v -0.44617430 0.07812500 -0.01562500
v -0.43750000 0.07812500 -0.02342375
v -0.44540714 0.07812500 0.00000000
v -0.44539681 0.07812500 0.01562500
v -0.44590246 0.07812500 0.03125000
v -0.44531410 0.07812500 0.07812500
v -0.44510462 0.07812500 0.09375000
v -0.43750000 0.06994437 0.09375000
v -0.44411973 0.07812500 0.10937500
v -0.43750000 0.07140151 0.10937500
v -0.43958526 0.07812500 0.12500000
v -0.44491186 0.07812500 0.14062500
v -0.43750000 0.07030659 0.15625000
v -0.43750000 0.07812500 0.14803687
v -0.43750000 0.08592302 -0.01562500
v -0.43750000 0.08584586 0.00000000
v -0.43750000 0.08653934 0.01562500
v -0.45051139 0.09375000 0.03125000
v -0.43750000 0.09375000 0.02283154
v -0.44531514 0.09375000 0.07812500
v -0.44312116 0.09375000 0.09375000
v -0.43750000 0.08527500 0.10937500
v -0.43750000 0.09375000 0.09987585
v -0.43750000 0.08022201 0.12500000
v -0.43750000 0.08553686 0.14062500
v -0.44597618 0.10937500 0.03125000
v -0.43750000 0.10937500 0.02343360
v -0.43750000 0.10332019 0.04687500
v -0.43750000 0.10937500 0.04081832
v -0.43750000 0.10156366 0.06250000
v -0.43750000 0.10156248 0.07812500
v -0.43750000 0.09937116 0.09375000
v -0.43750000 0.11718552 0.03125000
v -0.43102984 -0.14062500 0.07812500
v -0.42187500 -0.14840595 0.07812500
v -0.42187500 -0.14062500 0.07007111
v -0.43126754 -0.14062500 0.09375000
v -0.42187500 -0.14843368 0.09375000
v -0.43299074 -0.14062500 0.10937500
v -0.42187500 -0.14843542 0.10937500
v -0.42187500 -0.14062500 0.11718542
v -0.43018017 -0.12500000 0.00000000
v -0.42187500 -0.13273118 0.00000000
v -0.42187500 -0.12500000 -0.00773118
v -0.42187500 -0.13281250 0.01562500
v -0.42187500 -0.13281250 0.03125000
v -0.42187500 -0.13281250 0.04687500
v -0.42187500 -0.13308541 0.06250000
v -0.42187500 -0.13281250 0.12500000
v -0.42187500 -0.12500000 0.13281250
v -0.42187500 -0.11718750 -0.01562500
v -0.42187500 -0.10937500 -0.02343750
v -0.42970399 -0.10937500 0.12500000
v -0.42970448 -0.10937500 0.14062500
v -0.42187500 -0.11718750 0.14062500
v -0.42187500 -0.10937500 0.14843750
v -0.42187500 -0.10156233 -0.03125000
v -0.42187500 -0.09375000 -0.03906233
v -0.42973401 -0.09375000 0.09375000
v -0.42969096 -0.09375000 0.10937500
v -0.42987439 -0.09375000 0.12500000
v -0.43150064 -0.09375000 0.14062500
v -0.43022245 -0.09375000 0.15625000
v -0.42187500 -0.10156250 0.15625000
v -0.42187500 -0.09375000 0.16406250
v -0.42187500 -0.07812500 -0.03948190
v -0.42968752 -0.07812500 0.09375000
v -0.42968749 -0.07812500 0.10937500
v -0.42969056 -0.07812500 0.12500000
v -0.43181298 -0.07812500 0.14062500
v -0.43175391 -0.07812500 0.15625000
v -0.42962253 -0.07812500 0.17187500
v -0.42187500 -0.08587252 0.17187500
v -0.42187500 -0.07812500 0.17962252
v -0.42187500 -0.07073190 -0.04687500
v -0.42187500 -0.06250000 -0.05468750
v -0.42982159 -0.06250000 0.10937500
v -0.42969393 -0.06250000 0.12500000
v -0.42969769 -0.06250000 0.14062500
v -0.43239697 -0.06250000 0.15625000
v -0.42969025 -0.06250000 0.17187500
v -0.42187500 -0.06250000 0.17968750
v -0.42187500 -0.04687500 -0.05482592
v -0.42992621 -0.04687500 0.12500000
v -0.43034937 -0.04687500 0.14062500
v -0.43074666 -0.04687500 0.15625000
v -0.42980153 -0.04687500 0.17187500
v -0.42187500 -0.04687500 0.17986818
v -0.42187500 -0.03125000 -0.05852347
v -0.43071855 -0.03125000 0.14062500
v -0.42997728 -0.03125000 0.15625000
v -0.43014838 -0.03125000 0.17187500
v -0.42187500 -0.03125000 0.17991552
v -0.42187500 -0.02725433 -0.06250000
v -0.42187500 -0.01562500 -0.07028732
v -0.43135210 -0.01562500 0.14062500
v -0.43050263 -0.01562500 0.15625000
v -0.42984047 -0.01562500 0.17187500
v -0.42187500 -0.01562500 0.17968796
v -0.42187500 0.00000000 -0.07030472
v -0.43144724 0.00000000 0.14062500
v -0.43007240 0.00000000 0.15625000
v -0.42970719 0.00000000 0.17187500
v -0.42187500 0.00000000 0.17968750
v -0.42187500 0.00780899 -0.06250000
v -0.42187500 0.01562500 -0.05469177
v -0.43336341 0.01562500 0.12500000
v -0.43005624 0.01562500 0.14062500
v -0.42973089 0.01562500 0.15625000
v -0.42968917 0.01562500 0.17187500
v -0.42187500 0.01562500 0.17968746
v -0.42187500 0.03125000 -0.05468750
v -0.42980884 0.03125000 0.10937500
v -0.42969499 0.03125000 0.12500000
v -0.42979897 0.03125000 0.14062500
v -0.43011370 0.03125000 0.17187500
v -0.42187500 0.03125000 0.17968746
v -0.42187500 0.04687500 -0.05468750
v -0.43008643 0.04687500 0.09375000
v -0.42968836 0.04687500 0.10937500
v -0.42970440 0.04687500 0.12500000
v -0.43027096 0.04687500 0.17187500
v -0.42187500 0.04687500 0.17968734
v -0.42187500 0.05611514 -0.04687500
v -0.42187500 0.06250000 -0.04049014
v -0.43026279 0.06250000 0.09375000
v -0.42979351 0.06250000 0.10937500
v -0.42187500 0.05468734 0.17187500
v -0.42187500 0.06250000 0.16406250
v -0.42968710 0.07812500 -0.03125000
v -0.42187500 0.07812500 -0.03906137
v -0.42187500 0.07031259 0.15625000
v -0.42187500 0.07812500 0.14843759
v -0.42187500 0.08593637 -0.03125000
v -0.42187500 0.08593750 -0.01562500
v -0.42187500 0.08594036 0.00000000
v -0.43028582 0.09375000 0.01562500
v -0.42187500 0.09375000 0.00781810
v -0.43022473 0.09375000 0.10937500
v -0.42971114 0.09375000 0.12500000
v -0.42187500 0.08593750 0.14062500
v -0.42187500 0.09375000 0.13281079
v -0.42727423 0.10937500 0.01562500
v -0.42187500 0.10937500 0.01023109
v -0.43111173 0.10937500 0.04687500
v -0.42770977 0.10937500 0.06250000
v -0.42187500 0.10171423 0.07812500
v -0.42187500 0.10937500 0.06847638
v -0.42187500 0.10156250 0.09375000
v -0.42187500 0.10156250 0.10937500
v -0.42187500 0.10156079 0.12500000
v -0.42187500 0.11476891 0.01562500
v -0.42187500 0.11718742 0.03125000
v -0.42187500 0.11683977 0.04687500
v -0.42187500 0.11520868 0.06250000
v -0.40625000 -0.14843115 0.07812500
v -0.40625000 -0.14062500 0.06753846
v -0.40625000 -0.14843744 0.09375000
v -0.40625000 -0.14826554 0.10937500
v -0.40625000 -0.14062500 0.11701554
v -0.40625000 -0.13256790 0.00000000
v -0.40625000 -0.12500000 -0.00756790
v -0.40625000 -0.13281250 0.01562500
v -0.40625000 -0.13281250 0.03125000
v -0.40625000 -0.13281252 0.04687500
v -0.40625000 -0.13559209 0.06250000
v -0.40625000 -0.13281250 0.12500000
v -0.40625000 -0.12500000 0.13281250
v -0.40625000 -0.11718750 -0.01562500
v -0.40625000 -0.10937500 -0.02343750
v -0.40625000 -0.11718750 0.14062500
v -0.40625000 -0.10937500 0.14843750
v -0.40625000 -0.10156250 -0.03125000
v -0.40625000 -0.09375000 -0.03906250
v -0.40625000 -0.10156250 0.15625000
v -0.40625000 -0.09375000 0.16406250
v -0.41448184 -0.07812500 -0.04687500
v -0.40625000 -0.08593744 -0.04687500
v -0.40625000 -0.07812500 -0.05468744
v -0.40625000 -0.08593696 0.17187500
v -0.40625000 -0.07812500 0.17968696
v -0.40625000 -0.06250000 -0.05468784
v -0.40625000 -0.06250000 0.17968750
v -0.41378260 -0.04687500 -0.06250000
v -0.40625000 -0.05426979 -0.06250000
v -0.40625000 -0.04687500 -0.06989445
v -0.41417284 -0.04687500 0.18750000
v -0.40625000 -0.05461714 0.18750000
v -0.40625000 -0.04687500 0.19524214
v -0.41789060 -0.03125000 -0.06250000
v -0.40625000 -0.03125000 -0.07030213
v -0.41428974 -0.03125000 0.18750000
v -0.40625000 -0.03125000 0.19531171
v -0.40625000 -0.01562500 -0.07031217
v -0.41399633 -0.01562500 0.18750000
v -0.40625000 -0.01562500 0.19524587
v -0.40625000 0.00000000 -0.07031247
v -0.40625000 -0.00457124 0.18750000
v -0.40625000 0.00000000 0.18298373
v -0.41405071 0.01562500 -0.06250000
v -0.40625000 0.01562500 -0.07029644
v -0.40625000 0.01562500 0.17968773
v -0.40625000 0.02342144 -0.06250000
v -0.40625000 0.03125000 -0.05468750
v -0.40625000 0.03125000 0.17968750
v -0.40625000 0.04687500 -0.05468750
v -0.40625000 0.04687500 0.17968750
v -0.41549013 0.06250000 -0.04687500
v -0.40625000 0.06250000 -0.05468749
v -0.40625000 0.05468750 0.17187500
v -0.40625000 0.06250000 0.16406250
v -0.40625000 0.07031249 -0.04687500
v -0.40625000 0.07812500 -0.03906250
v -0.40625000 0.07031251 0.15625000
v -0.40625000 0.07812500 0.14843751
v -0.40625000 0.08593750 -0.03125000
v -0.40625000 0.08594290 -0.01562500
v -0.41403576 0.09375000 0.00000000
v -0.40625000 0.09375000 -0.00778830
v -0.40625000 0.08593750 0.14062500
v -0.40625000 0.09375000 0.13281244
v -0.40625000 0.10153290 0.00000000
v -0.40625000 0.10937500 0.00782999
v -0.41418226 0.10937500 0.07812500
v -0.40625000 0.10156257 0.09375000
v -0.40625000 0.10937500 0.08590559
v -0.40625000 0.10156250 0.10937500
v -0.40625000 0.10156244 0.12500000
v -0.40625000 0.11717001 0.01562500
v -0.40625000 0.11718750 0.03125000
v -0.40625000 0.11718641 0.04687500
v -0.40625000 0.11718316 0.06250000
v -0.40625000 0.11715553 0.07812500
v -0.40104409 -0.14062500 0.06250000
v -0.39062500 -0.14824120 0.06250000
v -0.39062500 -0.14062500 0.04928168
v -0.39062500 -0.14843742 0.07812500
v -0.39062500 -0.14843591 0.09375000
v -0.39062500 -0.14182387 0.10937500
v -0.39062500 -0.14062500 0.11057387
v -0.39062500 -0.13281238 0.00000000
v -0.39062500 -0.12500000 -0.00781238
v -0.39062500 -0.13281604 0.01562500
v -0.39062500 -0.13440402 0.03125000
v -0.39062500 -0.13831889 0.04687500
v -0.39062500 -0.13281250 0.12500000
v -0.39062500 -0.12500000 0.13287152
v -0.39062500 -0.11718750 -0.01562500
v -0.39062500 -0.10937500 -0.02343752
v -0.39062500 -0.11724652 0.14062500
v -0.39062500 -0.10937500 0.14843854
v -0.39062500 -0.10156252 -0.03125000
v -0.39062500 -0.09375000 -0.04038465
v -0.39062500 -0.10156354 0.15625000
v -0.39062500 -0.09375000 0.16406250
v -0.39062500 -0.08725965 -0.04687500
v -0.39062500 -0.07812500 -0.05468821
v -0.39062500 -0.08593748 0.17187500
v -0.39062500 -0.07812500 0.17968748
v -0.39834650 -0.06250000 -0.06250000
v -0.39062500 -0.07022187 -0.06250000
v -0.39062500 -0.06250000 -0.07022116
v -0.39062500 -0.06250000 0.17968750
v -0.39062500 -0.04687500 -0.07031250
v -0.39062500 -0.05466979 0.18750000
v -0.39062500 -0.04687500 0.19529479
v -0.39062500 -0.03125000 -0.07031311
v -0.39062500 -0.03125000 0.19531250
v -0.39062500 -0.01562500 -0.07033655
v -0.39062500 -0.01562500 0.19531250
v -0.39062500 0.00000000 -0.07045253
v -0.40173367 0.00000000 0.18750000
v -0.39062500 0.00000000 0.19531243
v -0.39062500 0.01562500 -0.07031609
v -0.39062500 0.00785512 0.18750000
v -0.39062500 0.01562500 0.17973019
v -0.39819032 0.03125000 -0.06250000
v -0.39062500 0.03125000 -0.07006532
v -0.39062500 0.03125000 0.17968750
v -0.39062500 0.03881532 -0.06250000
v -0.39062500 0.04687500 -0.05468750
v -0.39062500 0.04687500 0.17968750
v -0.39062500 0.06250000 -0.05468750
v -0.39062500 0.05468750 0.17187500
v -0.39062500 0.06250000 0.16406250
v -0.39062500 0.07031703 -0.04687500
v -0.39062500 0.07812500 -0.03906703
v -0.39062500 0.07031304 0.15625000
v -0.39062500 0.07812500 0.14843804
v -0.39062500 0.08826726 -0.03125000
v -0.39843977 0.09375000 -0.01562500
v -0.39062500 0.09375000 -0.02576441
v -0.39062500 0.08593752 0.14062500
v -0.39062500 0.09375000 0.13281252
v -0.39062500 0.10155937 -0.01562500
v -0.39062500 0.10156257 0.00000000
v -0.39062500 0.10937500 0.00781243
v -0.39803101 0.10937500 0.09375000
v -0.39062500 0.10156262 0.10937500
v -0.39062500 0.10937500 0.10115606
v -0.39062500 0.10156250 0.12500000
v -0.39062500 0.11718752 0.01562500
v -0.39062500 0.11718750 0.03125000
v -0.39062500 0.11718750 0.04687500
v -0.39062500 0.11718748 0.06250000
v -0.39062500 0.11648142 0.07812500
v -0.39062500 0.11678094 0.09375000
v -0.38281600 -0.14062500 0.01562500
v -0.37500000 -0.14843746 0.01562500
v -0.37500000 -0.14062500 0.00778895
v -0.38440402 -0.14062500 0.03125000
v -0.37500000 -0.14843750 0.03125000
v -0.38831889 -0.14062500 0.04687500
v -0.37500000 -0.14843750 0.04687500
v -0.37500000 -0.14843750 0.06250000
v -0.37500000 -0.14843750 0.07812500
v -0.37500000 -0.14841948 0.09375000
v -0.38942475 -0.14062500 0.10937500
v -0.37500000 -0.14062500 0.10154935
v -0.37500000 -0.13283609 0.00000000
v -0.37500000 -0.12500000 -0.00804754
v -0.37500000 -0.13281737 0.10937500
v -0.37500000 -0.13281250 0.12500000
v -0.38282820 -0.12500000 0.14062500
v -0.37500000 -0.13276918 0.14062500
v -0.37500000 -0.12500000 0.14839418
v -0.38277388 -0.10937500 -0.03125000
v -0.37500000 -0.11714886 -0.03125000
v -0.37500000 -0.10937500 -0.03902386
v -0.37500000 -0.11742254 -0.01562500
v -0.38145646 -0.10937500 0.15625000
v -0.37500000 -0.11583045 0.15625000
v -0.37500000 -0.10937500 0.16270545
v -0.38413465 -0.09375000 -0.04687500
v -0.37500000 -0.10156250 -0.04687500
v -0.37500000 -0.09375000 -0.05468777
v -0.37500000 -0.09375000 0.16406250
v -0.38281092 -0.07812500 -0.06250000
v -0.37500000 -0.08593548 -0.06250000
v -0.37500000 -0.07812500 -0.07031021
v -0.37500000 -0.08593750 0.17187500
v -0.37500000 -0.07812500 0.17968750
v -0.37500000 -0.06250000 -0.07031252
v -0.37500000 -0.06250000 0.17968750
v -0.37500000 -0.04687500 -0.07308085
v -0.37500000 -0.05434615 0.18750000
v -0.37500000 -0.04687500 0.19497115
v -0.38281283 -0.03125000 -0.07812500
v -0.37500000 -0.04183061 -0.07812500
v -0.37500000 -0.03125000 -0.08593725
v -0.37500000 -0.03125000 0.19531250
v -0.38283655 -0.01562500 -0.07812500
v -0.37500000 -0.01562500 -0.08599753
v -0.37500000 -0.01562500 0.19531250
v -0.38295252 0.00000000 -0.07812500
v -0.37500000 0.00000000 -0.08594158
v -0.37500000 0.00000000 0.19531250
v -0.38281609 0.01562500 -0.07812500
v -0.37500000 0.01562500 -0.08593750
v -0.38160584 0.01562500 0.18750000
v -0.37500000 0.01562500 0.19406420
v -0.38281091 0.03125000 -0.07812500
v -0.37500000 0.03125000 -0.08593591
v -0.37500000 0.02218920 0.18750000
v -0.37500000 0.03125000 0.17968750
v -0.37500000 0.03909530 -0.07812500
v -0.38222716 0.04687500 -0.06250000
v -0.37500000 0.04687500 -0.06976137
v -0.37500000 0.04687500 0.17968747
v -0.37500000 0.05410228 -0.06250000
v -0.37500000 0.06250000 -0.05468763
v -0.37500000 0.05468747 0.17187500
v -0.37500000 0.06250000 0.16406250
v -0.38281692 0.07812500 -0.04687500
v -0.37500000 0.07812500 -0.05468739
v -0.37653473 0.07812500 0.15625000
v -0.37500000 0.07812500 0.15778454
v -0.37500000 0.08593739 -0.04687500
v -0.38514155 0.09375000 -0.03125000
v -0.37500000 0.09375000 -0.03906172
v -0.37500000 0.08597228 0.14062500
v -0.37500000 0.09375000 0.13284728
v -0.37500000 0.07965954 0.15625000
v -0.37500000 0.10156172 -0.03125000
v -0.37500000 0.10158808 -0.01562500
v -0.38271250 0.10937500 0.00000000
v -0.37500000 0.10937500 -0.00773801
v -0.38269618 0.10937500 0.10937500
v -0.37500000 0.10156250 0.12500000
v -0.37500000 0.10937500 0.11707106
v -0.37500000 0.11708783 0.00000000
v -0.38250446 0.12500000 0.01562500
v -0.37500000 0.12500000 0.00812016
v -0.38209989 0.12500000 0.03125000
v -0.37500000 0.11718776 0.04687500
v -0.37500000 0.12500000 0.03835015
v -0.37500000 0.11718750 0.06250000
v -0.37500000 0.11718736 0.07812500
v -0.37500000 0.11718759 0.09375000
v -0.37500000 0.11707106 0.10937500
v -0.37500000 0.13250444 0.01562500
v -0.37500000 0.13209989 0.03125000
v -0.36721106 -0.14062500 0.00000000
v -0.35937500 -0.14843747 0.00000000
v -0.35937500 -0.14062500 -0.00781264
v -0.35937500 -0.14843750 0.01562500
v -0.35937500 -0.14843904 0.03125000
v -0.35937500 -0.14843866 0.04687500
v -0.35937500 -0.14843774 0.06250000
v -0.35937500 -0.14843750 0.07812500
v -0.35937500 -0.14843750 0.09375000
v -0.36718927 -0.14062500 0.10937500
v -0.35937500 -0.14843440 0.10937500
v -0.35937500 -0.14062500 0.11718440
v -0.36742254 -0.12500000 -0.01562500
v -0.35937500 -0.13281267 -0.01562500
v -0.35937500 -0.12500000 -0.02345968
v -0.35937500 -0.13281250 0.12500000
v -0.35937500 -0.13279138 0.14062500
v -0.35937500 -0.12500000 0.14841638
v -0.36706360 -0.10937500 -0.04687500
v -0.35937500 -0.11706369 -0.04687500
v -0.35937500 -0.10937500 -0.05528606
v -0.35937500 -0.11720968 -0.03125000
v -0.35937500 -0.11718738 0.15625000
v -0.35937500 -0.10937500 0.16406238
v -0.36718744 -0.09375000 -0.06250000
v -0.35937500 -0.10228376 -0.06250000
v -0.35937500 -0.09375000 -0.07031284
v -0.35937500 -0.09375000 0.16406254
v -0.35937500 -0.07812500 -0.07034884
v -0.35937500 -0.08593754 0.17187500
v -0.35937500 -0.07812500 0.17968750
v -0.36718199 -0.06250000 -0.07812500
v -0.35937500 -0.07034331 -0.07812500
v -0.35937500 -0.06250000 -0.08593197
v -0.35937500 -0.06250000 0.17968773
v -0.36995585 -0.04687500 -0.07812500
v -0.35937500 -0.04687500 -0.08596410
v -0.35937500 -0.05468751 0.18750000
v -0.35937500 -0.04687500 0.19531227
v -0.36718320 -0.03125000 -0.09375000
v -0.35937500 -0.03908478 -0.09375000
v -0.35937500 -0.03125000 -0.10155818
v -0.35937500 -0.03125000 0.19531250
v -0.36724754 -0.01562500 -0.09375000
v -0.35937500 -0.01562500 -0.10156259
v -0.35937500 -0.01562500 0.19531250
v -0.36719158 0.00000000 -0.09375000
v -0.35937500 0.00000000 -0.10156252
v -0.35937500 0.00000000 0.19531250
v -0.36718654 0.01562500 -0.09375000
v -0.35937500 0.01562500 -0.10156153
v -0.35937500 0.01562500 0.19529605
v -0.36111767 0.03125000 -0.09375000
v -0.35937500 0.03125000 -0.09549267
v -0.35937500 0.02342105 0.18750000
v -0.35937500 0.03125000 0.17968750
v -0.35937500 0.03299268 -0.09375000
v -0.36722189 0.04687500 -0.07812500
v -0.35937500 0.04687500 -0.08593753
v -0.35937500 0.04687500 0.17968750
v -0.36714452 0.06250000 -0.07812500
v -0.35937500 0.06250000 -0.08589452
v -0.36718754 0.06250000 -0.06250000
v -0.35937500 0.05468781 0.17187500
v -0.35937500 0.06250000 0.16406281
v -0.35937500 0.07026952 -0.07812500
v -0.36713491 0.07812500 -0.06250000
v -0.35937500 0.07812500 -0.07025991
v -0.35937500 0.07812500 0.16405547
v -0.35937500 0.08588491 -0.06250000
v -0.36714920 0.09375000 -0.04687500
v -0.35937500 0.09375000 -0.05464920
v -0.36134991 0.09375000 0.14062500
v -0.35937500 0.08593047 0.15625000
v -0.35937500 0.09375000 0.14258460
v -0.35937500 0.10152420 -0.04687500
v -0.36707966 0.10937500 -0.03125000
v -0.35937500 0.10937500 -0.03895466
v -0.36721308 0.10937500 -0.01562500
v -0.35937500 0.10156410 0.12500000
v -0.35937500 0.10937500 0.11718910
v -0.35937500 0.09570960 0.14062500
v -0.35937500 0.11707966 -0.03125000
v -0.35937500 0.11760303 -0.01562500
v -0.36718779 0.12500000 0.00000000
v -0.35937500 0.12500000 -0.00822791
v -0.36718761 0.12500000 0.04687500
v -0.36497040 0.12500000 0.06250000
v -0.35937500 0.11827926 0.07812500
v -0.35937500 0.12500000 0.06914069
v -0.36200663 0.12500000 0.09375000
v -0.35937500 0.12500000 0.09044432
v -0.35937500 0.11718764 0.10937500
v -0.35937500 0.12500000 0.09638166
v -0.35937500 0.13281910 0.00000000
v -0.35937500 0.13341843 0.01562500
v -0.35937500 0.13291386 0.03125000
v -0.35937500 0.13281290 0.04687500
v -0.35937500 0.13059540 0.06250000
v -0.35937500 0.12763158 0.09375000
v -0.35156297 -0.15625000 0.03125000
v -0.34375000 -0.16406143 0.03125000
v -0.34375000 -0.15625000 0.02267877
v -0.35156226 -0.15625000 0.04687500
v -0.34375000 -0.16406109 0.04687500
v -0.35153744 -0.15625000 0.06250000
v -0.34375000 -0.16403720 0.06250000
v -0.35150500 -0.15625000 0.07812500
v -0.34375000 -0.16400500 0.07812500
v -0.35059876 -0.15625000 0.09375000
v -0.34375000 -0.16309876 0.09375000
v -0.34375000 -0.15625000 0.10059876
v -0.35140436 -0.14062500 -0.03125000
v -0.34375000 -0.14827936 -0.03125000
v -0.34375000 -0.14062500 -0.03890472
v -0.35156255 -0.14062500 -0.01562500
v -0.34375000 -0.14848553 -0.01562500
v -0.34375000 -0.14846231 0.00000000
v -0.34375000 -0.14919729 0.01562500
v -0.34375000 -0.14843750 0.10937500
v -0.34375000 -0.14062500 0.11720115
v -0.35155842 -0.12500000 -0.04687500
v -0.34375000 -0.13280870 -0.04687500
v -0.34375000 -0.12500000 -0.05485922
v -0.35158467 -0.12500000 -0.03125000
v -0.34375000 -0.13282615 0.12500000
v -0.34375000 -0.13281248 0.14062500
v -0.34375000 -0.12500000 0.14843748
v -0.35156088 -0.10937500 -0.07812500
v -0.34375000 -0.11718571 -0.07812500
v -0.34375000 -0.10937500 -0.08593571
v -0.35228408 -0.10937500 -0.06250000
v -0.34375000 -0.11736338 -0.06250000
v -0.34375000 -0.11718750 0.15625000
v -0.34375000 -0.10937500 0.16406250
v -0.35155431 -0.09375000 -0.07812500
v -0.34375000 -0.09375000 -0.08593414
v -0.35156245 -0.09375000 0.17187500
v -0.34375000 -0.10156241 0.17187500
v -0.34375000 -0.09375000 0.17968741
v -0.35159881 -0.07812500 -0.07812500
v -0.34375000 -0.07812500 -0.08593850
v -0.34375000 -0.07812500 0.17968758
v -0.34375000 -0.06250000 -0.08701472
v -0.35156217 -0.06250000 0.18750000
v -0.34375000 -0.07031201 0.18750000
v -0.34375000 -0.06250000 0.19531194
v -0.35158908 -0.04687500 -0.09375000
v -0.34375000 -0.05576470 -0.09375000
v -0.34375000 -0.04687500 -0.10156248
v -0.34375000 -0.04687500 0.19531250
v -0.34375000 -0.03125000 -0.10258131
v -0.34375000 -0.03125000 0.19531275
v -0.35156191 -0.01562500 -0.10937500
v -0.34375000 -0.02445564 -0.10937500
v -0.34375000 -0.01562500 -0.11718682
v -0.34375000 -0.01562500 0.19531252
v -0.35155998 0.00000000 -0.10937500
v -0.34375000 0.00000000 -0.11718495
v -0.34375000 0.00000000 0.19531250
v -0.34973623 0.01562500 -0.10937500
v -0.34375000 0.01562500 -0.11536123
v -0.34375000 0.01562500 0.19531248
v -0.34375000 0.02161279 -0.10937500
v -0.34375000 0.03125000 -0.10156415
v -0.34375000 0.02425461 0.18750000
v -0.34375000 0.03125000 0.18050464
v -0.35156252 0.04687500 -0.09375000
v -0.34375000 0.04687500 -0.10156258
v -0.34375000 0.04687500 0.17968828
v -0.34980900 0.06250000 -0.09375000
v -0.34375000 0.06250000 -0.09980900
v -0.35112233 0.06250000 0.17187500
v -0.34375000 0.06250000 0.17924702
v -0.34375000 0.06856902 -0.09375000
v -0.35156000 0.07812500 -0.07812500
v -0.34375000 0.07812500 -0.08594554
v -0.34375000 0.06987207 0.17187500
v -0.34375000 0.07812500 0.16406253
v -0.34375000 0.08593502 -0.07812500
v -0.35156196 0.09375000 -0.06250000
v -0.34375000 0.09375000 -0.07031197
v -0.34375000 0.08593749 0.15625000
v -0.34375000 0.09375000 0.14843035
v -0.34375000 0.10156196 -0.06250000
v -0.35156153 0.10937500 -0.04687500
v -0.34375000 0.10937500 -0.05468653
v -0.34390106 0.10937500 0.12500000
v -0.34375000 0.10155535 0.14062500
v -0.34375000 0.10937500 0.12515100
v -0.34375000 0.11718653 -0.04687500
v -0.35072850 0.12500000 -0.03125000
v -0.34375000 0.12500000 -0.03822850
v -0.35197803 0.12500000 -0.01562500
v -0.35265425 0.12500000 0.07812500
v -0.34885315 0.12500000 0.10937500
v -0.34375000 0.10952600 0.12500000
v -0.34375000 0.12500000 0.11447803
v -0.34375000 0.13197850 -0.03125000
v -0.34375000 0.13281454 -0.01562500
v -0.35156922 0.14062500 0.00000000
v -0.34375000 0.14062500 -0.00781454
v -0.35216843 0.14062500 0.01562500
v -0.35166386 0.14062500 0.03125000
v -0.35156203 0.14062500 0.04687500
v -0.34375000 0.13312922 0.06250000
v -0.34375000 0.14062500 0.05500320
v -0.34375000 0.13285459 0.07812500
v -0.34375000 0.13281251 0.09375000
v -0.34375000 0.13010302 0.10937500
v -0.34375000 0.14843750 0.00000000
v -0.34375000 0.14843750 0.01562500
v -0.34375000 0.14843750 0.03125000
v -0.34375000 0.14843648 0.04687500
v -0.33500382 -0.15625000 -0.03125000
v -0.32812500 -0.16312882 -0.03125000
v -0.32812500 -0.15625000 -0.03812889
v -0.33598565 -0.15625000 -0.01562500
v -0.32812500 -0.16406250 -0.01562500
v -0.33596231 -0.15625000 0.00000000
v -0.32812500 -0.16406250 0.00000000
v -0.33669729 -0.15625000 0.01562500
v -0.32812500 -0.16406250 0.01562500
v -0.32812500 -0.16406250 0.03125000
v -0.32812500 -0.16406250 0.04687500
v -0.32812500 -0.16406250 0.06250000
v -0.32812500 -0.16406250 0.07812500
v -0.32812500 -0.16406250 0.09375000
v -0.32812500 -0.15625000 0.10156483
v -0.33593718 -0.14062500 -0.04687500
v -0.32812500 -0.14843689 -0.04687500
v -0.32812500 -0.14062500 -0.05469004
v -0.32812500 -0.14843983 0.10937500
v -0.33594598 -0.14062500 0.12500000
v -0.32812500 -0.14843233 0.12500000
v -0.32812500 -0.14062500 0.13280733
v -0.33485239 -0.12500000 -0.07812500
v -0.32812500 -0.13172739 -0.07812500
v -0.32812500 -0.12500000 -0.08485239
v -0.33611339 -0.12500000 -0.06250000
v -0.32812500 -0.13281572 -0.06250000
v -0.32812500 -0.13281250 0.14062500
v -0.32812500 -0.12500000 0.14843750
v -0.33551891 -0.10937500 -0.09375000
v -0.32812500 -0.11676891 -0.09375000
v -0.32812500 -0.10937500 -0.10114391
v -0.32812500 -0.11718750 0.15625000
v -0.32812500 -0.10937500 0.16406544
v -0.33594251 -0.09375000 -0.09375000
v -0.32812500 -0.09375000 -0.10157995
v -0.32812500 -0.10156544 0.17187500
v -0.32812500 -0.09375000 0.17968750
v -0.33593842 -0.07812500 -0.09375000
v -0.32812500 -0.07812500 -0.10158242
v -0.33547803 -0.07812500 0.18750000
v -0.32812500 -0.08547796 0.18750000
v -0.32812500 -0.07812500 0.19485296
v -0.33701472 -0.06250000 -0.09375000
v -0.32812500 -0.06250000 -0.10165772
v -0.32812500 -0.06250000 0.19531250
v -0.33526054 -0.04687500 -0.10937500
v -0.32812500 -0.05410514 -0.10937500
v -0.32812500 -0.04687500 -0.11651054
v -0.32812500 -0.04687500 0.19531316
v -0.33695631 -0.03125000 -0.10937500
v -0.32812500 -0.03125000 -0.11718750
v -0.33588664 -0.03125000 0.20312500
v -0.32812500 -0.03901205 0.20312500
v -0.32812500 -0.03125000 0.21088639
v -0.32812500 -0.01562500 -0.11719777
v -0.33169099 -0.01562500 0.20312500
v -0.32812500 -0.01562500 0.20669098
v -0.32812500 0.00000000 -0.11829214
v -0.32812500 -0.01205878 0.20312500
v -0.32812500 0.00000000 0.19531284
v -0.32812500 0.01562500 -0.11726808
v -0.32812500 0.01562500 0.19531250
v -0.33593914 0.03125000 -0.10937500
v -0.32812500 0.03125000 -0.11719807
v -0.33675464 0.03125000 0.18750000
v -0.32812500 0.03125000 0.19531250
v -0.33593757 0.04687500 -0.10937500
v -0.32812500 0.04687500 -0.11718855
v -0.33593827 0.04687500 0.18750000
v -0.32812500 0.04687500 0.19531249
v -0.33593750 0.06250000 -0.10937500
v -0.32812500 0.06250000 -0.11718750
v -0.33590537 0.06250000 0.18750000
v -0.32812500 0.06250000 0.19528037
v -0.32812500 0.07051815 -0.10937500
v -0.33594805 0.07812500 -0.09375000
v -0.32812500 0.07812500 -0.10176815
v -0.33593600 0.07812500 0.17187500
v -0.32812500 0.07028037 0.18750000
v -0.32812500 0.07812500 0.17968596
v -0.33578020 0.09375000 -0.09375000
v -0.32812500 0.09375000 -0.10140520
v -0.33593752 0.09375000 -0.07812500
v -0.33587528 0.09375000 0.15625000
v -0.32812500 0.08593596 0.17187500
v -0.32812500 0.09375000 0.16400028
v -0.32812500 0.10140520 -0.09375000
v -0.32812500 0.10156432 -0.07812500
v -0.33593363 0.10937500 -0.06250000
v -0.32812500 0.10937500 -0.07031044
v -0.32812500 0.10198974 0.14062500
v -0.32812500 0.10937500 0.13323974
v -0.32812500 0.10150028 0.15625000
v -0.32812500 0.11718363 -0.06250000
v -0.32812500 0.11842372 -0.04687500
v -0.32812500 0.12500000 -0.04029872
v -0.32812500 0.12117303 0.12500000
v -0.32812500 0.12500000 0.12117303
v -0.32812500 0.13281262 -0.03125000
v -0.33593954 0.14062500 -0.01562500
v -0.32812500 0.14062500 -0.02343762
v -0.33625422 0.14062500 0.06250000
v -0.33597951 0.14062500 0.07812500
v -0.33580450 0.14062500 0.09375000
v -0.32812500 0.13281251 0.10937500
v -0.32812500 0.14062500 0.10142947
v -0.32812500 0.14843750 -0.01562500
v -0.32812500 0.14844051 0.00000000
v -0.33329930 0.15625000 0.01562500
v -0.32812500 0.15625000 0.01044804
v -0.33552877 0.15625000 0.03125000
v -0.33528052 0.15625000 0.04687500
v -0.32812500 0.14853236 0.06250000
v -0.32812500 0.15625000 0.05412480
v -0.32812500 0.14843744 0.07812500
v -0.32812500 0.14830445 0.09375000
v -0.32812500 0.16142430 0.01562500
v -0.32812500 0.16365377 0.03125000
v -0.32812500 0.16340551 0.04687500
v -0.32022903 -0.17187500 0.00000000
v -0.31250000 -0.17960403 0.00000000
v -0.31250000 -0.17187500 -0.01300054
v -0.32030428 -0.17187500 0.01562500
v -0.31250000 -0.17967928 0.01562500
v -0.32025721 -0.17187500 0.03125000
v -0.31250000 -0.17963221 0.03125000
v -0.31250000 -0.17187500 0.03978362
v -0.32010455 -0.17187500 0.07812500
v -0.31250000 -0.17947955 0.07812500
v -0.31250000 -0.17187500 0.07028777
v -0.31250000 -0.17187500 0.08572956
v -0.32026640 -0.15625000 -0.04687500
v -0.31250000 -0.16401633 -0.04687500
v -0.31250000 -0.15625000 -0.05476677
v -0.31250000 -0.16406250 -0.03125000
v -0.31250000 -0.16929687 -0.01562500
v -0.31250000 -0.16483840 0.04687500
v -0.31250000 -0.16429517 0.06250000
v -0.31250000 -0.16406251 0.09375000
v -0.32031418 -0.15625000 0.10937500
v -0.31250000 -0.16406185 0.10937500
v -0.31250000 -0.15625000 0.11718685
v -0.32017280 -0.14062500 -0.07812500
v -0.31250000 -0.14829786 -0.07812500
v -0.31250000 -0.14062500 -0.08579830
v -0.32031569 -0.14062500 -0.06250000
v -0.31250000 -0.14856290 -0.06250000
v -0.31250000 -0.14843750 0.12500000
v -0.31250000 -0.14062500 0.13281250
v -0.32015752 -0.12500000 -0.09375000
v -0.31250000 -0.13265802 -0.09375000
v -0.31250000 -0.12500000 -0.10140751
v -0.31250000 -0.13281250 0.14062500
v -0.31250000 -0.12500000 0.14846598
v -0.31250000 -0.10937500 -0.10157488
v -0.31250000 -0.11721598 0.15625000
v -0.32007899 -0.10937500 0.17187500
v -0.31250000 -0.11695104 0.17187500
v -0.31250000 -0.10937500 0.17945104
v -0.32033043 -0.09375000 -0.10937500
v -0.31250000 -0.10157487 -0.10937500
v -0.31250000 -0.09375000 -0.11718750
v -0.31250000 -0.09375000 0.17968750
v -0.32033251 -0.07812500 -0.10937500
v -0.31250000 -0.07812500 -0.11908001
v -0.31250000 -0.08593704 0.18750000
v -0.31250000 -0.07812500 0.19531204
v -0.31882866 -0.06250000 -0.12500000
v -0.31250000 -0.07074090 -0.12500000
v -0.31250000 -0.06250000 -0.13132866
v -0.32040772 -0.06250000 -0.10937500
v -0.31250000 -0.06250000 0.19531250
v -0.31987704 -0.04687500 -0.12500000
v -0.31250000 -0.04687500 -0.13237716
v -0.31308250 -0.04687500 0.20312500
v -0.31250000 -0.04745740 0.20312500
v -0.31250000 -0.04687500 0.20370740
v -0.32027175 -0.03125000 -0.12500000
v -0.31250000 -0.03125000 -0.13279225
v -0.31250000 -0.03125000 0.21093750
v -0.32032261 -0.01562500 -0.12500000
v -0.31250000 -0.01562500 -0.13957282
v -0.31250000 -0.01562500 0.21093746
v -0.32141714 0.00000000 -0.12500000
v -0.31250000 0.00000000 -0.14047099
v -0.32017796 0.00000000 0.20312500
v -0.31250000 0.00000000 0.21080262
v -0.32039308 0.01562500 -0.12500000
v -0.31250000 0.01562500 -0.13281315
v -0.31935783 0.01562500 0.20312500
v -0.31250000 0.01562500 0.20998283
v -0.32032308 0.03125000 -0.12500000
v -0.31250000 0.03125000 -0.13281250
v -0.31618080 0.03125000 0.20312500
v -0.31250000 0.03125000 0.20680580
v -0.32031355 0.04687500 -0.12500000
v -0.31250000 0.04687500 -0.13281250
v -0.32019842 0.04687500 0.20312500
v -0.31250000 0.04687500 0.21082341
v -0.32031248 0.06250000 -0.12500000
v -0.31250000 0.06250000 -0.13281248
v -0.31250000 0.05626270 0.20312500
v -0.31250000 0.06250000 0.19699683
v -0.31250000 0.07031249 -0.12500000
v -0.32051815 0.07812500 -0.10937500
v -0.31250000 0.07812500 -0.11718751
v -0.32016094 0.07812500 0.18750000
v -0.31250000 0.07812500 0.19516093
v -0.32031080 0.09375000 -0.10937500
v -0.31250000 0.09375000 -0.11718580
v -0.32020896 0.09375000 0.17187500
v -0.31250000 0.08578593 0.18750000
v -0.31250000 0.09375000 0.17958396
v -0.31250000 0.10156080 -0.10937500
v -0.32031157 0.10937500 -0.09375000
v -0.31250000 0.10937500 -0.10156157
v -0.32031432 0.10937500 -0.07812500
v -0.32073974 0.10937500 0.14062500
v -0.31978594 0.10937500 0.15625000
v -0.31250000 0.10145896 0.17187500
v -0.31250000 0.10937500 0.16353594
v -0.31250000 0.11718657 -0.09375000
v -0.31250000 0.11719088 -0.07812500
v -0.32029340 0.12500000 -0.06250000
v -0.31250000 0.12500000 -0.07029678
v -0.32154872 0.12500000 -0.04687500
v -0.32429802 0.12500000 0.12500000
v -0.31390788 0.12500000 0.14062500
v -0.31250000 0.11666094 0.15625000
v -0.31250000 0.12500000 0.14203288
v -0.31250000 0.13279340 -0.06250000
v -0.31250000 0.13281580 -0.04687500
v -0.32031262 0.14062500 -0.03125000
v -0.31250000 0.14062500 -0.03906580
v -0.32001875 0.14062500 0.10937500
v -0.31250000 0.13281248 0.12500000
v -0.31250000 0.14062500 0.11689374
v -0.31250000 0.12640788 0.14062500
v -0.31250000 0.14843750 -0.03125000
v -0.31991381 0.15625000 -0.01562500
v -0.31250000 0.15625000 -0.02303881
v -0.32031551 0.15625000 0.00000000
v -0.32040732 0.15625000 0.06250000
v -0.32026178 0.15625000 0.07812500
v -0.31250000 0.14843776 0.09375000
v -0.31250000 0.15625000 0.08588702
v -0.31250000 0.14814374 0.10937500
v -0.31250000 0.16366381 -0.01562500
v -0.31250000 0.16406250 0.00000000
v -0.31250000 0.16406250 0.01562500
v -0.31250000 0.16406250 0.03125000
v -0.31250000 0.16406250 0.04687500
v -0.31250000 0.16406246 0.06250000
v -0.31250000 0.16401176 0.07812500
v -0.30331558 -0.17187500 -0.03125000
v -0.29687500 -0.17831558 -0.03125000
v -0.29687500 -0.17187500 -0.03769064
v -0.30992187 -0.17187500 -0.01562500
v -0.29687500 -0.17968750 -0.01562500
v -0.29687500 -0.17969416 0.00000000
v -0.29687500 -0.17968878 0.01562500
v -0.29687500 -0.17976244 0.03125000
v -0.30546340 -0.17187500 0.04687500
v -0.29687500 -0.18001010 0.04687500
v -0.30492017 -0.17187500 0.06250000
v -0.29687500 -0.17968750 0.06250000
v -0.29687500 -0.17968750 0.07812500
v -0.30468640 -0.17187500 0.09375000
v -0.29687500 -0.17968639 0.09375000
v -0.29687500 -0.17187500 0.10156139
v -0.30468751 -0.15625000 -0.07812500
v -0.29687500 -0.16406245 -0.07812500
v -0.29687500 -0.15625000 -0.08643804
v -0.30481293 -0.15625000 -0.06250000
v -0.29687500 -0.16406250 -0.06250000
v -0.29687500 -0.16406256 -0.04687500
v -0.29687500 -0.16406250 0.10937500
v -0.29687500 -0.15625000 0.11718898
v -0.30465423 -0.14062500 -0.09375000
v -0.29687500 -0.14890446 -0.09375000
v -0.29687500 -0.14062500 -0.10152873
v -0.29687500 -0.14843898 0.12500000
v -0.29687500 -0.14062500 0.14040952
v -0.29687500 -0.12500000 -0.10159527
v -0.29687500 -0.14040952 0.14062500
v -0.30471597 -0.12500000 0.15625000
v -0.29687500 -0.13281249 0.15625000
v -0.29687500 -0.12500000 0.16406249
v -0.30469988 -0.10937500 -0.10937500
v -0.29687500 -0.11722027 -0.10937500
v -0.29687500 -0.10937500 -0.11718750
v -0.29687500 -0.11718747 0.17187500
v -0.29687500 -0.10937500 0.17968747
v -0.30465023 -0.09375000 -0.12500000
v -0.29687500 -0.10152521 -0.12500000
v -0.29687500 -0.09375000 -0.13277521
v -0.29687500 -0.09375000 0.17974691
v -0.30658003 -0.07812500 -0.12500000
v -0.29687500 -0.07812500 -0.13281481
v -0.29687500 -0.08599691 0.18750000
v -0.29687500 -0.07812500 0.19531250
v -0.30455677 -0.06250000 -0.14062500
v -0.29687500 -0.07018408 -0.14062500
v -0.29687500 -0.06250000 -0.14830677
v -0.29687500 -0.06250000 0.19531252
v -0.30468749 -0.04687500 -0.14062500
v -0.29687500 -0.04687500 -0.14843738
v -0.29687500 -0.05467742 0.20312500
v -0.29687500 -0.04687500 0.21092740
v -0.30470796 -0.03125000 -0.14062500
v -0.29687500 -0.03125000 -0.14843745
v -0.29687500 -0.03125000 0.21093750
v -0.31144786 -0.01562500 -0.14062500
v -0.29687500 -0.01562500 -0.14843750
v -0.29687500 -0.01562500 0.21093750
v -0.31234599 0.00000000 -0.14062500
v -0.29687500 0.00000000 -0.14843750
v -0.29687500 0.00000000 0.21093750
v -0.30468815 0.01562500 -0.14062500
v -0.29687500 0.01562500 -0.14843750
v -0.29687500 0.01562500 0.21093750
v -0.30468750 0.03125000 -0.14062500
v -0.29687500 0.03125000 -0.14843750
v -0.29687500 0.03125000 0.21093750
v -0.30468704 0.04687500 -0.14062500
v -0.29687500 0.04687500 -0.14843704
v -0.29687500 0.04687500 0.21093750
v -0.29687500 0.05471401 -0.14062500
v -0.29687500 0.06250000 -0.13283947
v -0.30637183 0.06250000 0.20312500
v -0.29687500 0.06250000 0.21093750
v -0.30468751 0.07812500 -0.12500000
v -0.29687500 0.07812500 -0.13281250
v -0.29687500 0.07031314 0.20312500
v -0.29687500 0.07812500 0.19531314
v -0.29687500 0.08595314 -0.12500000
v -0.29687500 0.09375000 -0.11720314
v -0.29687500 0.08594439 0.18750000
v -0.29687500 0.09375000 0.17969439
v -0.30468711 0.10937500 -0.10937500
v -0.29687500 0.10937500 -0.11718711
v -0.29687500 0.10156300 0.17187500
v -0.29687500 0.10937500 0.16406300
v -0.29687500 0.11718711 -0.10937500
v -0.29687500 0.12168162 -0.09375000
v -0.30469088 0.12500000 -0.07812500
v -0.29687500 0.12500000 -0.09043162
v -0.29687500 0.11829576 0.15625000
v -0.29687500 0.12500000 0.14954533
v -0.29687500 0.13281250 -0.07812500
v -0.30463939 0.14062500 -0.06250000
v -0.29687500 0.14062500 -0.07026439
v -0.30469080 0.14062500 -0.04687500
v -0.29687500 0.13313342 0.12500000
v -0.29687500 0.14062500 0.11750842
v -0.29687500 0.13281205 0.14062500
v -0.29687500 0.14838939 -0.06250000
v -0.29687500 0.14843750 -0.04687500
v -0.30468750 0.15625000 -0.03125000
v -0.29687500 0.15625000 -0.03906250
v -0.30465783 0.15625000 0.09375000
v -0.29687500 0.14843750 0.10937500
v -0.29687500 0.15625000 0.10153257
v -0.29687500 0.16406250 -0.03125000
v -0.29687500 0.16406250 -0.01562500
v -0.29687500 0.16406250 0.00000000
v -0.29687500 0.16406250 0.01562500
v -0.29687500 0.16406290 0.03125000
v -0.29687500 0.16407680 0.04687500
v -0.29687500 0.16417397 0.06250000
v -0.29687500 0.16406250 0.07812500
v -0.29687500 0.16403257 0.09375000
v -0.28905037 -0.18750000 -0.01562500
v -0.28125000 -0.19530037 -0.01562500
v -0.28125000 -0.18750000 -0.02342549
v -0.28906916 -0.18750000 0.00000000
v -0.28125000 -0.19531250 0.00000000
v -0.28906378 -0.18750000 0.01562500
v -0.28125000 -0.19531250 0.01562500
v -0.28913744 -0.18750000 0.03125000
v -0.28125000 -0.19531250 0.03125000
v -0.28938510 -0.18750000 0.04687500
v -0.28125000 -0.19531250 0.04687500
v -0.28906112 -0.18750000 0.06250000
v -0.28125000 -0.19531112 0.06250000
v -0.28125000 -0.18750000 0.07031949
v -0.28695364 -0.17187500 -0.06250000
v -0.28125000 -0.17757864 -0.06250000
v -0.28125000 -0.17187500 -0.06825176
v -0.28905377 -0.17187500 -0.04687500
v -0.28125000 -0.17967871 -0.04687500
v -0.28125000 -0.17968761 -0.03125000
v -0.28125000 -0.17969587 0.07812500
v -0.28125000 -0.17968750 0.09375000
v -0.28794807 -0.17187500 0.10937500
v -0.28125000 -0.17857307 0.10937500
v -0.28125000 -0.17187500 0.11607307
v -0.28956293 -0.15625000 -0.09375000
v -0.28125000 -0.16406232 -0.09375000
v -0.28125000 -0.15625000 -0.10156232
v -0.28125000 -0.16411431 -0.07812500
v -0.28906398 -0.15625000 0.12500000
v -0.28125000 -0.16406250 0.12500000
v -0.28125000 -0.15625000 0.13281250
v -0.28125000 -0.14062500 -0.10156251
v -0.29665952 -0.14062500 0.14062500
v -0.28125000 -0.14843750 0.14062500
v -0.28125000 -0.14062500 0.14843968
v -0.28909509 -0.12500000 -0.10937500
v -0.28125000 -0.13281234 -0.10937500
v -0.28125000 -0.12500000 -0.11718732
v -0.28125000 -0.13281468 0.15625000
v -0.28125000 -0.12500000 0.16760816
v -0.28657460 -0.10937500 -0.12500000
v -0.28125000 -0.11469960 -0.12500000
v -0.28125000 -0.10937500 -0.13032460
v -0.28125000 -0.12073316 0.17187500
v -0.28125000 -0.10937500 0.17968750
v -0.28125000 -0.09375000 -0.13281373
v -0.28911952 -0.09375000 0.18750000
v -0.28125000 -0.10156011 0.18750000
v -0.28125000 -0.09375000 0.19531011
v -0.28906245 -0.07812500 -0.14062500
v -0.28125000 -0.08593637 -0.14062500
v -0.28125000 -0.07812500 -0.14843514
v -0.28125000 -0.07812500 0.19531250
v -0.28125000 -0.06250000 -0.14963699
v -0.28861913 -0.06250000 0.20312500
v -0.28125000 -0.06986911 0.20312500
v -0.28125000 -0.06250000 0.21049411
v -0.28743064 -0.04687500 -0.15625000
v -0.28125000 -0.05424080 -0.15625000
v -0.28125000 -0.04687500 -0.16243064
v -0.28125000 -0.04687500 0.21093750
v -0.28897089 -0.03125000 -0.15625000
v -0.28125000 -0.03125000 -0.16397089
v -0.28906250 -0.03125000 -0.01562500
v -0.28125000 -0.03920246 -0.01562500
v -0.28125000 -0.03125000 -0.02346789
v -0.28906250 -0.03125000 0.00000000
v -0.28125000 -0.04054876 0.00000000
v -0.28906250 -0.03125000 0.01562500
v -0.28125000 -0.03906251 0.01562500
v -0.28125000 -0.03125000 0.02406819
v -0.28125000 -0.03125000 0.21093968
v -0.28906188 -0.01562500 -0.15625000
v -0.28125000 -0.01562500 -0.16406188
v -0.28906250 -0.01562500 -0.03125000
v -0.28125000 -0.02346789 -0.03125000
v -0.28125000 -0.01562500 -0.03906250
v -0.28906250 -0.01562500 -0.01562500
v -0.28906250 -0.01562500 0.00000000
v -0.28906250 -0.01562500 0.01562500
v -0.28906250 -0.01562500 0.03125000
v -0.28125000 -0.02406819 0.03125000
v -0.28125000 -0.01562500 0.03906250
v -0.28125000 -0.01562500 0.21651829
v -0.28906250 0.00000000 -0.15625000
v -0.28125000 0.00000000 -0.16406250
v -0.28906250 0.00000000 -0.03125000
v -0.28125000 0.00000000 -0.03906261
v -0.28906250 0.00000000 -0.01562500
v -0.28906255 0.00000000 0.00000000
v -0.28906250 0.00000000 0.01562500
v -0.28906250 0.00000000 0.03125000
v -0.28125000 0.00000000 0.03906250
v -0.28125000 0.00000000 0.21129444
v -0.28906246 0.01562500 -0.15625000
v -0.28125000 0.01562500 -0.16406246
v -0.28906250 0.01562500 -0.03125000
v -0.28125000 0.01562500 -0.03923818
v -0.28906250 0.01562500 -0.01562500
v -0.28906250 0.01562500 0.00000000
v -0.28906250 0.01562500 0.01562500
v -0.28125000 0.00785212 0.03125000
v -0.28125000 0.01562500 0.02347712
v -0.28125000 0.01562500 0.21094098
v -0.28832239 0.03125000 -0.15625000
v -0.28125000 0.03125000 -0.16332239
v -0.28906250 0.03125000 -0.03125000
v -0.28125000 0.03125000 -0.03906255
v -0.28906250 0.03125000 -0.01562500
v -0.28906250 0.03125000 0.00000000
v -0.28906250 0.03125000 0.01562500
v -0.28125000 0.03125000 0.02343750
v -0.28125000 0.03125000 0.21093763
v -0.28125000 0.03832306 -0.15625000
v -0.28125000 0.04687500 -0.14843818
v -0.28125000 0.03906250 -0.03125000
v -0.28125000 0.03906250 -0.01562500
v -0.28125000 0.03906250 0.00000000
v -0.28125000 0.03906250 0.01562500
v -0.28125000 0.04687500 0.21093906
v -0.28908947 0.06250000 -0.14062500
v -0.28125000 0.06250000 -0.14843750
v -0.28125000 0.06250000 0.21093750
v -0.28904587 0.07812500 -0.14062500
v -0.28125000 0.07812500 -0.14842087
v -0.28897746 0.07812500 0.20312500
v -0.28125000 0.07812500 0.21085181
v -0.28125000 0.08592087 -0.14062500
v -0.28907814 0.09375000 -0.12500000
v -0.28125000 0.09375000 -0.13281250
v -0.28906379 0.09375000 0.18750000
v -0.28125000 0.08585181 0.20312500
v -0.28125000 0.09375000 0.19530690
v -0.28725893 0.10937500 -0.12500000
v -0.28125000 0.10937500 -0.13100893
v -0.28865883 0.10937500 0.17187500
v -0.28125000 0.10155690 0.18750000
v -0.28125000 0.10937500 0.17928334
v -0.28125000 0.11538393 -0.12500000
v -0.28840723 0.12500000 -0.10937500
v -0.28125000 0.12500000 -0.11653223
v -0.29355662 0.12500000 -0.09375000
v -0.29016361 0.12500000 0.15625000
v -0.28125000 0.11678334 0.17187500
v -0.28125000 0.12500000 0.16405520
v -0.28125000 0.13215723 -0.10937500
v -0.28125000 0.13281252 -0.09375000
v -0.28906230 0.14062500 -0.07812500
v -0.28125000 0.14062500 -0.08593732
v -0.28938181 0.14062500 0.12500000
v -0.28125000 0.13281260 0.14062500
v -0.28125000 0.14062500 0.13281098
v -0.28125000 0.13280520 0.15625000
v -0.28125000 0.14843730 -0.07812500
v -0.28125000 0.14843755 -0.06250000
v -0.28906236 0.15625000 -0.04687500
v -0.28125000 0.15625000 -0.05468741
v -0.28125000 0.14853333 0.10937500
v -0.28125000 0.15625000 0.10165833
v -0.28125000 0.14843588 0.12500000
v -0.28125000 0.16406236 -0.04687500
v -0.28125000 0.16406250 -0.03125000
v -0.28900978 0.17187500 -0.01562500
v -0.28125000 0.17187500 -0.02338478
v -0.28906147 0.17187500 0.00000000
v -0.28906234 0.17187500 0.01562500
v -0.28906284 0.17187500 0.03125000
v -0.28907680 0.17187500 0.04687500
v -0.28917361 0.17187500 0.06250000
v -0.28125000 0.16418008 0.07812500
v -0.28125000 0.17187500 0.07042972
v -0.28125000 0.16406250 0.09375000
v -0.28125000 0.17963478 -0.01562500
v -0.28125000 0.17968647 0.00000000
v -0.28125000 0.17968734 0.01562500
v -0.28125000 0.17968744 0.03125000
v -0.28125000 0.17968750 0.04687500
v -0.28125000 0.17968714 0.06250000
v -0.27343720 -0.18750000 -0.03125000
v -0.26562500 -0.19531209 -0.03125000
v -0.26562500 -0.18750000 -0.03938678
v -0.26562500 -0.19531250 -0.01562500
v -0.26562500 -0.19531251 0.00000000
v -0.26562500 -0.19531250 0.01562500
v -0.26562500 -0.19531250 0.03125000
v -0.26562500 -0.19531250 0.04687500
v -0.26562500 -0.19531250 0.06250000
v -0.27344586 -0.18750000 0.07812500
v -0.26562500 -0.19531249 0.07812500
v -0.26562500 -0.18750000 0.08593755
v -0.27348929 -0.17187500 -0.07812500
v -0.26562500 -0.17968748 -0.07812500
v -0.26562500 -0.17187500 -0.08605297
v -0.26562500 -0.17968761 -0.06250000
v -0.26562500 -0.18001219 -0.04687500
v -0.26562500 -0.17968755 0.09375000
v -0.26562500 -0.17968750 0.10937500
v -0.26562500 -0.17187500 0.11718750
v -0.26562500 -0.16417799 -0.09375000
v -0.26562500 -0.15625000 -0.10156255
v -0.26562500 -0.16406250 0.12500000
v -0.27263249 -0.15625000 0.14062500
v -0.26562500 -0.16325749 0.14062500
v -0.26562500 -0.15625000 0.14763249
v -0.26562500 -0.14062500 -0.10169353
v -0.27343968 -0.14062500 0.15625000
v -0.26562500 -0.14843750 0.15625000
v -0.26562500 -0.14062500 0.16406250
v -0.26562500 -0.13294353 -0.10937500
v -0.26562500 -0.12500000 -0.11719839
v -0.27698316 -0.12500000 0.17187500
v -0.26562500 -0.13281250 0.17187500
v -0.26562500 -0.12500000 0.17968750
v -0.26562500 -0.11719839 -0.12500000
v -0.26562500 -0.10937500 -0.13281250
v -0.27342678 -0.10937500 0.18750000
v -0.26562500 -0.11717678 0.18750000
v -0.26562500 -0.10937500 0.19530178
v -0.27336584 -0.09375000 -0.14062500
v -0.26562500 -0.10148961 -0.14062500
v -0.26562500 -0.09375000 -0.14836461
v -0.26562500 -0.09375000 0.19531250
v -0.27343473 -0.07812500 -0.15625000
v -0.26562500 -0.08593472 -0.15625000
v -0.26562500 -0.07812500 -0.16405972
v -0.26562500 -0.07812500 0.19618312
v -0.27463699 -0.06250000 -0.15625000
v -0.26562500 -0.06250000 -0.16406250
v -0.27343750 -0.06250000 -0.03125000
v -0.26562500 -0.07031250 -0.03125000
v -0.26562500 -0.06250000 -0.03906250
v -0.27343750 -0.06250000 -0.01562500
v -0.26562500 -0.07031250 -0.01562500
v -0.27343750 -0.06250000 0.00000000
v -0.26562500 -0.07031250 0.00000000
v -0.27343750 -0.06250000 0.01562500
v -0.26562500 -0.07031250 0.01562500
v -0.26562500 -0.06250000 0.02343750
v -0.26562500 -0.07118312 0.20312500
v -0.26562500 -0.06250000 0.21093750
v -0.26562500 -0.04687500 -0.16406250
v -0.27343750 -0.04687500 -0.03125000
v -0.26562500 -0.04687500 -0.03906728
v -0.27357746 -0.04687500 -0.01562500
v -0.27492376 -0.04687500 0.00000000
v -0.27343751 -0.04687500 0.01562500
v -0.27343750 -0.04687500 0.03125000
v -0.26562500 -0.05468750 0.03125000
v -0.26562500 -0.04687500 0.03906271
v -0.26562500 -0.04687500 0.21093750
v -0.26562500 -0.03125000 -0.16406250
v -0.27343750 -0.03125000 -0.04687500
v -0.26562500 -0.03906728 -0.04687500
v -0.26562500 -0.03125000 -0.05468750
v -0.27346789 -0.03125000 -0.03125000
v -0.27406819 -0.03125000 0.03125000
v -0.27343750 -0.03125000 0.04687500
v -0.26562500 -0.03906271 0.04687500
v -0.26562500 -0.03125000 0.05468750
v -0.27335209 -0.03125000 0.21875000
v -0.26562500 -0.03897491 0.21875000
v -0.26562500 -0.03125000 0.22647491
v -0.26562500 -0.01562500 -0.16406250
v -0.27343750 -0.01562500 -0.04687500
v -0.26562500 -0.01562500 -0.05468764
v -0.27343750 -0.01562500 0.04687500
v -0.26562500 -0.01562500 0.05468750
v -0.27901827 -0.01562500 0.21875000
v -0.26562500 -0.01562500 0.22656245
v -0.26562500 0.00000000 -0.16406250
v -0.27343750 0.00000000 -0.06250000
v -0.26562500 -0.00781264 -0.06250000
v -0.26562500 0.00000000 -0.07031250
v -0.27343761 0.00000000 -0.04687500
v -0.27343750 0.00000000 0.04687500
v -0.26562500 0.00000000 0.05468750
v -0.27379443 0.00000000 0.21875000
v -0.26562500 0.00000000 0.22656250
v -0.26562500 0.01562500 -0.16406560
v -0.27343750 0.01562500 -0.06250000
v -0.26562500 0.01562500 -0.07031250
v -0.27361318 0.01562500 -0.04687500
v -0.27347712 0.01562500 0.03125000
v -0.27343750 0.01562500 0.04687500
v -0.26562500 0.01562500 0.05468750
v -0.27344088 0.01562500 0.21875000
v -0.26562500 0.01562500 0.22656240
v -0.26562500 0.03125000 -0.16406251
v -0.27343750 0.03125000 -0.06250000
v -0.26562500 0.03125000 -0.07031250
v -0.27343755 0.03125000 -0.04687500
v -0.27343750 0.03125000 0.03125000
v -0.26562500 0.02379274 0.04687500
v -0.26562500 0.03125000 0.03941774
v -0.27342767 0.03125000 0.21875000
v -0.26562500 0.03125000 0.22655254
v -0.27343818 0.04687500 -0.15625000
v -0.26562500 0.04687500 -0.16406250
v -0.26562500 0.03910152 -0.06250000
v -0.27343750 0.04687500 -0.04687500
v -0.26562500 0.04687500 -0.05472652
v -0.27343750 0.04687500 -0.03125000
v -0.27343750 0.04687500 -0.01562500
v -0.27343750 0.04687500 0.00000000
v -0.27343750 0.04687500 0.01562500
v -0.27343750 0.04687500 0.03125000
v -0.26562500 0.04687500 0.03906250
v -0.27341516 0.04687500 0.21875000
v -0.26562500 0.04687500 0.22653860
v -0.27338436 0.06250000 -0.15625000
v -0.26562500 0.06250000 -0.16400936
v -0.26562500 0.05468754 -0.04687500
v -0.27343750 0.06250000 -0.03125000
v -0.26562500 0.06250000 -0.03906254
v -0.27343750 0.06250000 -0.01562500
v -0.27343750 0.06250000 0.00000000
v -0.27343750 0.06250000 0.01562500
v -0.26562500 0.05468750 0.03125000
v -0.26562500 0.06250000 0.02343750
v -0.26562500 0.05466373 0.21875000
v -0.26562500 0.06250000 0.21093763
v -0.26562500 0.07025947 -0.15625000
v -0.26562500 0.07812500 -0.14843761
v -0.26562500 0.07031250 -0.03125000
v -0.26562500 0.07031250 -0.01562500
v -0.26562500 0.07031250 0.00000000
v -0.26562500 0.07031250 0.01562500
v -0.26562500 0.07812500 0.21093750
v -0.27343750 0.09375000 -0.14062500
v -0.26562500 0.09375000 -0.14843750
v -0.26562500 0.08593755 0.20312500
v -0.26562500 0.09375000 0.19531255
v -0.26562500 0.10156250 -0.14062500
v -0.26562500 0.10937500 -0.13281250
v -0.26562500 0.10156263 0.18750000
v -0.26562500 0.10937500 0.17968762
v -0.26562500 0.11719666 -0.12500000
v -0.26562500 0.12500000 -0.11719666
v -0.26562500 0.11735802 0.17187500
v -0.26562500 0.12500000 0.16423302
v -0.26562500 0.13281261 -0.10937500
v -0.27343751 0.14062500 -0.09375000
v -0.26562500 0.14062500 -0.10156261
v -0.27341784 0.14062500 0.14062500
v -0.26562500 0.13281664 0.15625000
v -0.26562500 0.14062500 0.14842188
v -0.26562500 0.14843750 -0.09375000
v -0.26562500 0.14853756 -0.07812500
v -0.27343755 0.15625000 -0.06250000
v -0.26562500 0.15625000 -0.07041256
v -0.27353330 0.15625000 0.10937500
v -0.26562500 0.14845224 0.12500000
v -0.26562500 0.15625000 0.11720220
v -0.26562500 0.14841774 0.14062500
v -0.26562500 0.16406250 -0.06250000
v -0.26562500 0.16406259 -0.04687500
v -0.27343750 0.17187500 -0.03125000
v -0.26562500 0.17187500 -0.03906258
v -0.27336375 0.17187500 0.07812500
v -0.26562500 0.16406397 0.09375000
v -0.26562500 0.17187500 0.08574767
v -0.26562500 0.16406246 0.10937500
v -0.26562500 0.17968750 -0.03125000
v -0.26562500 0.17968750 -0.01562500
v -0.26562500 0.17968750 0.00000000
v -0.26562500 0.17968750 0.01562500
v -0.26562500 0.17968750 0.03125000
v -0.26562500 0.17968750 0.04687500
v -0.26562500 0.17968750 0.06250000
v -0.26562500 0.17949619 0.07812500
v -0.25765007 -0.20312500 -0.03125000
v -0.25000000 -0.21077507 -0.03125000
v -0.25000000 -0.20312500 -0.03935073
v -0.25777652 -0.20312500 -0.01562500
v -0.25000000 -0.21090152 -0.01562500
v -0.25780499 -0.20312500 0.00000000
v -0.25000000 -0.21092998 0.00000000
v -0.25781223 -0.20312500 0.01562500
v -0.25000000 -0.21093723 0.01562500
v -0.25781073 -0.20312500 0.03125000
v -0.25000000 -0.21093573 0.03125000
v -0.25000000 -0.20312500 0.04044170
v -0.25407170 -0.18750000 -0.07812500
v -0.25000000 -0.19157170 -0.07812500
v -0.25000000 -0.18750000 -0.08219670
v -0.25781259 -0.18750000 -0.06250000
v -0.25000000 -0.19531248 -0.06250000
v -0.25813719 -0.18750000 -0.04687500
v -0.25000000 -0.19576281 -0.04687500
v -0.25000000 -0.19669342 0.04687500
v -0.25000000 -0.19531250 0.06250000
v -0.25000000 -0.19531250 0.07812500
v -0.25780801 -0.18750000 0.09375000
v -0.25000000 -0.19530796 0.09375000
v -0.25000000 -0.18750000 0.10155796
v -0.25792778 -0.17187500 -0.09375000
v -0.25000000 -0.17968729 -0.09375000
v -0.25000000 -0.17187500 -0.10156229
v -0.25000000 -0.17968750 0.10937500
v -0.25780689 -0.17187500 0.12500000
v -0.25000000 -0.17968189 0.12500000
v -0.25000000 -0.17187500 0.13280689
v -0.25590929 -0.15625000 -0.10937500
v -0.25000000 -0.16215924 -0.10937500
v -0.25000000 -0.15625000 -0.11528424
v -0.25000000 -0.16406250 0.14062500
v -0.25000000 -0.15625000 0.14843783
v -0.25794352 -0.14062500 -0.10937500
v -0.25000000 -0.14062500 -0.11718750
v -0.25000000 -0.14843783 0.15625000
v -0.25728242 -0.14062500 0.17187500
v -0.25000000 -0.14790742 0.17187500
v -0.25000000 -0.14062500 0.17915742
v -0.25782337 -0.12500000 -0.12500000
v -0.25000000 -0.13281249 -0.12500000
v -0.25000000 -0.12500000 -0.13281250
v -0.25720281 -0.12500000 0.18750000
v -0.25000000 -0.13220281 0.18750000
v -0.25000000 -0.12500000 0.19470281
v -0.25775351 -0.10937500 -0.14062500
v -0.25000000 -0.11712852 -0.14062500
v -0.25000000 -0.10937500 -0.14837851
v -0.25000000 -0.10937500 0.19531250
v -0.25000000 -0.09375000 -0.14934729
v -0.25000000 -0.09375000 0.19545041
v -0.25000000 -0.08684729 -0.15625000
v -0.25000000 -0.07812500 -0.16428035
v -0.25781250 -0.07812500 -0.03125000
v -0.25000000 -0.08593750 -0.03125000
v -0.25000000 -0.07812500 -0.03914679
v -0.25781250 -0.07812500 -0.01562500
v -0.25000000 -0.08593750 -0.01562500
v -0.25781250 -0.07812500 0.00000000
v -0.25000000 -0.08593750 0.00000000
v -0.25781250 -0.07812500 0.01562500
v -0.25000000 -0.08593750 0.01562500
v -0.25000000 -0.07812500 0.02344868
v -0.25868311 -0.07812500 0.20312500
v -0.25000000 -0.08607541 0.20312500
v -0.25000000 -0.07812500 0.21093750
v -0.25780908 -0.06250000 -0.17187500
v -0.25000000 -0.07052693 -0.17187500
v -0.25000000 -0.06250000 -0.17968408
v -0.25781250 -0.06250000 -0.04687500
v -0.25000000 -0.07039679 -0.04687500
v -0.25000000 -0.06250000 -0.05468751
v -0.25781250 -0.06250000 0.03125000
v -0.25000000 -0.07032368 0.03125000
v -0.25781250 -0.06250000 0.04687500
v -0.25000000 -0.07031250 0.04687500
v -0.25000000 -0.06250000 0.05468750
v -0.25000000 -0.06250000 0.21093750
v -0.25781243 -0.04687500 -0.17187500
v -0.25000000 -0.04687500 -0.17968743
v -0.25781250 -0.04687500 -0.06250000
v -0.25000000 -0.05468751 -0.06250000
v -0.25000000 -0.04687500 -0.07031250
v -0.25781728 -0.04687500 -0.04687500
v -0.25781271 -0.04687500 0.04687500
v -0.25781250 -0.04687500 0.06250000
v -0.25000000 -0.05468750 0.06250000
v -0.25000000 -0.04687500 0.07031250
v -0.25000000 -0.04687500 0.21470775
v -0.25781249 -0.03125000 -0.17187500
v -0.25000000 -0.03125000 -0.17968749
v -0.25781250 -0.03125000 -0.06250000
v -0.25000000 -0.03125000 -0.07031268
v -0.25781250 -0.03125000 0.06250000
v -0.25000000 -0.03125000 0.07031250
v -0.25000000 -0.04283275 0.21875000
v -0.25000000 -0.03125000 0.22656250
v -0.25781249 -0.01562500 -0.17187500
v -0.25000000 -0.01562500 -0.17968749
v -0.25781264 -0.01562500 -0.06250000
v -0.25000000 -0.01562500 -0.07313866
v -0.25781250 -0.01562500 0.06250000
v -0.25000000 -0.01562500 0.07031250
v -0.25000000 -0.01562500 0.22656250
v -0.25781250 0.00000000 -0.17187500
v -0.25000000 0.00000000 -0.17968750
v -0.25781250 0.00000000 -0.07812500
v -0.25000000 -0.01063866 -0.07812500
v -0.25000000 0.00000000 -0.08593750
v -0.25781250 0.00000000 0.06250000
v -0.25000000 0.00000000 0.07031250
v -0.25000000 0.00000000 0.22656250
v -0.25781560 0.01562500 -0.17187500
v -0.25000000 0.01562500 -0.17968750
v -0.25781250 0.01562500 -0.07812500
v -0.25000000 0.01562500 -0.08593750
v -0.25781250 0.01562500 0.06250000
v -0.25000000 0.01562500 0.07031250
v -0.25000000 0.01562500 0.22656250
v -0.25781251 0.03125000 -0.17187500
v -0.25000000 0.03125000 -0.17968750
v -0.25781250 0.03125000 -0.07812500
v -0.25000000 0.03125000 -0.08593750
v -0.25816774 0.03125000 0.04687500
v -0.25366116 0.03125000 0.06250000
v -0.25000000 0.03125000 0.06616116
v -0.25000000 0.03125000 0.22656250
v -0.25777245 0.04687500 -0.17187500
v -0.25000000 0.04687500 -0.17964745
v -0.25781250 0.04687500 -0.07812500
v -0.25000000 0.04687500 -0.08593750
v -0.25785152 0.04687500 -0.06250000
v -0.25781250 0.04687500 0.04687500
v -0.25000000 0.03491116 0.06250000
v -0.25000000 0.04687500 0.05468750
v -0.25000000 0.04687500 0.22656250
v -0.25000000 0.05464754 -0.17187500
v -0.25000000 0.06250000 -0.16406259
v -0.25000000 0.05468751 -0.07812500
v -0.25781250 0.06250000 -0.06250000
v -0.25000000 0.06250000 -0.07031251
v -0.25781254 0.06250000 -0.04687500
v -0.25781250 0.06250000 0.03125000
v -0.25000000 0.05468758 0.04687500
v -0.25000000 0.06250000 0.03906258
v -0.25000000 0.05471453 0.21875000
v -0.25000000 0.06250000 0.21096453
v -0.25781261 0.07812500 -0.15625000
v -0.25000000 0.07812500 -0.16406250
v -0.25000000 0.07031250 -0.06250000
v -0.25000000 0.07612009 -0.04687500
v -0.25781250 0.07812500 -0.03125000
v -0.25000000 0.07812500 -0.04487009
v -0.25781250 0.07812500 -0.01562500
v -0.25781250 0.07812500 0.00000000
v -0.25781250 0.07812500 0.01562500
v -0.25000000 0.07031250 0.03125000
v -0.25000000 0.07812500 0.02343750
v -0.25000000 0.07812500 0.21093750
v -0.25000000 0.08687737 -0.15625000
v -0.25000000 0.09375000 -0.14937737
v -0.25000000 0.08593750 -0.03125000
v -0.25000000 0.08593750 -0.01562500
v -0.25000000 0.08593750 0.00000000
v -0.25000000 0.08593750 0.01562500
v -0.25000000 0.08623831 0.20312500
v -0.25000000 0.09375000 0.19561331
v -0.25781250 0.10937500 -0.14062500
v -0.25000000 0.10937500 -0.14843750
v -0.25684911 0.10937500 0.18750000
v -0.25000000 0.10937500 0.19434899
v -0.25000000 0.11718750 -0.14062500
v -0.25782166 0.12500000 -0.12500000
v -0.25000000 0.12500000 -0.13281250
v -0.25796019 0.12500000 0.17187500
v -0.25000000 0.11622399 0.18750000
v -0.25000000 0.12500000 0.17966466
v -0.25000000 0.13281250 -0.12500000
v -0.25781261 0.14062500 -0.10937500
v -0.25000000 0.14062500 -0.11718750
v -0.25781592 0.14062500 0.15625000
v -0.25000000 0.13278968 0.17187500
v -0.25000000 0.14062500 0.16406180
v -0.25000000 0.14843750 -0.10937500
v -0.25768418 0.15625000 -0.09375000
v -0.25000000 0.15625000 -0.10143418
v -0.25791256 0.15625000 -0.07812500
v -0.25782723 0.15625000 0.12500000
v -0.25000000 0.15365746 0.14062500
v -0.25000000 0.15625000 0.13803245
v -0.25000000 0.14843678 0.15625000
v -0.25000000 0.16393418 -0.09375000
v -0.25000000 0.16406251 -0.07812500
v -0.25374162 0.17187500 -0.06250000
v -0.25000000 0.17187500 -0.06624162
v -0.25781259 0.17187500 -0.04687500
v -0.25780618 0.17187500 0.09375000
v -0.25000000 0.16427798 0.10937500
v -0.25000000 0.17187500 0.10177019
v -0.25000000 0.16406249 0.12500000
v -0.25000000 0.17561662 -0.06250000
v -0.25000000 0.17968750 -0.04687500
v -0.25000000 0.17968758 -0.03125000
v -0.25650709 0.18750000 -0.01562500
v -0.25000000 0.18750000 -0.02213217
v -0.25778263 0.18750000 0.00000000
v -0.25781163 0.18750000 0.01562500
v -0.25781133 0.18750000 0.03125000
v -0.25776920 0.18750000 0.04687500
v -0.25000000 0.18155543 0.06250000
v -0.25000000 0.18750000 0.05651455
v -0.25000000 0.17968750 0.07812500
v -0.25000000 0.17967970 0.09375000
v -0.25000000 0.19400709 -0.01562500
v -0.25000000 0.19528263 0.00000000
v -0.25000000 0.19531163 0.01562500
v -0.25000000 0.19531133 0.03125000
v -0.25000000 0.19526920 0.04687500
v -0.24216689 -0.20312500 -0.06250000
v -0.23437500 -0.21091689 -0.06250000
v -0.23437500 -0.20312500 -0.07029189
v -0.24263781 -0.20312500 -0.04687500
v -0.23437500 -0.21093750 -0.04687500
v -0.23437500 -0.21093750 -0.03125000
v -0.23437500 -0.21093750 -0.01562500
v -0.23437500 -0.21093750 0.00000000
v -0.23437500 -0.21093750 0.01562500
v -0.23437500 -0.21093750 0.03125000
v -0.24356842 -0.20312500 0.04687500
v -0.23437500 -0.21093750 0.04687500
v -0.24218092 -0.20312500 0.06250000
v -0.23437500 -0.21093092 0.06250000
v -0.23437500 -0.20312500 0.07030620
v -0.23437500 -0.19531250 -0.07812500
v -0.23437500 -0.18750000 -0.08834603
v -0.23437500 -0.19531278 0.07812500
v -0.23437500 -0.19531250 0.09375000
v -0.23706595 -0.18750000 0.10937500
v -0.23437500 -0.19019095 0.10937500
v -0.23437500 -0.18750000 0.11206595
v -0.23437500 -0.18209603 -0.09375000
v -0.23437500 -0.17187500 -0.10157102
v -0.23437500 -0.17968750 0.12500000
v -0.23437500 -0.17187500 0.13770561
v -0.23437500 -0.16407101 -0.10937500
v -0.23437500 -0.15625000 -0.11721974
v -0.23437500 -0.16895561 0.14062500
v -0.24218782 -0.15625000 0.15625000
v -0.23437500 -0.16406250 0.15625000
v -0.23437500 -0.15625000 0.16406254
v -0.24215157 -0.14062500 -0.12500000
v -0.23437500 -0.14843380 -0.12500000
v -0.23437500 -0.14062500 -0.13278916
v -0.23437500 -0.14843754 0.17187500
v -0.23437500 -0.14062500 0.17973268
v -0.24213023 -0.12500000 -0.14062500
v -0.23437500 -0.13276781 -0.14062500
v -0.23437500 -0.12500000 -0.14838034
v -0.23437500 -0.13285768 0.18750000
v -0.23437500 -0.12500000 0.19531410
v -0.23932799 -0.10937500 -0.15625000
v -0.23437500 -0.11432810 -0.15625000
v -0.23437500 -0.10937500 -0.16120299
v -0.23437500 -0.10937500 0.19607211
v -0.24309725 -0.09375000 -0.15625000
v -0.23437500 -0.09375000 -0.16406275
v -0.24218750 -0.09375000 -0.03125000
v -0.23437500 -0.10156250 -0.03125000
v -0.23437500 -0.09375000 -0.04578711
v -0.24218750 -0.09375000 -0.01562500
v -0.23437500 -0.10156250 -0.01562500
v -0.24218750 -0.09375000 0.00000000
v -0.23437500 -0.10156250 0.00000000
v -0.24218750 -0.09375000 0.01562500
v -0.23437500 -0.10156250 0.01562500
v -0.23437500 -0.09375000 0.02348085
v -0.24232540 -0.09375000 0.20312500
v -0.23437500 -0.10232210 0.20312500
v -0.23437500 -0.09375000 0.21093749
v -0.24240535 -0.07812500 -0.17187500
v -0.23437500 -0.08593779 -0.17187500
v -0.23437500 -0.07812500 -0.17969100
v -0.24227179 -0.07812500 -0.04687500
v -0.23437500 -0.09266211 -0.04687500
v -0.23437500 -0.07812500 -0.05557740
v -0.24219868 -0.07812500 0.03125000
v -0.23437500 -0.08598085 0.03125000
v -0.24218750 -0.07812500 0.04687500
v -0.23437500 -0.08593750 0.04687500
v -0.23437500 -0.07812500 0.05468750
v -0.23437500 -0.07812500 0.21093750
v -0.24124730 -0.06250000 -0.18750000
v -0.23437500 -0.06937575 -0.18750000
v -0.23437500 -0.06250000 -0.19437230
v -0.24218751 -0.06250000 -0.06250000
v -0.23437500 -0.07120240 -0.06250000
v -0.23437500 -0.06250000 -0.07031347
v -0.24218750 -0.06250000 0.06250000
v -0.23437500 -0.07031250 0.06250000
v -0.23437500 -0.06250000 0.07031250
v -0.24161302 -0.06250000 0.21875000
v -0.23437500 -0.06973802 0.21875000
v -0.23437500 -0.06250000 0.22598802
v -0.23437500 -0.05457446 -0.18750000
v -0.23437500 -0.04687500 -0.18073891
v -0.24218750 -0.04687500 -0.07812500
v -0.23437500 -0.05468847 -0.07812500
v -0.23437500 -0.04687500 -0.08593750
v -0.24218750 -0.04687500 0.07812500
v -0.23437500 -0.05468750 0.07812500
v -0.23437500 -0.04687500 0.08593750
v -0.24595775 -0.04687500 0.21875000
v -0.23437500 -0.04687500 0.22656250
v -0.23437500 -0.03125000 -0.17968954
v -0.24218768 -0.03125000 -0.07812500
v -0.23437500 -0.03125000 -0.08597580
v -0.24218750 -0.03125000 0.07812500
v -0.23437500 -0.03125000 0.08593750
v -0.23437500 -0.03125000 0.22656617
v -0.23437500 -0.01562500 -0.17968761
v -0.24218750 -0.01562500 -0.09375000
v -0.23437500 -0.02347580 -0.09375000
v -0.23437500 -0.01562500 -0.10156250
v -0.24501366 -0.01562500 -0.07812500
v -0.24218750 -0.01562500 0.07812500
v -0.23437500 -0.01562500 0.08593750
v -0.23437500 -0.01562500 0.22698596
v -0.23437500 0.00000000 -0.17968806
v -0.24218750 0.00000000 -0.09375000
v -0.23437500 0.00000000 -0.10156250
v -0.24218750 0.00000000 0.07812500
v -0.23437500 0.00000000 0.08593750
v -0.23437500 0.00000000 0.22669987
v -0.23437500 0.01562500 -0.18125001
v -0.24218750 0.01562500 -0.09375000
v -0.23437500 0.01562500 -0.10156250
v -0.24218750 0.01562500 0.07812500
v -0.23437500 0.01562500 0.08593750
v -0.23437500 0.01562500 0.22660953
v -0.24122146 0.03125000 -0.18750000
v -0.23437500 0.02282590 -0.18750000
v -0.23437500 0.03125000 -0.19434646
v -0.24218750 0.03125000 -0.09375000
v -0.23437500 0.03125000 -0.10156250
v -0.23437500 0.02343758 0.07812500
v -0.23437500 0.03125000 0.07031258
v -0.23437500 0.03125000 0.22656257
v -0.23437500 0.03809654 -0.18750000
v -0.23437500 0.04687500 -0.17968758
v -0.23437500 0.03906251 -0.09375000
v -0.23437500 0.04687500 -0.08593751
v -0.24218750 0.04687500 0.06250000
v -0.23437500 0.04687500 0.07031250
v -0.23437500 0.04687500 0.22656250
v -0.24218759 0.06250000 -0.17187500
v -0.23437500 0.06250000 -0.17968750
v -0.24218751 0.06250000 -0.07812500
v -0.23437500 0.06250000 -0.08593750
v -0.24218758 0.06250000 0.04687500
v -0.23437500 0.05468751 0.06250000
v -0.23437500 0.06250000 0.05468751
v -0.24220580 0.06250000 0.21875000
v -0.23437500 0.06250000 0.22655377
v -0.23437500 0.07038131 -0.17187500
v -0.23437500 0.07812500 -0.16413131
v -0.23437500 0.07038117 -0.07812500
v -0.24218750 0.07812500 -0.06250000
v -0.23437500 0.07812500 -0.07038117
v -0.24799509 0.07812500 -0.04687500
v -0.24218750 0.07812500 0.03125000
v -0.23437500 0.07031251 0.04687500
v -0.23437500 0.07812500 0.03906251
v -0.23437500 0.07030378 0.21875000
v -0.23437500 0.07812500 0.21093751
v -0.24312737 0.09375000 -0.15625000
v -0.23437500 0.09375000 -0.16406250
v -0.23437500 0.08593750 -0.06250000
v -0.24218750 0.09375000 -0.04687500
v -0.23437500 0.09375000 -0.05468750
v -0.24218750 0.09375000 -0.03125000
v -0.24218750 0.09375000 -0.01562500
v -0.24218750 0.09375000 0.00000000
v -0.23437500 0.08626875 0.01562500
v -0.23437500 0.09375000 0.00814375
v -0.23437500 0.08593750 0.03125000
v -0.24248816 0.09375000 0.20312500
v -0.23437500 0.09375000 0.21093735
v -0.23437500 0.10156334 -0.15625000
v -0.23437500 0.10937500 -0.14843834
v -0.23437500 0.10156250 -0.04687500
v -0.23437500 0.10156250 -0.03125000
v -0.23437500 0.10156250 -0.01562500
v -0.23437500 0.10156250 0.00000000
v -0.23437500 0.10156804 0.20312500
v -0.23437500 0.10937500 0.19531819
v -0.24090303 0.12500000 -0.14062500
v -0.23437500 0.12500000 -0.14715303
v -0.23437500 0.12239215 0.18750000
v -0.23437500 0.12500000 0.18489215
v -0.23437500 0.13152803 -0.14062500
v -0.24218731 0.14062500 -0.12500000
v -0.23437500 0.14062500 -0.13281231
v -0.24157447 0.14062500 0.17187500
v -0.23437500 0.14062500 0.17907445
v -0.23437500 0.14843731 -0.12500000
v -0.24217518 0.15625000 -0.10937500
v -0.23437500 0.15625000 -0.11717518
v -0.24740743 0.15625000 0.14062500
v -0.23437500 0.14848718 0.15625000
v -0.23437500 0.15625000 0.14848713
v -0.23437500 0.14782445 0.17187500
v -0.23437500 0.16405018 -0.10937500
v -0.23437500 0.16410359 -0.09375000
v -0.24218731 0.17187500 -0.07812500
v -0.23437500 0.17187500 -0.08597839
v -0.24240297 0.17187500 0.10937500
v -0.23437500 0.16438305 0.12500000
v -0.23437500 0.17187500 0.11750804
v -0.23437500 0.16406244 0.14062500
v -0.23437500 0.17968730 -0.07812500
v -0.23437500 0.17968751 -0.06250000
v -0.23437500 0.18425432 -0.04687500
v -0.24218758 0.18750000 -0.03125000
v -0.23437500 0.18750000 -0.04362932
v -0.24405543 0.18750000 0.06250000
v -0.24217978 0.18750000 0.07812500
v -0.23437500 0.17968751 0.09375000
v -0.23437500 0.18750000 0.08592979
v -0.23437500 0.17968749 0.10937500
v -0.23437500 0.19531250 -0.03125000
v -0.23437500 0.19531250 -0.01562500
v -0.23437500 0.19531250 0.00000000
v -0.23437500 0.19531250 0.01562500
v -0.23437500 0.19531250 0.03125000
v -0.23437500 0.19531250 0.04687500
v -0.23437500 0.19531250 0.06250000
v -0.23437500 0.19530478 0.07812500
v -0.21875000 -0.21093750 -0.06250000
v -0.21875000 -0.20312500 -0.07044355
v -0.21875000 -0.21093750 -0.04687500
v -0.21875000 -0.21115037 -0.03125000
v -0.21875000 -0.21123475 -0.01562500
v -0.21875000 -0.21109072 0.00000000
v -0.21875000 -0.21093850 0.01562500
v -0.21875000 -0.21093754 0.03125000
v -0.21875000 -0.21093750 0.04687500
v -0.21875000 -0.21093750 0.06250000
v -0.22656278 -0.20312500 0.07812500
v -0.21875000 -0.21093750 0.07812500
v -0.21875000 -0.20312500 0.08594292
v -0.22891216 -0.18750000 -0.09375000
v -0.21875000 -0.19524761 -0.09375000
v -0.21875000 -0.18750000 -0.10149761
v -0.21875000 -0.19544355 -0.07812500
v -0.21875000 -0.19531792 0.09375000
v -0.21875000 -0.19531250 0.10937500
v -0.21875000 -0.18750000 0.11787675
v -0.22601685 -0.17187500 -0.10937500
v -0.21875000 -0.17913338 -0.10937500
v -0.21875000 -0.17187500 -0.11663343
v -0.21875000 -0.18037675 0.12500000
v -0.23145561 -0.17187500 0.14062500
v -0.21875000 -0.17968750 0.14062500
v -0.22501676 -0.17187500 0.15625000
v -0.21875000 -0.17814176 0.15625000
v -0.21875000 -0.17187500 0.16251676
v -0.22657916 -0.15625000 -0.12500000
v -0.21875000 -0.16404697 -0.12500000
v -0.21875000 -0.15625000 -0.13279697
v -0.22655492 -0.15625000 0.17187500
v -0.21875000 -0.16405487 0.17187500
v -0.21875000 -0.15625000 0.17967987
v -0.22657109 -0.14062500 -0.14062500
v -0.21875000 -0.14843354 -0.14062500
v -0.21875000 -0.14062500 -0.14843350
v -0.22660743 -0.14062500 0.18750000
v -0.21875000 -0.14843725 0.18750000
v -0.21875000 -0.14062500 0.19531225
v -0.22656021 -0.12500000 -0.15625000
v -0.21875000 -0.13281010 -0.15625000
v -0.21875000 -0.12500000 -0.16406009
v -0.22655711 -0.12500000 0.20312500
v -0.21875000 -0.13280551 0.20312500
v -0.21875000 -0.12500000 0.21093051
v -0.21875000 -0.10937500 -0.16406257
v -0.22656250 -0.10937500 -0.03125000
v -0.21875000 -0.11718750 -0.03125000
v -0.21875000 -0.10937500 -0.03906251
v -0.22656250 -0.10937500 -0.01562500
v -0.21875000 -0.11718750 -0.01562500
v -0.22656250 -0.10937500 0.00000000
v -0.21875000 -0.11718750 0.00000000
v -0.21875000 -0.10937500 0.00809769
v -0.22732211 -0.10937500 0.20312500
v -0.21875000 -0.10937500 0.21093750
v -0.22655847 -0.09375000 -0.17187500
v -0.21875000 -0.10155825 -0.17187500
v -0.21875000 -0.09375000 -0.17968318
v -0.23328711 -0.09375000 -0.04687500
v -0.21875000 -0.10156251 -0.04687500
v -0.21875000 -0.09375000 -0.05616253
v -0.21875000 -0.10184769 0.01562500
v -0.22660585 -0.09375000 0.03125000
v -0.21875000 -0.10156250 0.03125000
v -0.22656250 -0.09375000 0.04687500
v -0.21875000 -0.10156250 0.04687500
v -0.21875000 -0.09375000 0.05468750
v -0.21875000 -0.09375000 0.21093759
v -0.22647766 -0.07812500 -0.18750000
v -0.21875000 -0.08584916 -0.18750000
v -0.21875000 -0.07812500 -0.19522416
v -0.22745240 -0.07812500 -0.06250000
v -0.21875000 -0.08741253 -0.06250000
v -0.21875000 -0.07812500 -0.07031325
v -0.22656250 -0.07812500 0.06250000
v -0.21875000 -0.08593750 0.06250000
v -0.21875000 -0.07812500 0.07031250
v -0.22642594 -0.07812500 0.21875000
v -0.21875000 -0.08580103 0.21875000
v -0.21875000 -0.07812500 0.22642594
v -0.21875000 -0.06250000 -0.19531260
v -0.22656347 -0.06250000 -0.07812500
v -0.21875000 -0.07031325 -0.07812500
v -0.21875000 -0.06250000 -0.08593750
v -0.22656250 -0.06250000 0.07812500
v -0.21875000 -0.07031250 0.07812500
v -0.21875000 -0.06250000 0.08593750
v -0.21875000 -0.06250000 0.22656250
v -0.22761391 -0.04687500 -0.18750000
v -0.21875000 -0.04687500 -0.19531250
v -0.22656250 -0.04687500 -0.09375000
v -0.21875000 -0.05468750 -0.09375000
v -0.21875000 -0.04687500 -0.10156250
v -0.21875000 -0.04687500 0.08593750
v -0.21875000 -0.04687500 0.22657206
v -0.22656454 -0.03125000 -0.18750000
v -0.21875000 -0.03125000 -0.19531250
v -0.22660080 -0.03125000 -0.09375000
v -0.21875000 -0.03125000 -0.10156250
v -0.22656250 -0.03125000 0.09375000
v -0.21875000 -0.03906250 0.09375000
v -0.21875000 -0.03125000 0.10156250
v -0.22656612 -0.03125000 0.23437500
v -0.21875000 -0.03907201 0.23437500
v -0.21875000 -0.03125000 0.24218745
v -0.22656261 -0.01562500 -0.18750000
v -0.21875000 -0.01562500 -0.19531250
v -0.21875000 -0.01562500 -0.10486148
v -0.22656250 -0.01562500 0.09375000
v -0.21875000 -0.01562500 0.10156250
v -0.22698589 -0.01562500 0.23437500
v -0.21875000 -0.01562500 0.24218743
v -0.22656306 0.00000000 -0.18750000
v -0.21875000 0.00000000 -0.19531250
v -0.22656250 0.00000000 -0.10937500
v -0.21875000 -0.01111148 -0.10937500
v -0.21875000 0.00000000 -0.11718750
v -0.22656250 0.00000000 0.09375000
v -0.21875000 0.00000000 0.10156250
v -0.22669950 0.00000000 0.23437500
v -0.21875000 0.00000000 0.24218712
v -0.22812501 0.01562500 -0.18750000
v -0.21875000 0.01562500 -0.19531250
v -0.21875000 0.00787513 -0.10937500
v -0.21875000 0.01562500 -0.10162513
v -0.21875000 0.00782891 0.09375000
v -0.21875000 0.01562500 0.08595391
v -0.22660902 0.01562500 0.23437500
v -0.21875000 0.01562500 0.24218699
v -0.21875000 0.03125000 -0.19531250
v -0.21875000 0.03125000 -0.10156250
v -0.22656258 0.03125000 0.07812500
v -0.21875000 0.03125000 0.08593750
v -0.22647086 0.03125000 0.23437500
v -0.21875000 0.03125000 0.24209579
v -0.22656257 0.04687500 -0.18750000
v -0.21875000 0.04687500 -0.19531250
v -0.22656251 0.04687500 -0.09375000
v -0.21875000 0.04687500 -0.10156250
v -0.22656250 0.04687500 0.07812500
v -0.21875000 0.04687500 0.08593750
v -0.21875000 0.03897675 0.23437500
v -0.21875000 0.04687500 0.22656847
v -0.21875000 0.05469943 -0.18750000
v -0.21875000 0.06250000 -0.17969944
v -0.22656250 0.06250000 -0.09375000
v -0.21875000 0.06250000 -0.10156250
v -0.22656251 0.06250000 0.06250000
v -0.21875000 0.05468752 0.07812500
v -0.21875000 0.06250000 0.07031252
v -0.21875000 0.06250000 0.22656250
v -0.22663131 0.07812500 -0.17187500
v -0.21875000 0.07812500 -0.17968750
v -0.21875000 0.07031250 -0.09375000
v -0.22663117 0.07812500 -0.07812500
v -0.21875000 0.07812500 -0.08593750
v -0.22656251 0.07812500 0.04687500
v -0.21875000 0.07037467 0.06250000
v -0.21875000 0.07812500 0.05474967
v -0.22601771 0.07812500 0.21875000
v -0.21875000 0.07812500 0.22601771
v -0.21875000 0.08595421 -0.17187500
v -0.21875000 0.09375000 -0.16407921
v -0.21875000 0.08593750 -0.07812500
v -0.22656250 0.09375000 -0.06250000
v -0.21875000 0.09375000 -0.07031250
v -0.22689375 0.09375000 0.01562500
v -0.22656250 0.09375000 0.03125000
v -0.21875000 0.08593750 0.04687500
v -0.21875000 0.09375000 0.03906250
v -0.21875000 0.08539271 0.21875000
v -0.21875000 0.09375000 0.21093750
v -0.22656334 0.10937500 -0.15625000
v -0.21875000 0.10937500 -0.16406250
v -0.21875000 0.10156250 -0.06250000
v -0.21875000 0.10156256 -0.04687500
v -0.22204215 0.10937500 -0.03125000
v -0.21875000 0.10937500 -0.03454219
v -0.22656250 0.10937500 -0.01562500
v -0.22656250 0.10937500 0.00000000
v -0.21875000 0.10156250 0.01562500
v -0.21875000 0.10937500 0.00781250
v -0.21875000 0.10156250 0.03125000
v -0.22656724 0.10937500 0.20312500
v -0.21875000 0.10937500 0.21093655
v -0.21875000 0.11718750 -0.15625000
v -0.21875000 0.12500000 -0.14843750
v -0.21875000 0.11266715 -0.03125000
v -0.21875000 0.11718750 -0.01562500
v -0.21875000 0.11718750 0.00000000
v -0.23176714 0.12500000 0.18750000
v -0.21875000 0.11719242 0.20312500
v -0.21875000 0.12500000 0.19531834
v -0.21875000 0.13281303 -0.14062500
v -0.21875000 0.14062500 -0.13281303
v -0.21875000 0.13281248 0.18750000
v -0.21875000 0.14062500 0.17968745
v -0.21875000 0.14862840 -0.12500000
v -0.21875000 0.15625000 -0.11737840
v -0.22482859 0.15625000 0.15625000
v -0.21875000 0.14843745 0.17187500
v -0.21875000 0.15625000 0.16228142
v -0.21875000 0.16406324 -0.10937500
v -0.22660358 0.17187500 -0.09375000
v -0.21875000 0.17187500 -0.10156323
v -0.22541528 0.17187500 0.12500000
v -0.21875000 0.16406250 0.14062500
v -0.21875000 0.17187500 0.13135352
v -0.21875000 0.16228142 0.15625000
v -0.21875000 0.17968749 -0.09375000
v -0.21875000 0.18051773 -0.07812500
v -0.22656239 0.18750000 -0.06250000
v -0.21875000 0.18750000 -0.07114261
v -0.23112932 0.18750000 -0.04687500
v -0.22632500 0.18750000 0.09375000
v -0.21875000 0.17968750 0.10937500
v -0.21875000 0.18750000 0.10132499
v -0.21875000 0.17822852 0.12500000
v -0.21875000 0.19531238 -0.06250000
v -0.21875000 0.19531250 -0.04687500
v -0.21875000 0.19531841 -0.03125000
v -0.21875000 0.19598952 -0.01562500
v -0.22653671 0.20312500 0.00000000
v -0.21875000 0.20312500 -0.00846392
v -0.22656205 0.20312500 0.01562500
v -0.22656059 0.20312500 0.03125000
v -0.22649802 0.20312500 0.04687500
v -0.21875000 0.19531379 0.06250000
v -0.21875000 0.20312500 0.05462432
v -0.21875000 0.19531250 0.07812500
v -0.21875000 0.19507499 0.09375000
v -0.21875000 0.21091171 0.00000000
v -0.21875000 0.21093705 0.01562500
v -0.21875000 0.21093559 0.03125000
v -0.21875000 0.21087302 0.04687500
v -0.21114249 -0.21875000 -0.03125000
v -0.20312500 -0.22655462 -0.03125000
v -0.20312500 -0.21875000 -0.03905947
v -0.21123475 -0.21875000 -0.01562500
v -0.20312500 -0.22656250 -0.01562500
v -0.21109072 -0.21875000 0.00000000
v -0.20312500 -0.22656250 0.00000000
v -0.21093849 -0.21875000 0.01562500
v -0.20312500 -0.22656249 0.01562500
v -0.21093753 -0.21875000 0.03125000
v -0.20312500 -0.22656250 0.03125000
v -0.21093617 -0.21875000 0.04687500
v -0.20312500 -0.22656117 0.04687500
v -0.20312500 -0.21875000 0.05468839
v -0.21106594 -0.20312500 -0.07812500
v -0.20312500 -0.21093489 -0.07812500
v -0.20312500 -0.20312500 -0.08593489
v -0.20312500 -0.21093750 -0.06250000
v -0.20312500 -0.21094235 -0.04687500
v -0.20312500 -0.21093972 0.06250000
v -0.20312500 -0.21093750 0.07812500
v -0.21094292 -0.20312500 0.09375000
v -0.20312500 -0.21093750 0.09375000
v -0.20312500 -0.20312500 0.10170030
v -0.20312500 -0.19531244 -0.09375000
v -0.20312500 -0.18750000 -0.10156250
v -0.20312500 -0.19545030 0.10937500
v -0.21162675 -0.18750000 0.12500000
v -0.20312500 -0.19531250 0.12500000
v -0.21086826 -0.18750000 0.14062500
v -0.20312500 -0.19524326 0.14062500
v -0.20312500 -0.18750000 0.14836826
v -0.20682432 -0.17187500 -0.12500000
v -0.20312500 -0.17557429 -0.12500000
v -0.20312500 -0.17187500 -0.12869929
v -0.20312500 -0.17968749 -0.10937500
v -0.20312500 -0.17968750 0.15625000
v -0.20312500 -0.17187500 0.16406320
v -0.20871660 -0.15625000 -0.14062500
v -0.20312500 -0.16184156 -0.14062500
v -0.20312500 -0.15625000 -0.14621656
v -0.20312500 -0.16406320 0.17187500
v -0.20312500 -0.15625000 0.17968778
v -0.20508694 -0.14062500 -0.15625000
v -0.20312500 -0.14258694 -0.15625000
v -0.20312500 -0.14062500 -0.15821194
v -0.20312500 -0.14843778 0.18750000
v -0.20312500 -0.14062500 0.19531433
v -0.20312500 -0.12500000 -0.16406271
v -0.20312500 -0.13281433 0.20312500
v -0.20312500 -0.12500000 0.21093750
v -0.21093735 -0.10937500 -0.17187500
v -0.20312500 -0.11718749 -0.17187500
v -0.20312500 -0.10937500 -0.17968728
v -0.21093751 -0.10937500 -0.04687500
v -0.20312500 -0.11718750 -0.04687500
v -0.20312500 -0.10937500 -0.05468750
v -0.20312500 -0.11718750 -0.03125000
v -0.20312500 -0.11718750 -0.01562500
v -0.20312500 -0.11718750 0.00000000
v -0.21122269 -0.10937500 0.01562500
v -0.20312500 -0.11718750 0.01562500
v -0.21093750 -0.10937500 0.03125000
v -0.20312500 -0.11718750 0.03125000
v -0.20312500 -0.10937500 0.03906250
v -0.20312500 -0.10937500 0.21271885
v -0.20312500 -0.09375000 -0.17971330
v -0.21241253 -0.09375000 -0.06250000
v -0.20312500 -0.10156250 -0.06250000
v -0.20312500 -0.09375000 -0.07031251
v -0.20312500 -0.10156250 0.04687500
v -0.21093750 -0.09375000 0.06250000
v -0.20312500 -0.10156250 0.06250000
v -0.20312500 -0.09375000 0.07031250
v -0.21093717 -0.09375000 0.21875000
v -0.20312500 -0.10334345 0.21875000
v -0.20312500 -0.09375000 0.22656208
v -0.20312500 -0.08596330 -0.18750000
v -0.20312500 -0.07812500 -0.19531296
v -0.21093825 -0.07812500 -0.07812500
v -0.20312500 -0.08593751 -0.07812500
v -0.20312500 -0.07812500 -0.08593750
v -0.21093750 -0.07812500 0.07812500
v -0.20312500 -0.08593750 0.07812500
v -0.20312500 -0.07812500 0.08593750
v -0.20312500 -0.07812500 0.22656250
v -0.21091331 -0.06250000 -0.20312500
v -0.20312500 -0.07028868 -0.20312500
v -0.20312500 -0.06250000 -0.21091321
v -0.21093750 -0.06250000 -0.09375000
v -0.20312500 -0.07031250 -0.09375000
v -0.20312500 -0.06250000 -0.10156250
v -0.20312500 -0.06250000 0.08594274
v -0.20312500 -0.06250000 0.22666801
v -0.21083530 -0.04687500 -0.20312500
v -0.20312500 -0.04687500 -0.21083530
v -0.20312500 -0.04687500 -0.10254970
v -0.21093750 -0.04687500 0.09375000
v -0.20312500 -0.05469274 0.09375000
v -0.20312500 -0.04687500 0.10156250
v -0.21094622 -0.04687500 0.23437500
v -0.20312500 -0.05479217 0.23437500
v -0.20312500 -0.04687500 0.24218666
v -0.20816579 -0.03125000 -0.20312500
v -0.20312500 -0.03125000 -0.20816579
v -0.21093750 -0.03125000 -0.10937500
v -0.20312500 -0.04004970 -0.10937500
v -0.20312500 -0.03125000 -0.11718750
v -0.20312500 -0.03125000 0.10156250
v -0.20312500 -0.03125000 0.24218750
v -0.20312500 -0.02519257 -0.20312500
v -0.20312500 -0.01562500 -0.19641718
v -0.21423648 -0.01562500 -0.10937500
v -0.20312500 -0.01562500 -0.11718750
v -0.20312500 -0.01562500 0.10156250
v -0.20312500 -0.01562500 0.24218750
v -0.20312500 0.00000000 -0.19545295
v -0.20312500 0.00000000 -0.11718750
v -0.20312500 0.00000000 0.10156250
v -0.20312500 0.00000000 0.24218750
v -0.21085329 0.01562500 -0.20312500
v -0.20312500 0.00775625 -0.20312500
v -0.20312500 0.01562500 -0.21085329
v -0.21100013 0.01562500 -0.10937500
v -0.20312500 0.01562500 -0.11718750
v -0.21095391 0.01562500 0.09375000
v -0.20312500 0.01562500 0.10156250
v -0.20312500 0.01562500 0.24218750
v -0.21043563 0.03125000 -0.20312500
v -0.20312500 0.03125000 -0.21043563
v -0.21093750 0.03125000 -0.10937500
v -0.20312500 0.03125000 -0.11718750
v -0.21093750 0.03125000 0.09375000
v -0.20312500 0.03125000 0.10156250
v -0.20312500 0.03125000 0.24218750
v -0.20312500 0.03856063 -0.20312500
v -0.20312500 0.04687500 -0.19531250
v -0.21093750 0.04687500 -0.10937500
v -0.20312500 0.04687500 -0.11718750
v -0.20312500 0.04239685 0.09375000
v -0.20312500 0.04687500 0.08927185
v -0.21093745 0.04687500 0.23437500
v -0.20312500 0.04687500 0.24218148
v -0.21094943 0.06250000 -0.18750000
v -0.20312500 0.06250000 -0.19531250
v -0.20312500 0.05468750 -0.10937500
v -0.20312500 0.06250000 -0.10156250
v -0.21093752 0.06250000 0.07812500
v -0.20312500 0.06250000 0.08593750
v -0.20312500 0.05468150 0.23437500
v -0.20312500 0.06250000 0.22656252
v -0.20312500 0.07031347 -0.18750000
v -0.20312500 0.07812500 -0.17968848
v -0.21093750 0.07812500 -0.09375000
v -0.20312500 0.07812500 -0.10156250
v -0.21099967 0.07812500 0.06250000
v -0.21093750 0.07812500 0.07812500
v -0.20312500 0.07812500 0.08593750
v -0.20312500 0.07812500 0.22656250
v -0.21095421 0.09375000 -0.17187500
v -0.20312500 0.09375000 -0.17968750
v -0.20312500 0.08593750 -0.09375000
v -0.21093750 0.09375000 -0.07812500
v -0.20312500 0.09375000 -0.08593750
v -0.21093750 0.09375000 0.04687500
v -0.20312500 0.08594103 0.06250000
v -0.20312500 0.09375000 0.05469103
v -0.20312500 0.08593750 0.07812500
v -0.20312500 0.08593980 0.21875000
v -0.20312500 0.09375000 0.21093981
v -0.20312500 0.10156253 -0.17187500
v -0.20312500 0.10937500 -0.16406253
v -0.20312500 0.10156250 -0.07812500
v -0.21093750 0.10937500 -0.06250000
v -0.20312500 0.10937500 -0.07031250
v -0.21093756 0.10937500 -0.04687500
v -0.21093750 0.10937500 0.01562500
v -0.20312500 0.10161801 0.03125000
v -0.20312500 0.10937500 0.02349301
v -0.20312500 0.10156250 0.04687500
v -0.20312500 0.10937500 0.21093750
v -0.21040382 0.12500000 -0.15625000
v -0.20312500 0.12500000 -0.16352882
v -0.20312500 0.11718750 -0.06250000
v -0.20312500 0.11718750 -0.04687500
v -0.20312500 0.11718750 -0.03125000
v -0.20312500 0.11718750 -0.01562500
v -0.20312500 0.11718750 0.00000000
v -0.20312500 0.11718750 0.01562500
v -0.20312500 0.11778025 0.20312500
v -0.20312500 0.12500000 0.19590525
v -0.20312500 0.13227882 -0.15625000
v -0.21093801 0.14062500 -0.14062500
v -0.20312500 0.14062500 -0.14843748
v -0.20312500 0.13281318 0.18750000
v -0.20312500 0.14062500 0.17968818
v -0.20312500 0.14843748 -0.14062500
v -0.21112840 0.15625000 -0.12500000
v -0.20312500 0.15625000 -0.13281250
v -0.20312500 0.14843750 0.17187500
v -0.20312500 0.15625000 0.16402201
v -0.20312500 0.16406250 -0.12500000
v -0.21091246 0.17187500 -0.10937500
v -0.20312500 0.17187500 -0.11716172
v -0.20312500 0.16414418 0.14062500
v -0.20312500 0.17187500 0.13289418
v -0.20312500 0.16402200 0.15625000
v -0.20312500 0.17966172 -0.10937500
v -0.20312500 0.17970479 -0.09375000
v -0.21176768 0.18750000 -0.07812500
v -0.20312500 0.18750000 -0.08595474
v -0.20312500 0.17973091 0.10937500
v -0.20312500 0.18750000 0.10160591
v -0.20312500 0.17968750 0.12500000
v -0.20312500 0.19531246 -0.07812500
v -0.20312500 0.19531252 -0.06250000
v -0.20845531 0.20312500 -0.04687500
v -0.20312500 0.20312500 -0.05220532
v -0.21094340 0.20312500 -0.03125000
v -0.21161452 0.20312500 -0.01562500
v -0.21093879 0.20312500 0.06250000
v -0.20312500 0.19609244 0.07812500
v -0.20312500 0.20312500 0.07109244
v -0.20312500 0.19531250 0.09375000
v -0.20312500 0.20845531 -0.04687500
v -0.20312500 0.21093750 -0.03125000
v -0.20312500 0.21093750 -0.01562500
v -0.20312500 0.21093750 0.00000000
v -0.20312500 0.21093750 0.01562500
v -0.20312500 0.21093750 0.03125000
v -0.20312500 0.21093750 0.04687500
v -0.20312500 0.21093750 0.06250000
v -0.19498910 -0.21875000 -0.04687500
v -0.18750000 -0.22623426 -0.04687500
v -0.18750000 -0.21875000 -0.05435929
v -0.18750000 -0.22656250 -0.03125000
v -0.18750000 -0.22656250 -0.01562500
v -0.18750000 -0.22656250 0.00000000
v -0.18750000 -0.22656250 0.01562500
v -0.18750000 -0.22656251 0.03125000
v -0.18750000 -0.22656250 0.04687500
v -0.19531472 -0.21875000 0.06250000
v -0.18750000 -0.22656250 0.06250000
v -0.19353745 -0.21875000 0.07812500
v -0.18750000 -0.22478745 0.07812500
v -0.18750000 -0.21875000 0.08416245
v -0.18750000 -0.21093750 -0.07812500
v -0.18750000 -0.20312500 -0.08594214
v -0.18750000 -0.21093753 -0.06250000
v -0.18750000 -0.21093750 0.09375000
v -0.19545030 -0.20312500 0.10937500
v -0.18750000 -0.21093750 0.10937500
v -0.18750000 -0.20312500 0.11718826
v -0.18750000 -0.19531714 -0.09375000
v -0.18750000 -0.18750000 -0.10158772
v -0.18750000 -0.19531326 0.12500000
v -0.18750000 -0.19531250 0.14062500
v -0.18750000 -0.18750000 0.14843758
v -0.18750000 -0.17966948 -0.12500000
v -0.18750000 -0.17187500 -0.13279448
v -0.18750000 -0.17971272 -0.10937500
v -0.18750000 -0.17968758 0.15625000
v -0.18750000 -0.17187500 0.16407648
v -0.18750000 -0.16406250 -0.14062500
v -0.18750000 -0.15625000 -0.14843751
v -0.18750000 -0.16407648 0.17187500
v -0.18750000 -0.15625000 0.17969729
v -0.18750000 -0.14843751 -0.15625000
v -0.18750000 -0.14062500 -0.16406250
v -0.18750000 -0.14844729 0.18750000
v -0.18750000 -0.14062500 0.19534423
v -0.19530989 -0.12500000 -0.17187500
v -0.18750000 -0.13280967 -0.17187500
v -0.18750000 -0.12500000 -0.17968467
v -0.18750000 -0.13284423 0.20312500
v -0.18750000 -0.12500000 0.21093750
v -0.18750000 -0.10937500 -0.17968751
v -0.19531250 -0.10937500 -0.06250000
v -0.18750000 -0.11718750 -0.06250000
v -0.18750000 -0.10937500 -0.07031250
v -0.18750000 -0.11718751 -0.04687500
v -0.18750000 -0.11735486 -0.03125000
v -0.18750000 -0.11718885 -0.01562500
v -0.18750000 -0.11718750 0.00000000
v -0.18750000 -0.11718750 0.01562500
v -0.18750000 -0.11718750 0.03125000
v -0.18750000 -0.10937500 0.03906252
v -0.19709330 -0.10937500 0.21875000
v -0.18750000 -0.11718693 0.21875000
v -0.18750000 -0.10937500 0.22656192
v -0.19533726 -0.09375000 -0.18750000
v -0.18750000 -0.10156146 -0.18750000
v -0.18750000 -0.09375000 -0.19531145
v -0.19531251 -0.09375000 -0.07812500
v -0.18750000 -0.10156250 -0.07812500
v -0.18750000 -0.09375000 -0.08593750
v -0.18750000 -0.10156252 0.04687500
v -0.18750000 -0.10156250 0.06250000
v -0.18750000 -0.09375000 0.07031250
v -0.18750000 -0.09375000 0.22656411
v -0.18750000 -0.07812500 -0.19535056
v -0.19531250 -0.07812500 -0.09375000
v -0.18750000 -0.08593750 -0.09375000
v -0.18750000 -0.07812500 -0.10156250
v -0.18750000 -0.08593750 0.07812500
v -0.18750000 -0.07812500 0.08593750
v -0.18750000 -0.07812500 0.22780830
v -0.18750000 -0.07035056 -0.20312500
v -0.18750000 -0.06250000 -0.21093750
v -0.18750000 -0.06250000 -0.10159228
v -0.19531774 -0.06250000 0.09375000
v -0.18750000 -0.07031250 0.09375000
v -0.18750000 -0.06250000 0.10156250
v -0.19540265 -0.06250000 0.23437500
v -0.18750000 -0.07154332 0.23437500
v -0.18750000 -0.06250000 0.24217214
v -0.18750000 -0.04687500 -0.21093750
v -0.19629970 -0.04687500 -0.10937500
v -0.18750000 -0.05471728 -0.10937500
v -0.18750000 -0.04687500 -0.11718750
v -0.18750000 -0.04687500 0.10156250
v -0.18750000 -0.04687500 0.24218750
v -0.18750000 -0.03125000 -0.21093750
v -0.18750000 -0.03125000 -0.11718767
v -0.18750000 -0.03125000 0.10156291
v -0.18750000 -0.03125000 0.24218967
v -0.19641718 -0.01562500 -0.20312500
v -0.18750000 -0.01562500 -0.21093750
v -0.19531250 -0.01562500 -0.12500000
v -0.18750000 -0.02343767 -0.12500000
v -0.18750000 -0.01562500 -0.13281250
v -0.19531250 -0.01562500 0.10937500
v -0.18750000 -0.02343791 0.10937500
v -0.18750000 -0.01562500 0.11718750
v -0.18750000 -0.01562500 0.24218752
v -0.19545295 0.00000000 -0.20312500
v -0.18750000 0.00000000 -0.21093750
v -0.19531250 0.00000000 -0.12500000
v -0.18750000 0.00000000 -0.13281250
v -0.19531250 0.00000000 0.10937500
v -0.18750000 0.00000000 0.11718750
v -0.18750000 0.00000000 0.24218750
v -0.18750000 0.01562500 -0.21093750
v -0.18750000 0.00796969 -0.12500000
v -0.18750000 0.01562500 -0.11734469
v -0.19531250 0.01562500 0.10937500
v -0.18750000 0.01562500 0.11718750
v -0.18750000 0.01562500 0.24218758
v -0.18750000 0.03125000 -0.21093750
v -0.18750000 0.03125000 -0.11718750
v -0.18750000 0.02343750 0.10937500
v -0.18750000 0.03125000 0.10156250
v -0.18750000 0.03125000 0.24218752
v -0.18750000 0.03907856 -0.20312500
v -0.18750000 0.04687500 -0.19532856
v -0.18750000 0.04687500 -0.11718750
v -0.19864685 0.04687500 0.09375000
v -0.18750000 0.04687500 0.10156250
v -0.18750000 0.04687500 0.24218750
v -0.18750000 0.06250000 -0.19531250
v -0.19531250 0.06250000 -0.10937500
v -0.18750000 0.06250000 -0.11718750
v -0.19531250 0.06250000 0.09375000
v -0.18750000 0.06250000 0.10156250
v -0.18750000 0.05930698 0.23437500
v -0.18750000 0.06250000 0.23118198
v -0.19531154 0.07812500 -0.18750000
v -0.18750000 0.07812500 -0.19531057
v -0.18750000 0.07031250 -0.10937500
v -0.18750000 0.07812500 -0.10156250
v -0.18750000 0.07031264 0.09375000
v -0.18750000 0.07812500 0.08593764
v -0.18750000 0.07812500 0.22656250
v -0.18750000 0.08593557 -0.18750000
v -0.18750000 0.09375000 -0.17968750
v -0.19531250 0.09375000 -0.09375000
v -0.18750000 0.09375000 -0.10156250
v -0.19531603 0.09375000 0.06250000
v -0.18750000 0.08632065 0.07812500
v -0.18750000 0.09375000 0.07069565
v -0.19504774 0.09375000 0.21875000
v -0.18750000 0.09375000 0.22629544
v -0.19411161 0.10937500 -0.17187500
v -0.18750000 0.10937500 -0.17848657
v -0.18750000 0.10156250 -0.09375000
v -0.19531250 0.10937500 -0.07812500
v -0.18750000 0.10937500 -0.08593750
v -0.19536801 0.10937500 0.03125000
v -0.18750000 0.10201946 0.04687500
v -0.18750000 0.10937500 0.03951946
v -0.18750000 0.10156250 0.06250000
v -0.18750000 0.10129544 0.21875000
v -0.18750000 0.10937500 0.21093750
v -0.18750000 0.11598657 -0.17187500
v -0.18750000 0.12500000 -0.16406244
v -0.18750000 0.11718750 -0.07812500
v -0.18750000 0.11718750 -0.06250000
v -0.18750000 0.11718793 -0.04687500
v -0.19531250 0.12500000 -0.03125000
v -0.18750000 0.12500000 -0.03906293
v -0.19531250 0.12500000 -0.01562500
v -0.18750000 0.12304343 0.00000000
v -0.18750000 0.12500000 -0.00195657
v -0.18750000 0.11718750 0.01562500
v -0.18750000 0.11718750 0.03125000
v -0.18750000 0.11801079 0.20312500
v -0.18750000 0.12500000 0.19613579
v -0.18750000 0.13281244 -0.15625000
v -0.18750000 0.14062500 -0.14843750
v -0.18750000 0.13281250 -0.03125000
v -0.18750000 0.13281250 -0.01562500
v -0.18750000 0.13291782 0.18750000
v -0.18750000 0.14062500 0.17979282
v -0.18750000 0.14843750 -0.14062500
v -0.18750000 0.15625000 -0.13281250
v -0.18750000 0.14845842 0.17187500
v -0.18750000 0.15625000 0.16408342
v -0.18750000 0.16406250 -0.12500000
v -0.18750000 0.17187500 -0.11717579
v -0.19539351 0.17187500 0.14062500
v -0.18750000 0.16406254 0.15625000
v -0.18750000 0.17187500 0.14843687
v -0.18750000 0.17967579 -0.10937500
v -0.19292760 0.18750000 -0.09375000
v -0.18750000 0.18750000 -0.09916193
v -0.19535588 0.18750000 0.10937500
v -0.18750000 0.17968950 0.12500000
v -0.18750000 0.18750000 0.11718947
v -0.18750000 0.17968683 0.14062500
v -0.18750000 0.19291193 -0.09375000
v -0.18750000 0.19531250 -0.07812500
v -0.19436794 0.20312500 -0.06250000
v -0.18750000 0.20312500 -0.06936792
v -0.19609244 0.20312500 0.07812500
v -0.18750000 0.19532239 0.09375000
v -0.18750000 0.20312500 0.08594739
v -0.18750000 0.19531247 0.10937500
v -0.18750000 0.20999292 -0.06250000
v -0.18750000 0.21093750 -0.04687500
v -0.18750000 0.21093751 -0.03125000
v -0.18750000 0.21093751 -0.01562500
v -0.18750000 0.21165368 0.00000000
v -0.19140708 0.21875000 0.01562500
v -0.18750000 0.21875000 0.01115491
v -0.19246495 0.21875000 0.03125000
v -0.18750000 0.21096539 0.04687500
v -0.18750000 0.21875000 0.03623917
v -0.18750000 0.21093750 0.06250000
v -0.18750000 0.21093750 0.07812500
v -0.18750000 0.22265708 0.01562500
v -0.18750000 0.22371495 0.03125000
v -0.17187500 -0.22656244 -0.04687500
v -0.17187500 -0.21875000 -0.05479043
v -0.17187500 -0.22656250 -0.03125000
v -0.17187500 -0.22661945 -0.01562500
v -0.17187500 -0.22694166 0.00000000
v -0.17187500 -0.22776973 0.01562500
v -0.17187500 -0.22744984 0.03125000
v -0.17187500 -0.22658159 0.04687500
v -0.17187500 -0.22656250 0.06250000
v -0.17187500 -0.22656250 0.07812500
v -0.17941629 -0.21875000 0.09375000
v -0.17187500 -0.22629128 0.09375000
v -0.17187500 -0.21875000 0.10129128
v -0.17187500 -0.21093750 -0.07812500
v -0.17187500 -0.20312500 -0.08627338
v -0.17187500 -0.21104049 -0.06250000
v -0.17187500 -0.21093750 0.10937500
v -0.17187500 -0.20312500 0.11954794
v -0.17187500 -0.19564838 -0.09375000
v -0.17187500 -0.18750000 -0.10287953
v -0.17187500 -0.19767294 0.12500000
v -0.17187500 -0.19531250 0.14062500
v -0.17187500 -0.18750000 0.14844519
v -0.17187500 -0.17968307 -0.12500000
v -0.17187500 -0.17187500 -0.13280812
v -0.17187500 -0.18100453 -0.10937500
v -0.17187500 -0.17969519 0.15625000
v -0.17187500 -0.17187500 0.16432152
v -0.17187500 -0.16406255 -0.14062500
v -0.17187500 -0.15625000 -0.14845353
v -0.17187500 -0.16432152 0.17187500
v -0.17187500 -0.15625000 0.17988958
v -0.17187500 -0.14845353 -0.15625000
v -0.17187500 -0.14062500 -0.16406285
v -0.17187500 -0.14863958 0.18750000
v -0.17187500 -0.14062500 0.19537063
v -0.17187500 -0.13281285 -0.17187500
v -0.17187500 -0.12500000 -0.17968750
v -0.17968751 -0.12500000 -0.04687500
v -0.17187500 -0.13281250 -0.04687500
v -0.17187500 -0.12500000 -0.05468750
v -0.17985486 -0.12500000 -0.03125000
v -0.17187500 -0.13281250 -0.03125000
v -0.17968885 -0.12500000 -0.01562500
v -0.17187500 -0.13281250 -0.01562500
v -0.17968750 -0.12500000 0.00000000
v -0.17187500 -0.13281250 0.00000000
v -0.17187500 -0.12500000 0.00781290
v -0.17187500 -0.13287063 0.20312500
v -0.17187500 -0.12500000 0.21093755
v -0.17187500 -0.10937500 -0.17968764
v -0.17187500 -0.11718750 -0.06250000
v -0.17187500 -0.10937500 -0.07033559
v -0.17187500 -0.11718790 0.01562500
v -0.17187500 -0.11718750 0.03125000
v -0.17968752 -0.10937500 0.04687500
v -0.17187500 -0.11718750 0.04687500
v -0.17187500 -0.10937500 0.05468750
v -0.17187500 -0.11718745 0.21875000
v -0.17187500 -0.10937500 0.22656239
v -0.17187500 -0.10156264 -0.18750000
v -0.17187500 -0.09375000 -0.19531250
v -0.17187500 -0.10158559 -0.07812500
v -0.17187500 -0.09375000 -0.08593928
v -0.17187500 -0.10156250 0.06250000
v -0.17187500 -0.09375000 0.07031482
v -0.17187500 -0.09375000 0.22656285
v -0.17187500 -0.07812500 -0.19531455
v -0.17187500 -0.08593928 -0.09375000
v -0.17187500 -0.07812500 -0.10156250
v -0.17187500 -0.08593982 0.07812500
v -0.17187500 -0.07812500 0.08593811
v -0.17993258 -0.07812500 0.23437500
v -0.17187500 -0.08493209 0.23437500
v -0.17187500 -0.07812500 0.24118175
v -0.17187500 -0.07031455 -0.20312500
v -0.17187500 -0.06250000 -0.21093750
v -0.17971728 -0.06250000 -0.10937500
v -0.17187500 -0.07031250 -0.10937500
v -0.17187500 -0.06250000 -0.11718750
v -0.17187500 -0.07031311 0.09375000
v -0.17187500 -0.06250000 0.10156250
v -0.17187500 -0.06250000 0.24218750
v -0.17187500 -0.04687500 -0.21093750
v -0.17187500 -0.04687500 -0.11718932
v -0.17187500 -0.04687500 0.10156251
v -0.17187500 -0.04687500 0.24218752
v -0.17187500 -0.03125000 -0.21093750
v -0.17968767 -0.03125000 -0.12500000
v -0.17187500 -0.03906432 -0.12500000
v -0.17187500 -0.03125000 -0.13281250
v -0.17968791 -0.03125000 0.10937500
v -0.17187500 -0.03906251 0.10937500
v -0.17187500 -0.03125000 0.11718750
v -0.17798602 -0.03125000 0.25000000
v -0.17187500 -0.03735896 0.25000000
v -0.17187500 -0.03125000 0.25610894
v -0.17187500 -0.01562500 -0.21093750
v -0.17187500 -0.01562500 -0.13281250
v -0.17187500 -0.01562500 0.11718750
v -0.17187500 -0.02492388 0.25000000
v -0.17187500 -0.01562500 0.24241407
v -0.17187500 0.00000000 -0.21093750
v -0.17187500 0.00000000 -0.13281250
v -0.17187500 0.00000000 0.11718750
v -0.17187500 0.00000000 0.24219866
v -0.17187500 0.01562500 -0.21093750
v -0.17984469 0.01562500 -0.12500000
v -0.17187500 0.01562500 -0.13281250
v -0.17187500 0.01562500 0.11718750
v -0.17187500 0.01562500 0.24297972
v -0.17187500 0.03125000 -0.21093750
v -0.17968750 0.03125000 -0.12500000
v -0.17187500 0.03125000 -0.13281250
v -0.17968750 0.03125000 0.10937500
v -0.17187500 0.03125000 0.11718750
v -0.17441946 0.03125000 0.25000000
v -0.17187500 0.02824184 0.25000000
v -0.17187500 0.03125000 0.25254445
v -0.17957111 0.04687500 -0.20312500
v -0.17187500 0.04687500 -0.21080506
v -0.17187500 0.03906252 -0.12500000
v -0.17187500 0.04687500 -0.11718752
v -0.17187500 0.03907995 0.10937500
v -0.17187500 0.04687500 0.10157995
v -0.17187500 0.03379445 0.25000000
v -0.17187500 0.04687500 0.24218750
v -0.17187500 0.05455506 -0.20312500
v -0.17187500 0.06250000 -0.19531250
v -0.17187500 0.06250000 -0.11718750
v -0.17187500 0.06250000 0.10156250
v -0.18430689 0.06250000 0.23437500
v -0.17187500 0.06250000 0.24218736
v -0.17187500 0.07812500 -0.19531238
v -0.17968750 0.07812500 -0.10937500
v -0.17187500 0.07812500 -0.11718750
v -0.17968764 0.07812500 0.09375000
v -0.17187500 0.07812500 0.10156250
v -0.17187500 0.07031320 0.23437500
v -0.17187500 0.07812500 0.22656333
v -0.17187500 0.08593738 -0.18750000
v -0.17187500 0.09375000 -0.17968750
v -0.17187500 0.08593750 -0.10937500
v -0.17187500 0.09375000 -0.10156250
v -0.18007065 0.09375000 0.07812500
v -0.17187500 0.08593750 0.09375000
v -0.17187500 0.09375000 0.08593750
v -0.17187500 0.09375000 0.22656248
v -0.17187500 0.10937500 -0.17964124
v -0.17187500 0.10156250 -0.09375000
v -0.17187500 0.10937500 -0.08593750
v -0.18014446 0.10937500 0.04687500
v -0.17187500 0.10156315 0.06250000
v -0.17187500 0.10937500 0.05468815
v -0.17187500 0.10156250 0.07812500
v -0.17187500 0.10156248 0.21875000
v -0.17187500 0.10937500 0.21093750
v -0.17187500 0.11714124 -0.17187500
v -0.17187500 0.12500000 -0.16406249
v -0.17187500 0.11718750 -0.07812500
v -0.17968750 0.12500000 -0.06250000
v -0.17187500 0.12500000 -0.07031250
v -0.17968793 0.12500000 -0.04687500
v -0.18554343 0.12500000 0.00000000
v -0.17968750 0.12500000 0.01562500
v -0.17187500 0.11718916 0.03125000
v -0.17187500 0.12500000 0.02343916
v -0.17187500 0.11718750 0.04687500
v -0.17187500 0.12160123 0.20312500
v -0.17187500 0.12500000 0.19972623
v -0.17187500 0.13281249 -0.15625000
v -0.17187500 0.14062500 -0.14843750
v -0.17187500 0.13281250 -0.06250000
v -0.17187500 0.13281250 -0.04687500
v -0.17187500 0.13281250 -0.03125000
v -0.17187500 0.13281250 -0.01562500
v -0.17187500 0.13281250 0.00000000
v -0.17187500 0.13281250 0.01562500
v -0.17974262 0.14062500 0.18750000
v -0.17187500 0.14062500 0.19526229
v -0.17187500 0.14843759 -0.14062500
v -0.17187500 0.15625000 -0.13281259
v -0.17969739 0.15625000 0.17187500
v -0.17187500 0.14838729 0.18750000
v -0.17187500 0.15625000 0.17967647
v -0.17187500 0.16406250 -0.12500000
v -0.17187500 0.17187500 -0.11703615
v -0.17908339 0.17187500 0.15625000
v -0.17187500 0.16405147 0.17187500
v -0.17187500 0.17187500 0.16345834
v -0.17187500 0.17953615 -0.10937500
v -0.18199752 0.18750000 -0.09375000
v -0.17187500 0.17978710 -0.09375000
v -0.17187500 0.18750000 -0.08603710
v -0.17881433 0.18750000 0.12500000
v -0.17187500 0.17968754 0.14062500
v -0.17187500 0.18750000 0.13193738
v -0.17187500 0.17908334 0.15625000
v -0.17187500 0.19531250 -0.07812500
v -0.17187500 0.20312500 -0.06995888
v -0.17950882 0.20312500 0.09375000
v -0.17187500 0.19531250 0.10937500
v -0.17187500 0.20312500 0.10137394
v -0.17187500 0.19443735 0.12500000
v -0.17187500 0.21058388 -0.06250000
v -0.17187500 0.21093750 -0.04687500
v -0.17187500 0.21099828 -0.03125000
v -0.17855162 0.21875000 -0.01562500
v -0.17187500 0.21875000 -0.02236117
v -0.18040356 0.21875000 0.00000000
v -0.17971454 0.21875000 0.04687500
v -0.17187500 0.21093921 0.06250000
v -0.17187500 0.21875000 0.05468836
v -0.17187500 0.21093750 0.07812500
v -0.17187500 0.21074894 0.09375000
v -0.17187500 0.22542661 -0.01562500
v -0.17187500 0.22656238 0.00000000
v -0.17187500 0.22656250 0.01562500
v -0.17187500 0.22656250 0.03125000
v -0.17187500 0.22656165 0.04687500
v -0.16443834 -0.23437500 0.00000000
v -0.15625000 -0.24218418 0.00000000
v -0.15625000 -0.23437500 -0.00855160
v -0.16519677 -0.23437500 0.01562500
v -0.15625000 -0.24211286 0.01562500
v -0.16483074 -0.23437500 0.03125000
v -0.15625000 -0.24206706 0.03125000
v -0.15625000 -0.23437500 0.04247574
v -0.15625000 -0.22656227 -0.04687500
v -0.15625000 -0.21875000 -0.05468872
v -0.15625000 -0.22656250 -0.03125000
v -0.15625000 -0.22730489 -0.01562500
v -0.15625000 -0.23007254 0.04687500
v -0.15625000 -0.22656250 0.06250000
v -0.15625000 -0.22656250 0.07812500
v -0.15625000 -0.22656078 0.09375000
v -0.15625000 -0.21875000 0.10156078
v -0.15625000 -0.21093750 -0.07812500
v -0.15625000 -0.20312500 -0.08601611
v -0.15625000 -0.21093895 -0.06250000
v -0.15625000 -0.21093750 0.10937500
v -0.16638204 -0.20312500 0.12500000
v -0.15625000 -0.21089257 0.12500000
v -0.15625000 -0.20312500 0.13276757
v -0.15955740 -0.18750000 -0.10937500
v -0.15625000 -0.19000620 -0.10937500
v -0.15625000 -0.18750000 -0.11188120
v -0.15625000 -0.19539111 -0.09375000
v -0.15625000 -0.19531250 0.14062500
v -0.15625000 -0.18750000 0.14858846
v -0.15625000 -0.17968750 -0.12500000
v -0.15625000 -0.17187500 -0.13281404
v -0.15625000 -0.17983846 0.15625000
v -0.15625000 -0.17187500 0.16729362
v -0.15625000 -0.16406404 -0.14062500
v -0.15625000 -0.15625000 -0.14895410
v -0.15625000 -0.16729362 0.17187500
v -0.15625000 -0.15625000 0.18023918
v -0.15625000 -0.14895410 -0.15625000
v -0.15625000 -0.14062500 -0.16406254
v -0.15625000 -0.14898918 0.18750000
v -0.15625000 -0.14062500 0.19531697
v -0.15625000 -0.13281251 -0.17187500
v -0.15625000 -0.12500000 -0.17968747
v -0.16406250 -0.12500000 -0.06250000
v -0.15625000 -0.13281250 -0.06250000
v -0.15625000 -0.12500000 -0.07031250
v -0.15625000 -0.13281250 -0.04687500
v -0.15625000 -0.13281250 -0.03125000
v -0.15625000 -0.13281250 -0.01562500
v -0.15625000 -0.13281250 0.00000000
v -0.16406290 -0.12500000 0.01562500
v -0.15625000 -0.13281250 0.01562500
v -0.15625000 -0.12500000 0.02343750
v -0.15625000 -0.13281697 0.20312500
v -0.15625000 -0.12500000 0.21093751
v -0.15625000 -0.10937500 -0.17968750
v -0.16408559 -0.10937500 -0.07812500
v -0.15625000 -0.11718750 -0.07812500
v -0.15625000 -0.10937500 -0.08593750
v -0.15625000 -0.11718750 0.03125000
v -0.15625000 -0.11718750 0.04687500
v -0.15625000 -0.10937500 0.05468750
v -0.15625000 -0.11718704 0.21875000
v -0.15625000 -0.10937500 0.22656203
v -0.15625000 -0.10156247 -0.18750000
v -0.15625000 -0.09375000 -0.19531246
v -0.16406428 -0.09375000 -0.09375000
v -0.15625000 -0.10156250 -0.09375000
v -0.15625000 -0.09375000 -0.10156250
v -0.15625000 -0.10156250 0.06250000
v -0.16406482 -0.09375000 0.07812500
v -0.15625000 -0.10156250 0.07812500
v -0.15625000 -0.09375000 0.08593750
v -0.15625000 -0.09375000 0.22656250
v -0.15625000 -0.07812500 -0.19531252
v -0.16406250 -0.07812500 -0.10937500
v -0.15625000 -0.08593750 -0.10937500
v -0.15625000 -0.07812500 -0.11718750
v -0.16406311 -0.07812500 0.09375000
v -0.15625000 -0.08593750 0.09375000
v -0.15625000 -0.07812500 0.10156250
v -0.16506301 -0.07812500 0.23437500
v -0.15625000 -0.07812500 0.22656783
v -0.15625000 -0.07031252 -0.20312500
v -0.15625000 -0.06250000 -0.21093750
v -0.15625000 -0.06250000 -0.11719683
v -0.15625000 -0.06250000 0.10156250
v -0.15625000 -0.07031782 0.23437500
v -0.15625000 -0.06250000 0.24218750
v -0.15625000 -0.04687500 -0.21093750
v -0.16406432 -0.04687500 -0.12500000
v -0.15625000 -0.05469683 -0.12500000
v -0.15625000 -0.04687500 -0.13281250
v -0.16027716 -0.04687500 0.10937500
v -0.15625000 -0.05090215 0.10937500
v -0.15625000 -0.04687500 0.11340215
v -0.15625000 -0.04687500 0.24218772
v -0.15625000 -0.03125000 -0.21093806
v -0.15625000 -0.03125000 -0.13281250
v -0.15625000 -0.03125000 0.11718750
v -0.15625000 -0.03877846 0.25000000
v -0.15625000 -0.03125000 0.25752824
v -0.15625000 -0.01562500 -0.21093930
v -0.15625000 -0.01562500 -0.13335797
v -0.15625000 -0.01562500 0.11718750
v -0.15625000 -0.02152173 0.25000000
v -0.15625000 -0.01562500 0.24436808
v -0.15625000 0.00000000 -0.21093772
v -0.15625000 0.00000000 -0.13293458
v -0.15625000 0.00000000 0.11718750
v -0.15625000 0.00000000 0.24233619
v -0.15625000 0.01562500 -0.21093754
v -0.15625000 0.01562500 -0.13281263
v -0.15625000 0.01562500 0.11718750
v -0.16053112 0.01562500 0.25000000
v -0.15625000 0.01183846 0.25000000
v -0.15625000 0.01562500 0.25367839
v -0.15625000 0.03125000 -0.21093750
v -0.15625000 0.03125000 -0.13281250
v -0.15625000 0.03125000 0.11718750
v -0.15625000 0.03125000 0.25780330
v -0.15625000 0.04687500 -0.20781855
v -0.16406252 0.04687500 -0.12500000
v -0.15625000 0.04687500 -0.13281250
v -0.16407995 0.04687500 0.10937500
v -0.15625000 0.04687500 0.11718750
v -0.15625000 0.03907502 0.25000000
v -0.15625000 0.04687500 0.24220922
v -0.15625000 0.05156855 -0.20312500
v -0.15625000 0.06250000 -0.19531250
v -0.15625000 0.05469196 -0.12500000
v -0.15625000 0.06250000 -0.11719196
v -0.15625000 0.05468756 0.10937500
v -0.15625000 0.06250000 0.10156256
v -0.15625000 0.06250000 0.24218750
v -0.15625000 0.07812500 -0.19478978
v -0.15625000 0.07812500 -0.11718750
v -0.15625000 0.07812500 0.10156250
v -0.16376108 0.07812500 0.23437500
v -0.15625000 0.07812500 0.24188524
v -0.15625000 0.08541478 -0.18750000
v -0.15625000 0.09375000 -0.17968750
v -0.16406250 0.09375000 -0.10937500
v -0.15625000 0.09375000 -0.11718750
v -0.15625000 0.08593757 0.09375000
v -0.15625000 0.09375000 0.08593757
v -0.15625000 0.08563524 0.23437500
v -0.15625000 0.09375000 0.22656250
v -0.16155414 0.10937500 -0.17187500
v -0.15625000 0.10411228 -0.17187500
v -0.15625000 0.10937500 -0.16661228
v -0.15625000 0.10156250 -0.10937500
v -0.16406250 0.10937500 -0.09375000
v -0.15625000 0.10937500 -0.10156250
v -0.16406315 0.10937500 0.06250000
v -0.15625000 0.10156250 0.07812500
v -0.15625000 0.10937500 0.07031250
v -0.15625000 0.10156250 0.21875000
v -0.15625000 0.10937500 0.21093750
v -0.15625000 0.12500000 -0.16406133
v -0.15625000 0.11718750 -0.09375000
v -0.16406250 0.12500000 -0.07812500
v -0.15625000 0.12500000 -0.08593750
v -0.16406416 0.12500000 0.03125000
v -0.15625000 0.11719130 0.04687500
v -0.15625000 0.12500000 0.03906630
v -0.15625000 0.11718750 0.06250000
v -0.16764189 0.12500000 0.20312500
v -0.15625000 0.12500000 0.20981178
v -0.15625000 0.13281133 -0.15625000
v -0.15625000 0.14062500 -0.14843734
v -0.15625000 0.13281250 -0.07812500
v -0.15625000 0.13281250 -0.06250000
v -0.15625000 0.13281250 -0.04687500
v -0.15625000 0.13289151 -0.03125000
v -0.16406250 0.14062500 -0.01562500
v -0.15625000 0.14062500 -0.02351651
v -0.15625000 0.13281260 0.00000000
v -0.15625000 0.14062500 -0.00781240
v -0.15625000 0.13281250 0.01562500
v -0.15625000 0.13281250 0.03125000
v -0.15625000 0.13168678 0.20312500
v -0.15625000 0.14062500 0.19531250
v -0.15625000 0.14843734 -0.14062500
v -0.15625000 0.15625000 -0.13281146
v -0.15625000 0.14843750 -0.01562500
v -0.15625000 0.14843776 0.18750000
v -0.15625000 0.15625000 0.17968776
v -0.15625000 0.16406146 -0.12500000
v -0.16082922 0.17187500 -0.10937500
v -0.15625000 0.16742021 -0.10937500
v -0.15625000 0.17187500 -0.10492021
v -0.15625000 0.16406517 0.17187500
v -0.15625000 0.17187500 0.16406516
v -0.15625000 0.17968760 -0.09375000
v -0.15625000 0.18750000 -0.08593751
v -0.15625000 0.17969557 0.14062500
v -0.15625000 0.18750000 0.13281615
v -0.15625000 0.17968749 0.15625000
v -0.15625000 0.19531242 -0.07812500
v -0.16255058 0.20312500 -0.06250000
v -0.15625000 0.19716184 -0.06250000
v -0.15625000 0.20312500 -0.05653684
v -0.15625000 0.19531250 0.10937500
v -0.15625000 0.20312500 0.10156249
v -0.15625000 0.19530808 0.12500000
v -0.15625000 0.21093765 -0.04687500
v -0.16221768 0.21875000 -0.03125000
v -0.15625000 0.21875000 -0.03716053
v -0.15994907 0.21875000 0.06250000
v -0.15625000 0.21093750 0.07812500
v -0.15625000 0.21875000 0.06619783
v -0.15625000 0.21093749 0.09375000
v -0.15625000 0.22466039 -0.03125000
v -0.15625000 0.22656101 -0.01562500
v -0.15625000 0.22656250 0.00000000
v -0.15625000 0.22656250 0.01562500
v -0.15625000 0.22656250 0.03125000
v -0.15625000 0.22656250 0.04687500
v -0.15625000 0.22244783 0.06250000
v -0.14062500 -0.24218749 0.00000000
v -0.14062500 -0.23437500 -0.00848027
v -0.14062500 -0.24218750 0.01562500
v -0.14062500 -0.24218710 0.03125000
v -0.15168251 -0.23437500 0.04687500
v -0.14062500 -0.24186167 0.04687500
v -0.14062500 -0.23437500 0.05436167
v -0.14062500 -0.22557098 -0.04687500
v -0.14062500 -0.21875000 -0.05369598
v -0.14062500 -0.22656250 -0.03125000
v -0.14062500 -0.22723028 -0.01562500
v -0.14062500 -0.22656250 0.06250000
v -0.14062500 -0.22656250 0.07812500
v -0.14062500 -0.22644868 0.09375000
v -0.14062500 -0.21875000 0.10144868
v -0.14062500 -0.21093678 -0.07812500
v -0.14062500 -0.20312500 -0.08593678
v -0.14062500 -0.21093750 -0.06250000
v -0.14062500 -0.21093750 0.10937500
v -0.14062500 -0.21083091 0.12500000
v -0.14062500 -0.20312500 0.13270591
v -0.14062500 -0.19358344 -0.10937500
v -0.14062500 -0.18750000 -0.11545844
v -0.14062500 -0.19531250 -0.09375000
v -0.14062500 -0.19531250 0.14062500
v -0.14062500 -0.18750000 0.14849812
v -0.14062500 -0.17968750 -0.12500000
v -0.14062500 -0.17187500 -0.13281251
v -0.14062500 -0.17974812 0.15625000
v -0.14062500 -0.17187500 0.16734566
v -0.14062500 -0.16406252 -0.14062500
v -0.14062500 -0.15625000 -0.14843803
v -0.14062500 -0.16734566 0.17187500
v -0.14062500 -0.15625000 0.17971229
v -0.14062500 -0.14843802 -0.15625000
v -0.14062500 -0.14062500 -0.16406250
v -0.14062500 -0.14846229 0.18750000
v -0.14062500 -0.14062500 0.19531259
v -0.14062500 -0.13265051 -0.17187500
v -0.14062500 -0.12500000 -0.17952551
v -0.14062500 -0.13281250 -0.06250000
v -0.14062500 -0.12500000 -0.07040099
v -0.14062500 -0.13281250 -0.04687500
v -0.14062500 -0.13281250 -0.03125000
v -0.14062500 -0.13281250 -0.01562500
v -0.14062500 -0.13281250 0.00000000
v -0.14062500 -0.13281250 0.01562500
v -0.14843750 -0.12500000 0.03125000
v -0.14062500 -0.13281250 0.03125000
v -0.14062500 -0.12500000 0.03906250
v -0.14062500 -0.13281259 0.20312500
v -0.14062500 -0.12500000 0.21093750
v -0.14062500 -0.10937500 -0.17968750
v -0.14843750 -0.10937500 -0.09375000
v -0.14062500 -0.11718750 -0.09375000
v -0.14062500 -0.10937500 -0.10156250
v -0.14062500 -0.11727599 -0.07812500
v -0.14062500 -0.11718750 0.04687500
v -0.14062500 -0.10937500 0.05487866
v -0.14062500 -0.11714306 0.21875000
v -0.14062500 -0.10937500 0.22651806
v -0.14062500 -0.10140782 -0.18750000
v -0.14062500 -0.09375000 -0.19515782
v -0.14062500 -0.09375000 -0.10299018
v -0.14062500 -0.10175366 0.06250000
v -0.14062500 -0.10156250 0.07812500
v -0.14062500 -0.09375000 0.08593750
v -0.14062500 -0.09375000 0.22656250
v -0.14062500 -0.07812500 -0.19531250
v -0.14062500 -0.08736518 -0.10937500
v -0.14062500 -0.07812500 -0.11718783
v -0.14062500 -0.08593750 0.09375000
v -0.14062500 -0.07812500 0.10156250
v -0.14062500 -0.07812500 0.22656250
v -0.14062500 -0.07031239 -0.20312500
v -0.14062500 -0.06250000 -0.21093739
v -0.14844683 -0.06250000 -0.12500000
v -0.14062500 -0.07031283 -0.12500000
v -0.14062500 -0.06250000 -0.13281250
v -0.14062500 -0.06250000 0.10156264
v -0.14062500 -0.07030846 0.23437500
v -0.14062500 -0.06250000 0.24218346
v -0.14062500 -0.04687500 -0.21093751
v -0.14062500 -0.04687500 -0.13281391
v -0.14062500 -0.05468764 0.10937500
v -0.14062500 -0.04687500 0.11718750
v -0.14062500 -0.04687500 0.24219205
v -0.14062500 -0.03125000 -0.21139641
v -0.14843750 -0.03125000 -0.14062500
v -0.14062500 -0.03906391 -0.14062500
v -0.14062500 -0.03125000 -0.14843750
v -0.14062500 -0.03125000 0.11718750
v -0.14062500 -0.03902568 0.25000000
v -0.14062500 -0.03125000 0.25777113
v -0.14737319 -0.01562500 -0.21875000
v -0.14062500 -0.02282542 -0.21875000
v -0.14062500 -0.01562500 -0.22549642
v -0.14898297 -0.01562500 -0.14062500
v -0.14062500 -0.01562500 -0.14843750
v -0.14062500 -0.01562500 0.11718750
v -0.14062500 -0.01971342 0.25000000
v -0.14062500 -0.01562500 0.24594347
v -0.14669474 0.00000000 -0.21875000
v -0.14062500 0.00000000 -0.22481953
v -0.14855958 0.00000000 -0.14062500
v -0.14062500 0.00000000 -0.14843750
v -0.14062500 0.00000000 0.11718750
v -0.14062500 0.00000000 0.24230318
v -0.14062500 0.00613513 -0.21875000
v -0.14062500 0.01562500 -0.21100640
v -0.14843763 0.01562500 -0.14062500
v -0.14062500 0.01562500 -0.14843750
v -0.14062500 0.01562500 0.11718750
v -0.14062500 0.01178958 0.25000000
v -0.14062500 0.01562500 0.25375036
v -0.14062500 0.03125000 -0.21093750
v -0.14843750 0.03125000 -0.14062500
v -0.14062500 0.03125000 -0.14843750
v -0.14062500 0.03125000 0.11718750
v -0.14062500 0.03125000 0.25777304
v -0.15155611 0.04687500 -0.20312500
v -0.14062500 0.03906290 -0.20312500
v -0.14062500 0.04687500 -0.19531290
v -0.14062500 0.03906250 -0.14062500
v -0.14062500 0.04687500 -0.13281250
v -0.14062500 0.04687500 0.11718750
v -0.14062500 0.03927035 0.25000000
v -0.14062500 0.04687500 0.24243478
v -0.14062500 0.06250000 -0.19531249
v -0.14844196 0.06250000 -0.12500000
v -0.14062500 0.06250000 -0.13281250
v -0.14843756 0.06250000 0.10937500
v -0.14062500 0.06250000 0.11718750
v -0.14062500 0.06250000 0.24218750
v -0.14894857 0.07812500 -0.18750000
v -0.14062500 0.07032419 -0.18750000
v -0.14062500 0.07812500 -0.17969920
v -0.14062500 0.07032583 -0.12500000
v -0.14062500 0.07812500 -0.11720083
v -0.14062500 0.07031250 0.10937500
v -0.14062500 0.07812500 0.10156250
v -0.14062500 0.07812500 0.24218635
v -0.14062500 0.09375000 -0.17968750
v -0.14062500 0.09375000 -0.11718750
v -0.14843757 0.09375000 0.09375000
v -0.14062500 0.09375000 0.10156250
v -0.14062500 0.08593635 0.23437500
v -0.14062500 0.09375000 0.22656250
v -0.14062500 0.10156250 -0.17187500
v -0.14062500 0.10937500 -0.16406250
v -0.14062500 0.10156250 -0.10937500
v -0.14062500 0.10937500 -0.10156250
v -0.14062500 0.10499149 0.07812500
v -0.14062500 0.10937500 0.07374149
v -0.14062500 0.10156250 0.09375000
v -0.14062500 0.10156251 0.21875000
v -0.14062500 0.10937500 0.21093751
v -0.14062500 0.12500000 -0.15696713
v -0.14062500 0.11726560 -0.09375000
v -0.14062500 0.12500000 -0.08601560
v -0.14844130 0.12500000 0.04687500
v -0.14062500 0.11718750 0.06250000
v -0.14062500 0.12500000 0.05468750
v -0.14062500 0.12500000 0.21093612
v -0.14062500 0.12571713 -0.15625000
v -0.14062500 0.14062500 -0.14829027
v -0.14062500 0.13281250 -0.07812500
v -0.14062500 0.13309851 -0.06250000
v -0.14843750 0.14062500 -0.04687500
v -0.14062500 0.14062500 -0.05497351
v -0.14851651 0.14062500 -0.03125000
v -0.14843760 0.14062500 0.00000000
v -0.14062500 0.13283509 0.01562500
v -0.14062500 0.14062500 0.00783509
v -0.14062500 0.13281250 0.03125000
v -0.14062500 0.13281250 0.04687500
v -0.14062500 0.13281112 0.20312500
v -0.14062500 0.14062500 0.19531250
v -0.14062500 0.14829027 -0.14062500
v -0.14230514 0.15625000 -0.12500000
v -0.14062500 0.15457026 -0.12500000
v -0.14062500 0.15625000 -0.12332026
v -0.14062500 0.14843750 -0.04687500
v -0.14062500 0.14843750 -0.03125000
v -0.14062500 0.14843750 -0.01562500
v -0.14062500 0.14843750 0.00000000
v -0.14062500 0.14845335 0.18750000
v -0.14062500 0.15625000 0.17970335
v -0.14062500 0.16406271 -0.10937500
v -0.14062500 0.17187500 -0.10156270
v -0.14062500 0.16451538 0.17187500
v -0.14062500 0.17187500 0.16451538
v -0.14062500 0.17968749 -0.09375000
v -0.14062500 0.18750000 -0.07857579
v -0.14062500 0.18030880 0.14062500
v -0.14062500 0.18750000 0.13343380
v -0.14062500 0.17968750 0.15625000
v -0.14062500 0.18795079 -0.07812500
v -0.14062500 0.19531310 -0.06250000
v -0.14062500 0.20312500 -0.05468810
v -0.14062500 0.19531399 0.10937500
v -0.14062500 0.20312500 0.10156399
v -0.14062500 0.19531250 0.12500000
v -0.14062500 0.21093774 -0.04687500
v -0.14062500 0.21875000 -0.03579225
v -0.15255153 0.21875000 0.06250000
v -0.14062500 0.21093838 0.06250000
v -0.14062500 0.21875000 0.05467398
v -0.14062500 0.21093750 0.07812500
v -0.14062500 0.21093750 0.09375000
v -0.14062500 0.22329205 -0.03125000
v -0.14062500 0.22647739 -0.01562500
v -0.14062500 0.22656210 0.00000000
v -0.14062500 0.22656250 0.01562500
v -0.14062500 0.22656249 0.03125000
v -0.14062500 0.22654809 0.04687500
v -0.12500000 -0.24218535 0.00000000
v -0.12500000 -0.23437500 -0.00783048
v -0.12500000 -0.24218750 0.01562500
v -0.12500000 -0.24218750 0.03125000
v -0.12500000 -0.24213021 0.04687500
v -0.12500000 -0.23437500 0.05463021
v -0.13363125 -0.21875000 -0.04687500
v -0.12500000 -0.22656250 -0.03125000
v -0.12500000 -0.21875000 -0.03923760
v -0.12500000 -0.22658262 -0.01562500
v -0.12500000 -0.22656250 0.06250000
v -0.12500000 -0.22656250 0.07812500
v -0.13266614 -0.21875000 0.09375000
v -0.12500000 -0.21875000 0.08619761
v -0.12500000 -0.20678341 -0.07812500
v -0.12500000 -0.20312500 -0.08178341
v -0.12500000 -0.21093750 -0.06250000
v -0.12500000 -0.21111260 -0.04687500
v -0.12500000 -0.21119761 0.09375000
v -0.12500000 -0.21093750 0.10937500
v -0.13279564 -0.20312500 0.12500000
v -0.12500000 -0.20312500 0.11731094
v -0.13453851 -0.18750000 -0.10937500
v -0.12500000 -0.19531250 -0.09375000
v -0.12500000 -0.18750000 -0.10156571
v -0.12500000 -0.19543594 0.12500000
v -0.12500000 -0.19531250 0.14062500
v -0.12500000 -0.18750000 0.14843753
v -0.13163756 -0.17187500 -0.12500000
v -0.12500000 -0.17969071 -0.10937500
v -0.12500000 -0.17187500 -0.11836245
v -0.12500000 -0.17968754 0.15625000
v -0.12500000 -0.17187500 0.16406949
v -0.13126312 -0.15625000 -0.14062500
v -0.12500000 -0.16523745 -0.12500000
v -0.12500000 -0.15625000 -0.13436188
v -0.12500000 -0.16406949 0.17187500
v -0.12500000 -0.15625000 0.17968799
v -0.13270887 -0.14062500 -0.15625000
v -0.12500000 -0.14998688 -0.14062500
v -0.12500000 -0.14062500 -0.14854113
v -0.13281250 -0.14062500 -0.01562500
v -0.12500000 -0.14843750 -0.01562500
v -0.12500000 -0.14062500 -0.02344697
v -0.13281250 -0.14062500 0.00000000
v -0.12500000 -0.14843750 0.00000000
v -0.12500000 -0.14062500 0.00781250
v -0.12500000 -0.14843799 0.18750000
v -0.12500000 -0.14062500 0.19531250
v -0.13297448 -0.12500000 -0.17187500
v -0.12500000 -0.13291503 -0.15625000
v -0.12500000 -0.12500000 -0.16406140
v -0.13290099 -0.12500000 -0.07812500
v -0.12500000 -0.13281250 -0.07812500
v -0.12500000 -0.12500000 -0.08593751
v -0.12500000 -0.13281250 -0.06250000
v -0.12500000 -0.13281250 -0.04687500
v -0.12500000 -0.13282197 -0.03125000
v -0.12500000 -0.13281250 0.01562500
v -0.12500000 -0.13281250 0.03125000
v -0.12500000 -0.12500000 0.03906251
v -0.12500000 -0.13281248 0.20312500
v -0.12500000 -0.12500000 0.21093748
v -0.13247955 -0.10937500 -0.17187500
v -0.12500000 -0.10937500 -0.16439545
v -0.12500000 -0.11718751 -0.09375000
v -0.12500000 -0.10937500 -0.10156250
v -0.12500000 -0.11718751 0.04687500
v -0.13300366 -0.10937500 0.06250000
v -0.12500000 -0.11718750 0.06250000
v -0.12500000 -0.10937500 0.07031250
v -0.13284456 -0.10937500 0.21875000
v -0.12500000 -0.10937500 0.21094988
v -0.13296713 -0.09375000 -0.18750000
v -0.12500000 -0.10189513 -0.17187500
v -0.12500000 -0.09375000 -0.17968723
v -0.13424018 -0.09375000 -0.10937500
v -0.12500000 -0.10156250 -0.10937500
v -0.12500000 -0.09375000 -0.11718750
v -0.12500000 -0.10156250 0.07812500
v -0.12500000 -0.09375000 0.08594440
v -0.12500000 -0.10157422 0.21875000
v -0.12500000 -0.09375000 0.22656184
v -0.12500000 -0.08593730 -0.18750000
v -0.12500000 -0.07812500 -0.19531225
v -0.13281283 -0.07812500 -0.12500000
v -0.12500000 -0.08593750 -0.12500000
v -0.12500000 -0.07812500 -0.13281250
v -0.12500000 -0.08594440 0.09375000
v -0.12500000 -0.07812500 0.10156250
v -0.12500000 -0.07812500 0.22656250
v -0.13164188 -0.06250000 -0.20312500
v -0.12500000 -0.06250000 -0.19648323
v -0.12500000 -0.06250000 -0.13286720
v -0.13281264 -0.06250000 0.10937500
v -0.12500000 -0.07031250 0.10937500
v -0.12500000 -0.06250000 0.11718750
v -0.12500000 -0.06837189 0.23437500
v -0.12500000 -0.06250000 0.24024689
v -0.12500000 -0.05585823 -0.20312500
v -0.12500000 -0.04687500 -0.21093750
v -0.13281391 -0.04687500 -0.14062500
v -0.12500000 -0.05474220 -0.14062500
v -0.12500000 -0.04687500 -0.14843750
v -0.12500000 -0.04687500 0.11718750
v -0.12500000 -0.04687500 0.24218829
v -0.12500000 -0.03125000 -0.21104761
v -0.12500000 -0.03125000 -0.14843750
v -0.12500000 -0.03125000 0.11718750
v -0.12500000 -0.03902692 0.25000000
v -0.12500000 -0.03125000 0.25777613
v -0.12500000 -0.02340219 -0.21875000
v -0.12500000 -0.01562500 -0.22641709
v -0.12500000 -0.01562500 -0.14847355
v -0.12500000 -0.01562500 0.11718750
v -0.12500000 -0.02082024 0.25000000
v -0.12500000 -0.01562500 0.24483700
v -0.12500000 0.00000000 -0.22630442
v -0.12500000 0.00000000 -0.14854069
v -0.12500000 0.00000000 0.11718750
v -0.12500000 0.00000000 0.24230920
v -0.12500000 0.00755442 -0.21875000
v -0.12500000 0.01562500 -0.21093750
v -0.12500000 0.01562500 -0.14843751
v -0.12500000 0.01562500 0.11718750
v -0.12500000 0.01441173 0.25000000
v -0.12500000 0.01562500 0.25117886
v -0.13202304 0.03125000 -0.20312500
v -0.12500000 0.02422696 -0.20312500
v -0.12500000 0.03125000 -0.19610196
v -0.12500000 0.03125000 -0.14843750
v -0.12500000 0.03125000 0.11718750
v -0.12500000 0.03125000 0.25773990
v -0.12500000 0.04687500 -0.19530911
v -0.13281250 0.04687500 -0.14062500
v -0.12500000 0.04687500 -0.14843750
v -0.12500000 0.04687500 0.11718750
v -0.12500000 0.04229182 0.25000000
v -0.12500000 0.04687500 0.24547679
v -0.13281029 0.06250000 -0.18750000
v -0.12500000 0.05468632 -0.18750000
v -0.12500000 0.06250000 -0.17968971
v -0.12500000 0.05468750 -0.14062500
v -0.12500000 0.06250000 -0.13281250
v -0.12500000 0.06250000 0.11718750
v -0.12500000 0.06250000 0.24218750
v -0.12500000 0.07812500 -0.17968616
v -0.13282583 0.07812500 -0.12500000
v -0.12500000 0.07812500 -0.13281250
v -0.13281250 0.07812500 0.10937500
v -0.12500000 0.07812500 0.11718750
v -0.12500000 0.07812500 0.24216545
v -0.13280561 0.09375000 -0.17187500
v -0.12500000 0.08594305 -0.17187500
v -0.12500000 0.09375000 -0.16406939
v -0.12500000 0.08595919 -0.12500000
v -0.12500000 0.09375000 -0.11720919
v -0.12500000 0.08593750 0.10937500
v -0.12500000 0.09375000 0.10156250
v -0.12500000 0.08591545 0.23437500
v -0.12500000 0.09375000 0.22656250
v -0.12500000 0.10937500 -0.16387474
v -0.13281250 0.10937500 -0.10937500
v -0.12500000 0.10937500 -0.11718750
v -0.13624149 0.10937500 0.07812500
v -0.12500000 0.10156250 0.09375000
v -0.12500000 0.10937500 0.08593750
v -0.12500000 0.10156250 0.21875000
v -0.12500000 0.10937500 0.21093750
v -0.13990787 0.12500000 -0.15625000
v -0.12500000 0.11699975 -0.15625000
v -0.12500000 0.12500000 -0.14843749
v -0.12500000 0.11718750 -0.10937500
v -0.13289060 0.12500000 -0.09375000
v -0.12500000 0.12500000 -0.10156250
v -0.12709419 0.12500000 0.06250000
v -0.12500000 0.11718750 0.07812500
v -0.12500000 0.12500000 0.06459419
v -0.12500000 0.12500000 0.21093643
v -0.13293799 0.14062500 -0.14062500
v -0.12500000 0.13283423 -0.14062500
v -0.12500000 0.14062500 -0.13283350
v -0.12500000 0.13281250 -0.09375000
v -0.13281250 0.14062500 -0.07812500
v -0.12500000 0.14062500 -0.08593750
v -0.13309851 0.14062500 -0.06250000
v -0.13283509 0.14062500 0.01562500
v -0.13281250 0.14062500 0.03125000
v -0.12500000 0.13281251 0.04687500
v -0.12500000 0.14062500 0.03906251
v -0.12500000 0.12709419 0.06250000
v -0.12500000 0.13281143 0.20312500
v -0.12500000 0.14062500 0.19531250
v -0.12500000 0.14843688 -0.12500000
v -0.12500000 0.15625000 -0.11718599
v -0.12500000 0.14843750 -0.07812500
v -0.12500000 0.14843750 -0.06250000
v -0.12500000 0.14843750 -0.04687500
v -0.12500000 0.14843750 -0.03125000
v -0.12500000 0.14843769 -0.01562500
v -0.12500000 0.14843750 0.00000000
v -0.12500000 0.14843750 0.01562500
v -0.12500000 0.14843750 0.03125000
v -0.12500000 0.14848792 0.18750000
v -0.12500000 0.15625000 0.17973792
v -0.12500000 0.16406087 -0.10937500
v -0.12500000 0.17187500 -0.10072798
v -0.12500000 0.16651025 0.17187500
v -0.12500000 0.17187500 0.16651025
v -0.12500000 0.17885298 -0.09375000
v -0.14017420 0.18750000 -0.07812500
v -0.12500000 0.17968754 -0.07812500
v -0.12500000 0.18750000 -0.07031254
v -0.12500000 0.17969105 0.14062500
v -0.12500000 0.18750000 0.13281604
v -0.12500000 0.17968750 0.15625000
v -0.12500000 0.19531250 -0.06250000
v -0.12500000 0.20312500 -0.05468750
v -0.12500000 0.19531250 0.10937500
v -0.12500000 0.20312500 0.10156243
v -0.12500000 0.19531249 0.12500000
v -0.12500000 0.21093750 -0.04687500
v -0.13608295 0.21875000 -0.03125000
v -0.12500000 0.21093750 -0.03125000
v -0.13289761 0.21875000 -0.01562500
v -0.12500000 0.21093750 -0.01562500
v -0.13279414 0.21875000 0.00000000
v -0.12500000 0.21095626 0.00000000
v -0.12500000 0.21875000 0.00997517
v -0.13282630 0.21875000 0.04687500
v -0.12500000 0.21093811 0.04687500
v -0.12500000 0.21875000 0.03277203
v -0.12500000 0.21093750 0.06250000
v -0.12500000 0.21093750 0.07812500
v -0.12500000 0.21093742 0.09375000
v -0.12500000 0.22438252 0.01562500
v -0.12500000 0.22027181 0.03125000
v -0.10937500 -0.23826592 0.00000000
v -0.10937500 -0.23437500 -0.00389092
v -0.10937500 -0.24218750 0.01562500
v -0.10937500 -0.24218750 0.03125000
v -0.10937500 -0.24191412 0.04687500
v -0.10937500 -0.23437500 0.05441412
v -0.10937500 -0.22656147 -0.03125000
v -0.10937500 -0.21875000 -0.03906152
v -0.10937500 -0.22656250 -0.01562500
v -0.10937500 -0.22656250 0.06250000
v -0.10937500 -0.22656248 0.07812500
v -0.10937500 -0.21875000 0.08593748
v -0.12134159 -0.20312500 -0.07812500
v -0.10937500 -0.21012411 -0.06250000
v -0.10937500 -0.20312500 -0.06949911
v -0.10937500 -0.21093755 -0.04687500
v -0.10937500 -0.21093751 0.09375000
v -0.10937500 -0.21093733 0.10937500
v -0.10937500 -0.20312500 0.11718736
v -0.11099639 -0.18750000 -0.09375000
v -0.10937500 -0.19531250 -0.07812500
v -0.10937500 -0.18750000 -0.09212861
v -0.10937500 -0.19531253 0.12500000
v -0.10937500 -0.19526712 0.14062500
v -0.10937500 -0.18750000 0.14839212
v -0.11703879 -0.17187500 -0.10937500
v -0.10937500 -0.18587861 -0.09375000
v -0.10937500 -0.17187500 -0.10171121
v -0.10937500 -0.17968750 0.15625000
v -0.10937500 -0.17187500 0.16406250
v -0.11718613 -0.15625000 -0.12500000
v -0.10937500 -0.16421121 -0.10937500
v -0.10937500 -0.15625000 -0.11718887
v -0.10937500 -0.16406250 0.17187500
v -0.10937500 -0.15625000 0.17968751
v -0.11718574 -0.14062500 -0.14062500
v -0.10937500 -0.14843887 -0.12500000
v -0.10937500 -0.14062500 -0.13281426
v -0.11718750 -0.14062500 -0.04687500
v -0.10937500 -0.14843750 -0.04687500
v -0.10937500 -0.14062500 -0.05468750
v -0.11719697 -0.14062500 -0.03125000
v -0.10937500 -0.14843750 -0.03125000
v -0.10937500 -0.14843750 -0.01562500
v -0.10937500 -0.14843750 0.00000000
v -0.10937500 -0.14062500 0.01032148
v -0.10937500 -0.14843751 0.18750000
v -0.10937500 -0.14062500 0.19531250
v -0.11718860 -0.12500000 -0.15625000
v -0.10937500 -0.13281425 -0.14062500
v -0.10937500 -0.12500000 -0.14843750
v -0.11718751 -0.12500000 -0.09375000
v -0.10937500 -0.13281250 -0.09375000
v -0.10937500 -0.12500000 -0.10156255
v -0.10937500 -0.13281250 -0.07812500
v -0.10937500 -0.13281250 -0.06250000
v -0.10937500 -0.13532148 0.01562500
v -0.10937500 -0.13281250 0.03125000
v -0.11718751 -0.12500000 0.04687500
v -0.10937500 -0.13281250 0.04687500
v -0.10937500 -0.12500000 0.05468750
v -0.10937500 -0.13280662 0.20312500
v -0.10937500 -0.12500000 0.21093162
v -0.10937500 -0.11682499 -0.15625000
v -0.10937500 -0.10937500 -0.16369998
v -0.11718750 -0.10937500 -0.10937500
v -0.10937500 -0.11718755 -0.10937500
v -0.10937500 -0.10937500 -0.11718750
v -0.10937500 -0.11718750 0.06250000
v -0.10937500 -0.10937500 0.07031251
v -0.10937500 -0.10937500 0.21093750
v -0.11718780 -0.09375000 -0.17187500
v -0.10937500 -0.09375000 -0.16406253
v -0.11718750 -0.09375000 -0.12500000
v -0.10937500 -0.10156250 -0.12500000
v -0.10937500 -0.09375000 -0.13281250
v -0.10937500 -0.10156251 0.07812500
v -0.11719440 -0.09375000 0.09375000
v -0.10937500 -0.10156250 0.09375000
v -0.10937500 -0.09375000 0.10156250
v -0.10937500 -0.10091743 0.21875000
v -0.10937500 -0.09375000 0.22591742
v -0.11718775 -0.07812500 -0.18750000
v -0.10937500 -0.08591527 -0.17187500
v -0.10937500 -0.07812500 -0.17966525
v -0.10937500 -0.07812500 -0.13286069
v -0.11718750 -0.07812500 0.10937500
v -0.10937500 -0.08593750 0.10937500
v -0.10937500 -0.07812500 0.11718750
v -0.10937500 -0.07812500 0.22656250
v -0.10937500 -0.07029377 -0.18750000
v -0.10937500 -0.06250000 -0.19529376
v -0.11724220 -0.06250000 -0.14062500
v -0.10937500 -0.07036069 -0.14062500
v -0.10937500 -0.06250000 -0.14843750
v -0.10937500 -0.06250000 0.11718750
v -0.11882049 -0.06250000 0.23437500
v -0.10937500 -0.06250000 0.22688697
v -0.10937500 -0.05371338 -0.20312500
v -0.10937500 -0.04687500 -0.20996338
v -0.11718750 -0.04687500 -0.15625000
v -0.10937500 -0.05468750 -0.15625000
v -0.10937500 -0.04687500 -0.16406250
v -0.10937500 -0.04687500 0.11718750
v -0.10937500 -0.05501197 0.23437500
v -0.10937500 -0.04687500 0.24218750
v -0.10937500 -0.03125000 -0.21093747
v -0.11718750 -0.03125000 -0.15625000
v -0.10937500 -0.03125000 -0.16406250
v -0.10937500 -0.03125000 0.11718750
v -0.10937500 -0.03892303 0.25000000
v -0.10937500 -0.03125000 0.25767302
v -0.11733289 -0.01562500 -0.21875000
v -0.10937500 -0.01562500 -0.21093750
v -0.11722355 -0.01562500 -0.15625000
v -0.10937500 -0.01562500 -0.16406250
v -0.10937500 -0.01562500 0.11718750
v -0.10937500 -0.01723414 0.25000000
v -0.10937500 -0.01562500 0.24844168
v -0.11744558 0.00000000 -0.21875000
v -0.10937500 0.00000000 -0.21093723
v -0.11729069 0.00000000 -0.15625000
v -0.10937500 0.00000000 -0.16406250
v -0.10937500 0.00000000 0.11718750
v -0.10937500 0.00000000 0.24269887
v -0.11706176 0.01562500 -0.20312500
v -0.10937500 0.00793797 -0.20312500
v -0.10937500 0.01562500 -0.19543824
v -0.11718751 0.01562500 -0.15625000
v -0.10937500 0.01562500 -0.16406250
v -0.10937500 0.01562500 0.11718750
v -0.10937500 0.01100460 0.25000000
v -0.10937500 0.01562500 0.25420550
v -0.10937500 0.03125000 -0.19221550
v -0.10937500 0.02431703 -0.15625000
v -0.10937500 0.03125000 -0.14931703
v -0.10937500 0.03125000 0.11718750
v -0.10937500 0.03125000 0.25771819
v -0.11719089 0.04687500 -0.18750000
v -0.10937500 0.03596550 -0.18750000
v -0.10937500 0.04687500 -0.17968740
v -0.10937500 0.04687500 -0.14843750
v -0.10937500 0.04687500 0.11718750
v -0.11966023 0.04687500 0.25000000
v -0.10937500 0.04687500 0.25687040
v -0.11279410 0.06250000 -0.17187500
v -0.10937500 0.05908083 -0.17187500
v -0.10937500 0.06250000 -0.16845590
v -0.11718750 0.06250000 -0.14062500
v -0.10937500 0.06250000 -0.14843750
v -0.10937500 0.06250000 0.11718750
v -0.10937500 0.05374542 0.25000000
v -0.10937500 0.06250000 0.24218752
v -0.11718884 0.07812500 -0.17187500
v -0.10937500 0.07812500 -0.16406043
v -0.10937500 0.07031250 -0.14062500
v -0.10937500 0.07812500 -0.13281250
v -0.10937500 0.07812500 0.11718750
v -0.10937500 0.07812500 0.24176720
v -0.11714106 0.09375000 -0.15625000
v -0.10937500 0.08598187 -0.15625000
v -0.10937500 0.09375000 -0.14848394
v -0.11720919 0.09375000 -0.12500000
v -0.10937500 0.09375000 -0.13281250
v -0.10937500 0.08593751 0.10937500
v -0.10937500 0.09375000 0.10156251
v -0.10937500 0.08551720 0.23437500
v -0.10937500 0.09375000 0.22656244
v -0.11737526 0.10937500 -0.15625000
v -0.10937500 0.10937500 -0.14781123
v -0.10937500 0.10156330 -0.12500000
v -0.10937500 0.10937500 -0.11718830
v -0.10937500 0.10156333 0.09375000
v -0.10937500 0.10937500 0.08593833
v -0.10937500 0.10156244 0.21875000
v -0.10937500 0.10937500 0.21093750
v -0.11718566 0.12500000 -0.14062500
v -0.10937500 0.11656307 -0.14062500
v -0.10937500 0.12500000 -0.13160213
v -0.11718750 0.12500000 -0.10937500
v -0.10937500 0.12500000 -0.11839968
v -0.10937500 0.11718838 0.07812500
v -0.10937500 0.12500000 0.07031338
v -0.10937500 0.12500000 0.21093525
v -0.11718824 0.14062500 -0.12500000
v -0.10937500 0.13160032 -0.12500000
v -0.10937500 0.13283240 -0.10937500
v -0.10937500 0.14062500 -0.11716760
v -0.11718750 0.14062500 -0.09375000
v -0.10937500 0.14062500 -0.10158240
v -0.11718751 0.14062500 0.04687500
v -0.10937500 0.13281251 0.06250000
v -0.10937500 0.14062500 0.05468751
v -0.10937500 0.13281025 0.20312500
v -0.10937500 0.14062500 0.19531191
v -0.11718877 0.15625000 -0.10937500
v -0.10937500 0.14841796 -0.10937500
v -0.10937500 0.14843753 -0.09375000
v -0.10937500 0.15625000 -0.10156283
v -0.10937500 0.14843750 -0.07812500
v -0.11718750 0.15625000 -0.06250000
v -0.10937500 0.15625000 -0.07031250
v -0.11718750 0.15625000 -0.04687500
v -0.11718750 0.15625000 -0.03125000
v -0.11718769 0.15625000 -0.01562500
v -0.11718750 0.15625000 0.00000000
v -0.10937500 0.14845071 0.01562500
v -0.10937500 0.15625000 0.00782571
v -0.10937500 0.14843750 0.03125000
v -0.10937500 0.14843750 0.04687500
v -0.10937500 0.14843691 0.18750000
v -0.10937500 0.15625000 0.17967931
v -0.11801570 0.17187500 -0.09375000
v -0.10937500 0.16406888 -0.09375000
v -0.10937500 0.17187500 -0.08594390
v -0.10937500 0.16406250 -0.06250000
v -0.10937500 0.16406250 -0.04687500
v -0.10937500 0.16406250 -0.03125000
v -0.10937500 0.16406250 -0.01562500
v -0.10937500 0.16406250 0.00000000
v -0.11645391 0.17187500 0.15625000
v -0.10937500 0.16479609 0.15625000
v -0.10937500 0.17187500 0.14917109
v -0.10937500 0.16405431 0.17187500
v -0.10937500 0.17968750 -0.07812500
v -0.10937500 0.18750000 -0.07031250
v -0.10937500 0.17968750 0.14062500
v -0.10937500 0.18750000 0.13062137
v -0.10937500 0.19531250 -0.06250000
v -0.11718750 0.20312500 -0.04687500
v -0.10937500 0.19531250 -0.04687500
v -0.11718750 0.20312500 -0.03125000
v -0.10937500 0.19531250 -0.03125000
v -0.11718750 0.20312500 -0.01562500
v -0.10937500 0.19531250 -0.01562500
v -0.10937500 0.20312500 -0.00780349
v -0.11707375 0.20312500 0.09375000
v -0.10937500 0.19542632 0.09375000
v -0.10937500 0.20312500 0.08605114
v -0.10937500 0.19531250 0.10937500
v -0.10937500 0.19312137 0.12500000
v -0.10937500 0.21092849 0.00000000
v -0.11936748 0.21875000 0.01562500
v -0.10937500 0.21093750 0.01562500
v -0.12347819 0.21875000 0.03125000
v -0.10937500 0.21093750 0.03125000
v -0.10937500 0.21093750 0.04687500
v -0.10937500 0.21093750 0.06250000
v -0.10937500 0.21093731 0.07812500
v -0.10548406 -0.23437500 0.00000000
v -0.09375000 -0.24213942 0.01562500
v -0.09375000 -0.23437500 0.00786055
v -0.09375000 -0.24218742 0.03125000
v -0.10109991 -0.23437500 0.04687500
v -0.09375000 -0.23437500 0.03979687
v -0.10156353 -0.21875000 -0.03125000
v -0.09375000 -0.22191895 -0.01562500
v -0.09375000 -0.21875000 -0.01879395
v -0.09375000 -0.22656253 0.00000000
v -0.09375000 -0.22729695 0.04687500
v -0.09375000 -0.22656249 0.06250000
v -0.10156229 -0.21875000 0.07812500
v -0.09375000 -0.21875000 0.07031272
v -0.10237589 -0.20312500 -0.06250000
v -0.10156239 -0.20312500 -0.04687500
v -0.09375000 -0.20810515 -0.03125000
v -0.09375000 -0.20312500 -0.03623024
v -0.09375000 -0.21093773 0.07812500
v -0.09375000 -0.21090877 0.09375000
v -0.10156209 -0.20312500 0.10937500
v -0.09375000 -0.20312500 0.10153435
v -0.10156240 -0.18750000 -0.07812500
v -0.09375000 -0.19527472 -0.06250000
v -0.09375000 -0.18750000 -0.07027482
v -0.09375000 -0.19531261 -0.04687500
v -0.09375000 -0.19531308 0.10937500
v -0.09375000 -0.19531014 0.12500000
v -0.10160785 -0.18750000 0.14062500
v -0.09375000 -0.18750000 0.13281017
v -0.10136016 -0.17187500 -0.09375000
v -0.09375000 -0.17968760 -0.07812500
v -0.09375000 -0.17187500 -0.08613984
v -0.09375000 -0.17968753 0.14062500
v -0.10133800 -0.17187500 0.15625000
v -0.09375000 -0.17187500 0.14866200
v -0.10085550 -0.15625000 -0.10937500
v -0.09375000 -0.16426484 -0.09375000
v -0.09375000 -0.15625000 -0.10226950
v -0.09375000 -0.16428700 0.15625000
v -0.09375000 -0.16402425 0.17187500
v -0.09375000 -0.15625000 0.17964925
v -0.10154925 -0.14062500 -0.12500000
v -0.09810635 -0.14062500 -0.10937500
v -0.09375000 -0.14062500 -0.10488270
v -0.10156250 -0.14062500 -0.06250000
v -0.09375000 -0.14843750 -0.06250000
v -0.09375000 -0.14062500 -0.07033390
v -0.09375000 -0.14843750 -0.04687500
v -0.09375000 -0.14843750 -0.03125000
v -0.09375000 -0.14843750 -0.01562500
v -0.09375000 -0.14843750 0.00000000
v -0.10407148 -0.14062500 0.01562500
v -0.09375000 -0.14843750 0.01562500
v -0.09727632 -0.14062500 0.03125000
v -0.09375000 -0.14415132 0.03125000
v -0.09375000 -0.14062500 0.03477632
v -0.09375000 -0.14843355 0.18750000
v -0.09375000 -0.14062500 0.19530855
v -0.10156157 -0.12500000 -0.14062500
v -0.10156250 -0.12500000 -0.12500000
v -0.10156255 -0.12500000 -0.10937500
v -0.09375000 -0.13297994 -0.09375000
v -0.09375000 -0.13283390 -0.07812500
v -0.09375000 -0.13281250 0.04687500
v -0.09375000 -0.12500000 0.05468750
v -0.10050796 -0.12500000 0.20312500
v -0.09375000 -0.12500000 0.19637281
v -0.10192502 -0.10937500 -0.15625000
v -0.10077023 -0.10937500 -0.14062500
v -0.10156250 -0.10937500 -0.12500000
v -0.09375000 -0.11718750 0.06250000
v -0.10156251 -0.10937500 0.07812500
v -0.09375000 -0.11718750 0.07812500
v -0.09375000 -0.10937500 0.08593839
v -0.09375000 -0.11824781 0.20312500
v -0.09375000 -0.10937500 0.21093750
v -0.10156250 -0.09375000 -0.15625000
v -0.10156250 -0.09375000 -0.14062500
v -0.09375000 -0.10156339 0.09375000
v -0.09375000 -0.09375000 0.10177389
v -0.10214233 -0.09375000 0.21875000
v -0.09375000 -0.09375000 0.21100314
v -0.10158475 -0.07812500 -0.17187500
v -0.09841318 -0.07812500 -0.15625000
v -0.10161069 -0.07812500 -0.14062500
v -0.09375000 -0.08614889 0.10937500
v -0.09375000 -0.07812500 0.11718750
v -0.09375000 -0.08600314 0.21875000
v -0.09375000 -0.07812500 0.22656250
v -0.10158124 -0.06250000 -0.18750000
v -0.10156250 -0.06250000 -0.17187500
v -0.10156250 -0.06250000 -0.15625000
v -0.09375000 -0.06250000 0.11718750
v -0.09375000 -0.06250000 0.22656608
v -0.10253662 -0.04687500 -0.20312500
v -0.10156250 -0.04687500 -0.18750000
v -0.10156250 -0.04687500 -0.17187500
v -0.09375000 -0.04687500 0.11718750
v -0.09375000 -0.05469108 0.23437500
v -0.09375000 -0.04687500 0.24218750
v -0.10156253 -0.03125000 -0.20312500
v -0.10156250 -0.03125000 -0.18750000
v -0.10156250 -0.03125000 -0.17187500
v -0.09375000 -0.03125000 0.11718750
v -0.10110526 -0.03125000 0.25000000
v -0.09375000 -0.03125000 0.24278360
v -0.10156252 -0.01562500 -0.20312500
v -0.10156250 -0.01562500 -0.18750000
v -0.10156250 -0.01562500 -0.17187500
v -0.09375000 -0.01562500 0.11718791
v -0.10271028 -0.01562500 0.25000000
v -0.09375000 -0.01793562 0.25000000
v -0.09375000 -0.01562500 0.25202548
v -0.10156277 0.00000000 -0.20312500
v -0.10156250 0.00000000 -0.18750000
v -0.10156250 0.00000000 -0.17187500
v -0.09375000 0.00000000 0.11841273
v -0.09375000 -0.01202745 0.25000000
v -0.09375000 0.00000000 0.24480604
v -0.10156250 0.01562500 -0.18750000
v -0.10155560 0.01562500 -0.17187500
v -0.10156250 0.01562500 0.12500000
v -0.09375000 0.00658727 0.12500000
v -0.09375000 0.01562500 0.13281250
v -0.09375000 0.00711817 0.25000000
v -0.09375000 0.01562500 0.25582921
v -0.10465950 0.03125000 -0.18750000
v -0.10052332 0.03125000 -0.17187500
v -0.10244203 0.03125000 -0.15625000
v -0.09375000 0.02347303 0.12500000
v -0.09375000 0.03125000 0.11722303
v -0.09375000 0.03125000 0.25766642
v -0.09999296 0.04687500 -0.17187500
v -0.10156250 0.04687500 -0.15625000
v -0.09375000 0.04687500 0.11718754
v -0.09375000 0.04687500 0.25668639
v -0.09375000 0.05524192 -0.15625000
v -0.09375000 0.06250000 -0.16350808
v -0.09375000 0.06250000 -0.14899192
v -0.09375000 0.06250000 0.11718750
v -0.09375000 0.05356140 0.25000000
v -0.09375000 0.06250000 0.24218751
v -0.10139258 0.07812500 -0.15625000
v -0.09375000 0.06992947 -0.15625000
v -0.10156250 0.07812500 -0.14062500
v -0.09375000 0.07812500 0.11718750
v -0.09375000 0.07812500 0.23768970
v -0.09375000 0.08881687 -0.14062500
v -0.09375000 0.09375000 -0.14555813
v -0.09375000 0.09375000 -0.13569187
v -0.10156251 0.09375000 0.10937500
v -0.09375000 0.09375000 0.11718750
v -0.09375000 0.08143970 0.23437500
v -0.09375000 0.09375000 0.22563850
v -0.10218877 0.10937500 -0.14062500
v -0.09375000 0.09868313 -0.14062500
v -0.10156330 0.10937500 -0.12500000
v -0.10156333 0.10937500 0.09375000
v -0.09375000 0.10156250 0.10937500
v -0.09375000 0.10937500 0.10156250
v -0.09375000 0.10063850 0.21875000
v -0.09375000 0.10937500 0.21093608
v -0.10277468 0.12500000 -0.12500000
v -0.10156338 0.12500000 0.07812500
v -0.09375000 0.11718756 0.09375000
v -0.09375000 0.12500000 0.08593756
v -0.10156469 0.12500000 0.20312500
v -0.09375000 0.11718614 0.20312500
v -0.09375000 0.12500000 0.19531152
v -0.10158240 0.14062500 -0.10937500
v -0.10156251 0.14062500 0.06250000
v -0.09375000 0.13281262 0.07812500
v -0.09375000 0.14062500 0.07031262
v -0.10156309 0.14062500 0.18750000
v -0.09375000 0.13281146 0.18750000
v -0.09375000 0.14062500 0.17961470
v -0.10156253 0.15625000 -0.09375000
v -0.10156250 0.15625000 -0.07812500
v -0.10157571 0.15625000 0.01562500
v -0.10156250 0.15625000 0.03125000
v -0.09375000 0.14923365 0.04687500
v -0.09375000 0.15625000 0.03985865
v -0.09375000 0.14843750 0.06250000
v -0.10157069 0.15625000 0.17187500
v -0.09375000 0.14836470 0.17187500
v -0.09375000 0.15625000 0.16397072
v -0.09375000 0.16868776 -0.07812500
v -0.09375000 0.17187500 -0.08131224
v -0.09375000 0.17099855 -0.06250000
v -0.10156250 0.17187500 -0.04687500
v -0.09375000 0.17187500 -0.06162355
v -0.10156250 0.17187500 -0.03125000
v -0.10156250 0.17187500 -0.01562500
v -0.10156250 0.17187500 0.00000000
v -0.09375000 0.16739112 0.01562500
v -0.09375000 0.17187500 0.01114112
v -0.09375000 0.16406250 0.03125000
v -0.09793732 0.17187500 0.14062500
v -0.09375000 0.16768768 0.14062500
v -0.09375000 0.17187500 0.13643768
v -0.09375000 0.16397072 0.15625000
v -0.09375000 0.17506224 -0.07812500
v -0.09728128 0.18750000 -0.06250000
v -0.09375000 0.17451724 -0.06250000
v -0.10075817 0.18750000 -0.04687500
v -0.10156250 0.18750000 -0.03125000
v -0.10156250 0.18750000 -0.01562500
v -0.09375000 0.18031735 0.00000000
v -0.09375000 0.18750000 -0.00718265
v -0.10375363 0.18750000 0.12500000
v -0.09375000 0.17968750 0.12500000
v -0.09375000 0.18750000 0.11641617
v -0.10157151 0.20312500 0.00000000
v -0.09375000 0.19468265 0.00000000
v -0.10156250 0.20312500 0.01562500
v -0.09375000 0.19531242 0.01562500
v -0.09872182 0.20312500 0.03125000
v -0.09375000 0.19815318 0.03125000
v -0.10156001 0.20312500 0.04687500
v -0.09375000 0.19531499 0.04687500
v -0.10156247 0.20312500 0.06250000
v -0.09375000 0.19531253 0.06250000
v -0.10156269 0.20312500 0.07812500
v -0.09375000 0.19531250 0.07812500
v -0.09375000 0.19531250 0.09375000
v -0.09375000 0.19454117 0.10937500
v -0.08598558 -0.23437500 0.01562500
v -0.08592218 -0.23437500 0.03125000
v -0.09058105 -0.21875000 -0.01562500
v -0.08593750 -0.21875000 0.00000000
v -0.07812500 -0.22652595 0.01562500
v -0.07812500 -0.21875000 0.00784905
v -0.07812500 -0.22657790 0.03125000
v -0.07812500 -0.22656249 0.04687500
v -0.08593743 -0.21875000 0.06250000
v -0.07812500 -0.21875000 0.05468757
v -0.08876985 -0.20312500 -0.03125000
v -0.08593750 -0.20312500 -0.01562500
v -0.07812500 -0.21026531 0.00000000
v -0.07812500 -0.20312500 -0.00714031
v -0.07812500 -0.21093757 0.06250000
v -0.08593564 -0.20312500 0.07812500
v -0.07812500 -0.20312500 0.07031436
v -0.08596623 -0.20312500 0.09375000
v -0.08597528 -0.18750000 -0.06250000
v -0.08593750 -0.18750000 -0.04687500
v -0.08524993 -0.18750000 -0.03125000
v -0.07812500 -0.19531250 -0.01562500
v -0.07812500 -0.18750000 -0.02412507
v -0.07812500 -0.19531436 0.07812500
v -0.07812500 -0.19530034 0.09375000
v -0.08592581 -0.18750000 0.10937500
v -0.07812500 -0.18750000 0.10156204
v -0.08593986 -0.18750000 0.12500000
v -0.08593749 -0.17187500 -0.07812500
v -0.07812500 -0.17968640 -0.06250000
v -0.07812500 -0.17187500 -0.07031141
v -0.07812500 -0.17968750 -0.04687500
v -0.07812500 -0.18037507 -0.03125000
v -0.07812500 -0.17969919 0.10937500
v -0.07812500 -0.17966894 0.12500000
v -0.08593433 -0.17187500 0.14062500
v -0.07812500 -0.17187500 0.13279711
v -0.08593699 -0.15625000 -0.09375000
v -0.07812500 -0.16404984 -0.07812500
v -0.07812500 -0.15625000 -0.08592534
v -0.08593750 -0.15625000 -0.01562500
v -0.07812500 -0.16406250 -0.01562500
v -0.07812500 -0.15625000 -0.02351272
v -0.08593750 -0.15625000 0.00000000
v -0.07812500 -0.16406250 0.00000000
v -0.07812500 -0.15625000 0.00781251
v -0.07812500 -0.16406567 0.14062500
v -0.07812500 -0.16098772 0.15625000
v -0.08597575 -0.15625000 0.17187500
v -0.07812500 -0.15625000 0.16098772
v -0.08610494 -0.14062500 -0.09375000
v -0.08595890 -0.14062500 -0.07812500
v -0.07812500 -0.14845017 -0.07812500
v -0.07812500 -0.14843750 -0.06250000
v -0.07812500 -0.14843750 -0.04687500
v -0.07812500 -0.14851272 -0.03125000
v -0.07812500 -0.14843751 0.01562500
v -0.07812500 -0.14843750 0.03125000
v -0.07812500 -0.14062500 0.03906252
v -0.07812500 -0.14843693 0.17187500
v -0.08594145 -0.14062500 0.18750000
v -0.07812500 -0.14062500 0.17968693
v -0.07812500 -0.13281252 0.04687500
v -0.08593750 -0.12500000 0.06250000
v -0.07812500 -0.13281250 0.06250000
v -0.07812500 -0.12500000 0.07032888
v -0.07812500 -0.13281242 0.18750000
v -0.07812500 -0.12500000 0.19531242
v -0.07812500 -0.11720388 0.07812500
v -0.08593839 -0.10937500 0.09375000
v -0.07812500 -0.11718750 0.09375000
v -0.07812500 -0.10937500 0.10221183
v -0.08348831 -0.10937500 0.20312500
v -0.07812500 -0.10937500 0.19776169
v -0.08614889 -0.09375000 0.10937500
v -0.07812500 -0.10221183 0.10937500
v -0.07812500 -0.09375000 0.11718760
v -0.07812500 -0.10401169 0.20312500
v -0.07812500 -0.09375000 0.21093750
v -0.07812500 -0.07812500 0.11718964
v -0.07812500 -0.08589685 0.21875000
v -0.07812500 -0.07812500 0.22652185
v -0.08593750 -0.06250000 0.12500000
v -0.07812500 -0.07031464 0.12500000
v -0.07812500 -0.06250000 0.13281250
v -0.07812500 -0.06250000 0.22656250
v -0.08593750 -0.04687500 0.12500000
v -0.07812500 -0.04687500 0.13281250
v -0.07812500 -0.05468684 0.23437500
v -0.07812500 -0.04687500 0.24218684
v -0.08593750 -0.03125000 0.12500000
v -0.07812500 -0.03125000 0.13281250
v -0.07812500 -0.03125000 0.24218750
v -0.08593791 -0.01562500 0.12500000
v -0.07812500 -0.01562500 0.13281250
v -0.09172393 -0.01562500 0.25000000
v -0.07812500 -0.01562500 0.24218881
v -0.08716273 0.00000000 0.12500000
v -0.07812500 0.00000000 0.13281250
v -0.07812500 0.00000000 0.24246537
v -0.07812500 0.01562500 0.13281250
v -0.07812500 0.01149425 0.25000000
v -0.07812500 0.01562500 0.25391816
v -0.08597303 0.03125000 0.12500000
v -0.07812500 0.03125000 0.13281250
v -0.07812500 0.03125000 0.25776623
v -0.08593754 0.04687500 0.12500000
v -0.07812500 0.04687500 0.13281250
v -0.07812500 0.04687500 0.25754631
v -0.08649192 0.06250000 -0.15625000
v -0.08593750 0.06250000 0.12500000
v -0.07812500 0.06250000 0.13281250
v -0.07812500 0.05442131 0.25000000
v -0.07812500 0.06250000 0.24218750
v -0.08593750 0.07812500 0.12500000
v -0.07812500 0.07812500 0.13281250
v -0.09043371 0.07812500 0.23437500
v -0.07812500 0.07031488 0.23437500
v -0.07812500 0.07812500 0.22656487
v -0.08881687 0.09375000 -0.14062500
v -0.07812500 0.08611536 0.12500000
v -0.07812500 0.09375000 0.11736536
v -0.08686135 0.09375000 0.21875000
v -0.07812500 0.08593764 0.21875000
v -0.07812500 0.09375000 0.21004458
v -0.08593750 0.10937500 0.10937500
v -0.07812500 0.10937500 0.11718750
v -0.08593892 0.10937500 0.20312500
v -0.07812500 0.10066943 0.20312500
v -0.07812500 0.10937500 0.19528407
v -0.08593756 0.12500000 0.09375000
v -0.07812500 0.11718753 0.10937500
v -0.07812500 0.12500000 0.10156253
v -0.08593854 0.12500000 0.18750000
v -0.07812500 0.11715907 0.18750000
v -0.07812500 0.12500000 0.17967686
v -0.08593762 0.14062500 0.07812500
v -0.07812500 0.13293606 0.09375000
v -0.07812500 0.14062500 0.08606106
v -0.08601030 0.14062500 0.17187500
v -0.07812500 0.13280186 0.17187500
v -0.07812500 0.14062500 0.16394510
v -0.08673365 0.15625000 0.04687500
v -0.08593750 0.15625000 0.06250000
v -0.08593750 0.15625000 0.07812500
v -0.07812500 0.15625000 0.08593750
v -0.08486895 0.15625000 0.14062500
v -0.07812500 0.14950605 0.14062500
v -0.07812500 0.15625000 0.13388105
v -0.08602928 0.15625000 0.15625000
v -0.07812500 0.14832010 0.15625000
v -0.09056276 0.17187500 -0.07812500
v -0.09287355 0.17187500 -0.06250000
v -0.08926612 0.17187500 0.01562500
v -0.08593750 0.17187500 0.03125000
v -0.08593750 0.17187500 0.04687500
v -0.07812500 0.16434749 0.06250000
v -0.07812500 0.17187500 0.05497249
v -0.07812500 0.16406250 0.07812500
v -0.08593682 0.17187500 0.12500000
v -0.07812500 0.16406318 0.12500000
v -0.07812500 0.17187500 0.11718476
v -0.08656735 0.18750000 0.00000000
v -0.08593758 0.18750000 0.01562500
v -0.08593750 0.18750000 0.03125000
v -0.08593707 0.18750000 0.04687500
v -0.08593487 0.18750000 0.06250000
v -0.07812500 0.17940514 0.06250000
v -0.08593742 0.18750000 0.07812500
v -0.07812500 0.17968758 0.07812500
v -0.08593750 0.18750000 0.09375000
v -0.07812500 0.17968750 0.09375000
v -0.08670883 0.18750000 0.10937500
v -0.07812500 0.17968408 0.10937500
v -0.07034905 -0.21875000 0.01562500
v -0.07031250 -0.21875000 0.03125000
v -0.07031251 -0.21875000 0.04687500
v -0.07098469 -0.20312500 0.00000000
v -0.07031250 -0.20312500 0.01562500
v -0.07031250 -0.20312500 0.03125000
v -0.06250000 -0.20699496 0.04687500
v -0.06250000 -0.20312500 0.04300504
v -0.07031250 -0.20312500 0.06250000
v -0.06250000 -0.20312500 0.05074496
v -0.07031250 -0.18750000 -0.01562500
v -0.07023910 -0.18750000 0.00000000
v -0.06250000 -0.19531232 0.01562500
v -0.06250000 -0.18750000 0.00773928
v -0.06250000 -0.19531250 0.03125000
v -0.06250000 -0.19531250 0.06250000
v -0.07028440 -0.18750000 0.07812500
v -0.06250000 -0.18750000 0.07034060
v -0.07032466 -0.18750000 0.09375000
v -0.07031360 -0.17187500 -0.06250000
v -0.07030972 -0.17187500 -0.04687500
v -0.06846178 -0.17187500 -0.03125000
v -0.06250000 -0.17968213 -0.01562500
v -0.06250000 -0.17187500 -0.02528315
v -0.06250000 -0.17976090 0.00000000
v -0.06250000 -0.17971560 0.07812500
v -0.06250000 -0.17968739 0.09375000
v -0.07031171 -0.17187500 0.10937500
v -0.06250000 -0.17187500 0.10156318
v -0.07033106 -0.17187500 0.12500000
v -0.07032517 -0.15625000 -0.07812500
v -0.07031186 -0.15625000 -0.06250000
v -0.07031250 -0.15625000 -0.04687500
v -0.07038772 -0.15625000 -0.03125000
v -0.06250000 -0.16406787 -0.01562500
v -0.06250000 -0.16406250 0.00000000
v -0.07031251 -0.15625000 0.01562500
v -0.06250000 -0.16406250 0.01562500
v -0.06250000 -0.15625000 0.02400434
v -0.06250000 -0.16406329 0.10937500
v -0.06250000 -0.16402975 0.12500000
v -0.07031250 -0.15625000 0.14062500
v -0.06250000 -0.15625000 0.13277975
v -0.07338728 -0.15625000 0.15625000
v -0.06250000 -0.14900434 0.03125000
v -0.07031252 -0.14062500 0.04687500
v -0.06250000 -0.14843750 0.04687500
v -0.07031250 -0.14062500 0.06250000
v -0.06250000 -0.14843750 0.06250000
v -0.06250000 -0.14062500 0.07031436
v -0.06250000 -0.14843747 0.14062500
v -0.07027109 -0.14062500 0.15625000
v -0.06250000 -0.14062500 0.14847887
v -0.07031307 -0.14062500 0.17187500
v -0.07032888 -0.12500000 0.07812500
v -0.06250000 -0.13281436 0.07812500
v -0.07031250 -0.12500000 0.09375000
v -0.06250000 -0.13281250 0.09375000
v -0.06250000 -0.12500000 0.10579162
v -0.06250000 -0.13285391 0.15625000
v -0.06250000 -0.13026668 0.17187500
v -0.07031258 -0.12500000 0.18750000
v -0.06250000 -0.12500000 0.17714168
v -0.07096183 -0.10937500 0.10937500
v -0.06250000 -0.12141662 0.10937500
v -0.07031250 -0.10937500 0.12500000
v -0.06250000 -0.11718984 0.12500000
v -0.06250000 -0.10937500 0.13281250
v -0.06250000 -0.11718227 0.18750000
v -0.06250000 -0.10937500 0.19530727
v -0.07031260 -0.09375000 0.12500000
v -0.06250000 -0.09375000 0.13281267
v -0.06539257 -0.09375000 0.20312500
v -0.06250000 -0.09375000 0.20023243
v -0.07031464 -0.07812500 0.12500000
v -0.06250000 -0.07812500 0.13281251
v -0.06250000 -0.09085743 0.20312500
v -0.07035315 -0.07812500 0.21875000
v -0.06250000 -0.07812500 0.21093750
v -0.06250000 -0.06250000 0.13281250
v -0.07004619 -0.06250000 0.21875000
v -0.06250000 -0.06250000 0.21120381
v -0.06250000 -0.04687500 0.13281250
v -0.06250000 -0.05495377 0.21875000
v -0.07031316 -0.04687500 0.23437500
v -0.06250000 -0.04687500 0.22656246
v -0.06250000 -0.03125000 0.13281250
v -0.07023926 -0.03125000 0.23437500
v -0.06250000 -0.03125000 0.22663574
v -0.06250000 -0.01562500 0.13281250
v -0.06982890 -0.01562500 0.23437500
v -0.06250000 -0.01562500 0.22704600
v -0.06250000 0.00000000 0.13281252
v -0.06257935 0.00000000 0.23437500
v -0.06250000 0.00000000 0.23429564
v -0.06250000 0.01562500 0.13281259
v -0.06250000 0.00007951 0.23437500
v -0.07420684 0.01562500 0.25000000
v -0.06250000 0.01562500 0.24217964
v -0.06250000 0.03125000 0.13281279
v -0.07035877 0.03125000 0.25000000
v -0.06250000 0.03125000 0.24218747
v -0.06250000 0.04687500 0.13281250
v -0.07057765 0.04687500 0.25000000
v -0.06250000 0.04687500 0.24218853
v -0.06250000 0.06250000 0.13281250
v -0.06250000 0.06250000 0.23932997
v -0.06250000 0.07812500 0.13281250
v -0.07031095 0.07812500 0.21875000
v -0.06250000 0.07031402 0.21875000
v -0.06250000 0.07812500 0.20912694
v -0.06250000 0.06745497 0.23437500
v -0.07049036 0.09375000 0.12500000
v -0.06250000 0.09375000 0.13281250
v -0.07120557 0.09375000 0.20312500
v -0.06250000 0.08412546 0.20312500
v -0.06250000 0.09375000 0.19424422
v -0.07031250 0.10937500 0.12500000
v -0.06250000 0.10937500 0.13281250
v -0.07034093 0.10937500 0.18750000
v -0.06250000 0.10049422 0.18750000
v -0.06250000 0.10937500 0.17966740
v -0.07031253 0.12500000 0.10937500
v -0.06250000 0.11722351 0.12500000
v -0.06250000 0.12500000 0.11722351
v -0.07032314 0.12500000 0.17187500
v -0.06250000 0.11716740 0.17187500
v -0.06250000 0.12500000 0.16367240
v -0.07043606 0.14062500 0.09375000
v -0.07031250 0.14062500 0.10937500
v -0.06250000 0.14062500 0.11718811
v -0.07030133 0.14062500 0.14062500
v -0.06250000 0.13282354 0.14062500
v -0.06250000 0.14062500 0.13282306
v -0.07042990 0.14062500 0.15625000
v -0.06250000 0.13242240 0.15625000
v -0.07031250 0.15625000 0.09375000
v -0.06250000 0.14844852 0.10937500
v -0.06250000 0.15625000 0.10157352
v -0.07031247 0.15625000 0.12500000
v -0.06250000 0.14843692 0.12500000
v -0.06250000 0.15625000 0.11717651
v -0.07059749 0.17187500 0.06250000
v -0.07031250 0.17187500 0.07812500
v -0.07031250 0.17187500 0.09375000
v -0.07031592 0.17187500 0.10937500
v -0.06250000 0.16405148 0.10937500
v -0.05863004 -0.20312500 0.04687500
v -0.05468768 -0.18750000 0.01562500
v -0.05468750 -0.18750000 0.03125000
v -0.05468745 -0.18750000 0.04687500
v -0.05468750 -0.18750000 0.06250000
v -0.05469287 -0.17187500 -0.01562500
v -0.05468749 -0.17187500 0.00000000
v -0.05468653 -0.17187500 0.01562500
v -0.05424183 -0.17187500 0.03125000
v -0.04687500 -0.17967123 0.04687500
v -0.04687500 -0.17187500 0.03863310
v -0.04687500 -0.17968537 0.06250000
v -0.05454013 -0.17187500 0.07812500
v -0.04687500 -0.17187500 0.07045774
v -0.05468761 -0.17187500 0.09375000
v -0.05525434 -0.15625000 0.03125000
v -0.05468750 -0.15625000 0.04687500
v -0.04687500 -0.16407882 0.04687500
v -0.05460069 -0.15625000 0.06250000
v -0.04687500 -0.16397782 0.06250000
v -0.04687500 -0.16416044 0.07812500
v -0.04687500 -0.15625000 0.07027514
v -0.04687500 -0.16403272 0.09375000
v -0.05468750 -0.15625000 0.10937500
v -0.04687500 -0.15625000 0.10153272
v -0.05472025 -0.15625000 0.12500000
v -0.05468936 -0.14062500 0.07812500
v -0.04687500 -0.14848695 0.07812500
v -0.05468750 -0.14062500 0.09375000
v -0.04687500 -0.14846728 0.09375000
v -0.05468750 -0.14062500 0.10937500
v -0.05468750 -0.14062500 0.12500000
v -0.05468753 -0.14062500 0.14062500
v -0.05891662 -0.12500000 0.10937500
v -0.05468984 -0.12500000 0.12500000
v -0.05468750 -0.12500000 0.14062500
v -0.05468750 -0.12500000 0.15625000
v -0.05723332 -0.12500000 0.17187500
v -0.05468750 -0.10937500 0.14062500
v -0.04687500 -0.11708631 0.15625000
v -0.04687500 -0.10937500 0.14853869
v -0.05468196 -0.10937500 0.17187500
v -0.04687500 -0.10937500 0.16396685
v -0.05469273 -0.10937500 0.18750000
v -0.05468767 -0.09375000 0.14062500
v -0.04687500 -0.09375000 0.14883939
v -0.04687500 -0.10156737 0.17187500
v -0.05468602 -0.09375000 0.18750000
v -0.04687500 -0.09375000 0.17968832
v -0.05468751 -0.07812500 0.14062500
v -0.05468750 -0.07812500 0.15625000
v -0.04687500 -0.08633939 0.15625000
v -0.04687500 -0.07812500 0.16406263
v -0.04687500 -0.08580749 0.18750000
v -0.05468750 -0.07812500 0.20312500
v -0.04687500 -0.07812500 0.19518100
v -0.05468750 -0.06250000 0.14062500
v -0.05468750 -0.06250000 0.15625000
v -0.04687500 -0.06250000 0.16406250
v -0.05468696 -0.06250000 0.20312500
v -0.04687500 -0.06250000 0.19531144
v -0.05468750 -0.04687500 0.14062500
v -0.04687500 -0.05468715 0.15625000
v -0.04687500 -0.04687500 0.14843785
v -0.04687500 -0.05186662 0.20312500
v -0.05468754 -0.04687500 0.21875000
v -0.04687500 -0.04687500 0.20811615
v -0.05468750 -0.03125000 0.14062500
v -0.04687500 -0.03125000 0.14843750
v -0.05457337 -0.03125000 0.20312500
v -0.04687500 -0.04178408 0.20312500
v -0.04687500 -0.03125000 0.19541788
v -0.05468750 -0.03125000 0.21875000
v -0.05468750 -0.01562500 0.14062500
v -0.04687500 -0.01562500 0.14843750
v -0.05468750 -0.01562500 0.20312500
v -0.04687500 -0.01562500 0.19527813
v -0.05468759 -0.01562500 0.21875000
v -0.05468752 0.00000000 0.14062500
v -0.04687500 0.00000000 0.14843750
v -0.05468741 0.00000000 0.20312500
v -0.04687500 0.00000000 0.19530977
v -0.05468755 0.00000000 0.21875000
v -0.05468759 0.01562500 0.14062500
v -0.04687500 0.01562500 0.14843750
v -0.05032835 0.01562500 0.20312500
v -0.04687500 0.01562500 0.19967165
v -0.05468750 0.01562500 0.21875000
v -0.05469536 0.01562500 0.23437500
v -0.05468779 0.03125000 0.14062500
v -0.04687500 0.03125000 0.14843750
v -0.04687500 0.01908225 0.20312500
v -0.05468750 0.03125000 0.21875000
v -0.04687500 0.03125000 0.21093184
v -0.05468753 0.03125000 0.23437500
v -0.05468750 0.04687500 0.14062500
v -0.04687500 0.04687500 0.14843750
v -0.05468750 0.04687500 0.21875000
v -0.04687500 0.04687500 0.21093741
v -0.05468751 0.04687500 0.23437500
v -0.05468750 0.06250000 0.14062500
v -0.04687500 0.06250000 0.14843750
v -0.05468755 0.06250000 0.21875000
v -0.04687500 0.06250000 0.20775639
v -0.05754503 0.06250000 0.23437500
v -0.05468750 0.07812500 0.14062500
v -0.04687500 0.07812500 0.14843750
v -0.05649954 0.07812500 0.20312500
v -0.04687500 0.06713139 0.20312500
v -0.04687500 0.07812500 0.19103937
v -0.05468750 0.09375000 0.14062500
v -0.04687500 0.09375000 0.14843750
v -0.05575578 0.09375000 0.18750000
v -0.04687500 0.08166437 0.18750000
v -0.04687500 0.09375000 0.17962160
v -0.05468750 0.10937500 0.14062500
v -0.05145386 0.10937500 0.15625000
v -0.04687500 0.10479614 0.15625000
v -0.05470760 0.10937500 0.17187500
v -0.04687500 0.10149660 0.17187500
v -0.05472351 0.12500000 0.12500000
v -0.05468763 0.12500000 0.14062500
v -0.05507760 0.12500000 0.15625000
v -0.05468811 0.14062500 0.12500000
v -0.05469852 0.15625000 0.10937500
v -0.03907882 -0.17187500 0.04687500
v -0.03906463 -0.17187500 0.06250000
v -0.03911195 -0.15625000 0.07812500
v -0.03909228 -0.15625000 0.09375000
v -0.03916369 -0.10937500 0.15625000
v -0.03946439 -0.09375000 0.15625000
v -0.03906317 -0.09375000 0.17187500
v -0.03906263 -0.07812500 0.17187500
v -0.03919400 -0.07812500 0.18750000
v -0.03906250 -0.06250000 0.17187500
v -0.03906410 -0.06250000 0.18750000
v -0.03906285 -0.04687500 0.15625000
v -0.03906250 -0.04687500 0.17187500
v -0.03906301 -0.04687500 0.18750000
v -0.04188385 -0.04687500 0.20312500
v -0.03906250 -0.03125000 0.15625000
v -0.03125000 -0.03906243 0.17187500
v -0.03125000 -0.03125000 0.16406257
v -0.03907126 -0.03125000 0.18750000
v -0.03125000 -0.03125000 0.17968743
v -0.03553365 -0.01562500 0.15625000
v -0.03125000 -0.01562500 0.16053366
v -0.03909687 -0.01562500 0.18750000
v -0.03125000 -0.01562500 0.17968749
v -0.03125000 -0.01109238 0.15625000
v -0.03125000 0.00000000 0.14874474
v -0.03906532 0.00000000 0.18750000
v -0.03125000 0.00000000 0.17968735
v -0.03125000 0.01562500 0.14849060
v -0.03906250 0.01562500 0.18750000
v -0.03125000 0.01562500 0.17968727
v -0.03125000 0.03125000 0.14844050
v -0.03906250 0.03125000 0.18750000
v -0.03125000 0.03125000 0.17968632
v -0.03906816 0.03125000 0.20312500
v -0.03125000 0.04687500 0.14843750
v -0.03903467 0.04687500 0.18750000
v -0.03125000 0.04687500 0.17971050
v -0.03906259 0.04687500 0.20312500
v -0.03125000 0.06250000 0.14843750
v -0.03905991 0.06250000 0.18750000
v -0.03125000 0.06250000 0.17968336
v -0.04224361 0.06250000 0.20312500
v -0.03125000 0.07812500 0.14843751
v -0.04333563 0.07812500 0.18750000
v -0.03125000 0.07812500 0.17548439
v -0.03866915 0.09375000 0.15625000
v -0.03125000 0.08633085 0.15625000
v -0.03912840 0.09375000 0.17187500
v -0.03125000 0.08173439 0.17187500
v -0.02340366 -0.03125000 0.17187500
v -0.02312674 -0.01562500 0.17187500
v -0.02374337 0.00000000 0.15625000
v -0.02343468 0.00000000 0.17187500
v -0.02277035 0.01562500 0.15625000
v -0.02343542 0.01562500 0.17187500
v -0.01562500 0.02286461 0.15625000
v -0.01562500 0.03125000 0.14858544
v -0.02343578 0.03125000 0.17187500
v -0.01562500 0.03125000 0.16391746
v -0.01562500 0.04687500 0.14843809
v -0.02343863 0.04687500 0.17187500
v -0.01562500 0.04687500 0.16406561
v -0.01562500 0.06250000 0.14844889
v -0.02344323 0.06250000 0.17187500
v -0.01562500 0.06250000 0.16405211
v -0.01785147 0.07812500 0.15625000
v -0.01562500 0.07589296 0.15625000
v -0.02764061 0.07812500 0.17187500
v -0.00595494 0.03125000 0.15625000
v -0.00751063 0.04687500 0.15625000
v -0.00782247 0.06250000 0.15625000
f 3 2 1
f 2 5 4
f 1 2 4
f 5 7 6
f 4 5 6
f 7 8 6
f 11 10 9
f 10 3 1
f 10 1 9
f 9 1 12
f 1 4 12
f 4 13 12
f 4 6 13
f 6 14 13
f 8 16 15
f 8 15 6
f 6 15 14
f 16 17 15
f 19 11 9
f 18 19 9
f 9 12 18
f 12 20 18
f 12 13 20
f 13 21 20
f 13 14 21
f 14 22 21
f 14 15 22
f 15 23 22
f 17 24 23
f 15 17 23
f 26 19 18
f 25 26 18
f 18 20 25
f 20 27 25
f 20 21 27
f 21 28 27
f 21 22 28
f 22 29 28
f 30 31 29
f 30 29 23
f 23 29 22
f 23 24 30
f 33 26 25
f 32 33 25
f 25 27 32
f 27 34 32
f 27 28 34
f 28 35 34
f 28 29 35
f 29 36 35
f 31 37 36
f 29 31 36
f 33 32 38
f 32 34 39
f 38 32 39
f 34 35 40
f 39 34 40
f 35 36 41
f 40 35 41
f 36 37 41
f 44 43 42
f 43 46 45
f 42 43 45
f 46 48 47
f 45 46 47
f 48 50 49
f 47 48 49
f 50 51 49
f 53 44 42
f 52 53 42
f 42 45 52
f 45 54 52
f 45 47 54
f 47 55 54
f 47 49 55
f 49 56 55
f 51 58 57
f 51 57 49
f 49 57 56
f 58 59 57
f 62 61 60
f 61 53 52
f 61 52 60
f 60 52 63
f 3 54 2
f 3 63 54
f 63 52 54
f 55 2 54
f 5 2 55
f 56 5 55
f 7 5 56
f 7 64 8
f 7 56 64
f 56 57 64
f 59 66 65
f 59 65 57
f 57 65 64
f 66 67 65
f 69 62 60
f 68 69 60
f 11 63 10
f 11 68 63
f 68 60 63
f 63 3 10
f 64 16 8
f 16 70 17
f 16 64 70
f 64 65 70
f 67 71 70
f 65 67 70
f 74 73 72
f 73 69 68
f 73 68 72
f 72 68 75
f 68 19 75
f 11 19 68
f 76 17 70
f 24 17 76
f 71 77 76
f 70 71 76
f 79 74 72
f 78 79 72
f 72 75 78
f 75 80 78
f 75 26 80
f 19 26 75
f 30 81 31
f 24 81 30
f 24 76 81
f 76 82 81
f 77 83 82
f 76 77 82
f 85 79 78
f 84 85 78
f 78 80 84
f 80 86 84
f 80 33 86
f 26 33 80
f 87 31 81
f 37 31 87
f 88 89 87
f 88 87 82
f 82 87 81
f 82 83 88
f 85 84 90
f 92 90 84
f 92 84 91
f 91 84 86
f 38 86 33
f 38 93 86
f 93 91 86
f 39 93 38
f 94 93 39
f 40 94 39
f 95 94 40
f 41 95 40
f 96 95 41
f 37 96 41
f 37 87 96
f 87 97 96
f 89 98 97
f 87 89 97
f 92 91 99
f 101 99 91
f 101 91 100
f 100 91 93
f 93 94 100
f 94 102 100
f 94 95 102
f 95 103 102
f 95 96 103
f 96 104 103
f 105 106 104
f 105 104 97
f 97 104 96
f 97 98 105
f 101 100 107
f 100 102 108
f 107 100 108
f 102 103 109
f 108 102 109
f 103 104 110
f 109 103 110
f 104 106 110
f 113 112 111
f 112 115 114
f 111 112 114
f 115 117 116
f 114 115 116
f 117 119 118
f 116 117 118
f 119 120 118
f 123 122 121
f 111 43 44
f 113 111 44
f 113 44 121
f 113 121 122
f 114 43 111
f 46 43 114
f 116 46 114
f 48 46 116
f 118 48 116
f 50 48 118
f 50 124 51
f 118 124 50
f 118 125 124
f 118 120 125
f 125 127 126
f 124 125 126
f 127 128 126
f 131 130 129
f 130 123 121
f 130 121 129
f 129 121 132
f 121 53 132
f 44 53 121
f 124 58 51
f 58 133 59
f 58 124 133
f 124 126 133
f 128 135 134
f 128 134 126
f 126 134 133
f 135 136 134
f 138 131 129
f 137 138 129
f 62 132 61
f 62 137 132
f 137 129 132
f 132 53 61
f 133 66 59
f 66 139 67
f 66 133 139
f 133 134 139
f 136 140 139
f 134 136 139
f 142 138 137
f 141 142 137
f 137 69 141
f 62 69 137
f 143 67 139
f 71 67 143
f 140 144 143
f 139 140 143
f 147 146 145
f 141 73 74
f 142 141 74
f 142 74 145
f 142 145 146
f 141 69 73
f 148 71 143
f 77 71 148
f 144 149 148
f 143 144 148
f 151 147 145
f 150 151 145
f 145 79 150
f 74 79 145
f 152 77 148
f 83 77 152
f 149 153 152
f 148 149 152
f 155 151 150
f 154 155 150
f 150 85 154
f 79 85 150
f 88 156 89
f 156 157 158
f 88 157 156
f 88 152 157
f 88 83 152
f 152 153 157
f 160 155 154
f 159 160 154
f 90 154 85
f 90 161 154
f 161 159 154
f 90 92 161
f 162 89 156
f 98 89 162
f 158 163 162
f 156 158 162
f 160 159 164
f 166 164 159
f 166 159 165
f 165 159 161
f 99 161 92
f 99 167 161
f 167 165 161
f 99 101 167
f 105 168 106
f 168 169 170
f 105 169 168
f 105 162 169
f 105 98 162
f 162 163 169
f 166 165 171
f 165 167 172
f 171 165 172
f 174 107 173
f 172 107 174
f 172 101 107
f 172 167 101
f 108 173 107
f 175 173 108
f 109 175 108
f 176 175 109
f 110 176 109
f 177 176 110
f 177 178 179
f 110 178 177
f 110 168 178
f 110 106 168
f 168 170 178
f 174 173 180
f 173 175 181
f 180 173 181
f 175 176 182
f 181 175 182
f 176 177 183
f 182 176 183
f 177 179 183
f 186 185 184
f 185 188 187
f 184 185 187
f 188 190 189
f 187 188 189
f 190 192 191
f 189 190 191
f 192 193 191
f 196 195 194
f 184 112 113
f 186 184 113
f 186 113 194
f 186 194 195
f 187 112 184
f 115 112 187
f 189 115 187
f 117 115 189
f 191 117 189
f 119 117 191
f 119 197 120
f 191 197 119
f 191 198 197
f 191 193 198
f 198 200 199
f 197 198 199
f 200 201 199
f 204 203 202
f 194 122 123
f 196 194 123
f 196 123 202
f 196 202 203
f 194 113 122
f 197 125 120
f 199 125 197
f 127 125 199
f 127 205 128
f 199 205 127
f 199 206 205
f 199 201 206
f 206 207 205
f 210 209 208
f 202 130 131
f 204 202 131
f 204 131 208
f 204 208 209
f 202 123 130
f 205 135 128
f 135 211 136
f 205 211 135
f 205 212 211
f 205 207 212
f 212 213 211
f 215 210 208
f 214 215 208
f 208 138 214
f 131 138 208
f 216 136 211
f 140 136 216
f 213 217 216
f 211 213 216
f 220 219 218
f 219 215 214
f 219 214 218
f 218 214 221
f 214 142 221
f 138 142 214
f 222 140 216
f 144 140 222
f 217 223 222
f 216 217 222
f 225 220 218
f 224 225 218
f 147 221 146
f 147 224 221
f 224 218 221
f 221 142 146
f 226 144 222
f 149 144 226
f 223 227 226
f 222 223 226
f 229 225 224
f 228 229 224
f 224 151 228
f 147 151 224
f 230 149 226
f 153 149 230
f 227 231 230
f 226 227 230
f 233 229 228
f 232 233 228
f 228 155 232
f 151 155 228
f 157 234 158
f 234 235 236
f 157 235 234
f 157 230 235
f 157 153 230
f 230 231 235
f 233 232 237
f 232 238 237
f 232 155 238
f 155 160 238
f 239 158 234
f 163 158 239
f 236 240 239
f 234 236 239
f 164 241 242
f 164 242 160
f 160 242 238
f 164 166 241
f 169 243 170
f 243 244 245
f 169 244 243
f 169 239 244
f 169 163 239
f 239 240 244
f 242 241 246
f 248 171 247
f 246 171 248
f 246 166 171
f 246 241 166
f 172 247 171
f 249 247 172
f 172 174 249
f 178 250 179
f 250 251 252
f 178 251 250
f 178 243 251
f 178 170 243
f 243 245 251
f 248 247 253
f 255 253 247
f 255 247 254
f 254 247 249
f 180 249 174
f 180 256 249
f 256 254 249
f 181 256 180
f 257 256 181
f 182 257 181
f 258 257 182
f 258 259 260
f 258 182 259
f 182 183 259
f 179 250 261
f 179 261 183
f 183 261 259
f 250 252 261
f 255 254 262
f 254 256 263
f 262 254 263
f 256 257 264
f 263 256 264
f 257 258 265
f 264 257 265
f 258 260 265
f 268 267 266
f 267 270 269
f 266 267 269
f 270 272 271
f 269 270 271
f 272 273 271
f 276 275 274
f 266 185 186
f 268 266 186
f 268 186 274
f 268 274 275
f 269 185 266
f 188 185 269
f 271 188 269
f 190 188 271
f 273 190 271
f 273 277 190
f 277 192 190
f 278 193 192
f 278 192 279
f 279 192 277
f 279 281 280
f 278 279 280
f 281 282 280
f 285 284 283
f 274 195 196
f 276 274 196
f 276 196 283
f 276 283 284
f 274 186 195
f 278 198 193
f 280 198 278
f 200 198 280
f 200 286 201
f 280 286 200
f 280 287 286
f 280 282 287
f 287 288 286
f 291 290 289
f 283 203 204
f 285 283 204
f 285 204 289
f 285 289 290
f 283 196 203
f 286 206 201
f 206 292 207
f 286 292 206
f 286 293 292
f 286 288 293
f 293 294 292
f 297 296 295
f 289 209 210
f 291 289 210
f 291 210 295
f 291 295 296
f 289 204 209
f 292 212 207
f 212 292 294
f 212 294 213
f 213 294 298
f 300 297 295
f 299 300 295
f 295 215 299
f 210 215 295
f 301 298 302
f 301 217 298
f 217 213 298
f 302 303 301
f 299 219 220
f 299 220 300
f 300 220 304
f 299 215 219
f 305 217 301
f 223 217 305
f 303 306 305
f 301 303 305
f 309 308 307
f 308 225 307
f 308 304 225
f 304 220 225
f 310 223 305
f 227 223 310
f 306 311 310
f 305 306 310
f 309 307 312
f 307 313 312
f 307 225 313
f 225 229 313
f 314 227 310
f 314 315 227
f 315 231 227
f 310 311 314
f 313 229 316
f 316 229 233
f 235 317 236
f 317 235 231
f 317 231 318
f 318 231 315
f 237 319 320
f 237 320 233
f 233 320 316
f 237 238 319
f 321 236 317
f 240 236 321
f 318 322 321
f 317 318 321
f 324 320 319
f 323 324 319
f 319 242 323
f 238 242 319
f 244 325 245
f 325 326 327
f 244 326 325
f 244 321 326
f 244 240 321
f 321 322 326
f 324 323 328
f 330 246 329
f 328 246 330
f 328 242 246
f 328 323 242
f 246 248 329
f 251 331 252
f 331 332 333
f 251 332 331
f 251 325 332
f 251 245 325
f 325 327 332
f 330 329 334
f 336 253 335
f 334 253 336
f 334 248 253
f 334 329 248
f 253 255 335
f 259 337 260
f 261 337 259
f 338 337 261
f 338 339 340
f 261 339 338
f 261 331 339
f 261 252 331
f 331 333 339
f 336 335 341
f 335 255 262
f 335 262 341
f 341 262 342
f 342 262 343
f 262 263 343
f 345 264 344
f 345 343 264
f 343 263 264
f 265 344 264
f 346 344 265
f 346 347 348
f 265 347 346
f 265 337 347
f 265 260 337
f 337 338 349
f 347 337 349
f 338 340 349
f 345 344 350
f 344 346 351
f 350 344 351
f 346 348 351
f 354 353 352
f 268 352 353
f 268 353 267
f 267 353 355
f 355 356 267
f 267 356 270
f 356 357 270
f 270 357 272
f 358 273 272
f 358 272 359
f 359 272 357
f 359 361 360
f 358 359 360
f 361 362 360
f 365 364 363
f 352 275 276
f 354 352 276
f 354 276 363
f 354 363 364
f 352 268 275
f 358 277 273
f 360 277 358
f 279 277 360
f 362 279 360
f 362 366 279
f 366 281 279
f 367 282 281
f 367 281 368
f 368 281 366
f 368 369 367
f 372 371 370
f 363 284 285
f 365 363 285
f 365 285 370
f 365 370 371
f 363 276 284
f 367 287 282
f 287 373 288
f 367 373 287
f 367 374 373
f 367 369 374
f 374 375 373
f 378 377 376
f 370 290 291
f 372 370 291
f 372 291 376
f 372 376 377
f 370 285 290
f 373 293 288
f 293 373 375
f 293 375 294
f 294 375 379
f 376 296 297
f 376 297 378
f 378 297 380
f 376 291 296
f 381 379 382
f 381 298 379
f 298 294 379
f 382 383 381
f 386 385 384
f 385 300 384
f 385 380 300
f 380 297 300
f 381 302 298
f 302 381 383
f 302 383 303
f 303 383 387
f 389 386 384
f 388 389 384
f 384 304 388
f 300 304 384
f 387 390 303
f 390 306 303
f 388 308 309
f 388 309 389
f 389 309 391
f 388 304 308
f 390 392 306
f 392 311 306
f 312 393 394
f 312 394 309
f 309 394 391
f 312 313 393
f 314 395 315
f 395 314 311
f 395 311 396
f 396 311 392
f 398 394 393
f 397 398 393
f 393 316 397
f 313 316 393
f 399 315 395
f 318 315 399
f 396 400 399
f 395 396 399
f 402 398 397
f 401 402 397
f 397 320 401
f 316 320 397
f 403 318 399
f 403 404 318
f 404 322 318
f 399 400 403
f 402 401 405
f 401 406 405
f 401 320 406
f 320 324 406
f 326 407 327
f 407 326 322
f 407 322 408
f 408 322 404
f 328 409 410
f 328 410 324
f 324 410 406
f 328 330 409
f 332 411 333
f 327 411 332
f 327 407 411
f 407 412 411
f 408 413 412
f 407 408 412
f 410 409 414
f 416 334 415
f 414 334 416
f 414 330 334
f 414 409 330
f 334 336 415
f 339 417 340
f 417 418 419
f 339 418 417
f 339 411 418
f 339 333 411
f 411 412 420
f 418 411 420
f 412 413 420
f 416 415 421
f 423 341 422
f 421 341 423
f 421 336 341
f 421 415 336
f 342 422 341
f 424 422 342
f 343 424 342
f 425 424 343
f 343 345 425
f 347 426 348
f 426 427 428
f 426 347 427
f 347 349 427
f 340 417 429
f 340 429 349
f 349 429 427
f 417 419 429
f 423 422 430
f 422 424 431
f 430 422 431
f 424 425 432
f 431 424 432
f 425 345 350
f 425 350 432
f 432 350 433
f 433 350 434
f 350 351 434
f 348 426 435
f 348 435 351
f 351 435 434
f 426 428 435
f 438 437 436
f 354 436 437
f 354 437 353
f 353 437 439
f 439 440 353
f 353 440 355
f 440 441 355
f 355 441 356
f 441 442 356
f 356 442 357
f 442 443 357
f 357 443 359
f 443 444 359
f 359 444 361
f 361 444 445
f 362 361 445
f 448 447 446
f 436 364 365
f 438 436 365
f 438 365 446
f 438 446 447
f 436 354 364
f 445 366 362
f 449 366 445
f 449 450 366
f 366 450 368
f 368 450 451
f 369 368 451
f 454 453 452
f 446 371 372
f 448 446 372
f 448 372 452
f 448 452 453
f 446 365 371
f 451 374 369
f 455 374 451
f 374 455 456
f 375 374 456
f 452 377 378
f 452 378 454
f 454 378 457
f 452 372 377
f 458 456 459
f 458 379 456
f 379 375 456
f 459 460 458
f 463 462 461
f 462 380 461
f 462 457 380
f 457 378 380
f 458 382 379
f 382 458 460
f 382 460 383
f 383 460 464
f 461 385 386
f 461 386 463
f 463 386 465
f 461 380 385
f 464 466 383
f 466 387 383
f 469 468 467
f 468 389 467
f 468 465 389
f 465 386 389
f 470 466 471
f 470 390 466
f 390 387 466
f 471 472 470
f 474 469 467
f 473 474 467
f 467 391 473
f 389 391 467
f 475 390 470
f 392 390 475
f 472 476 475
f 470 472 475
f 474 473 477
f 473 478 477
f 473 391 478
f 391 394 478
f 479 392 475
f 396 392 479
f 476 480 479
f 475 476 479
f 478 394 481
f 481 394 398
f 482 396 479
f 482 483 396
f 483 400 396
f 479 480 482
f 481 398 484
f 484 398 402
f 403 485 404
f 485 403 400
f 485 400 486
f 486 400 483
f 405 487 488
f 405 488 402
f 402 488 484
f 405 406 487
f 489 404 485
f 408 404 489
f 486 490 489
f 485 486 489
f 488 487 491
f 487 492 491
f 487 406 492
f 406 410 492
f 493 408 489
f 493 494 408
f 494 413 408
f 489 490 493
f 414 495 496
f 414 496 410
f 410 496 492
f 414 416 495
f 418 497 419
f 497 498 499
f 497 418 498
f 418 420 498
f 498 420 413
f 494 498 413
f 496 495 500
f 502 421 501
f 500 421 502
f 500 416 421
f 500 495 416
f 421 423 501
f 427 503 428
f 503 504 505
f 503 427 504
f 427 429 504
f 419 497 506
f 419 506 429
f 429 506 504
f 497 499 506
f 502 501 507
f 501 423 430
f 501 430 507
f 507 430 508
f 508 430 509
f 430 431 509
f 511 432 510
f 511 509 432
f 509 431 432
f 433 510 432
f 512 510 433
f 512 513 514
f 512 433 513
f 433 434 513
f 513 434 515
f 434 435 515
f 428 503 516
f 428 516 435
f 435 516 515
f 503 505 516
f 511 510 517
f 510 512 518
f 517 510 518
f 512 514 518
f 521 520 519
f 520 523 522
f 519 520 522
f 523 525 524
f 522 523 524
f 525 527 526
f 524 525 526
f 527 528 526
f 438 530 529
f 437 438 529
f 519 529 521
f 519 439 529
f 439 437 529
f 522 439 519
f 440 439 522
f 524 440 522
f 441 440 524
f 526 441 524
f 442 441 526
f 528 442 526
f 528 531 442
f 531 443 442
f 531 532 443
f 443 532 444
f 533 445 444
f 533 444 534
f 534 444 532
f 534 535 533
f 448 537 536
f 447 448 536
f 536 438 447
f 530 438 536
f 533 449 445
f 535 449 533
f 535 538 449
f 538 450 449
f 450 538 539
f 451 450 539
f 454 541 540
f 453 454 540
f 540 448 453
f 537 448 540
f 539 455 451
f 542 455 539
f 455 542 543
f 456 455 543
f 546 545 544
f 545 457 544
f 545 541 457
f 541 454 457
f 543 459 456
f 547 459 543
f 459 547 548
f 460 459 548
f 544 462 463
f 544 463 546
f 546 463 549
f 544 457 462
f 548 550 460
f 550 464 460
f 553 552 551
f 552 465 551
f 552 549 465
f 549 463 465
f 554 550 555
f 554 466 550
f 466 464 550
f 555 556 554
f 551 468 469
f 551 469 553
f 553 469 557
f 551 465 468
f 554 471 466
f 471 554 556
f 471 556 472
f 472 556 558
f 557 469 559
f 559 469 474
f 558 560 472
f 560 476 472
f 477 561 562
f 477 562 474
f 474 562 559
f 477 478 561
f 560 563 476
f 563 480 476
f 565 562 561
f 564 565 561
f 561 481 564
f 478 481 561
f 482 566 483
f 566 482 480
f 566 480 567
f 567 480 563
f 565 564 568
f 564 569 568
f 564 481 569
f 481 484 569
f 570 483 566
f 570 571 483
f 571 486 483
f 566 567 570
f 569 484 572
f 572 484 488
f 571 573 486
f 573 490 486
f 491 574 575
f 491 575 488
f 488 575 572
f 491 492 574
f 493 576 494
f 576 493 490
f 576 490 577
f 577 490 573
f 575 574 578
f 574 579 578
f 574 492 579
f 492 496 579
f 498 580 499
f 580 581 582
f 498 581 580
f 498 576 581
f 498 494 576
f 576 577 581
f 579 496 500
f 583 579 500
f 500 584 583
f 502 584 500
f 504 585 505
f 585 586 587
f 585 504 586
f 504 506 586
f 499 580 588
f 499 588 506
f 506 588 586
f 580 582 588
f 584 502 507
f 589 584 507
f 591 508 590
f 591 589 508
f 589 507 508
f 509 590 508
f 592 590 509
f 509 511 592
f 513 593 514
f 515 593 513
f 594 593 515
f 594 595 596
f 594 515 595
f 515 516 595
f 505 585 597
f 505 597 516
f 516 597 595
f 585 587 597
f 591 590 598
f 590 592 599
f 598 590 599
f 592 511 517
f 592 517 599
f 599 517 600
f 600 517 601
f 517 518 601
f 514 593 602
f 514 602 518
f 518 602 601
f 593 594 603
f 602 593 603
f 594 596 603
f 606 605 604
f 521 604 605
f 521 605 520
f 520 605 607
f 607 608 520
f 520 608 523
f 608 609 523
f 523 609 525
f 609 610 525
f 525 610 527
f 611 528 527
f 611 527 612
f 612 527 610
f 612 613 611
f 616 615 614
f 604 529 530
f 606 604 530
f 606 530 614
f 606 614 615
f 604 521 529
f 611 531 528
f 613 531 611
f 613 617 531
f 617 532 531
f 617 618 532
f 532 618 534
f 534 618 619
f 535 534 619
f 622 621 620
f 614 536 537
f 616 614 537
f 616 537 620
f 616 620 621
f 614 530 536
f 619 538 535
f 623 538 619
f 624 539 538
f 624 538 625
f 625 538 623
f 625 626 624
f 629 628 627
f 620 540 541
f 622 620 541
f 622 541 627
f 622 627 628
f 620 537 540
f 624 542 539
f 542 630 543
f 624 630 542
f 624 631 630
f 624 626 631
f 631 632 630
f 627 545 546
f 627 546 629
f 629 546 633
f 627 541 545
f 630 547 543
f 547 630 632
f 547 632 548
f 548 632 634
f 637 636 635
f 636 549 635
f 636 633 549
f 633 546 549
f 634 638 548
f 638 550 548
f 635 552 553
f 635 553 637
f 637 553 639
f 635 549 552
f 638 555 550
f 640 555 638
f 555 640 641
f 556 555 641
f 639 553 642
f 642 553 557
f 641 643 556
f 643 558 556
f 642 557 644
f 644 557 559
f 643 645 558
f 645 560 558
f 644 559 646
f 646 559 562
f 645 647 560
f 647 563 560
f 646 562 648
f 648 562 565
f 647 649 563
f 649 567 563
f 568 650 651
f 568 651 565
f 565 651 648
f 568 569 650
f 570 652 571
f 652 570 567
f 652 567 653
f 653 567 649
f 651 650 654
f 650 655 654
f 650 569 655
f 569 572 655
f 656 571 652
f 656 657 571
f 657 573 571
f 652 653 656
f 655 572 658
f 658 572 575
f 657 659 573
f 659 577 573
f 578 660 661
f 578 661 575
f 575 661 658
f 578 579 660
f 582 662 663
f 581 662 582
f 662 581 577
f 659 662 577
f 661 660 664
f 666 583 665
f 664 583 666
f 664 579 583
f 664 660 579
f 583 584 665
f 586 667 587
f 667 668 669
f 667 586 668
f 586 588 668
f 668 588 582
f 663 668 582
f 666 665 670
f 672 589 671
f 670 589 672
f 670 584 589
f 670 665 584
f 589 591 671
f 595 673 596
f 673 674 675
f 673 595 674
f 595 597 674
f 587 667 676
f 587 676 597
f 597 676 674
f 667 669 676
f 672 671 677
f 671 591 598
f 671 598 677
f 677 598 678
f 678 598 679
f 598 599 679
f 679 599 680
f 599 600 680
f 682 601 681
f 682 680 601
f 680 600 601
f 681 683 684
f 681 601 683
f 601 602 683
f 683 602 685
f 602 603 685
f 596 673 686
f 596 686 603
f 603 686 685
f 673 675 686
f 682 681 687
f 681 684 687
f 606 689 688
f 605 606 688
f 688 690 605
f 605 690 607
f 690 691 607
f 607 691 608
f 691 692 608
f 608 692 609
f 692 693 609
f 609 693 610
f 693 694 610
f 610 694 612
f 695 613 612
f 695 612 696
f 696 612 694
f 696 697 695
f 700 699 698
f 616 698 699
f 616 699 615
f 615 699 701
f 701 606 615
f 689 606 701
f 695 617 613
f 697 617 695
f 697 702 617
f 702 618 617
f 618 702 703
f 619 618 703
f 698 621 622
f 698 622 700
f 700 622 704
f 698 616 621
f 703 623 619
f 705 623 703
f 705 706 623
f 623 706 625
f 625 706 707
f 626 625 707
f 629 709 708
f 628 629 708
f 708 622 628
f 704 622 708
f 707 631 626
f 710 631 707
f 631 710 711
f 632 631 711
f 714 713 712
f 713 633 712
f 713 709 633
f 709 629 633
f 711 715 632
f 715 634 632
f 712 636 637
f 712 637 714
f 714 637 716
f 712 633 636
f 717 715 718
f 717 638 715
f 638 634 715
f 718 719 717
f 722 721 720
f 721 639 720
f 721 716 639
f 716 637 639
f 717 640 638
f 640 717 719
f 640 719 641
f 641 719 723
f 725 722 720
f 724 725 720
f 720 642 724
f 639 642 720
f 723 726 641
f 726 643 641
f 728 725 724
f 727 728 724
f 724 644 727
f 642 644 724
f 726 729 643
f 729 645 643
f 731 728 727
f 730 731 727
f 727 646 730
f 644 646 727
f 729 732 645
f 732 647 645
f 734 731 730
f 733 734 730
f 730 648 733
f 646 648 730
f 732 735 647
f 735 649 647
f 734 733 736
f 733 737 736
f 733 648 737
f 648 651 737
f 735 738 649
f 738 653 649
f 654 739 740
f 654 740 651
f 651 740 737
f 654 655 739
f 656 741 657
f 741 656 653
f 741 653 742
f 742 653 738
f 740 739 743
f 739 744 743
f 739 655 744
f 655 658 744
f 745 657 741
f 745 746 657
f 746 659 657
f 741 742 745
f 744 658 747
f 747 658 661
f 662 748 663
f 748 662 659
f 748 659 749
f 749 659 746
f 747 661 664
f 750 747 664
f 664 751 750
f 666 751 664
f 669 752 753
f 668 752 669
f 663 748 754
f 663 754 668
f 668 754 752
f 748 749 754
f 751 666 670
f 755 751 670
f 670 756 755
f 672 756 670
f 674 757 675
f 757 758 759
f 757 674 758
f 674 676 758
f 758 676 669
f 753 758 669
f 756 672 677
f 760 756 677
f 760 677 761
f 677 678 761
f 763 679 762
f 763 761 679
f 761 678 679
f 680 762 679
f 764 762 680
f 680 682 764
f 683 765 684
f 765 766 767
f 765 683 766
f 683 685 766
f 766 685 768
f 685 686 768
f 675 757 769
f 675 769 686
f 686 769 768
f 757 759 769
f 763 762 770
f 762 764 771
f 770 762 771
f 764 682 687
f 764 687 771
f 771 687 772
f 684 765 773
f 684 773 687
f 687 773 772
f 765 767 773
f 776 775 774
f 775 778 777
f 774 775 777
f 778 779 777
f 782 781 780
f 689 780 781
f 689 781 688
f 688 781 783
f 783 784 688
f 688 784 690
f 784 785 690
f 690 785 691
f 774 785 776
f 774 692 785
f 692 691 785
f 777 692 774
f 693 692 777
f 779 693 777
f 779 786 693
f 786 694 693
f 786 787 694
f 694 787 696
f 696 787 788
f 697 696 788
f 700 790 789
f 699 700 789
f 780 789 782
f 780 701 789
f 701 699 789
f 780 689 701
f 788 702 697
f 791 702 788
f 792 703 702
f 792 702 793
f 793 702 791
f 793 794 792
f 797 796 795
f 796 704 795
f 796 790 704
f 790 700 704
f 792 705 703
f 794 705 792
f 794 798 705
f 798 706 705
f 706 798 799
f 707 706 799
f 802 801 800
f 795 708 709
f 797 795 709
f 797 709 800
f 797 800 801
f 795 704 708
f 799 710 707
f 803 710 799
f 710 803 804
f 711 710 804
f 800 713 714
f 800 714 802
f 802 714 805
f 800 709 713
f 806 804 807
f 806 715 804
f 715 711 804
f 807 808 806
f 811 810 809
f 810 716 809
f 810 805 716
f 805 714 716
f 806 718 715
f 718 806 808
f 718 808 719
f 719 808 812
f 809 721 722
f 809 722 811
f 811 722 813
f 809 716 721
f 812 814 719
f 814 723 719
f 813 722 815
f 815 722 725
f 814 816 723
f 816 726 723
f 815 725 817
f 817 725 728
f 816 818 726
f 818 729 726
f 817 728 819
f 819 728 731
f 818 820 729
f 820 732 729
f 819 731 821
f 821 731 734
f 820 822 732
f 822 735 732
f 736 823 824
f 736 824 734
f 734 824 821
f 736 737 823
f 822 825 735
f 825 738 735
f 824 823 826
f 823 827 826
f 823 737 827
f 737 740 827
f 825 828 738
f 828 742 738
f 743 829 830
f 743 830 740
f 740 830 827
f 743 744 829
f 745 831 746
f 831 745 742
f 831 742 832
f 832 742 828
f 830 829 833
f 829 834 833
f 829 744 834
f 744 747 834
f 835 746 831
f 835 836 746
f 836 749 746
f 831 832 835
f 750 837 838
f 750 838 747
f 747 838 834
f 750 751 837
f 752 839 753
f 839 840 841
f 839 752 840
f 752 754 840
f 840 754 749
f 836 840 749
f 838 837 842
f 844 755 843
f 842 755 844
f 842 751 755
f 842 837 751
f 755 756 843
f 759 845 846
f 758 845 759
f 753 839 847
f 753 847 758
f 758 847 845
f 839 841 847
f 844 843 848
f 850 760 849
f 848 760 850
f 848 756 760
f 848 843 756
f 761 849 760
f 851 849 761
f 761 763 851
f 766 852 767
f 768 852 766
f 853 852 768
f 853 854 855
f 853 768 854
f 768 769 854
f 854 769 759
f 846 854 759
f 850 849 856
f 849 851 857
f 856 849 857
f 851 763 770
f 851 770 857
f 857 770 858
f 858 770 859
f 770 771 859
f 859 771 860
f 771 772 860
f 860 772 861
f 772 773 861
f 767 852 862
f 767 862 773
f 773 862 861
f 852 853 863
f 862 852 863
f 853 855 863
f 866 865 864
f 865 868 867
f 864 865 867
f 868 869 867
f 871 866 864
f 870 871 864
f 864 867 870
f 867 872 870
f 869 874 873
f 869 873 867
f 867 873 872
f 874 875 873
f 871 870 876
f 870 872 877
f 876 870 877
f 872 873 878
f 877 872 878
f 873 875 878
f 881 880 879
f 880 883 882
f 879 880 882
f 776 882 883
f 776 883 775
f 775 883 884
f 884 885 775
f 775 885 778
f 778 885 886
f 779 778 886
f 889 888 887
f 782 887 888
f 782 888 781
f 781 888 890
f 890 891 781
f 781 891 783
f 879 891 881
f 879 784 891
f 784 783 891
f 882 784 879
f 785 784 882
f 882 776 785
f 886 786 779
f 892 786 886
f 892 893 786
f 786 893 787
f 894 788 787
f 894 787 895
f 895 787 893
f 895 896 894
f 899 898 897
f 887 789 790
f 889 887 790
f 889 790 897
f 889 897 898
f 887 782 789
f 894 791 788
f 896 791 894
f 896 900 791
f 900 793 791
f 793 900 901
f 794 793 901
f 904 903 902
f 897 796 797
f 899 897 797
f 899 797 902
f 899 902 903
f 897 790 796
f 901 798 794
f 905 798 901
f 906 799 798
f 906 798 907
f 907 798 905
f 907 908 906
f 902 801 802
f 902 802 904
f 904 802 909
f 902 797 801
f 906 803 799
f 803 910 804
f 906 910 803
f 906 911 910
f 906 908 911
f 911 912 910
f 915 914 913
f 914 805 913
f 914 909 805
f 909 802 805
f 910 807 804
f 807 910 912
f 807 912 808
f 808 912 916
f 919 918 917
f 913 810 811
f 915 913 811
f 915 811 917
f 915 917 918
f 913 805 810
f 916 920 808
f 920 812 808
f 922 919 917
f 921 922 917
f 917 813 921
f 811 813 917
f 920 923 812
f 923 814 812
f 925 922 921
f 924 925 921
f 921 815 924
f 813 815 921
f 923 926 814
f 926 816 814
f 928 925 924
f 927 928 924
f 924 817 927
f 815 817 924
f 926 929 816
f 929 818 816
f 931 928 927
f 930 931 927
f 927 819 930
f 817 819 927
f 929 932 818
f 932 820 818
f 931 930 933
f 930 934 933
f 930 819 934
f 819 821 934
f 932 935 820
f 935 822 820
f 934 821 936
f 936 821 824
f 935 937 822
f 937 825 822
f 826 938 939
f 826 939 824
f 824 939 936
f 826 827 938
f 937 940 825
f 940 828 825
f 939 938 941
f 938 942 941
f 938 827 942
f 827 830 942
f 940 943 828
f 943 832 828
f 833 944 945
f 833 945 830
f 830 945 942
f 833 834 944
f 836 946 947
f 835 946 836
f 946 835 832
f 943 946 832
f 945 944 948
f 944 949 948
f 944 834 949
f 834 838 949
f 841 950 951
f 840 950 841
f 950 840 836
f 947 950 836
f 842 952 953
f 842 953 838
f 838 953 949
f 842 844 952
f 845 954 846
f 954 955 956
f 954 845 955
f 845 847 955
f 955 847 841
f 951 955 841
f 953 952 957
f 959 848 958
f 957 848 959
f 957 844 848
f 957 952 844
f 848 850 958
f 854 960 855
f 960 961 962
f 854 961 960
f 854 954 961
f 854 846 954
f 954 956 961
f 959 958 963
f 958 850 856
f 958 856 963
f 963 856 964
f 966 857 965
f 966 964 857
f 964 856 857
f 858 965 857
f 967 965 858
f 859 967 858
f 968 967 859
f 860 968 859
f 969 968 860
f 861 969 860
f 970 969 861
f 970 971 972
f 970 861 971
f 861 862 971
f 971 862 973
f 862 863 973
f 855 960 974
f 855 974 863
f 863 974 973
f 960 962 974
f 966 965 975
f 965 967 976
f 975 965 976
f 967 968 977
f 976 967 977
f 968 969 978
f 977 968 978
f 969 970 979
f 978 969 979
f 970 972 979
f 982 981 980
f 866 980 981
f 866 981 865
f 865 981 983
f 983 984 865
f 865 984 868
f 985 869 868
f 985 868 986
f 986 868 984
f 986 988 987
f 985 986 987
f 988 989 987
f 982 980 990
f 980 991 990
f 980 866 991
f 866 871 991
f 985 874 869
f 992 985 987
f 992 875 985
f 992 993 875
f 875 874 985
f 987 989 992
f 991 871 876
f 994 991 876
f 994 876 995
f 876 877 995
f 995 877 996
f 877 878 996
f 996 878 875
f 993 996 875
f 999 998 997
f 881 997 998
f 881 998 880
f 880 998 1000
f 1000 1001 880
f 880 1001 883
f 1001 1002 883
f 883 1002 884
f 1002 1003 884
f 884 1003 885
f 1004 886 885
f 1004 885 1005
f 1005 885 1003
f 1005 1006 1004
f 1009 1008 1007
f 1008 1011 1010
f 1007 1008 1010
f 889 1010 1011
f 889 1011 888
f 888 1011 1012
f 1012 1013 888
f 888 1013 890
f 997 1013 999
f 997 891 1013
f 891 890 1013
f 997 881 891
f 1004 892 886
f 1006 892 1004
f 1006 1014 892
f 1014 893 892
f 1014 1015 893
f 893 1015 895
f 895 1015 1016
f 896 895 1016
f 1018 1009 1007
f 1017 1018 1007
f 899 1010 898
f 899 1017 1010
f 1017 1007 1010
f 1010 889 898
f 1016 900 896
f 1019 900 1016
f 1020 901 900
f 1020 900 1021
f 1021 900 1019
f 1021 1022 1020
f 1025 1024 1023
f 1017 903 904
f 1018 1017 904
f 1018 904 1023
f 1018 1023 1024
f 1017 899 903
f 1020 905 901
f 1022 905 1020
f 1022 1026 905
f 1026 907 905
f 907 1026 1027
f 908 907 1027
f 1029 1025 1023
f 1028 1029 1023
f 1023 909 1028
f 904 909 1023
f 1027 911 908
f 1030 911 1027
f 911 1030 1031
f 912 911 1031
f 1034 1033 1032
f 1033 1035 1032
f 1038 1037 1036
f 1028 914 915
f 1029 1028 915
f 1029 915 1036
f 1029 1036 1037
f 1028 909 914
f 1031 1039 912
f 1039 916 912
f 1042 1041 1040
f 1041 1034 1032
f 1041 1032 1040
f 1040 1032 1043
f 1035 1045 1044
f 1035 1044 1032
f 1032 1044 1043
f 1045 1047 1046
f 1044 1045 1046
f 1036 918 919
f 1038 1036 919
f 1038 919 1046
f 1038 1046 1047
f 1036 915 918
f 1039 1048 916
f 1048 920 916
f 1050 1042 1040
f 1049 1050 1040
f 1040 1043 1049
f 1043 1051 1049
f 1043 1044 1051
f 1044 1052 1051
f 1044 1046 1052
f 1046 1053 1052
f 1046 922 1053
f 919 922 1046
f 1048 1054 920
f 1054 923 920
f 1056 1050 1049
f 1055 1056 1049
f 1049 1051 1055
f 1051 1057 1055
f 1051 1052 1057
f 1052 1058 1057
f 1052 1053 1058
f 1053 1059 1058
f 1053 925 1059
f 922 925 1053
f 1054 1060 923
f 1060 926 923
f 1062 1056 1055
f 1061 1062 1055
f 1055 1057 1061
f 1057 1063 1061
f 1057 1058 1063
f 1058 1064 1063
f 1065 1066 1064
f 1065 1064 1059
f 1059 1064 1058
f 1059 1067 1065
f 1059 925 1067
f 925 928 1067
f 1060 1068 926
f 1068 929 926
f 1062 1061 1069
f 1061 1063 1070
f 1069 1061 1070
f 1063 1064 1071
f 1070 1063 1071
f 1064 1066 1071
f 1067 928 1072
f 1072 928 931
f 1073 1068 1074
f 1073 932 1068
f 932 929 1068
f 1074 1075 1073
f 933 1076 1077
f 933 1077 931
f 931 1077 1072
f 933 934 1076
f 1078 932 1073
f 1078 1079 932
f 1079 935 932
f 1073 1075 1078
f 1077 1076 1080
f 1076 1081 1080
f 1076 934 1081
f 934 936 1081
f 1079 1082 935
f 1082 937 935
f 1081 936 1083
f 1083 936 939
f 1082 1084 937
f 1084 940 937
f 941 1085 1086
f 941 1086 939
f 939 1086 1083
f 941 942 1085
f 1084 1087 940
f 1087 943 940
f 1086 1085 1088
f 1085 1089 1088
f 1085 942 1089
f 942 945 1089
f 946 1090 947
f 1090 946 943
f 1090 943 1091
f 1091 943 1087
f 1094 1093 1092
f 1093 1095 1092
f 1093 945 1095
f 1093 1089 945
f 945 948 1095
f 948 949 1095
f 950 1096 951
f 1096 1097 1098
f 950 1097 1096
f 950 1090 1097
f 950 947 1090
f 1090 1091 1097
f 1100 1094 1092
f 1099 1100 1092
f 1092 1095 1099
f 1095 1101 1099
f 1095 953 1101
f 949 953 1095
f 955 1102 956
f 1102 1103 1104
f 955 1103 1102
f 955 1096 1103
f 955 951 1096
f 1096 1098 1103
f 1100 1099 1105
f 1107 1105 1099
f 1107 1099 1106
f 1106 1099 1101
f 957 1101 953
f 957 1108 1101
f 1108 1106 1101
f 957 959 1108
f 961 1109 962
f 1109 1110 1111
f 961 1110 1109
f 961 1102 1110
f 961 956 1102
f 1102 1104 1110
f 1107 1106 1112
f 1114 1112 1106
f 1114 1106 1113
f 1113 1106 1108
f 963 1108 959
f 963 1115 1108
f 1115 1113 1108
f 964 1115 963
f 1116 1115 964
f 964 966 1116
f 971 1117 972
f 973 1117 971
f 1118 1117 973
f 1118 1119 1120
f 1118 973 1119
f 973 974 1119
f 962 1109 1121
f 962 1121 974
f 974 1121 1119
f 1109 1111 1121
f 1114 1113 1122
f 1113 1115 1123
f 1122 1113 1123
f 1115 1116 1124
f 1123 1115 1124
f 1116 966 975
f 1116 975 1124
f 1124 975 1125
f 1127 976 1126
f 1127 1125 976
f 1125 975 976
f 977 1126 976
f 1128 1126 977
f 978 1128 977
f 1129 1128 978
f 979 1129 978
f 1130 1129 979
f 1130 1131 1132
f 979 1131 1130
f 979 1117 1131
f 979 972 1117
f 1117 1118 1133
f 1131 1117 1133
f 1118 1120 1133
f 1127 1126 1134
f 1126 1128 1135
f 1134 1126 1135
f 1128 1129 1136
f 1135 1128 1136
f 1129 1130 1137
f 1136 1129 1137
f 1130 1132 1137
f 1140 1139 1138
f 1139 1142 1141
f 1138 1139 1141
f 1142 1144 1143
f 1141 1142 1143
f 1144 1145 1143
f 982 1147 1146
f 981 982 1146
f 1138 1146 1140
f 1138 983 1146
f 983 981 1146
f 1141 983 1138
f 984 983 1141
f 1143 984 1141
f 986 984 1143
f 1145 986 1143
f 1145 1148 986
f 1148 988 986
f 988 1148 1149
f 989 988 1149
f 1147 982 990
f 1150 1147 990
f 990 1151 1150
f 991 1151 990
f 993 1152 1153
f 992 1152 993
f 1152 992 989
f 1149 1152 989
f 1151 991 994
f 1154 1151 994
f 1154 994 1155
f 994 995 1155
f 1155 995 1156
f 995 996 1156
f 1156 996 993
f 1153 1156 993
f 1159 1158 1157
f 1158 1161 1160
f 1157 1158 1160
f 1161 1162 1160
f 1159 1157 1163
f 1157 1160 1164
f 1163 1157 1164
f 1160 1162 1164
f 1167 1166 1165
f 1166 1169 1168
f 1165 1166 1168
f 1169 1170 1168
f 1173 1172 1171
f 1172 1175 1174
f 1171 1172 1174
f 1175 1177 1176
f 1174 1175 1176
f 999 1176 1177
f 999 1177 998
f 998 1177 1178
f 1178 1179 998
f 998 1179 1000
f 1179 1180 1000
f 1000 1180 1001
f 1165 1180 1167
f 1165 1002 1180
f 1002 1001 1180
f 1168 1002 1165
f 1003 1002 1168
f 1170 1003 1168
f 1170 1181 1003
f 1181 1005 1003
f 1182 1006 1005
f 1182 1005 1183
f 1183 1005 1181
f 1183 1184 1182
f 1009 1186 1185
f 1008 1009 1185
f 1171 1185 1173
f 1171 1011 1185
f 1011 1008 1185
f 1174 1011 1171
f 1012 1011 1174
f 1176 1012 1174
f 1013 1012 1176
f 1176 999 1013
f 1182 1014 1006
f 1184 1014 1182
f 1184 1187 1014
f 1187 1015 1014
f 1188 1016 1015
f 1188 1015 1189
f 1189 1015 1187
f 1189 1190 1188
f 1193 1192 1191
f 1192 1018 1191
f 1192 1186 1018
f 1186 1009 1018
f 1188 1019 1016
f 1190 1019 1188
f 1190 1194 1019
f 1194 1021 1019
f 1195 1022 1021
f 1195 1021 1196
f 1196 1021 1194
f 1196 1197 1195
f 1191 1024 1025
f 1191 1025 1193
f 1193 1025 1198
f 1191 1018 1024
f 1195 1026 1022
f 1026 1199 1027
f 1195 1199 1026
f 1195 1200 1199
f 1195 1197 1200
f 1200 1201 1199
f 1198 1025 1202
f 1202 1025 1029
f 1199 1030 1027
f 1030 1199 1201
f 1030 1201 1031
f 1031 1201 1203
f 1033 1034 1204
f 1033 1204 1035
f 1038 1206 1205
f 1037 1038 1205
f 1205 1029 1037
f 1202 1029 1205
f 1207 1203 1208
f 1207 1039 1203
f 1039 1031 1203
f 1208 1209 1207
f 1042 1211 1210
f 1041 1042 1210
f 1034 1212 1204
f 1034 1041 1212
f 1041 1210 1212
f 1214 1213 1045
f 1212 1214 1045
f 1212 1045 1035
f 1212 1035 1204
f 1047 1045 1213
f 1215 1047 1213
f 1215 1038 1047
f 1215 1216 1038
f 1216 1206 1038
f 1217 1039 1207
f 1048 1039 1217
f 1209 1218 1217
f 1207 1209 1217
f 1211 1042 1219
f 1219 1042 1050
f 1214 1220 1213
f 1222 1213 1220
f 1222 1221 1213
f 1221 1215 1213
f 1216 1221 1223
f 1215 1221 1216
f 1224 1048 1217
f 1054 1048 1224
f 1218 1225 1224
f 1217 1218 1224
f 1219 1050 1226
f 1226 1050 1056
f 1228 1221 1222
f 1227 1221 1228
f 1223 1227 1229
f 1221 1227 1223
f 1230 1054 1224
f 1060 1054 1230
f 1225 1231 1230
f 1224 1225 1230
f 1226 1056 1232
f 1232 1056 1062
f 1227 1066 1065
f 1227 1228 1066
f 1228 1233 1066
f 1065 1229 1227
f 1065 1067 1229
f 1067 1234 1229
f 1235 1060 1230
f 1068 1060 1235
f 1231 1236 1235
f 1230 1231 1235
f 1232 1062 1069
f 1237 1232 1069
f 1237 1069 1238
f 1069 1070 1238
f 1238 1070 1239
f 1070 1071 1239
f 1239 1071 1066
f 1233 1239 1066
f 1234 1067 1240
f 1240 1067 1072
f 1235 1074 1068
f 1074 1235 1236
f 1074 1236 1075
f 1075 1236 1241
f 1242 1243 1240
f 1242 1240 1077
f 1077 1240 1072
f 1243 1242 1244
f 1078 1245 1079
f 1245 1078 1075
f 1245 1075 1246
f 1246 1075 1241
f 1242 1077 1080
f 1080 1244 1242
f 1080 1081 1244
f 1081 1247 1244
f 1248 1079 1245
f 1082 1079 1248
f 1246 1249 1248
f 1245 1246 1248
f 1247 1081 1250
f 1250 1081 1083
f 1251 1082 1248
f 1084 1082 1251
f 1249 1252 1251
f 1248 1249 1251
f 1250 1083 1253
f 1253 1083 1086
f 1254 1084 1251
f 1087 1084 1254
f 1252 1255 1254
f 1251 1252 1254
f 1088 1256 1257
f 1088 1257 1086
f 1086 1257 1253
f 1088 1089 1256
f 1258 1087 1254
f 1258 1259 1087
f 1259 1091 1087
f 1254 1255 1258
f 1256 1093 1094
f 1256 1094 1257
f 1257 1094 1260
f 1256 1089 1093
f 1097 1261 1098
f 1261 1097 1091
f 1261 1091 1262
f 1262 1091 1259
f 1260 1094 1263
f 1263 1094 1100
f 1103 1264 1104
f 1264 1265 1266
f 1103 1265 1264
f 1103 1261 1265
f 1103 1098 1261
f 1261 1262 1265
f 1105 1267 1268
f 1105 1268 1100
f 1100 1268 1263
f 1105 1107 1267
f 1110 1269 1111
f 1269 1270 1271
f 1110 1270 1269
f 1110 1264 1270
f 1110 1104 1264
f 1264 1266 1270
f 1268 1267 1272
f 1274 1112 1273
f 1272 1112 1274
f 1272 1107 1112
f 1272 1267 1107
f 1112 1114 1273
f 1119 1275 1120
f 1121 1275 1119
f 1276 1275 1121
f 1111 1276 1121
f 1111 1269 1276
f 1269 1277 1276
f 1271 1278 1277
f 1269 1271 1277
f 1274 1273 1279
f 1273 1114 1122
f 1273 1122 1279
f 1279 1122 1280
f 1280 1122 1281
f 1122 1123 1281
f 1281 1123 1282
f 1123 1124 1282
f 1282 1124 1283
f 1124 1125 1283
f 1125 1284 1283
f 1127 1284 1125
f 1131 1285 1132
f 1133 1285 1131
f 1286 1285 1133
f 1286 1287 1288
f 1133 1287 1286
f 1133 1275 1287
f 1133 1120 1275
f 1275 1276 1289
f 1287 1275 1289
f 1276 1277 1290
f 1289 1276 1290
f 1277 1278 1290
f 1284 1127 1134
f 1291 1284 1134
f 1291 1134 1292
f 1134 1135 1292
f 1292 1135 1293
f 1135 1136 1293
f 1293 1136 1294
f 1136 1137 1294
f 1132 1285 1295
f 1132 1295 1137
f 1137 1295 1294
f 1285 1286 1296
f 1295 1285 1296
f 1286 1288 1296
f 1140 1298 1297
f 1139 1140 1297
f 1297 1299 1139
f 1139 1299 1142
f 1299 1300 1142
f 1142 1300 1144
f 1144 1300 1301
f 1145 1144 1301
f 1147 1303 1302
f 1146 1147 1302
f 1302 1140 1146
f 1298 1140 1302
f 1301 1148 1145
f 1304 1148 1301
f 1148 1304 1305
f 1149 1148 1305
f 1303 1147 1150
f 1306 1303 1150
f 1150 1307 1306
f 1151 1307 1150
f 1153 1308 1309
f 1152 1308 1153
f 1308 1152 1149
f 1305 1308 1149
f 1307 1151 1154
f 1310 1307 1154
f 1310 1154 1311
f 1154 1155 1311
f 1311 1155 1312
f 1155 1156 1312
f 1312 1156 1153
f 1309 1312 1153
f 1159 1314 1313
f 1158 1159 1313
f 1313 1315 1158
f 1158 1315 1161
f 1316 1162 1161
f 1316 1161 1317
f 1317 1161 1315
f 1317 1319 1318
f 1316 1317 1318
f 1319 1321 1320
f 1318 1319 1320
f 1321 1322 1320
f 1314 1159 1163
f 1323 1314 1163
f 1325 1164 1324
f 1325 1323 1164
f 1323 1163 1164
f 1162 1324 1164
f 1162 1316 1324
f 1316 1326 1324
f 1316 1318 1326
f 1318 1327 1326
f 1328 1329 1327
f 1328 1327 1320
f 1320 1327 1318
f 1320 1322 1328
f 1325 1324 1330
f 1324 1326 1331
f 1330 1324 1331
f 1326 1327 1332
f 1331 1326 1332
f 1327 1329 1332
f 1335 1334 1333
f 1167 1333 1334
f 1167 1334 1166
f 1166 1334 1336
f 1336 1337 1166
f 1166 1337 1169
f 1338 1170 1169
f 1338 1169 1339
f 1339 1169 1337
f 1339 1340 1338
f 1172 1173 1341
f 1341 1343 1342
f 1341 1342 1172
f 1172 1342 1175
f 1342 1344 1175
f 1175 1344 1177
f 1344 1345 1177
f 1177 1345 1178
f 1345 1346 1178
f 1178 1346 1179
f 1333 1346 1335
f 1333 1180 1346
f 1180 1179 1346
f 1333 1167 1180
f 1338 1181 1170
f 1340 1181 1338
f 1340 1347 1181
f 1347 1183 1181
f 1348 1184 1183
f 1348 1183 1349
f 1349 1183 1347
f 1349 1350 1348
f 1186 1352 1351
f 1185 1186 1351
f 1173 1353 1341
f 1173 1185 1353
f 1185 1351 1353
f 1341 1353 1343
f 1348 1187 1184
f 1350 1187 1348
f 1350 1354 1187
f 1354 1189 1187
f 1355 1190 1189
f 1355 1189 1356
f 1356 1189 1354
f 1356 1358 1357
f 1355 1356 1357
f 1358 1359 1357
f 1192 1193 1360
f 1360 1186 1192
f 1360 1361 1186
f 1361 1352 1186
f 1355 1194 1190
f 1357 1194 1355
f 1196 1194 1357
f 1196 1362 1197
f 1357 1362 1196
f 1357 1363 1362
f 1357 1359 1363
f 1363 1365 1364
f 1362 1363 1364
f 1365 1366 1364
f 1367 1360 1193
f 1367 1193 1368
f 1368 1193 1198
f 1360 1367 1361
f 1362 1200 1197
f 1200 1369 1201
f 1200 1362 1369
f 1362 1364 1369
f 1366 1370 1369
f 1364 1366 1369
f 1368 1198 1371
f 1371 1198 1202
f 1372 1201 1369
f 1203 1201 1372
f 1370 1373 1372
f 1369 1370 1372
f 1205 1206 1374
f 1374 1202 1205
f 1374 1375 1202
f 1375 1371 1202
f 1372 1208 1203
f 1208 1372 1373
f 1208 1373 1209
f 1209 1373 1376
f 1211 1378 1377
f 1210 1211 1377
f 1377 1379 1210
f 1210 1379 1212
f 1212 1379 1380
f 1214 1212 1380
f 1381 1374 1206
f 1216 1381 1206
f 1375 1381 1382
f 1374 1381 1375
f 1376 1383 1209
f 1383 1218 1209
f 1378 1211 1384
f 1384 1211 1219
f 1220 1386 1385
f 1220 1214 1386
f 1214 1380 1386
f 1220 1385 1222
f 1387 1381 1216
f 1223 1387 1216
f 1382 1387 1388
f 1381 1387 1382
f 1383 1389 1218
f 1389 1225 1218
f 1384 1219 1390
f 1390 1219 1226
f 1386 1391 1385
f 1385 1391 1392
f 1385 1392 1222
f 1222 1392 1228
f 1393 1387 1223
f 1229 1393 1223
f 1388 1393 1394
f 1387 1393 1388
f 1389 1395 1225
f 1395 1231 1225
f 1390 1226 1396
f 1396 1226 1232
f 1399 1397 1398
f 1398 1397 1233
f 1398 1233 1392
f 1392 1233 1228
f 1400 1393 1229
f 1234 1400 1229
f 1394 1400 1401
f 1393 1400 1394
f 1395 1402 1231
f 1402 1236 1231
f 1396 1232 1237
f 1403 1396 1237
f 1405 1238 1404
f 1405 1403 1238
f 1403 1237 1238
f 1404 1399 1406
f 1404 1239 1399
f 1404 1238 1239
f 1239 1397 1399
f 1397 1239 1233
f 1407 1400 1234
f 1240 1407 1234
f 1401 1407 1408
f 1400 1407 1401
f 1402 1409 1236
f 1409 1241 1236
f 1405 1404 1410
f 1404 1406 1410
f 1407 1240 1243
f 1243 1408 1407
f 1243 1244 1408
f 1244 1411 1408
f 1409 1412 1241
f 1412 1246 1241
f 1413 1414 1411
f 1413 1411 1247
f 1247 1411 1244
f 1414 1413 1415
f 1412 1416 1246
f 1416 1249 1246
f 1417 1413 1247
f 1250 1417 1247
f 1415 1417 1418
f 1413 1417 1415
f 1416 1419 1249
f 1419 1252 1249
f 1420 1417 1250
f 1253 1420 1250
f 1418 1420 1421
f 1417 1420 1418
f 1419 1422 1252
f 1422 1255 1252
f 1423 1420 1253
f 1257 1423 1253
f 1421 1423 1424
f 1420 1423 1421
f 1258 1425 1259
f 1425 1258 1255
f 1425 1255 1426
f 1426 1255 1422
f 1427 1423 1257
f 1427 1257 1428
f 1428 1257 1260
f 1423 1427 1424
f 1429 1259 1425
f 1262 1259 1429
f 1426 1430 1429
f 1425 1426 1429
f 1428 1260 1431
f 1431 1260 1263
f 1265 1432 1266
f 1432 1433 1434
f 1265 1433 1432
f 1265 1429 1433
f 1265 1262 1429
f 1429 1430 1433
f 1437 1436 1435
f 1436 1439 1438
f 1435 1436 1438
f 1439 1268 1438
f 1439 1431 1268
f 1431 1263 1268
f 1270 1440 1271
f 1266 1440 1270
f 1266 1432 1440
f 1432 1441 1440
f 1434 1442 1441
f 1432 1434 1441
f 1444 1437 1435
f 1443 1444 1435
f 1435 1438 1443
f 1438 1445 1443
f 1272 1438 1268
f 1272 1446 1438
f 1446 1445 1438
f 1272 1274 1446
f 1449 1447 1448
f 1448 1450 1451
f 1447 1450 1448
f 1451 1450 1452
f 1453 1271 1440
f 1278 1271 1453
f 1454 1455 1453
f 1454 1453 1441
f 1441 1453 1440
f 1441 1442 1454
f 1444 1443 1456
f 1458 1456 1443
f 1458 1443 1457
f 1457 1443 1445
f 1445 1446 1457
f 1446 1459 1457
f 1274 1459 1446
f 1274 1460 1459
f 1274 1279 1460
f 1461 1459 1460
f 1460 1279 1462
f 1279 1280 1462
f 1447 1449 1462
f 1447 1462 1281
f 1281 1462 1280
f 1450 1447 1281
f 1282 1450 1281
f 1452 1450 1282
f 1452 1282 1463
f 1463 1282 1283
f 1464 1283 1284
f 1464 1465 1283
f 1465 1463 1283
f 1465 1466 1467
f 1464 1466 1465
f 1467 1468 1469
f 1466 1468 1467
f 1469 1470 1471
f 1468 1470 1469
f 1471 1470 1472
f 1287 1473 1288
f 1289 1473 1287
f 1474 1473 1289
f 1474 1475 1476
f 1474 1289 1475
f 1289 1290 1475
f 1278 1453 1477
f 1278 1477 1290
f 1290 1477 1475
f 1453 1455 1477
f 1458 1457 1478
f 1457 1459 1479
f 1478 1457 1479
f 1459 1461 1479
f 1464 1284 1291
f 1466 1464 1291
f 1292 1466 1291
f 1468 1466 1292
f 1293 1468 1292
f 1470 1468 1293
f 1294 1470 1293
f 1472 1470 1294
f 1472 1294 1480
f 1480 1294 1295
f 1480 1295 1481
f 1295 1296 1481
f 1288 1473 1482
f 1288 1482 1296
f 1296 1482 1481
f 1473 1474 1483
f 1482 1473 1483
f 1474 1476 1483
f 1298 1485 1484
f 1297 1298 1484
f 1484 1486 1297
f 1297 1486 1299
f 1486 1487 1299
f 1299 1487 1300
f 1300 1487 1488
f 1301 1300 1488
f 1303 1490 1489
f 1302 1303 1489
f 1489 1298 1302
f 1485 1298 1489
f 1488 1304 1301
f 1491 1304 1488
f 1304 1491 1492
f 1305 1304 1492
f 1490 1303 1306
f 1493 1490 1306
f 1494 1306 1307
f 1494 1495 1306
f 1495 1493 1306
f 1495 1494 1496
f 1309 1497 1498
f 1308 1497 1309
f 1497 1308 1305
f 1492 1497 1305
f 1494 1307 1310
f 1496 1494 1310
f 1496 1310 1499
f 1499 1310 1311
f 1499 1311 1500
f 1311 1312 1500
f 1500 1312 1309
f 1498 1500 1309
f 1503 1502 1501
f 1502 1505 1504
f 1501 1502 1504
f 1505 1506 1504
f 1509 1508 1507
f 1501 1313 1314
f 1503 1501 1314
f 1503 1314 1507
f 1503 1507 1508
f 1504 1313 1501
f 1315 1313 1504
f 1506 1315 1504
f 1506 1510 1315
f 1510 1317 1315
f 1510 1511 1317
f 1317 1511 1319
f 1511 1512 1319
f 1319 1512 1321
f 1321 1512 1513
f 1322 1321 1513
f 1509 1507 1514
f 1516 1323 1515
f 1514 1323 1516
f 1514 1314 1323
f 1514 1507 1314
f 1323 1325 1515
f 1329 1517 1518
f 1328 1517 1329
f 1517 1328 1519
f 1517 1519 1521
f 1328 1322 1519
f 1520 1519 1513
f 1322 1513 1519
f 1520 1522 1519
f 1516 1515 1523
f 1515 1325 1330
f 1515 1330 1523
f 1523 1330 1524
f 1524 1330 1525
f 1330 1331 1525
f 1525 1331 1526
f 1331 1332 1526
f 1526 1332 1329
f 1518 1526 1329
f 1521 1519 1527
f 1519 1522 1527
f 1334 1335 1528
f 1528 1530 1529
f 1528 1529 1334
f 1334 1529 1336
f 1529 1531 1336
f 1336 1531 1337
f 1533 1532 1339
f 1533 1339 1531
f 1531 1339 1337
f 1339 1532 1340
f 1342 1343 1534
f 1534 1536 1535
f 1534 1535 1342
f 1342 1535 1344
f 1535 1537 1344
f 1344 1537 1345
f 1537 1538 1345
f 1345 1538 1346
f 1335 1539 1528
f 1335 1346 1539
f 1346 1538 1539
f 1528 1539 1530
f 1533 1540 1532
f 1532 1347 1340
f 1532 1540 1347
f 1540 1541 1347
f 1541 1542 1347
f 1347 1542 1349
f 1543 1350 1349
f 1543 1349 1544
f 1544 1349 1542
f 1544 1546 1545
f 1543 1544 1545
f 1546 1548 1547
f 1545 1546 1547
f 1548 1549 1547
f 1552 1551 1550
f 1551 1554 1553
f 1550 1551 1553
f 1554 1556 1555
f 1553 1554 1555
f 1556 1557 1555
f 1352 1559 1558
f 1351 1352 1558
f 1558 1560 1351
f 1351 1560 1353
f 1343 1561 1534
f 1343 1353 1561
f 1353 1560 1561
f 1534 1561 1536
f 1543 1354 1350
f 1545 1354 1543
f 1356 1354 1545
f 1547 1356 1545
f 1358 1356 1547
f 1358 1562 1359
f 1547 1562 1358
f 1547 1563 1562
f 1547 1549 1563
f 1563 1552 1550
f 1563 1550 1562
f 1562 1550 1564
f 1550 1553 1564
f 1553 1565 1564
f 1553 1555 1565
f 1555 1566 1565
f 1557 1567 1566
f 1555 1557 1566
f 1559 1352 1568
f 1568 1352 1361
f 1562 1363 1359
f 1564 1363 1562
f 1365 1363 1564
f 1365 1569 1366
f 1365 1564 1569
f 1564 1565 1569
f 1570 1571 1569
f 1570 1569 1566
f 1566 1569 1565
f 1566 1567 1570
f 1368 1573 1572
f 1367 1368 1572
f 1572 1361 1367
f 1568 1361 1572
f 1574 1366 1569
f 1370 1366 1574
f 1571 1575 1574
f 1569 1571 1574
f 1573 1368 1576
f 1576 1368 1371
f 1577 1370 1574
f 1373 1370 1577
f 1575 1579 1578
f 1575 1578 1574
f 1574 1578 1577
f 1579 1580 1578
f 1576 1371 1581
f 1581 1371 1375
f 1582 1373 1577
f 1376 1373 1582
f 1577 1578 1582
f 1578 1583 1582
f 1580 1584 1583
f 1578 1580 1583
f 1378 1586 1585
f 1377 1378 1585
f 1588 1587 1379
f 1588 1379 1585
f 1585 1379 1377
f 1379 1587 1380
f 1589 1590 1581
f 1589 1581 1382
f 1382 1581 1375
f 1590 1589 1591
f 1592 1376 1582
f 1383 1376 1592
f 1593 1594 1592
f 1593 1592 1583
f 1583 1592 1582
f 1583 1584 1593
f 1586 1378 1595
f 1595 1378 1384
f 1588 1596 1587
f 1587 1596 1597
f 1587 1597 1380
f 1380 1597 1386
f 1598 1589 1382
f 1388 1598 1382
f 1591 1598 1599
f 1589 1598 1591
f 1600 1383 1592
f 1389 1383 1600
f 1594 1601 1600
f 1592 1594 1600
f 1595 1384 1602
f 1602 1384 1390
f 1391 1604 1603
f 1391 1386 1604
f 1386 1597 1604
f 1391 1603 1392
f 1605 1598 1388
f 1394 1605 1388
f 1599 1605 1606
f 1598 1605 1599
f 1607 1389 1600
f 1395 1389 1607
f 1601 1608 1607
f 1600 1601 1607
f 1602 1390 1609
f 1609 1390 1396
f 1603 1399 1398
f 1603 1604 1399
f 1604 1610 1399
f 1603 1398 1392
f 1611 1605 1394
f 1401 1611 1394
f 1606 1611 1612
f 1605 1611 1606
f 1613 1395 1607
f 1402 1395 1613
f 1608 1614 1613
f 1607 1608 1613
f 1403 1615 1616
f 1403 1616 1396
f 1396 1616 1609
f 1403 1405 1615
f 1610 1617 1399
f 1617 1406 1399
f 1618 1611 1401
f 1408 1618 1401
f 1612 1618 1619
f 1611 1618 1612
f 1620 1402 1613
f 1409 1402 1620
f 1614 1621 1620
f 1613 1614 1620
f 1624 1623 1622
f 1623 1626 1625
f 1622 1623 1625
f 1626 1627 1625
f 1616 1615 1628
f 1615 1405 1410
f 1615 1410 1628
f 1628 1410 1629
f 1629 1410 1406
f 1617 1629 1406
f 1630 1618 1408
f 1411 1630 1408
f 1619 1630 1631
f 1618 1630 1619
f 1632 1409 1620
f 1412 1409 1632
f 1621 1633 1632
f 1620 1621 1632
f 1635 1624 1622
f 1634 1635 1622
f 1622 1625 1634
f 1625 1636 1634
f 1627 1638 1637
f 1627 1637 1625
f 1625 1637 1636
f 1638 1639 1637
f 1630 1411 1414
f 1414 1631 1630
f 1414 1415 1631
f 1415 1640 1631
f 1641 1412 1632
f 1416 1412 1641
f 1633 1642 1641
f 1632 1633 1641
f 1644 1635 1634
f 1643 1644 1634
f 1634 1636 1643
f 1636 1645 1643
f 1646 1647 1645
f 1646 1645 1637
f 1637 1645 1636
f 1637 1639 1646
f 1640 1415 1648
f 1648 1415 1418
f 1649 1416 1641
f 1419 1416 1649
f 1642 1650 1649
f 1641 1642 1649
f 1652 1644 1643
f 1651 1652 1643
f 1653 1654 1651
f 1653 1651 1645
f 1645 1651 1643
f 1645 1647 1653
f 1648 1418 1655
f 1655 1418 1421
f 1656 1419 1649
f 1422 1419 1656
f 1650 1657 1656
f 1649 1650 1656
f 1659 1652 1651
f 1658 1659 1651
f 1654 1660 1658
f 1651 1654 1658
f 1655 1421 1661
f 1661 1421 1424
f 1662 1422 1656
f 1426 1422 1662
f 1657 1663 1662
f 1656 1657 1662
f 1665 1659 1658
f 1664 1665 1658
f 1660 1666 1664
f 1658 1660 1664
f 1427 1428 1667
f 1667 1424 1427
f 1667 1668 1424
f 1668 1661 1424
f 1669 1426 1662
f 1430 1426 1669
f 1663 1670 1669
f 1662 1663 1669
f 1665 1664 1671
f 1664 1666 1671
f 1674 1673 1672
f 1673 1676 1675
f 1672 1673 1675
f 1675 1676 1677
f 1675 1677 1428
f 1675 1428 1431
f 1667 1428 1677
f 1667 1677 1668
f 1433 1678 1434
f 1430 1678 1433
f 1430 1669 1678
f 1669 1679 1678
f 1670 1680 1679
f 1669 1670 1679
f 1672 1436 1437
f 1672 1437 1674
f 1674 1437 1681
f 1675 1436 1672
f 1439 1436 1675
f 1675 1431 1439
f 1682 1434 1678
f 1442 1434 1682
f 1683 1684 1682
f 1683 1682 1679
f 1679 1682 1678
f 1679 1680 1683
f 1681 1437 1685
f 1685 1437 1444
f 1688 1686 1687
f 1449 1687 1686
f 1449 1448 1687
f 1448 1689 1687
f 1689 1448 1690
f 1448 1451 1690
f 1691 1451 1452
f 1691 1692 1451
f 1692 1690 1451
f 1692 1693 1694
f 1691 1693 1692
f 1694 1695 1696
f 1693 1695 1694
f 1696 1697 1698
f 1695 1697 1696
f 1698 1699 1700
f 1697 1699 1698
f 1700 1699 1701
f 1454 1702 1455
f 1702 1703 1704
f 1454 1703 1702
f 1454 1682 1703
f 1454 1442 1682
f 1682 1684 1703
f 1685 1444 1456
f 1705 1685 1456
f 1456 1706 1705
f 1458 1706 1456
f 1709 1707 1708
f 1461 1708 1707
f 1461 1460 1708
f 1460 1710 1708
f 1686 1688 1710
f 1686 1710 1462
f 1462 1710 1460
f 1686 1462 1449
f 1691 1452 1463
f 1693 1691 1463
f 1465 1693 1463
f 1695 1693 1465
f 1467 1695 1465
f 1697 1695 1467
f 1469 1697 1467
f 1699 1697 1469
f 1471 1699 1469
f 1471 1472 1711
f 1699 1471 1711
f 1699 1711 1712
f 1699 1712 1701
f 1712 1713 1714
f 1711 1713 1712
f 1714 1715 1716
f 1713 1715 1714
f 1716 1715 1717
f 1476 1718 1719
f 1475 1718 1476
f 1718 1475 1720
f 1475 1477 1720
f 1455 1702 1721
f 1455 1721 1477
f 1477 1721 1720
f 1702 1704 1721
f 1706 1458 1478
f 1722 1706 1478
f 1707 1709 1722
f 1707 1722 1479
f 1479 1722 1478
f 1707 1479 1461
f 1711 1472 1480
f 1713 1711 1480
f 1481 1713 1480
f 1715 1713 1481
f 1482 1715 1481
f 1717 1715 1482
f 1717 1482 1723
f 1723 1482 1483
f 1723 1483 1476
f 1719 1723 1476
f 1485 1725 1724
f 1484 1485 1724
f 1724 1726 1484
f 1484 1726 1486
f 1728 1727 1487
f 1728 1487 1726
f 1726 1487 1486
f 1487 1727 1488
f 1490 1730 1729
f 1489 1490 1729
f 1729 1485 1489
f 1725 1485 1729
f 1728 1731 1727
f 1733 1732 1491
f 1731 1733 1491
f 1731 1491 1488
f 1731 1488 1727
f 1491 1732 1492
f 1730 1490 1493
f 1734 1730 1493
f 1734 1493 1735
f 1493 1495 1735
f 1495 1736 1735
f 1496 1736 1495
f 1739 1737 1738
f 1732 1498 1497
f 1733 1498 1732
f 1733 1737 1498
f 1733 1738 1737
f 1732 1497 1492
f 1736 1496 1499
f 1740 1736 1499
f 1737 1739 1740
f 1737 1740 1500
f 1500 1740 1499
f 1737 1500 1498
f 1503 1742 1741
f 1502 1503 1741
f 1741 1743 1502
f 1502 1743 1505
f 1744 1506 1505
f 1744 1505 1745
f 1745 1505 1743
f 1745 1747 1746
f 1744 1745 1746
f 1747 1748 1746
f 1509 1750 1749
f 1508 1509 1749
f 1749 1503 1508
f 1742 1503 1749
f 1744 1510 1506
f 1746 1510 1744
f 1511 1510 1746
f 1748 1511 1746
f 1748 1751 1511
f 1751 1512 1511
f 1512 1751 1752
f 1513 1512 1752
f 1750 1509 1514
f 1753 1750 1514
f 1514 1754 1753
f 1516 1754 1514
f 1518 1755 1756
f 1517 1755 1518
f 1513 1752 1757
f 1513 1757 1520
f 1752 1755 1757
f 1521 1757 1517
f 1755 1517 1757
f 1520 1757 1522
f 1754 1516 1523
f 1758 1754 1523
f 1760 1524 1759
f 1760 1758 1524
f 1758 1523 1524
f 1525 1759 1524
f 1761 1759 1525
f 1761 1762 1763
f 1761 1525 1762
f 1525 1526 1762
f 1762 1526 1518
f 1756 1762 1518
f 1757 1521 1527
f 1757 1527 1522
f 1760 1759 1764
f 1759 1761 1765
f 1764 1759 1765
f 1761 1763 1765
f 1768 1767 1766
f 1767 1770 1769
f 1766 1767 1769
f 1770 1771 1769
f 1529 1530 1772
f 1531 1529 1772
f 1773 1531 1772
f 1531 1773 1533
f 1776 1775 1774
f 1775 1768 1766
f 1775 1766 1774
f 1774 1766 1777
f 1766 1769 1777
f 1769 1778 1777
f 1771 1780 1779
f 1771 1779 1769
f 1769 1779 1778
f 1780 1782 1781
f 1779 1780 1781
f 1536 1781 1782
f 1536 1782 1535
f 1784 1783 1782
f 1783 1535 1782
f 1537 1535 1783
f 1785 1537 1783
f 1538 1537 1785
f 1786 1538 1785
f 1786 1788 1787
f 1786 1787 1538
f 1538 1787 1539
f 1530 1789 1772
f 1530 1539 1789
f 1539 1787 1789
f 1772 1790 1773
f 1789 1790 1772
f 1773 1540 1533
f 1773 1790 1540
f 1790 1791 1540
f 1791 1792 1540
f 1540 1792 1541
f 1792 1793 1541
f 1541 1793 1542
f 1793 1794 1542
f 1542 1794 1544
f 1794 1795 1544
f 1544 1795 1546
f 1795 1796 1546
f 1546 1796 1548
f 1797 1549 1548
f 1797 1548 1798
f 1798 1548 1796
f 1552 1797 1798
f 1552 1798 1551
f 1551 1798 1799
f 1799 1800 1551
f 1551 1800 1554
f 1800 1801 1554
f 1554 1801 1556
f 1556 1801 1802
f 1557 1556 1802
f 1805 1804 1803
f 1804 1776 1774
f 1804 1774 1803
f 1803 1774 1806
f 1774 1777 1806
f 1777 1807 1806
f 1559 1778 1558
f 1559 1807 1778
f 1807 1777 1778
f 1779 1558 1778
f 1560 1558 1779
f 1781 1560 1779
f 1561 1560 1781
f 1784 1808 1783
f 1781 1536 1561
f 1783 1809 1785
f 1808 1809 1783
f 1785 1810 1786
f 1809 1810 1785
f 1786 1810 1788
f 1797 1563 1549
f 1797 1552 1563
f 1802 1811 1557
f 1811 1567 1557
f 1805 1803 1812
f 1803 1806 1813
f 1812 1803 1813
f 1815 1813 1806
f 1815 1806 1814
f 1814 1806 1807
f 1807 1568 1814
f 1559 1568 1807
f 1570 1816 1571
f 1816 1570 1567
f 1816 1567 1817
f 1817 1567 1811
f 1814 1572 1573
f 1814 1573 1815
f 1815 1573 1818
f 1814 1568 1572
f 1819 1571 1816
f 1575 1571 1819
f 1817 1820 1819
f 1816 1817 1819
f 1821 1822 1818
f 1821 1818 1576
f 1576 1818 1573
f 1822 1821 1823
f 1819 1579 1575
f 1579 1819 1820
f 1579 1820 1580
f 1580 1820 1824
f 1825 1821 1576
f 1581 1825 1576
f 1823 1825 1826
f 1821 1825 1823
f 1827 1824 1828
f 1827 1584 1824
f 1584 1580 1824
f 1828 1829 1827
f 1586 1831 1830
f 1585 1586 1830
f 1585 1830 1832
f 1588 1585 1832
f 1825 1581 1590
f 1590 1826 1825
f 1590 1591 1826
f 1591 1833 1826
f 1593 1834 1594
f 1584 1834 1593
f 1584 1827 1834
f 1827 1835 1834
f 1829 1836 1835
f 1827 1829 1835
f 1839 1838 1837
f 1838 1595 1837
f 1838 1831 1595
f 1831 1586 1595
f 1596 1841 1840
f 1596 1588 1841
f 1588 1832 1841
f 1596 1840 1597
f 1833 1591 1842
f 1842 1591 1599
f 1843 1594 1834
f 1601 1594 1843
f 1844 1845 1843
f 1844 1843 1835
f 1835 1843 1834
f 1835 1836 1844
f 1847 1839 1837
f 1846 1847 1837
f 1837 1602 1846
f 1595 1602 1837
f 1849 1840 1841
f 1848 1840 1849
f 1840 1848 1604
f 1597 1840 1604
f 1850 1851 1842
f 1850 1842 1606
f 1606 1842 1599
f 1851 1850 1852
f 1853 1601 1843
f 1853 1854 1601
f 1854 1608 1601
f 1843 1845 1853
f 1856 1847 1846
f 1855 1856 1846
f 1846 1609 1855
f 1602 1609 1846
f 1849 1857 1848
f 1848 1857 1858
f 1848 1858 1604
f 1604 1858 1610
f 1859 1850 1606
f 1612 1859 1606
f 1852 1859 1860
f 1850 1859 1852
f 1854 1861 1608
f 1861 1614 1608
f 1856 1855 1862
f 1855 1863 1862
f 1855 1609 1863
f 1609 1616 1863
f 1866 1864 1865
f 1865 1864 1617
f 1865 1617 1858
f 1858 1617 1610
f 1867 1859 1612
f 1619 1867 1612
f 1860 1867 1868
f 1859 1867 1860
f 1861 1869 1614
f 1869 1621 1614
f 1872 1871 1870
f 1871 1873 1870
f 1624 1875 1874
f 1623 1624 1874
f 1874 1876 1623
f 1623 1876 1626
f 1626 1876 1877
f 1627 1626 1877
f 1863 1616 1628
f 1878 1863 1628
f 1864 1866 1878
f 1864 1878 1629
f 1629 1878 1628
f 1864 1629 1617
f 1879 1867 1619
f 1631 1879 1619
f 1868 1879 1880
f 1867 1879 1868
f 1869 1881 1621
f 1881 1633 1621
f 1883 1872 1870
f 1882 1883 1870
f 1873 1885 1884
f 1873 1884 1870
f 1870 1884 1882
f 1885 1635 1884
f 1885 1875 1635
f 1875 1624 1635
f 1638 1887 1886
f 1638 1627 1887
f 1627 1877 1887
f 1638 1886 1639
f 1888 1879 1631
f 1640 1888 1631
f 1880 1888 1889
f 1879 1888 1880
f 1881 1890 1633
f 1890 1642 1633
f 1883 1882 1891
f 1893 1891 1882
f 1893 1882 1892
f 1892 1882 1884
f 1884 1644 1892
f 1635 1644 1884
f 1886 1647 1646
f 1886 1887 1647
f 1887 1894 1647
f 1886 1646 1639
f 1895 1888 1640
f 1648 1895 1640
f 1889 1895 1896
f 1888 1895 1889
f 1890 1897 1642
f 1897 1650 1642
f 1899 1893 1892
f 1898 1899 1892
f 1892 1652 1898
f 1644 1652 1892
f 1654 1900 1901
f 1653 1900 1654
f 1900 1653 1647
f 1894 1900 1647
f 1902 1895 1648
f 1655 1902 1648
f 1896 1902 1903
f 1895 1902 1896
f 1897 1904 1650
f 1904 1657 1650
f 1906 1899 1898
f 1905 1906 1898
f 1898 1659 1905
f 1652 1659 1898
f 1901 1907 1654
f 1907 1660 1654
f 1908 1902 1655
f 1661 1908 1655
f 1903 1908 1909
f 1902 1908 1903
f 1904 1910 1657
f 1910 1663 1657
f 1906 1905 1911
f 1905 1912 1911
f 1905 1659 1912
f 1659 1665 1912
f 1907 1913 1660
f 1913 1666 1660
f 1914 1908 1661
f 1668 1914 1661
f 1909 1915 1916
f 1909 1908 1915
f 1908 1914 1915
f 1916 1915 1917
f 1910 1918 1663
f 1918 1670 1663
f 1912 1665 1671
f 1919 1912 1671
f 1919 1671 1666
f 1913 1919 1666
f 1674 1921 1920
f 1673 1674 1920
f 1920 1922 1673
f 1673 1922 1676
f 1922 1923 1676
f 1676 1923 1677
f 1668 1677 1923
f 1668 1923 1924
f 1668 1924 1914
f 1924 1923 1925
f 1914 1924 1915
f 1915 1924 1926
f 1917 1927 1928
f 1917 1915 1927
f 1915 1926 1927
f 1928 1929 1930
f 1927 1929 1928
f 1930 1929 1931
f 1934 1932 1933
f 1933 1932 1680
f 1933 1680 1918
f 1918 1680 1670
f 1921 1674 1935
f 1935 1674 1681
f 1925 1936 1924
f 1938 1924 1936
f 1938 1937 1924
f 1937 1926 1924
f 1926 1937 1927
f 1927 1937 1939
f 1927 1939 1929
f 1929 1939 1940
f 1931 1941 1942
f 1931 1929 1941
f 1929 1940 1941
f 1942 1943 1944
f 1941 1943 1942
f 1944 1945 1946
f 1943 1945 1944
f 1946 1947 1948
f 1945 1947 1946
f 1948 1949 1950
f 1947 1949 1948
f 1950 1949 1951
f 1954 1952 1953
f 1932 1684 1683
f 1934 1684 1932
f 1934 1952 1684
f 1934 1953 1952
f 1932 1683 1680
f 1935 1681 1955
f 1955 1681 1685
f 1958 1956 1957
f 1937 1688 1687
f 1938 1688 1937
f 1938 1956 1688
f 1938 1957 1956
f 1939 1937 1687
f 1689 1939 1687
f 1940 1939 1689
f 1690 1940 1689
f 1941 1940 1690
f 1692 1941 1690
f 1943 1941 1692
f 1694 1943 1692
f 1945 1943 1694
f 1696 1945 1694
f 1947 1945 1696
f 1698 1947 1696
f 1949 1947 1698
f 1700 1949 1698
f 1700 1701 1959
f 1949 1700 1959
f 1949 1959 1960
f 1949 1960 1951
f 1960 1961 1962
f 1959 1961 1960
f 1962 1963 1964
f 1961 1963 1962
f 1964 1963 1965
f 1952 1704 1703
f 1952 1954 1704
f 1954 1966 1704
f 1952 1703 1684
f 1955 1685 1705
f 1967 1955 1705
f 1705 1968 1967
f 1706 1968 1705
f 1709 1969 1970
f 1708 1969 1709
f 1956 1958 1969
f 1956 1969 1710
f 1710 1969 1708
f 1956 1710 1688
f 1959 1701 1712
f 1961 1959 1712
f 1714 1961 1712
f 1963 1961 1714
f 1716 1963 1714
f 1716 1717 1971
f 1963 1716 1971
f 1963 1971 1972
f 1963 1972 1965
f 1719 1972 1971
f 1719 1718 1972
f 1718 1973 1972
f 1973 1718 1974
f 1718 1720 1974
f 1974 1720 1975
f 1720 1721 1975
f 1975 1721 1704
f 1966 1975 1704
f 1968 1706 1722
f 1976 1968 1722
f 1976 1722 1709
f 1970 1976 1709
f 1971 1717 1723
f 1971 1723 1719
f 1724 1725 1977
f 1726 1724 1977
f 1978 1726 1977
f 1726 1978 1728
f 1730 1980 1979
f 1729 1730 1979
f 1725 1981 1977
f 1725 1729 1981
f 1729 1979 1981
f 1977 1982 1978
f 1981 1982 1977
f 1978 1731 1728
f 1978 1982 1731
f 1982 1983 1731
f 1731 1983 1984
f 1733 1731 1984
f 1734 1985 1986
f 1734 1986 1730
f 1730 1986 1980
f 1735 1985 1734
f 1987 1985 1735
f 1735 1736 1987
f 1739 1988 1989
f 1738 1988 1739
f 1988 1738 1733
f 1984 1988 1733
f 1986 1985 1990
f 1985 1987 1991
f 1990 1985 1991
f 1987 1736 1740
f 1987 1740 1991
f 1991 1740 1992
f 1992 1740 1739
f 1989 1992 1739
f 1742 1994 1993
f 1741 1742 1993
f 1993 1995 1741
f 1741 1995 1743
f 1995 1996 1743
f 1743 1996 1745
f 1996 1997 1745
f 1745 1997 1747
f 1747 1997 1998
f 1748 1747 1998
f 1750 2000 1999
f 1749 1750 1999
f 1999 1742 1749
f 1994 1742 1999
f 1998 1751 1748
f 2001 1751 1998
f 1751 2001 2002
f 1752 1751 2002
f 2000 1750 1753
f 2003 2000 1753
f 1753 2004 2003
f 1754 2004 1753
f 1756 2005 2006
f 1755 2005 1756
f 2005 1755 1752
f 2002 2005 1752
f 2004 1754 1758
f 2007 2004 1758
f 1758 2008 2007
f 1760 2008 1758
f 1763 2009 2010
f 1762 2009 1763
f 2009 1762 1756
f 2006 2009 1756
f 2013 2012 2011
f 2012 2014 2011
f 2008 1760 1764
f 2015 2008 1764
f 2015 1764 2016
f 1764 1765 2016
f 2016 1765 1763
f 2010 2016 1763
f 2019 2018 2017
f 1768 2017 2018
f 1768 2018 1767
f 1767 2018 2020
f 2011 2020 2013
f 2011 1770 2020
f 1770 1767 2020
f 1770 2011 2014
f 1770 2014 1771
f 1771 2014 2021
f 2017 1775 1776
f 2017 1776 2019
f 2019 1776 2022
f 2017 1768 1775
f 2021 1780 1771
f 2023 1780 2021
f 2025 2024 1782
f 2025 1782 2023
f 2023 1782 1780
f 1782 2024 1784
f 1787 1788 2026
f 1789 1787 2026
f 2027 1789 2026
f 1790 1789 2027
f 2028 1790 2027
f 1791 1790 2028
f 2029 1791 2028
f 1792 1791 2029
f 2030 1792 2029
f 1793 1792 2030
f 2031 1793 2030
f 1794 1793 2031
f 2032 1794 2031
f 1795 1794 2032
f 2033 1795 2032
f 1796 1795 2033
f 2034 1796 2033
f 2034 2036 2035
f 2034 2035 1796
f 1796 2035 1798
f 2035 2037 1798
f 1798 2037 1799
f 2037 2038 1799
f 1799 2038 1800
f 2038 2039 1800
f 1800 2039 1801
f 1801 2039 2040
f 1802 1801 2040
f 1805 2042 2041
f 1804 1805 2041
f 2041 1776 1804
f 2022 1776 2041
f 2025 2043 2024
f 2045 2044 1808
f 2043 2045 1808
f 2043 1808 1784
f 2043 1784 2024
f 1809 1808 2044
f 2046 1809 2044
f 1810 1809 2046
f 2047 1810 2046
f 2047 2049 2048
f 1810 2047 2048
f 1810 2048 2026
f 1810 2026 1788
f 2026 2050 2027
f 2048 2050 2026
f 2027 2051 2028
f 2050 2051 2027
f 2028 2052 2029
f 2051 2052 2028
f 2029 2053 2030
f 2052 2053 2029
f 2030 2054 2031
f 2053 2054 2030
f 2031 2055 2032
f 2054 2055 2031
f 2032 2056 2033
f 2055 2056 2032
f 2033 2057 2034
f 2056 2057 2033
f 2034 2057 2036
f 2040 2058 1802
f 2058 1811 1802
f 1812 2059 2060
f 1812 2060 1805
f 1805 2060 2042
f 1813 2059 1812
f 2061 2059 1813
f 2061 1813 1815
f 2064 2062 2063
f 2063 2062 2065
f 2045 2066 2044
f 2044 2067 2046
f 2066 2067 2044
f 2046 2068 2047
f 2067 2068 2046
f 2047 2068 2049
f 2058 2069 1811
f 2069 1817 1811
f 2060 2059 2070
f 2059 2061 2071
f 2070 2059 2071
f 1815 1818 2071
f 1815 2071 2061
f 1818 2072 2071
f 2064 2071 2062
f 2072 2062 2071
f 2065 2072 2073
f 2062 2072 2065
f 2069 2074 1817
f 2074 1820 1817
f 2072 1818 1822
f 1822 2073 2072
f 1822 1823 2073
f 1823 2075 2073
f 2074 2076 1820
f 2076 1824 1820
f 2077 2078 2075
f 2077 2075 1826
f 1826 2075 1823
f 2078 2077 2079
f 1828 2081 2080
f 1828 1824 2081
f 1824 2076 2081
f 1828 2080 1829
f 1831 2083 2082
f 1830 1831 2082
f 1830 2082 2084
f 1832 1830 2084
f 2085 2077 1826
f 1833 2085 1826
f 2079 2085 2086
f 2077 2085 2079
f 2088 2080 2081
f 2087 2080 2088
f 2080 2087 1836
f 1829 2080 1836
f 1839 2090 2089
f 1838 1839 2089
f 2089 1831 1838
f 2083 1831 2089
f 2084 2091 1832
f 2091 1841 1832
f 2092 2085 1833
f 1842 2092 1833
f 2086 2092 2093
f 2085 2092 2086
f 2087 1845 1844
f 2087 2088 1845
f 2088 2094 1845
f 2087 1844 1836
f 2090 1839 2095
f 2095 1839 1847
f 2091 2096 1841
f 2096 1849 1841
f 2092 1842 1851
f 1851 2093 2092
f 1851 1852 2093
f 1852 2097 2093
f 1854 2098 2099
f 1853 2098 1854
f 2098 1853 1845
f 2094 2098 1845
f 2095 1847 2100
f 2100 1847 1856
f 1857 2102 2101
f 1857 1849 2102
f 1849 2096 2102
f 1857 2101 1858
f 2097 1852 2103
f 2103 1852 1860
f 2099 2104 1854
f 2104 1861 1854
f 2100 1856 1862
f 2105 2100 1862
f 1862 2106 2105
f 1863 2106 1862
f 2101 1866 1865
f 2101 2102 1866
f 2102 2107 1866
f 2101 1865 1858
f 2103 1860 2108
f 2108 1860 1868
f 2104 2109 1861
f 2109 1869 1861
f 1871 1872 2110
f 1871 2110 1873
f 1875 2112 2111
f 1874 1875 2111
f 2111 2113 1874
f 1874 2113 1876
f 1876 2113 2114
f 1877 1876 2114
f 2106 1863 1878
f 2115 2106 1878
f 2115 1878 1866
f 2107 2115 1866
f 2108 1868 2116
f 2116 1868 1880
f 2109 2117 1869
f 2117 1881 1869
f 2118 2110 1872
f 1883 2118 1872
f 1873 2110 2118
f 1873 2118 2119
f 1873 2119 1885
f 2120 2119 2118
f 2119 1875 1885
f 2112 1875 2119
f 2114 2121 1877
f 2121 1887 1877
f 2122 2123 2116
f 2122 2116 1889
f 1889 2116 1880
f 2123 2122 2124
f 2117 2125 1881
f 2125 1890 1881
f 2118 1883 1891
f 1891 2120 2118
f 1891 1893 2120
f 1893 2126 2120
f 2121 2127 1887
f 2127 1894 1887
f 2128 2122 1889
f 1896 2128 1889
f 2124 2128 2129
f 2122 2128 2124
f 2125 2130 1890
f 2130 1897 1890
f 2126 1893 2131
f 2131 1893 1899
f 1901 2132 2133
f 1900 2132 1901
f 2132 1900 1894
f 2127 2132 1894
f 2134 2128 1896
f 1903 2134 1896
f 2129 2134 2135
f 2128 2134 2129
f 2138 2136 2137
f 2137 2136 1904
f 2137 1904 2130
f 2130 1904 1897
f 2131 1899 2139
f 2139 1899 1906
f 2133 2140 1901
f 2140 1907 1901
f 2141 2134 1903
f 1909 2141 1903
f 2135 2142 2143
f 2135 2134 2142
f 2134 2141 2142
f 2143 2142 2144
f 2146 2136 2138
f 2145 2136 2146
f 2136 2145 1910
f 1904 2136 1910
f 2139 1906 1911
f 2147 2139 1911
f 1911 2148 2147
f 1912 2148 1911
f 2140 2149 1907
f 2149 1913 1907
f 2141 1909 1916
f 1916 1917 2150
f 1916 2150 2141
f 2141 2150 2142
f 2144 2151 2152
f 2144 2142 2151
f 2142 2150 2151
f 2152 2153 2154
f 2151 2153 2152
f 2154 2153 2155
f 2157 2145 2146
f 2156 2145 2157
f 2145 2156 1918
f 1910 2145 1918
f 2148 1912 1919
f 2158 2148 1919
f 2158 1919 1913
f 2149 2158 1913
f 1920 1921 2159
f 1922 1920 2159
f 2160 1922 2159
f 1923 1922 2160
f 2161 1923 2160
f 1923 2161 1925
f 2150 1917 1928
f 2151 2150 1928
f 1930 2151 1928
f 1930 1931 2162
f 1930 2162 2151
f 2151 2162 2153
f 2155 2163 2164
f 2155 2153 2163
f 2153 2162 2163
f 2164 2165 2166
f 2163 2165 2164
f 2166 2165 2167
f 2156 1934 1933
f 2156 2157 1934
f 2157 2168 1934
f 2156 1933 1918
f 2169 2159 1921
f 1935 2169 1921
f 2159 2169 2160
f 2160 2169 2170
f 2171 2170 2172
f 2171 2161 2170
f 2161 2160 2170
f 2174 2173 1936
f 2171 2174 1936
f 2171 1936 1925
f 2171 1925 2161
f 1936 2173 1938
f 2162 1931 1942
f 2163 2162 1942
f 1944 2163 1942
f 2165 2163 1944
f 1946 2165 1944
f 2167 2165 1946
f 2167 1946 2175
f 2175 1946 1948
f 2175 1948 2176
f 1948 1950 2176
f 2177 1950 1951
f 2177 2178 1950
f 2178 2176 1950
f 2178 2179 2180
f 2177 2179 2178
f 2180 2181 2182
f 2179 2181 2180
f 2182 2181 2183
f 1954 2184 2185
f 1953 2184 1954
f 2184 1953 1934
f 2168 2184 1934
f 2186 2169 1935
f 1955 2186 1935
f 2187 2186 2188
f 2187 2170 2186
f 2170 2169 2186
f 2170 2187 2172
f 2173 1958 1957
f 2173 2174 1958
f 2174 2189 1958
f 2173 1957 1938
f 2177 1951 1960
f 2179 2177 1960
f 1962 2179 1960
f 2181 2179 1962
f 1964 2181 1962
f 1964 1965 2190
f 2181 1964 2190
f 2181 2190 2191
f 2181 2191 2183
f 2191 2192 2193
f 2190 2192 2191
f 2193 2192 2194
f 2185 2195 1954
f 2195 1966 1954
f 2186 1955 1967
f 1967 1968 2196
f 2186 1967 2196
f 2186 2196 2197
f 2186 2197 2188
f 1970 2197 2196
f 1970 1969 2197
f 1969 2198 2197
f 2198 1969 1958
f 2189 2198 1958
f 2190 1965 1972
f 2192 2190 1972
f 1973 2192 1972
f 2194 2192 1973
f 2194 1973 2199
f 2199 1973 1974
f 2199 1974 2200
f 1974 1975 2200
f 2200 1975 1966
f 2195 2200 1966
f 2196 1968 1976
f 2196 1976 1970
f 2203 2202 2201
f 2202 2204 2201
f 1980 2206 2205
f 1979 1980 2205
f 2205 2207 1979
f 1979 2207 1981
f 2201 2207 2203
f 2201 1982 2207
f 1982 1981 2207
f 2204 1982 2201
f 2204 2208 1982
f 2208 1983 1982
f 1983 2208 2209
f 1984 1983 2209
f 2206 1980 2210
f 2210 1980 1986
f 1988 2211 1989
f 2211 1988 1984
f 2211 1984 2212
f 2212 1984 2209
f 2210 1986 1990
f 2213 2210 1990
f 2213 1990 2214
f 1990 1991 2214
f 2214 1991 2215
f 1991 1992 2215
f 1989 2211 2216
f 1989 2216 1992
f 1992 2216 2215
f 2211 2212 2216
f 1993 1994 2217
f 2217 2219 2218
f 2217 2218 1993
f 1993 2218 1995
f 2218 2220 1995
f 1995 2220 1996
f 2220 2221 1996
f 1996 2221 1997
f 1997 2221 2222
f 1998 1997 2222
f 2000 2224 2223
f 1999 2000 2223
f 1994 2225 2217
f 1994 1999 2225
f 1999 2223 2225
f 2217 2225 2219
f 2222 2001 1998
f 2226 2001 2222
f 2001 2226 2227
f 2002 2001 2227
f 2224 2000 2003
f 2228 2224 2003
f 2003 2229 2228
f 2004 2229 2003
f 2006 2230 2231
f 2005 2230 2006
f 2230 2005 2002
f 2227 2230 2002
f 2229 2004 2007
f 2232 2229 2007
f 2007 2233 2232
f 2008 2233 2007
f 2010 2234 2235
f 2009 2234 2010
f 2234 2009 2006
f 2231 2234 2006
f 2013 2237 2236
f 2012 2013 2236
f 2012 2236 2238
f 2014 2012 2238
f 2233 2008 2015
f 2239 2233 2015
f 2239 2015 2240
f 2015 2016 2240
f 2240 2016 2010
f 2235 2240 2010
f 2019 2242 2241
f 2018 2019 2241
f 2241 2243 2018
f 2018 2243 2020
f 2243 2013 2020
f 2237 2013 2243
f 2238 2244 2014
f 2244 2021 2014
f 2247 2246 2245
f 2246 2248 2245
f 2242 2019 2249
f 2249 2019 2022
f 2023 2251 2250
f 2023 2021 2251
f 2021 2244 2251
f 2023 2250 2025
f 2254 2253 2252
f 2036 2252 2253
f 2036 2253 2035
f 2035 2253 2255
f 2255 2256 2035
f 2035 2256 2037
f 2245 2256 2247
f 2245 2038 2256
f 2038 2037 2256
f 2248 2038 2245
f 2248 2257 2038
f 2257 2039 2038
f 2039 2257 2258
f 2040 2039 2258
f 2041 2042 2259
f 2259 2022 2041
f 2259 2260 2022
f 2260 2249 2022
f 2251 2261 2250
f 2263 2262 2043
f 2261 2263 2043
f 2261 2043 2025
f 2261 2025 2250
f 2043 2262 2045
f 2048 2049 2264
f 2050 2048 2264
f 2265 2050 2264
f 2051 2050 2265
f 2266 2051 2265
f 2052 2051 2266
f 2267 2052 2266
f 2053 2052 2267
f 2268 2053 2267
f 2054 2053 2268
f 2269 2054 2268
f 2055 2054 2269
f 2270 2055 2269
f 2270 2272 2271
f 2270 2271 2055
f 2055 2271 2056
f 2252 2271 2254
f 2252 2057 2271
f 2057 2056 2271
f 2252 2036 2057
f 2258 2273 2040
f 2273 2058 2040
f 2274 2259 2042
f 2060 2274 2042
f 2260 2275 2276
f 2260 2259 2275
f 2259 2274 2275
f 2064 2276 2275
f 2064 2063 2276
f 2063 2277 2276
f 2278 2063 2065
f 2278 2279 2063
f 2279 2277 2063
f 2279 2278 2280
f 2263 2281 2262
f 2283 2282 2066
f 2281 2283 2066
f 2281 2066 2045
f 2281 2045 2262
f 2067 2066 2282
f 2284 2067 2282
f 2068 2067 2284
f 2285 2068 2284
f 2285 2287 2286
f 2068 2285 2286
f 2068 2286 2264
f 2068 2264 2049
f 2264 2288 2265
f 2286 2288 2264
f 2265 2289 2266
f 2288 2289 2265
f 2266 2290 2267
f 2289 2290 2266
f 2267 2291 2268
f 2290 2291 2267
f 2268 2292 2269
f 2291 2292 2268
f 2269 2293 2270
f 2292 2293 2269
f 2270 2293 2272
f 2273 2294 2058
f 2294 2069 2058
f 2274 2060 2070
f 2275 2274 2070
f 2071 2275 2070
f 2275 2071 2064
f 2295 2278 2065
f 2073 2295 2065
f 2280 2296 2297
f 2280 2278 2296
f 2278 2295 2296
f 2297 2296 2298
f 2283 2299 2282
f 2282 2300 2284
f 2299 2300 2282
f 2284 2301 2285
f 2300 2301 2284
f 2285 2301 2287
f 2294 2302 2069
f 2302 2074 2069
f 2303 2295 2073
f 2075 2303 2073
f 2295 2303 2296
f 2296 2303 2304
f 2298 2304 2305
f 2296 2304 2298
f 2302 2306 2074
f 2306 2076 2074
f 2303 2075 2078
f 2078 2079 2307
f 2078 2307 2303
f 2303 2307 2304
f 2305 2307 2308
f 2304 2307 2305
f 2311 2309 2310
f 2310 2309 2081
f 2310 2081 2306
f 2306 2081 2076
f 2083 2313 2312
f 2082 2083 2312
f 2082 2312 2314
f 2084 2082 2314
f 2315 2307 2079
f 2086 2315 2079
f 2308 2315 2316
f 2307 2315 2308
f 2319 2317 2318
f 2318 2309 2311
f 2318 2317 2309
f 2317 2320 2309
f 2309 2320 2088
f 2081 2309 2088
f 2090 2322 2321
f 2089 2090 2321
f 2321 2083 2089
f 2313 2083 2321
f 2314 2323 2084
f 2323 2091 2084
f 2324 2315 2086
f 2093 2324 2086
f 2316 2324 2325
f 2315 2324 2316
f 2327 2317 2319
f 2326 2317 2327
f 2317 2326 2320
f 2320 2326 2328
f 2320 2328 2094
f 2088 2320 2094
f 2322 2090 2329
f 2329 2090 2095
f 2323 2330 2091
f 2330 2096 2091
f 2331 2324 2093
f 2097 2331 2093
f 2325 2331 2332
f 2324 2331 2325
f 2334 2326 2327
f 2333 2326 2334
f 2099 2098 2328
f 2099 2328 2333
f 2333 2328 2326
f 2328 2098 2094
f 2329 2095 2335
f 2335 2095 2100
f 2330 2336 2096
f 2336 2102 2096
f 2337 2331 2097
f 2103 2337 2097
f 2332 2337 2338
f 2331 2337 2332
f 2340 2333 2334
f 2339 2333 2340
f 2333 2339 2104
f 2099 2333 2104
f 2335 2100 2105
f 2341 2335 2105
f 2105 2342 2341
f 2106 2342 2105
f 2336 2343 2102
f 2343 2107 2102
f 2344 2337 2103
f 2108 2344 2103
f 2338 2344 2345
f 2337 2344 2338
f 2347 2339 2340
f 2346 2339 2347
f 2339 2346 2109
f 2104 2339 2109
f 2112 2349 2348
f 2111 2112 2348
f 2351 2350 2113
f 2351 2113 2348
f 2348 2113 2111
f 2113 2350 2114
f 2342 2106 2115
f 2352 2342 2115
f 2352 2115 2107
f 2343 2352 2107
f 2353 2344 2108
f 2116 2353 2108
f 2345 2353 2354
f 2344 2353 2345
f 2356 2346 2347
f 2355 2346 2356
f 2346 2355 2117
f 2109 2346 2117
f 2120 2358 2357
f 2119 2120 2357
f 2357 2112 2119
f 2349 2112 2357
f 2351 2359 2350
f 2350 2359 2360
f 2350 2360 2114
f 2114 2360 2121
f 2353 2116 2123
f 2123 2124 2361
f 2353 2123 2361
f 2353 2361 2362
f 2353 2362 2354
f 2362 2361 2363
f 2366 2364 2365
f 2365 2355 2356
f 2365 2364 2355
f 2364 2367 2355
f 2355 2367 2125
f 2117 2355 2125
f 2358 2120 2368
f 2368 2120 2126
f 2360 2369 2121
f 2369 2127 2121
f 2370 2361 2124
f 2129 2370 2124
f 2363 2370 2371
f 2361 2370 2363
f 2373 2364 2366
f 2372 2364 2373
f 2364 2372 2367
f 2367 2372 2374
f 2367 2374 2130
f 2125 2367 2130
f 2368 2126 2375
f 2375 2126 2131
f 2132 2376 2133
f 2376 2132 2127
f 2376 2127 2377
f 2377 2127 2369
f 2378 2370 2129
f 2135 2378 2129
f 2371 2379 2380
f 2371 2370 2379
f 2370 2378 2379
f 2380 2379 2381
f 2383 2372 2373
f 2382 2372 2383
f 2138 2137 2374
f 2138 2374 2382
f 2382 2374 2372
f 2374 2137 2130
f 2375 2131 2384
f 2384 2131 2139
f 2385 2133 2376
f 2140 2133 2385
f 2377 2386 2385
f 2376 2377 2385
f 2378 2135 2143
f 2143 2144 2387
f 2143 2387 2378
f 2378 2387 2379
f 2381 2388 2389
f 2381 2379 2388
f 2379 2387 2388
f 2389 2388 2390
f 2392 2382 2383
f 2391 2382 2392
f 2382 2391 2146
f 2138 2382 2146
f 2147 2393 2394
f 2147 2394 2139
f 2139 2394 2384
f 2147 2148 2393
f 2395 2140 2385
f 2395 2396 2140
f 2396 2149 2140
f 2385 2386 2395
f 2387 2144 2152
f 2388 2387 2152
f 2154 2388 2152
f 2154 2155 2397
f 2388 2154 2397
f 2388 2397 2398
f 2388 2398 2390
f 2398 2397 2399
f 2401 2391 2392
f 2400 2391 2401
f 2391 2400 2157
f 2146 2391 2157
f 2394 2393 2402
f 2393 2148 2158
f 2393 2158 2402
f 2402 2158 2403
f 2403 2158 2149
f 2396 2403 2149
f 2397 2155 2164
f 2399 2397 2164
f 2399 2164 2404
f 2404 2164 2166
f 2405 2166 2167
f 2405 2406 2166
f 2406 2404 2166
f 2406 2407 2408
f 2405 2407 2406
f 2408 2409 2410
f 2407 2409 2408
f 2410 2411 2412
f 2409 2411 2410
f 2412 2413 2414
f 2411 2413 2412
f 2414 2415 2416
f 2413 2415 2414
f 2416 2417 2418
f 2415 2417 2416
f 2418 2417 2419
f 2421 2400 2401
f 2420 2400 2421
f 2400 2420 2168
f 2157 2400 2168
f 2171 2172 2422
f 2171 2422 2174
f 2405 2167 2175
f 2407 2405 2175
f 2176 2407 2175
f 2409 2407 2176
f 2178 2409 2176
f 2411 2409 2178
f 2180 2411 2178
f 2413 2411 2180
f 2182 2413 2180
f 2182 2183 2423
f 2182 2423 2413
f 2413 2423 2415
f 2415 2423 2417
f 2417 2423 2424
f 2419 2424 2425
f 2417 2424 2419
f 2420 2185 2184
f 2420 2421 2185
f 2421 2426 2185
f 2420 2184 2168
f 2187 2188 2427
f 2172 2187 2427
f 2172 2427 2422
f 2422 2427 2428
f 2422 2428 2189
f 2174 2422 2189
f 2423 2183 2191
f 2424 2423 2191
f 2193 2424 2191
f 2193 2425 2424
f 2193 2194 2425
f 2194 2429 2425
f 2426 2430 2185
f 2430 2195 2185
f 2427 2188 2197
f 2428 2427 2197
f 2198 2428 2197
f 2428 2198 2189
f 2429 2194 2199
f 2431 2429 2199
f 2433 2200 2432
f 2433 2431 2200
f 2431 2199 2200
f 2432 2200 2195
f 2432 2195 2434
f 2434 2195 2430
f 2433 2432 2435
f 2432 2434 2435
f 2202 2203 2436
f 2202 2436 2204
f 2205 2206 2437
f 2437 2439 2438
f 2437 2438 2205
f 2205 2438 2207
f 2203 2440 2436
f 2203 2207 2440
f 2207 2438 2440
f 2442 2441 2208
f 2440 2442 2208
f 2440 2208 2204
f 2440 2204 2436
f 2208 2441 2209
f 2443 2437 2206
f 2443 2206 2444
f 2444 2206 2210
f 2437 2443 2439
f 2446 2441 2442
f 2445 2441 2446
f 2441 2445 2212
f 2209 2441 2212
f 2444 2210 2213
f 2447 2444 2213
f 2447 2213 2448
f 2213 2214 2448
f 2450 2215 2449
f 2450 2448 2215
f 2448 2214 2215
f 2449 2446 2451
f 2449 2216 2446
f 2449 2215 2216
f 2216 2445 2446
f 2445 2216 2212
f 2450 2449 2452
f 2449 2451 2452
f 2219 2454 2453
f 2218 2219 2453
f 2453 2455 2218
f 2218 2455 2220
f 2455 2456 2220
f 2220 2456 2221
f 2221 2456 2457
f 2222 2221 2457
f 2223 2224 2458
f 2458 2460 2459
f 2458 2459 2223
f 2223 2459 2225
f 2459 2219 2225
f 2454 2219 2459
f 2457 2226 2222
f 2461 2226 2457
f 2226 2461 2462
f 2227 2226 2462
f 2458 2224 2228
f 2228 2460 2458
f 2228 2229 2460
f 2229 2463 2460
f 2231 2464 2465
f 2230 2464 2231
f 2464 2230 2227
f 2462 2464 2227
f 2232 2466 2467
f 2232 2467 2229
f 2229 2467 2463
f 2232 2233 2466
f 2470 2468 2469
f 2235 2469 2468
f 2235 2234 2469
f 2234 2471 2469
f 2471 2234 2231
f 2465 2471 2231
f 2236 2237 2472
f 2236 2472 2238
f 2467 2466 2473
f 2466 2233 2239
f 2466 2239 2473
f 2473 2239 2474
f 2468 2470 2474
f 2468 2474 2240
f 2240 2474 2239
f 2468 2240 2235
f 2477 2476 2475
f 2476 2479 2478
f 2475 2476 2478
f 2479 2480 2478
f 2241 2242 2481
f 2481 2483 2482
f 2481 2482 2241
f 2241 2482 2243
f 2237 2484 2472
f 2237 2243 2484
f 2243 2482 2484
f 2472 2484 2485
f 2472 2485 2238
f 2238 2485 2244
f 2488 2487 2486
f 2487 2490 2489
f 2486 2487 2489
f 2475 2246 2247
f 2477 2475 2247
f 2477 2247 2489
f 2477 2489 2490
f 2246 2491 2248
f 2246 2475 2491
f 2475 2478 2491
f 2480 2493 2492
f 2480 2492 2478
f 2478 2492 2491
f 2493 2494 2492
f 2495 2481 2242
f 2495 2242 2496
f 2496 2242 2249
f 2481 2495 2483
f 2485 2497 2244
f 2497 2251 2244
f 2254 2499 2498
f 2253 2254 2498
f 2486 2498 2488
f 2486 2255 2498
f 2255 2253 2498
f 2489 2255 2486
f 2256 2255 2489
f 2489 2247 2256
f 2491 2257 2248
f 2257 2500 2258
f 2257 2491 2500
f 2491 2492 2500
f 2494 2501 2500
f 2492 2494 2500
f 2502 2503 2496
f 2502 2496 2260
f 2260 2496 2249
f 2503 2504 2505
f 2502 2504 2503
f 2505 2506 2507
f 2504 2506 2505
f 2507 2506 2508
f 2507 2508 2251
f 2507 2251 2497
f 2251 2508 2261
f 2261 2508 2263
f 2271 2272 2509
f 2509 2254 2271
f 2509 2510 2254
f 2510 2499 2254
f 2511 2258 2500
f 2273 2258 2511
f 2501 2512 2511
f 2500 2501 2511
f 2502 2260 2276
f 2504 2502 2276
f 2277 2504 2276
f 2506 2504 2277
f 2279 2506 2277
f 2279 2280 2513
f 2279 2513 2506
f 2506 2513 2508
f 2281 2263 2508
f 2281 2508 2514
f 2514 2508 2513
f 2281 2514 2283
f 2286 2287 2515
f 2288 2286 2515
f 2516 2288 2515
f 2289 2288 2516
f 2517 2289 2516
f 2290 2289 2517
f 2518 2290 2517
f 2291 2290 2518
f 2519 2291 2518
f 2292 2291 2519
f 2520 2292 2519
f 2293 2292 2520
f 2521 2293 2520
f 2272 2293 2521
f 2272 2521 2509
f 2509 2521 2522
f 2510 2522 2523
f 2509 2522 2510
f 2524 2273 2511
f 2524 2525 2273
f 2525 2294 2273
f 2511 2512 2524
f 2513 2280 2297
f 2297 2298 2526
f 2297 2526 2513
f 2513 2526 2514
f 2299 2283 2514
f 2299 2514 2527
f 2527 2514 2526
f 2300 2299 2527
f 2528 2300 2527
f 2301 2300 2528
f 2529 2301 2528
f 2529 2531 2530
f 2301 2529 2530
f 2301 2530 2515
f 2301 2515 2287
f 2515 2532 2516
f 2530 2532 2515
f 2516 2533 2517
f 2532 2533 2516
f 2517 2534 2518
f 2533 2534 2517
f 2518 2535 2519
f 2534 2535 2518
f 2519 2536 2520
f 2535 2536 2519
f 2520 2537 2521
f 2536 2537 2520
f 2521 2538 2522
f 2537 2538 2521
f 2522 2538 2523
f 2525 2539 2294
f 2539 2302 2294
f 2540 2526 2298
f 2305 2540 2298
f 2526 2540 2527
f 2527 2540 2541
f 2542 2541 2543
f 2542 2528 2541
f 2528 2527 2541
f 2528 2544 2529
f 2542 2544 2528
f 2529 2544 2531
f 2547 2545 2546
f 2546 2548 2549
f 2545 2548 2546
f 2549 2548 2306
f 2549 2306 2539
f 2539 2306 2302
f 2550 2540 2305
f 2308 2550 2305
f 2551 2550 2552
f 2551 2541 2550
f 2541 2540 2550
f 2541 2551 2543
f 2555 2553 2554
f 2554 2545 2547
f 2554 2553 2545
f 2553 2556 2545
f 2311 2310 2548
f 2311 2548 2556
f 2556 2548 2545
f 2548 2310 2306
f 2559 2558 2557
f 2313 2557 2558
f 2313 2558 2312
f 2561 2560 2558
f 2560 2312 2558
f 2312 2560 2314
f 2562 2550 2308
f 2562 2308 2563
f 2563 2308 2316
f 2550 2562 2552
f 2566 2564 2565
f 2565 2553 2555
f 2565 2564 2553
f 2564 2567 2553
f 2319 2318 2556
f 2319 2556 2567
f 2567 2556 2553
f 2556 2318 2311
f 2557 2321 2322
f 2557 2322 2559
f 2559 2322 2568
f 2561 2569 2560
f 2557 2313 2321
f 2560 2569 2570
f 2560 2570 2314
f 2314 2570 2323
f 2563 2316 2571
f 2571 2316 2325
f 2573 2564 2566
f 2572 2564 2573
f 2564 2572 2567
f 2567 2572 2574
f 2567 2574 2327
f 2319 2567 2327
f 2568 2322 2575
f 2575 2322 2329
f 2570 2576 2323
f 2576 2330 2323
f 2571 2325 2577
f 2577 2325 2332
f 2579 2572 2573
f 2578 2572 2579
f 2572 2578 2574
f 2574 2578 2580
f 2574 2580 2334
f 2327 2574 2334
f 2575 2329 2581
f 2581 2329 2335
f 2576 2582 2330
f 2582 2336 2330
f 2577 2332 2583
f 2583 2332 2338
f 2585 2578 2579
f 2584 2578 2585
f 2578 2584 2580
f 2580 2584 2586
f 2580 2586 2340
f 2334 2580 2340
f 2341 2587 2588
f 2341 2588 2335
f 2335 2588 2581
f 2341 2342 2587
f 2582 2589 2336
f 2589 2343 2336
f 2583 2338 2590
f 2590 2338 2345
f 2592 2584 2585
f 2591 2584 2592
f 2584 2591 2586
f 2586 2591 2593
f 2586 2593 2347
f 2340 2586 2347
f 2349 2595 2594
f 2348 2349 2594
f 2348 2594 2596
f 2351 2348 2596
f 2588 2587 2597
f 2587 2342 2352
f 2587 2352 2597
f 2597 2352 2598
f 2598 2352 2343
f 2589 2598 2343
f 2599 2600 2590
f 2599 2590 2354
f 2354 2590 2345
f 2600 2599 2601
f 2603 2591 2592
f 2602 2591 2603
f 2591 2602 2593
f 2593 2602 2604
f 2593 2604 2356
f 2347 2593 2356
f 2358 2606 2605
f 2357 2358 2605
f 2605 2349 2357
f 2595 2349 2605
f 2596 2359 2351
f 2607 2359 2596
f 2359 2607 2608
f 2360 2359 2608
f 2599 2354 2362
f 2362 2601 2599
f 2362 2363 2601
f 2363 2609 2601
f 2611 2602 2603
f 2610 2602 2611
f 2366 2365 2604
f 2366 2604 2610
f 2610 2604 2602
f 2604 2365 2356
f 2606 2358 2612
f 2612 2358 2368
f 2608 2613 2360
f 2613 2369 2360
f 2614 2615 2609
f 2614 2609 2371
f 2371 2609 2363
f 2615 2614 2616
f 2619 2617 2618
f 2618 2610 2611
f 2618 2617 2610
f 2617 2620 2610
f 2610 2620 2373
f 2366 2610 2373
f 2612 2368 2621
f 2621 2368 2375
f 2613 2622 2369
f 2622 2377 2369
f 2614 2371 2380
f 2380 2381 2623
f 2614 2380 2623
f 2614 2623 2624
f 2614 2624 2616
f 2624 2623 2625
f 2627 2617 2619
f 2626 2617 2627
f 2617 2626 2620
f 2620 2626 2628
f 2620 2628 2383
f 2373 2620 2383
f 2621 2375 2629
f 2629 2375 2384
f 2622 2630 2377
f 2630 2386 2377
f 2623 2381 2389
f 2389 2390 2631
f 2623 2389 2631
f 2623 2631 2632
f 2623 2632 2625
f 2632 2631 2633
f 2636 2634 2635
f 2635 2626 2627
f 2635 2634 2626
f 2634 2637 2626
f 2626 2637 2628
f 2628 2637 2638
f 2628 2638 2392
f 2383 2628 2392
f 2629 2384 2639
f 2639 2384 2394
f 2396 2640 2641
f 2395 2640 2396
f 2640 2395 2386
f 2630 2640 2386
f 2631 2390 2398
f 2398 2399 2642
f 2631 2398 2642
f 2631 2642 2643
f 2631 2643 2633
f 2643 2644 2645
f 2642 2644 2643
f 2645 2644 2646
f 2649 2647 2648
f 2648 2650 2651
f 2647 2650 2648
f 2651 2634 2636
f 2651 2650 2634
f 2650 2652 2634
f 2634 2652 2637
f 2637 2652 2653
f 2637 2653 2638
f 2638 2653 2654
f 2638 2654 2401
f 2392 2638 2401
f 2639 2394 2402
f 2655 2639 2402
f 2655 2402 2656
f 2402 2403 2656
f 2656 2403 2396
f 2641 2656 2396
f 2642 2399 2404
f 2644 2642 2404
f 2406 2644 2404
f 2646 2644 2406
f 2646 2406 2657
f 2657 2406 2408
f 2657 2408 2658
f 2408 2410 2658
f 2658 2410 2659
f 2410 2412 2659
f 2647 2649 2659
f 2647 2659 2414
f 2414 2659 2412
f 2650 2647 2414
f 2416 2650 2414
f 2652 2650 2416
f 2418 2652 2416
f 2418 2419 2660
f 2418 2660 2652
f 2652 2660 2653
f 2653 2660 2654
f 2654 2660 2661
f 2654 2661 2421
f 2401 2654 2421
f 2662 2660 2419
f 2425 2662 2419
f 2663 2662 2664
f 2663 2661 2662
f 2661 2660 2662
f 2661 2426 2421
f 2661 2666 2426
f 2661 2663 2666
f 2666 2665 2426
f 2666 2667 2665
f 2668 2662 2425
f 2668 2425 2669
f 2669 2425 2429
f 2662 2668 2664
f 2670 2426 2665
f 2430 2426 2670
f 2667 2671 2670
f 2665 2667 2670
f 2674 2673 2672
f 2673 2675 2672
f 2673 2429 2675
f 2673 2669 2429
f 2429 2431 2675
f 2431 2433 2675
f 2676 2430 2670
f 2434 2430 2676
f 2671 2677 2676
f 2670 2671 2676
f 2674 2672 2678
f 2680 2678 2672
f 2680 2672 2679
f 2679 2672 2675
f 2435 2675 2433
f 2435 2681 2675
f 2681 2679 2675
f 2681 2682 2683
f 2435 2682 2681
f 2435 2676 2682
f 2435 2434 2676
f 2676 2677 2682
f 2680 2679 2684
f 2679 2681 2685
f 2684 2679 2685
f 2681 2683 2685
f 2438 2439 2686
f 2686 2688 2687
f 2686 2687 2438
f 2438 2687 2440
f 2440 2687 2689
f 2442 2440 2689
f 2444 2691 2690
f 2443 2444 2690
f 2439 2692 2686
f 2439 2443 2692
f 2443 2690 2692
f 2686 2692 2688
f 2693 2689 2694
f 2693 2446 2689
f 2446 2442 2689
f 2694 2695 2693
f 2691 2444 2447
f 2696 2691 2447
f 2698 2448 2697
f 2698 2696 2448
f 2696 2447 2448
f 2448 2450 2697
f 2699 2446 2693
f 2699 2700 2446
f 2700 2451 2446
f 2693 2695 2699
f 2698 2697 2701
f 2697 2450 2452
f 2697 2452 2701
f 2701 2452 2702
f 2702 2452 2451
f 2700 2702 2451
f 2454 2704 2703
f 2453 2454 2703
f 2703 2705 2453
f 2453 2705 2455
f 2705 2706 2455
f 2455 2706 2456
f 2456 2706 2707
f 2457 2456 2707
f 2460 2709 2708
f 2459 2460 2708
f 2708 2454 2459
f 2704 2454 2708
f 2707 2461 2457
f 2710 2461 2707
f 2461 2710 2711
f 2462 2461 2711
f 2709 2460 2712
f 2712 2460 2463
f 2465 2713 2714
f 2464 2713 2465
f 2713 2464 2462
f 2711 2713 2462
f 2712 2463 2715
f 2715 2463 2467
f 2470 2716 2717
f 2469 2716 2470
f 2716 2469 2718
f 2469 2471 2718
f 2718 2471 2465
f 2714 2718 2465
f 2721 2720 2719
f 2720 2723 2722
f 2719 2720 2722
f 2723 2724 2722
f 2715 2467 2473
f 2725 2715 2473
f 2725 2473 2726
f 2473 2474 2726
f 2726 2474 2470
f 2717 2726 2470
f 2729 2728 2727
f 2728 2731 2730
f 2727 2728 2730
f 2731 2721 2719
f 2731 2719 2730
f 2730 2719 2732
f 2477 2722 2476
f 2477 2732 2722
f 2732 2719 2722
f 2724 2476 2722
f 2724 2733 2476
f 2733 2479 2476
f 2479 2733 2734
f 2480 2479 2734
f 2482 2483 2735
f 2735 2737 2736
f 2735 2736 2482
f 2482 2736 2484
f 2484 2736 2738
f 2485 2484 2738
f 2740 2729 2727
f 2739 2740 2727
f 2488 2730 2487
f 2488 2739 2730
f 2739 2727 2730
f 2732 2487 2730
f 2490 2487 2732
f 2732 2477 2490
f 2734 2493 2480
f 2741 2493 2734
f 2493 2741 2742
f 2494 2493 2742
f 2495 2496 2743
f 2743 2745 2744
f 2495 2743 2744
f 2495 2744 2735
f 2495 2735 2483
f 2737 2735 2744
f 2747 2748 2746
f 2747 2746 2497
f 2747 2497 2738
f 2738 2497 2485
f 2739 2498 2499
f 2739 2499 2740
f 2740 2499 2749
f 2739 2488 2498
f 2742 2750 2494
f 2750 2501 2494
f 2743 2496 2503
f 2745 2743 2503
f 2745 2503 2751
f 2751 2503 2505
f 2746 2748 2751
f 2746 2751 2507
f 2507 2751 2505
f 2746 2507 2497
f 2749 2499 2752
f 2752 2499 2510
f 2753 2750 2754
f 2753 2512 2750
f 2512 2501 2750
f 2754 2755 2753
f 2752 2510 2756
f 2756 2510 2523
f 2524 2757 2525
f 2757 2758 2759
f 2524 2758 2757
f 2524 2753 2758
f 2524 2512 2753
f 2753 2755 2758
f 2530 2531 2760
f 2760 2762 2761
f 2760 2761 2530
f 2530 2761 2532
f 2764 2763 2533
f 2764 2533 2761
f 2761 2533 2532
f 2534 2533 2763
f 2765 2534 2763
f 2535 2534 2765
f 2766 2535 2765
f 2536 2535 2766
f 2767 2536 2766
f 2537 2536 2767
f 2768 2537 2767
f 2538 2537 2768
f 2769 2538 2768
f 2771 2756 2523
f 2771 2523 2769
f 2771 2769 2770
f 2538 2769 2523
f 2771 2770 2772
f 2775 2773 2774
f 2773 2776 2774
f 2773 2525 2776
f 2773 2539 2525
f 2757 2776 2525
f 2757 2759 2776
f 2542 2543 2777
f 2777 2779 2778
f 2777 2778 2542
f 2542 2778 2544
f 2531 2780 2760
f 2531 2544 2780
f 2544 2778 2780
f 2760 2780 2762
f 2764 2781 2763
f 2763 2782 2765
f 2781 2782 2763
f 2765 2783 2766
f 2782 2783 2765
f 2766 2784 2767
f 2783 2784 2766
f 2767 2785 2768
f 2784 2785 2767
f 2787 2768 2785
f 2787 2786 2768
f 2786 2769 2768
f 2769 2786 2770
f 2770 2786 2788
f 2772 2789 2790
f 2772 2770 2789
f 2770 2788 2789
f 2790 2791 2792
f 2789 2791 2790
f 2547 2792 2791
f 2547 2546 2792
f 2546 2793 2792
f 2773 2775 2793
f 2773 2793 2549
f 2549 2793 2546
f 2773 2549 2539
f 2551 2552 2794
f 2794 2796 2795
f 2551 2794 2795
f 2551 2795 2777
f 2551 2777 2543
f 2777 2795 2779
f 2798 2786 2787
f 2797 2786 2798
f 2786 2797 2788
f 2788 2797 2799
f 2788 2799 2789
f 2789 2799 2800
f 2555 2554 2791
f 2555 2791 2800
f 2800 2791 2789
f 2791 2554 2547
f 2559 2802 2801
f 2558 2559 2801
f 2558 2801 2803
f 2561 2558 2803
f 2562 2563 2804
f 2804 2806 2805
f 2562 2804 2805
f 2562 2805 2794
f 2562 2794 2552
f 2794 2805 2796
f 2798 2807 2797
f 2809 2797 2807
f 2809 2808 2797
f 2808 2799 2797
f 2566 2565 2800
f 2566 2800 2808
f 2808 2800 2799
f 2800 2565 2555
f 2812 2811 2810
f 2811 2568 2810
f 2811 2802 2568
f 2802 2559 2568
f 2803 2569 2561
f 2813 2569 2803
f 2569 2813 2814
f 2570 2569 2814
f 2815 2804 2563
f 2571 2815 2563
f 2806 2815 2816
f 2804 2815 2806
f 2818 2808 2809
f 2817 2808 2818
f 2808 2817 2573
f 2566 2808 2573
f 2820 2812 2810
f 2819 2820 2810
f 2810 2575 2819
f 2568 2575 2810
f 2814 2821 2570
f 2821 2576 2570
f 2822 2815 2571
f 2577 2822 2571
f 2816 2822 2823
f 2815 2822 2816
f 2825 2817 2818
f 2824 2817 2825
f 2817 2824 2579
f 2573 2817 2579
f 2827 2820 2819
f 2826 2827 2819
f 2819 2581 2826
f 2575 2581 2819
f 2821 2828 2576
f 2828 2582 2576
f 2829 2822 2577
f 2583 2829 2577
f 2823 2829 2830
f 2822 2829 2823
f 2832 2824 2825
f 2831 2824 2832
f 2824 2831 2585
f 2579 2824 2585
f 2827 2826 2833
f 2826 2834 2833
f 2826 2581 2834
f 2581 2588 2834
f 2828 2835 2582
f 2835 2589 2582
f 2836 2829 2583
f 2590 2836 2583
f 2830 2836 2837
f 2829 2836 2830
f 2839 2831 2832
f 2838 2831 2839
f 2831 2838 2592
f 2585 2831 2592
f 2842 2841 2840
f 2595 2840 2841
f 2595 2841 2594
f 2594 2841 2843
f 2594 2843 2844
f 2596 2594 2844
f 2834 2588 2597
f 2845 2834 2597
f 2845 2597 2846
f 2597 2598 2846
f 2846 2598 2589
f 2835 2846 2589
f 2836 2590 2600
f 2600 2837 2836
f 2600 2601 2837
f 2601 2847 2837
f 2849 2838 2839
f 2848 2838 2849
f 2838 2848 2603
f 2592 2838 2603
f 2840 2605 2606
f 2840 2606 2842
f 2842 2606 2850
f 2840 2595 2605
f 2844 2607 2596
f 2851 2607 2844
f 2607 2851 2852
f 2608 2607 2852
f 2853 2854 2847
f 2853 2847 2609
f 2609 2847 2601
f 2854 2853 2855
f 2857 2848 2849
f 2856 2848 2857
f 2848 2856 2611
f 2603 2848 2611
f 2860 2859 2858
f 2859 2612 2858
f 2859 2850 2612
f 2850 2606 2612
f 2852 2861 2608
f 2861 2613 2608
f 2853 2609 2615
f 2615 2855 2853
f 2615 2616 2855
f 2616 2862 2855
f 2865 2863 2864
f 2856 2619 2618
f 2857 2619 2856
f 2857 2863 2619
f 2857 2864 2863
f 2856 2618 2611
f 2867 2860 2858
f 2866 2867 2858
f 2858 2621 2866
f 2612 2621 2858
f 2870 2868 2869
f 2869 2868 2622
f 2869 2622 2861
f 2861 2622 2613
f 2862 2616 2624
f 2871 2862 2624
f 2872 2624 2625
f 2872 2873 2624
f 2873 2871 2624
f 2873 2872 2874
f 2877 2875 2876
f 2876 2863 2865
f 2876 2875 2863
f 2875 2878 2863
f 2863 2878 2627
f 2619 2863 2627
f 2867 2866 2879
f 2866 2880 2879
f 2866 2621 2880
f 2621 2629 2880
f 2870 2881 2868
f 2868 2881 2882
f 2868 2882 2622
f 2622 2882 2630
f 2872 2625 2632
f 2632 2633 2883
f 2872 2632 2883
f 2872 2883 2884
f 2872 2884 2874
f 2884 2885 2886
f 2883 2885 2884
f 2886 2885 2887
f 2890 2888 2889
f 2889 2875 2877
f 2889 2888 2875
f 2888 2891 2875
f 2636 2635 2878
f 2636 2878 2891
f 2891 2878 2875
f 2878 2635 2627
f 2892 2893 2880
f 2892 2880 2639
f 2639 2880 2629
f 2893 2892 2894
f 2641 2895 2896
f 2640 2895 2641
f 2895 2640 2630
f 2882 2895 2630
f 2883 2633 2643
f 2885 2883 2643
f 2645 2885 2643
f 2645 2646 2897
f 2885 2645 2897
f 2885 2897 2898
f 2885 2898 2887
f 2898 2899 2900
f 2897 2899 2898
f 2900 2901 2902
f 2899 2901 2900
f 2888 2649 2648
f 2890 2649 2888
f 2890 2901 2649
f 2890 2902 2901
f 2891 2888 2648
f 2651 2891 2648
f 2891 2651 2636
f 2892 2639 2655
f 2894 2892 2655
f 2894 2655 2903
f 2903 2655 2656
f 2903 2656 2641
f 2896 2903 2641
f 2897 2646 2657
f 2899 2897 2657
f 2658 2899 2657
f 2901 2899 2658
f 2659 2901 2658
f 2901 2659 2649
f 2663 2664 2904
f 2904 2906 2905
f 2904 2905 2663
f 2663 2905 2666
f 2666 2905 2907
f 2667 2666 2907
f 2669 2909 2908
f 2668 2669 2908
f 2664 2910 2904
f 2664 2668 2910
f 2668 2908 2910
f 2904 2910 2906
f 2911 2907 2912
f 2911 2671 2907
f 2671 2667 2907
f 2912 2913 2911
f 2673 2674 2914
f 2914 2669 2673
f 2914 2915 2669
f 2915 2909 2669
f 2916 2671 2911
f 2677 2671 2916
f 2913 2917 2916
f 2911 2913 2916
f 2914 2674 2678
f 2678 2680 2918
f 2914 2678 2918
f 2914 2918 2919
f 2914 2919 2915
f 2919 2920 2921
f 2918 2920 2919
f 2923 2921 2920
f 2922 2683 2682
f 2922 2924 2925
f 2682 2924 2922
f 2682 2916 2924
f 2682 2677 2916
f 2916 2917 2924
f 2918 2680 2684
f 2920 2918 2684
f 2685 2920 2684
f 2683 2922 2926
f 2683 2926 2685
f 2923 2920 2926
f 2920 2685 2926
f 2922 2925 2926
f 2929 2928 2927
f 2688 2927 2928
f 2688 2928 2687
f 2687 2928 2930
f 2687 2930 2931
f 2689 2687 2931
f 2934 2933 2932
f 2691 2932 2933
f 2691 2933 2690
f 2690 2933 2935
f 2927 2935 2929
f 2927 2692 2935
f 2692 2690 2935
f 2927 2688 2692
f 2931 2694 2689
f 2936 2694 2931
f 2694 2936 2937
f 2695 2694 2937
f 2934 2932 2938
f 2932 2691 2696
f 2932 2696 2938
f 2938 2696 2939
f 2696 2940 2939
f 2698 2940 2696
f 2699 2941 2700
f 2941 2699 2695
f 2941 2695 2942
f 2942 2695 2937
f 2940 2698 2701
f 2943 2940 2701
f 2943 2701 2944
f 2701 2702 2944
f 2700 2941 2945
f 2700 2945 2702
f 2702 2945 2944
f 2941 2942 2945
f 2704 2947 2946
f 2703 2704 2946
f 2946 2948 2703
f 2703 2948 2705
f 2948 2949 2705
f 2705 2949 2706
f 2706 2949 2950
f 2707 2706 2950
f 2953 2952 2951
f 2709 2951 2952
f 2709 2952 2708
f 2708 2952 2954
f 2954 2704 2708
f 2947 2704 2954
f 2710 2956 2955
f 2710 2707 2956
f 2707 2950 2956
f 2710 2955 2711
f 2958 2953 2951
f 2957 2958 2951
f 2951 2712 2957
f 2709 2712 2951
f 2955 2714 2713
f 2955 2956 2714
f 2956 2959 2714
f 2955 2713 2711
f 2958 2957 2960
f 2957 2961 2960
f 2957 2712 2961
f 2712 2715 2961
f 2717 2962 2963
f 2716 2962 2717
f 2962 2716 2964
f 2716 2718 2964
f 2964 2718 2714
f 2959 2964 2714
f 2967 2966 2965
f 2721 2965 2966
f 2721 2966 2720
f 2969 2968 2966
f 2968 2720 2966
f 2723 2720 2968
f 2970 2723 2968
f 2723 2970 2724
f 2961 2715 2725
f 2971 2961 2725
f 2971 2725 2972
f 2725 2726 2972
f 2972 2726 2717
f 2963 2972 2717
f 2729 2974 2973
f 2728 2729 2973
f 2965 2973 2967
f 2965 2731 2973
f 2731 2728 2973
f 2969 2975 2968
f 2965 2721 2731
f 2977 2968 2975
f 2977 2976 2968
f 2976 2970 2968
f 2733 2724 2970
f 2733 2970 2978
f 2978 2970 2976
f 2733 2978 2734
f 2736 2737 2979
f 2736 2979 2738
f 2974 2729 2980
f 2980 2729 2740
f 2977 2981 2976
f 2976 2982 2978
f 2981 2982 2976
f 2984 2983 2741
f 2982 2984 2741
f 2982 2741 2734
f 2982 2734 2978
f 2741 2983 2742
f 2744 2745 2985
f 2748 2747 2979
f 2748 2979 2985
f 2737 2744 2979
f 2744 2985 2979
f 2979 2747 2738
f 2980 2740 2986
f 2986 2740 2749
f 2984 2987 2983
f 2983 2987 2988
f 2983 2988 2742
f 2742 2988 2750
f 2985 2745 2751
f 2985 2751 2748
f 2986 2749 2989
f 2989 2749 2752
f 2988 2754 2750
f 2990 2754 2988
f 2754 2990 2991
f 2755 2754 2991
f 2992 2993 2989
f 2992 2989 2756
f 2756 2989 2752
f 2993 2992 2994
f 2759 2995 2996
f 2758 2995 2759
f 2995 2758 2755
f 2991 2995 2755
f 2761 2762 2997
f 2761 2997 2764
f 2992 2756 2771
f 2771 2994 2992
f 2771 2772 2994
f 2772 2998 2994
f 2774 2999 2775
f 2999 3000 3001
f 2999 2774 3000
f 2774 2776 3000
f 3000 2776 2759
f 2996 3000 2759
f 2778 2779 3002
f 3002 3004 3003
f 3002 3003 2778
f 2778 3003 2780
f 2762 3005 2997
f 2762 2780 3005
f 2780 3003 3005
f 2997 2781 2764
f 2997 3005 2781
f 3005 3006 2781
f 3006 3007 2781
f 2781 3007 2782
f 3007 3008 2782
f 2782 3008 2783
f 3010 3009 2784
f 3010 2784 3008
f 3008 2784 2783
f 2785 2784 3009
f 3011 2785 3009
f 2785 3011 2787
f 2998 2772 2790
f 3012 2998 2790
f 3012 2790 3013
f 2790 2792 3013
f 3013 2792 3014
f 2792 2793 3014
f 2775 2999 3015
f 2775 3015 2793
f 2793 3015 3014
f 2999 3001 3015
f 2795 2796 3016
f 3016 3018 3017
f 2795 3016 3017
f 2795 3017 3002
f 2795 3002 2779
f 3002 3017 3004
f 3010 3019 3009
f 3021 3009 3019
f 3021 3020 3009
f 3020 3011 3009
f 3011 3020 2798
f 2787 3011 2798
f 2802 3023 3022
f 2801 2802 3022
f 2801 3022 3024
f 2803 2801 3024
f 2805 2806 3025
f 3025 3027 3026
f 2805 3025 3026
f 2805 3026 3016
f 2805 3016 2796
f 3016 3026 3018
f 3029 3020 3021
f 3028 3020 3029
f 2807 2798 3020
f 2807 3020 3030
f 3030 3020 3028
f 2807 3030 2809
f 2812 3032 3031
f 2811 2812 3031
f 3031 2802 2811
f 3023 2802 3031
f 3024 2813 2803
f 3033 2813 3024
f 2813 3033 3034
f 2814 2813 3034
f 3035 3025 2806
f 3035 2806 3036
f 3036 2806 2816
f 3025 3035 3027
f 3029 3037 3028
f 3039 3028 3037
f 3039 3038 3028
f 3038 3030 3028
f 3030 3038 2818
f 2809 3030 2818
f 3032 2812 3040
f 3040 2812 2820
f 3034 3041 2814
f 3041 2821 2814
f 3036 2816 3042
f 3042 2816 2823
f 3044 3038 3039
f 3043 3038 3044
f 3038 3043 2825
f 2818 3038 2825
f 3040 2820 3045
f 3045 2820 2827
f 3041 3046 2821
f 3046 2828 2821
f 3042 2823 3047
f 3047 2823 2830
f 3049 3043 3044
f 3048 3043 3049
f 3043 3048 2832
f 2825 3043 2832
f 3045 2827 2833
f 3050 3045 2833
f 2833 3051 3050
f 2834 3051 2833
f 3054 3052 3053
f 3053 3052 2835
f 3053 2835 3046
f 3046 2835 2828
f 3047 2830 3055
f 3055 2830 2837
f 3057 3048 3049
f 3056 3048 3057
f 3048 3056 2839
f 2832 3048 2839
f 2842 3059 3058
f 2841 2842 3058
f 3058 3060 2841
f 2841 3060 2843
f 2843 3060 3061
f 2844 2843 3061
f 3051 2834 2845
f 3062 3051 2845
f 3052 3054 3062
f 3052 3062 2846
f 2846 3062 2845
f 3052 2846 2835
f 3055 2837 3063
f 3063 2837 2847
f 3065 3056 3057
f 3064 3056 3065
f 3056 3064 2849
f 2839 3056 2849
f 3059 2842 3066
f 3066 2842 2850
f 3061 2851 2844
f 3067 2851 3061
f 2851 3067 3068
f 2852 2851 3068
f 3063 2847 2854
f 3069 3063 2854
f 2854 3070 3069
f 2855 3070 2854
f 3072 3064 3065
f 3071 3064 3072
f 3064 3071 2857
f 2849 3064 2857
f 2860 3074 3073
f 2859 2860 3073
f 3073 2850 2859
f 3066 2850 3073
f 3068 3075 2852
f 3075 2861 2852
f 3076 3077 3070
f 3076 3070 2862
f 2862 3070 2855
f 3077 3076 3078
f 3081 3079 3080
f 3071 2865 2864
f 3072 2865 3071
f 3072 3079 2865
f 3072 3080 3079
f 3071 2864 2857
f 3074 2860 3082
f 3082 2860 2867
f 2870 3083 3084
f 2869 3083 2870
f 3083 2869 2861
f 3075 3083 2861
f 3076 2862 2871
f 3078 3076 2871
f 3078 2871 3085
f 3085 2871 2873
f 3086 2873 2874
f 3086 3087 2873
f 3087 3085 2873
f 3087 3086 3088
f 3091 3089 3090
f 3090 3092 3093
f 3089 3092 3090
f 3079 2877 2876
f 3081 2877 3079
f 3081 3092 2877
f 3081 3093 3092
f 3079 2876 2865
f 3082 2867 2879
f 3094 3082 2879
f 2879 3095 3094
f 2880 3095 2879
f 2881 3097 3096
f 2881 2870 3097
f 2870 3084 3097
f 2881 3096 2882
f 3086 2874 2884
f 3088 3086 2884
f 3088 2884 3098
f 3098 2884 2886
f 3099 2886 2887
f 3099 3100 2886
f 3100 3098 2886
f 3100 3101 3102
f 3099 3101 3100
f 3102 3089 3091
f 3102 3101 3089
f 3101 3103 3089
f 2890 2889 3092
f 2890 3092 3103
f 3103 3092 3089
f 3092 2889 2877
f 3095 2880 2893
f 3104 3095 2893
f 3105 2893 2894
f 3105 3106 2893
f 3106 3104 2893
f 3096 2896 2895
f 3097 2896 3096
f 3097 3105 2896
f 3097 3106 3105
f 3096 2895 2882
f 3099 2887 2898
f 3101 3099 2898
f 2900 3101 2898
f 3103 3101 2900
f 2902 3103 2900
f 3103 2902 2890
f 3105 2894 2903
f 3105 2903 2896
f 2905 2906 3107
f 2905 3107 2907
f 2908 2909 3108
f 2910 2908 3108
f 3109 2910 3108
f 3109 3111 3110
f 2910 3109 3110
f 2910 3110 3107
f 2910 3107 2906
f 3113 3112 2912
f 3110 3113 2912
f 3110 2912 2907
f 3110 2907 3107
f 2912 3112 2913
f 3114 3108 2909
f 2915 3114 2909
f 3108 3114 3109
f 3109 3114 3115
f 3111 3115 3116
f 3109 3115 3111
f 3118 3112 3113
f 3117 3112 3118
f 3112 3117 2917
f 2913 3112 2917
f 3114 2915 2919
f 3115 3114 2919
f 2921 3115 2919
f 2921 2923 3119
f 3115 2921 3119
f 3115 3119 3120
f 3115 3120 3116
f 3117 2925 2924
f 3118 2925 3117
f 3118 3119 2925
f 3118 3120 3119
f 3117 2924 2917
f 3119 2923 2926
f 3119 2926 2925
f 2929 3122 3121
f 2928 2929 3121
f 3121 3123 2928
f 2928 3123 2930
f 2930 3123 3124
f 2931 2930 3124
f 2934 3126 3125
f 2933 2934 3125
f 3125 3127 2933
f 2933 3127 2935
f 3127 2929 2935
f 3122 2929 3127
f 3124 2936 2931
f 3128 2936 3124
f 2936 3128 3129
f 2937 2936 3129
f 3126 2934 2938
f 3130 3126 2938
f 3130 2938 3131
f 2938 2939 3131
f 2939 3132 3131
f 2940 3132 2939
f 3135 3133 3134
f 3134 3133 2942
f 3134 2942 3129
f 3129 2942 2937
f 3132 2940 2943
f 3136 3132 2943
f 3136 2943 3137
f 2943 2944 3137
f 3133 3135 3137
f 3133 3137 2945
f 2945 3137 2944
f 3133 2945 2942
f 2947 3139 3138
f 2946 2947 3138
f 3138 3140 2946
f 2946 3140 2948
f 3140 3141 2948
f 2948 3141 2949
f 2949 3141 3142
f 2950 2949 3142
f 2953 3144 3143
f 2952 2953 3143
f 3143 3145 2952
f 2952 3145 2954
f 3145 2947 2954
f 3139 2947 3145
f 3142 3146 2950
f 3146 2956 2950
f 3144 2953 3147
f 3147 2953 2958
f 3146 3148 2956
f 3148 2959 2956
f 3147 2958 2960
f 3149 3147 2960
f 3150 2960 2961
f 3150 3151 2960
f 3151 3149 2960
f 3151 3150 3152
f 2963 3153 3154
f 2962 3153 2963
f 3153 2962 3155
f 2962 2964 3155
f 3155 2964 2959
f 3148 3155 2959
f 2966 2967 3156
f 2966 3156 2969
f 3150 2961 2971
f 3152 3150 2971
f 3152 2971 3157
f 3157 2971 2972
f 3157 2972 2963
f 3154 3157 2963
f 2973 2974 3158
f 2967 2973 3158
f 2967 3158 3156
f 3156 3158 3159
f 2975 2969 3156
f 2975 3156 3160
f 3160 3156 3159
f 2975 3160 2977
f 3161 3158 2974
f 3161 2974 3162
f 3162 2974 2980
f 3158 3163 3159
f 3161 3163 3158
f 3159 3164 3160
f 3163 3164 3159
f 3166 3165 2981
f 3164 3166 2981
f 3164 2981 2977
f 3164 2977 3160
f 2982 2981 3165
f 3167 2982 3165
f 2982 3167 2984
f 3162 2980 3168
f 3168 2980 2986
f 3166 3169 3165
f 3165 3170 3167
f 3169 3170 3165
f 3172 3171 2987
f 3170 3172 2987
f 3170 2987 2984
f 3170 2984 3167
f 2987 3171 2988
f 3168 2986 3173
f 3173 2986 2989
f 3175 3171 3172
f 3174 3171 3175
f 2990 2988 3171
f 2990 3171 3176
f 3176 3171 3174
f 2990 3176 2991
f 3173 2989 2993
f 3177 3173 2993
f 2993 3178 3177
f 2994 3178 2993
f 3175 3179 3174
f 3179 3180 2996
f 3179 2996 3176
f 3179 3176 3174
f 2995 3176 2996
f 3176 2995 2991
f 3181 3182 3178
f 3181 3178 2998
f 2998 3178 2994
f 3182 3181 3183
f 3001 3184 3185
f 3000 3184 3001
f 3184 3000 2996
f 3180 3184 2996
f 3003 3004 3186
f 3005 3003 3186
f 3187 3005 3186
f 3006 3005 3187
f 3188 3006 3187
f 3007 3006 3188
f 3189 3007 3188
f 3008 3007 3189
f 3190 3008 3189
f 3008 3190 3010
f 3181 2998 3012
f 3183 3181 3012
f 3183 3012 3191
f 3191 3012 3013
f 3191 3013 3192
f 3013 3014 3192
f 3192 3014 3193
f 3014 3015 3193
f 3193 3015 3001
f 3185 3193 3001
f 3018 3195 3194
f 3017 3018 3194
f 3004 3196 3186
f 3004 3017 3196
f 3017 3194 3196
f 3186 3197 3187
f 3196 3197 3186
f 3187 3198 3188
f 3197 3198 3187
f 3188 3199 3189
f 3198 3199 3188
f 3189 3200 3190
f 3199 3200 3189
f 3202 3201 3019
f 3200 3202 3019
f 3200 3019 3010
f 3200 3010 3190
f 3019 3201 3021
f 3023 3204 3203
f 3022 3023 3203
f 3022 3203 3205
f 3024 3022 3205
f 3026 3027 3206
f 3206 3018 3026
f 3206 3207 3018
f 3207 3195 3018
f 3202 3208 3201
f 3201 3208 3209
f 3201 3209 3021
f 3021 3209 3029
f 3032 3211 3210
f 3031 3032 3210
f 3210 3023 3031
f 3204 3023 3210
f 3205 3033 3024
f 3212 3033 3205
f 3033 3212 3213
f 3034 3033 3213
f 3035 3036 3214
f 3214 3216 3215
f 3035 3214 3215
f 3035 3215 3206
f 3035 3206 3027
f 3206 3215 3207
f 3037 3218 3217
f 3037 3029 3218
f 3029 3209 3218
f 3037 3217 3039
f 3211 3032 3219
f 3219 3032 3040
f 3213 3220 3034
f 3220 3041 3034
f 3221 3214 3036
f 3221 3036 3222
f 3222 3036 3042
f 3214 3221 3216
f 3224 3217 3218
f 3223 3217 3224
f 3217 3223 3044
f 3039 3217 3044
f 3219 3040 3225
f 3225 3040 3045
f 3220 3226 3041
f 3226 3046 3041
f 3222 3042 3227
f 3227 3042 3047
f 3224 3228 3223
f 3223 3228 3229
f 3223 3229 3044
f 3044 3229 3049
f 3050 3230 3231
f 3050 3231 3045
f 3045 3231 3225
f 3050 3051 3230
f 3054 3232 3233
f 3053 3232 3054
f 3232 3053 3046
f 3226 3232 3046
f 3227 3047 3234
f 3234 3047 3055
f 3229 3235 3049
f 3235 3057 3049
f 3059 3237 3236
f 3058 3059 3236
f 3236 3238 3058
f 3058 3238 3060
f 3060 3238 3239
f 3061 3060 3239
f 3231 3230 3240
f 3230 3051 3062
f 3230 3062 3240
f 3240 3062 3241
f 3241 3062 3054
f 3233 3241 3054
f 3234 3055 3242
f 3242 3055 3063
f 3245 3243 3244
f 3244 3243 3065
f 3244 3065 3235
f 3235 3065 3057
f 3237 3059 3246
f 3246 3059 3066
f 3239 3067 3061
f 3247 3067 3239
f 3067 3247 3248
f 3068 3067 3248
f 3242 3063 3069
f 3249 3242 3069
f 3069 3250 3249
f 3070 3250 3069
f 3253 3251 3252
f 3252 3243 3245
f 3252 3251 3243
f 3251 3254 3243
f 3243 3254 3072
f 3065 3243 3072
f 3074 3256 3255
f 3073 3074 3255
f 3255 3066 3073
f 3246 3066 3255
f 3248 3257 3068
f 3257 3075 3068
f 3250 3070 3077
f 3258 3250 3077
f 3077 3259 3258
f 3078 3259 3077
f 3262 3260 3261
f 3261 3251 3253
f 3261 3260 3251
f 3260 3263 3251
f 3081 3080 3254
f 3081 3254 3263
f 3263 3254 3251
f 3254 3080 3072
f 3256 3074 3264
f 3264 3074 3082
f 3084 3265 3266
f 3083 3265 3084
f 3265 3083 3075
f 3257 3265 3075
f 3259 3078 3085
f 3267 3259 3085
f 3267 3085 3268
f 3085 3087 3268
f 3087 3269 3268
f 3088 3269 3087
f 3272 3270 3271
f 3260 3091 3090
f 3262 3091 3260
f 3262 3270 3091
f 3262 3271 3270
f 3263 3260 3090
f 3093 3263 3090
f 3263 3093 3081
f 3264 3082 3094
f 3273 3264 3094
f 3094 3274 3273
f 3095 3274 3094
f 3266 3275 3084
f 3275 3097 3084
f 3269 3088 3098
f 3276 3269 3098
f 3276 3098 3277
f 3098 3100 3277
f 3270 3272 3277
f 3270 3277 3102
f 3102 3277 3100
f 3270 3102 3091
f 3274 3095 3104
f 3278 3274 3104
f 3278 3104 3279
f 3104 3106 3279
f 3279 3106 3097
f 3275 3279 3097
f 3110 3111 3280
f 3110 3280 3113
f 3281 3280 3111
f 3116 3281 3111
f 3280 3281 3118
f 3113 3280 3118
f 3281 3116 3120
f 3281 3120 3118
f 3122 3283 3282
f 3121 3122 3282
f 3285 3284 3123
f 3285 3123 3282
f 3282 3123 3121
f 3123 3284 3124
f 3126 3287 3286
f 3125 3126 3286
f 3286 3288 3125
f 3125 3288 3127
f 3288 3122 3127
f 3283 3122 3288
f 3285 3289 3284
f 3291 3290 3128
f 3289 3291 3128
f 3289 3128 3124
f 3289 3124 3284
f 3128 3290 3129
f 3287 3126 3130
f 3292 3287 3130
f 3292 3130 3293
f 3130 3131 3293
f 3131 3294 3293
f 3132 3294 3131
f 3290 3135 3134
f 3290 3291 3135
f 3291 3295 3135
f 3290 3134 3129
f 3294 3132 3136
f 3296 3294 3136
f 3296 3136 3297
f 3136 3137 3297
f 3297 3137 3135
f 3295 3297 3135
f 3300 3299 3298
f 3139 3298 3299
f 3139 3299 3138
f 3138 3299 3301
f 3301 3302 3138
f 3138 3302 3140
f 3304 3303 3141
f 3304 3141 3302
f 3302 3141 3140
f 3141 3303 3142
f 3307 3306 3305
f 3144 3305 3306
f 3144 3306 3143
f 3143 3306 3308
f 3298 3308 3300
f 3298 3145 3308
f 3145 3143 3308
f 3298 3139 3145
f 3304 3309 3303
f 3303 3309 3310
f 3303 3310 3142
f 3142 3310 3146
f 3307 3305 3311
f 3305 3312 3311
f 3305 3144 3312
f 3144 3147 3312
f 3310 3313 3146
f 3313 3148 3146
f 3312 3147 3149
f 3314 3312 3149
f 3314 3149 3315
f 3149 3151 3315
f 3316 3151 3152
f 3316 3317 3151
f 3317 3315 3151
f 3154 3317 3316
f 3154 3153 3317
f 3153 3318 3317
f 3318 3153 3319
f 3153 3155 3319
f 3319 3155 3148
f 3313 3319 3148
f 3316 3152 3157
f 3316 3157 3154
f 3161 3162 3320
f 3163 3161 3320
f 3321 3163 3320
f 3164 3163 3321
f 3322 3164 3321
f 3164 3322 3166
f 3323 3320 3162
f 3168 3323 3162
f 3324 3323 3325
f 3324 3321 3323
f 3321 3320 3323
f 3321 3326 3322
f 3324 3326 3321
f 3328 3327 3169
f 3326 3328 3169
f 3326 3169 3166
f 3326 3166 3322
f 3170 3169 3327
f 3329 3170 3327
f 3170 3329 3172
f 3330 3323 3168
f 3173 3330 3168
f 3325 3330 3331
f 3323 3330 3325
f 3328 3332 3327
f 3334 3327 3332
f 3334 3333 3327
f 3333 3329 3327
f 3329 3333 3175
f 3172 3329 3175
f 3330 3173 3177
f 3177 3331 3330
f 3177 3178 3331
f 3178 3335 3331
f 3334 3336 3333
f 3338 3337 3179
f 3336 3338 3179
f 3336 3179 3175
f 3336 3175 3333
f 3179 3337 3180
f 3335 3178 3182
f 3339 3335 3182
f 3182 3340 3339
f 3183 3340 3182
f 3337 3185 3184
f 3337 3338 3185
f 3338 3341 3185
f 3337 3184 3180
f 3340 3183 3191
f 3342 3340 3191
f 3342 3191 3343
f 3191 3192 3343
f 3343 3192 3344
f 3192 3193 3344
f 3344 3193 3185
f 3341 3344 3185
f 3194 3195 3345
f 3345 3347 3346
f 3345 3346 3194
f 3194 3346 3196
f 3346 3348 3196
f 3196 3348 3197
f 3348 3349 3197
f 3197 3349 3198
f 3349 3350 3198
f 3198 3350 3199
f 3352 3351 3200
f 3352 3200 3350
f 3350 3200 3199
f 3200 3351 3202
f 3204 3354 3353
f 3203 3204 3353
f 3203 3353 3355
f 3205 3203 3355
f 3356 3345 3195
f 3356 3195 3357
f 3357 3195 3207
f 3345 3356 3347
f 3352 3358 3351
f 3360 3359 3208
f 3358 3360 3208
f 3358 3208 3202
f 3358 3202 3351
f 3208 3359 3209
f 3211 3362 3361
f 3210 3211 3361
f 3361 3204 3210
f 3354 3204 3361
f 3355 3212 3205
f 3363 3212 3355
f 3212 3363 3364
f 3213 3212 3364
f 3216 3366 3365
f 3215 3216 3365
f 3365 3207 3215
f 3357 3207 3365
f 3360 3367 3359
f 3359 3367 3368
f 3359 3368 3209
f 3209 3368 3218
f 3362 3211 3369
f 3369 3211 3219
f 3364 3370 3213
f 3370 3220 3213
f 3222 3372 3371
f 3221 3222 3371
f 3371 3216 3221
f 3366 3216 3371
f 3368 3373 3218
f 3373 3224 3218
f 3369 3219 3374
f 3374 3219 3225
f 3377 3375 3376
f 3376 3375 3226
f 3376 3226 3370
f 3370 3226 3220
f 3372 3222 3378
f 3378 3222 3227
f 3228 3380 3379
f 3228 3224 3380
f 3224 3373 3380
f 3228 3379 3229
f 3374 3225 3381
f 3381 3225 3231
f 3375 3233 3232
f 3375 3377 3233
f 3377 3382 3233
f 3375 3232 3226
f 3378 3227 3383
f 3383 3227 3234
f 3385 3379 3380
f 3384 3379 3385
f 3379 3384 3235
f 3229 3379 3235
f 3236 3237 3386
f 3386 3388 3387
f 3386 3387 3236
f 3236 3387 3238
f 3238 3387 3389
f 3239 3238 3389
f 3381 3231 3240
f 3390 3381 3240
f 3390 3240 3391
f 3240 3241 3391
f 3391 3241 3233
f 3382 3391 3233
f 3383 3234 3392
f 3392 3234 3242
f 3384 3245 3244
f 3384 3385 3245
f 3385 3393 3245
f 3384 3244 3235
f 3394 3386 3237
f 3394 3237 3395
f 3395 3237 3246
f 3386 3394 3388
f 3389 3247 3239
f 3396 3247 3389
f 3247 3396 3397
f 3248 3247 3397
f 3392 3242 3249
f 3398 3392 3249
f 3249 3399 3398
f 3250 3399 3249
f 3253 3400 3401
f 3252 3400 3253
f 3400 3252 3245
f 3393 3400 3245
f 3256 3403 3402
f 3255 3256 3402
f 3402 3246 3255
f 3395 3246 3402
f 3397 3404 3248
f 3404 3257 3248
f 3399 3250 3258
f 3405 3399 3258
f 3406 3258 3259
f 3406 3407 3258
f 3407 3405 3258
f 3407 3406 3408
f 3262 3409 3410
f 3261 3409 3262
f 3409 3261 3253
f 3401 3409 3253
f 3411 3412 3403
f 3411 3403 3264
f 3264 3403 3256
f 3412 3411 3413
f 3266 3414 3415
f 3265 3414 3266
f 3414 3265 3257
f 3404 3414 3257
f 3406 3259 3267
f 3408 3406 3267
f 3408 3267 3416
f 3416 3267 3268
f 3417 3268 3269
f 3417 3418 3268
f 3418 3416 3268
f 3418 3417 3419
f 3272 3420 3421
f 3271 3420 3272
f 3420 3271 3262
f 3410 3420 3262
f 3411 3264 3273
f 3273 3413 3411
f 3273 3274 3413
f 3274 3422 3413
f 3415 3423 3266
f 3423 3275 3266
f 3417 3269 3276
f 3419 3417 3276
f 3419 3276 3424
f 3424 3276 3277
f 3424 3277 3272
f 3421 3424 3272
f 3278 3425 3426
f 3278 3426 3274
f 3274 3426 3422
f 3425 3427 3428
f 3425 3278 3427
f 3278 3279 3427
f 3427 3279 3275
f 3423 3427 3275
f 3426 3425 3429
f 3425 3428 3429
f 3432 3431 3430
f 3283 3430 3431
f 3283 3431 3282
f 3434 3433 3431
f 3433 3282 3431
f 3282 3433 3285
f 3287 3436 3435
f 3286 3287 3435
f 3430 3435 3432
f 3430 3288 3435
f 3288 3286 3435
f 3434 3437 3433
f 3430 3283 3288
f 3433 3289 3285
f 3433 3437 3289
f 3437 3438 3289
f 3289 3438 3439
f 3291 3289 3439
f 3436 3287 3292
f 3440 3436 3292
f 3440 3292 3441
f 3292 3293 3441
f 3293 3442 3441
f 3294 3442 3293
f 3439 3443 3291
f 3443 3295 3291
f 3442 3294 3296
f 3444 3442 3296
f 3444 3296 3445
f 3296 3297 3445
f 3445 3297 3295
f 3443 3445 3295
f 3300 3447 3446
f 3299 3300 3446
f 3446 3448 3299
f 3299 3448 3301
f 3448 3449 3301
f 3301 3449 3302
f 3302 3449 3450
f 3304 3302 3450
f 3307 3452 3451
f 3306 3307 3451
f 3451 3453 3306
f 3306 3453 3308
f 3453 3300 3308
f 3447 3300 3453
f 3450 3309 3304
f 3454 3309 3450
f 3309 3454 3455
f 3310 3309 3455
f 3452 3307 3311
f 3456 3452 3311
f 3311 3457 3456
f 3312 3457 3311
f 3460 3458 3459
f 3459 3458 3313
f 3459 3313 3455
f 3455 3313 3310
f 3457 3312 3314
f 3461 3457 3314
f 3461 3314 3462
f 3314 3315 3462
f 3462 3315 3463
f 3315 3317 3463
f 3463 3317 3464
f 3317 3318 3464
f 3458 3460 3464
f 3458 3464 3319
f 3319 3464 3318
f 3458 3319 3313
f 3324 3325 3465
f 3326 3324 3465
f 3466 3326 3465
f 3326 3466 3328
f 3467 3465 3325
f 3331 3467 3325
f 3465 3467 3466
f 3466 3467 3468
f 3332 3328 3466
f 3332 3466 3469
f 3469 3466 3468
f 3332 3469 3334
f 3470 3467 3331
f 3335 3470 3331
f 3467 3470 3468
f 3468 3470 3471
f 3468 3471 3469
f 3469 3471 3472
f 3336 3334 3469
f 3336 3469 3473
f 3473 3469 3472
f 3336 3473 3338
f 3470 3335 3339
f 3339 3340 3474
f 3339 3474 3470
f 3470 3474 3471
f 3471 3474 3472
f 3472 3474 3475
f 3472 3475 3473
f 3473 3475 3476
f 3473 3476 3341
f 3338 3473 3341
f 3474 3340 3342
f 3475 3474 3342
f 3343 3475 3342
f 3476 3475 3343
f 3344 3476 3343
f 3476 3344 3341
f 3346 3347 3477
f 3348 3346 3477
f 3478 3348 3477
f 3349 3348 3478
f 3479 3349 3478
f 3350 3349 3479
f 3480 3350 3479
f 3350 3480 3352
f 3354 3482 3481
f 3353 3354 3481
f 3353 3481 3483
f 3355 3353 3483
f 3357 3485 3484
f 3356 3357 3484
f 3347 3486 3477
f 3347 3356 3486
f 3356 3484 3486
f 3477 3487 3478
f 3486 3487 3477
f 3478 3488 3479
f 3487 3488 3478
f 3479 3489 3480
f 3488 3489 3479
f 3491 3490 3358
f 3489 3491 3358
f 3489 3358 3352
f 3489 3352 3480
f 3358 3490 3360
f 3362 3493 3492
f 3361 3362 3492
f 3492 3354 3361
f 3482 3354 3492
f 3483 3363 3355
f 3494 3363 3483
f 3363 3494 3495
f 3364 3363 3495
f 3366 3497 3496
f 3365 3366 3496
f 3496 3357 3365
f 3485 3357 3496
f 3491 3498 3490
f 3500 3499 3367
f 3498 3500 3367
f 3498 3367 3360
f 3498 3360 3490
f 3367 3499 3368
f 3493 3362 3501
f 3501 3362 3369
f 3495 3502 3364
f 3502 3370 3364
f 3372 3504 3503
f 3371 3372 3503
f 3503 3366 3371
f 3497 3366 3503
f 3500 3505 3499
f 3499 3505 3506
f 3499 3506 3368
f 3368 3506 3373
f 3509 3508 3507
f 3508 3374 3507
f 3508 3501 3374
f 3501 3369 3374
f 3377 3510 3511
f 3376 3510 3377
f 3510 3376 3370
f 3502 3510 3370
f 3504 3372 3512
f 3512 3372 3378
f 3506 3513 3373
f 3513 3380 3373
f 3509 3507 3514
f 3507 3515 3514
f 3507 3374 3515
f 3374 3381 3515
f 3511 3516 3377
f 3516 3382 3377
f 3512 3378 3517
f 3517 3378 3383
f 3513 3518 3380
f 3518 3385 3380
f 3388 3520 3519
f 3387 3388 3519
f 3387 3519 3521
f 3389 3387 3521
f 3515 3381 3390
f 3522 3515 3390
f 3522 3390 3523
f 3390 3391 3523
f 3523 3391 3382
f 3516 3523 3382
f 3517 3383 3524
f 3524 3383 3392
f 3527 3525 3526
f 3526 3525 3393
f 3526 3393 3518
f 3518 3393 3385
f 3395 3529 3528
f 3394 3395 3528
f 3528 3388 3394
f 3520 3388 3528
f 3521 3396 3389
f 3530 3396 3521
f 3396 3530 3531
f 3397 3396 3531
f 3524 3392 3398
f 3532 3524 3398
f 3398 3533 3532
f 3399 3533 3398
f 3536 3534 3535
f 3525 3401 3400
f 3527 3401 3525
f 3527 3534 3401
f 3527 3535 3534
f 3525 3400 3393
f 3403 3538 3537
f 3402 3403 3537
f 3537 3395 3402
f 3529 3395 3537
f 3541 3539 3540
f 3540 3539 3404
f 3540 3404 3531
f 3531 3404 3397
f 3533 3399 3405
f 3542 3533 3405
f 3544 3407 3543
f 3544 3542 3407
f 3542 3405 3407
f 3407 3408 3543
f 3547 3545 3546
f 3534 3410 3409
f 3536 3410 3534
f 3536 3545 3410
f 3536 3546 3545
f 3534 3409 3401
f 3538 3403 3412
f 3548 3538 3412
f 3412 3549 3548
f 3413 3549 3412
f 3539 3415 3414
f 3539 3541 3415
f 3541 3550 3415
f 3539 3414 3404
f 3544 3543 3551
f 3543 3408 3416
f 3543 3416 3551
f 3551 3416 3552
f 3552 3416 3553
f 3416 3418 3553
f 3554 3418 3419
f 3554 3555 3418
f 3555 3553 3418
f 3545 3421 3420
f 3547 3421 3545
f 3547 3554 3421
f 3547 3555 3554
f 3545 3420 3410
f 3549 3413 3556
f 3556 3413 3422
f 3550 3557 3415
f 3557 3423 3415
f 3554 3419 3424
f 3554 3424 3421
f 3556 3422 3558
f 3558 3422 3426
f 3428 3559 3560
f 3427 3559 3428
f 3559 3427 3423
f 3557 3559 3423
f 3558 3426 3429
f 3561 3558 3429
f 3561 3429 3428
f 3560 3561 3428
f 3432 3563 3562
f 3431 3432 3562
f 3564 3434 3431
f 3564 3431 3565
f 3565 3431 3562
f 3565 3566 3564
f 3569 3568 3567
f 3436 3567 3568
f 3436 3568 3435
f 3435 3568 3570
f 3570 3432 3435
f 3563 3432 3570
f 3564 3437 3434
f 3566 3437 3564
f 3566 3571 3437
f 3571 3438 3437
f 3438 3571 3572
f 3439 3438 3572
f 3569 3567 3573
f 3567 3436 3440
f 3567 3440 3573
f 3573 3440 3574
f 3576 3441 3575
f 3576 3574 3441
f 3574 3440 3441
f 3441 3442 3575
f 3572 3577 3439
f 3577 3443 3439
f 3576 3575 3578
f 3575 3442 3444
f 3575 3444 3578
f 3578 3444 3579
f 3579 3444 3580
f 3444 3445 3580
f 3580 3445 3443
f 3577 3580 3443
f 3447 3582 3581
f 3446 3447 3581
f 3584 3583 3448
f 3584 3448 3581
f 3581 3448 3446
f 3449 3448 3583
f 3585 3449 3583
f 3449 3585 3450
f 3452 3587 3586
f 3451 3452 3586
f 3586 3588 3451
f 3451 3588 3453
f 3588 3447 3453
f 3582 3447 3588
f 3584 3589 3583
f 3583 3590 3585
f 3589 3590 3583
f 3585 3454 3450
f 3585 3590 3454
f 3590 3591 3454
f 3454 3591 3592
f 3455 3454 3592
f 3587 3452 3456
f 3593 3587 3456
f 3456 3594 3593
f 3457 3594 3456
f 3460 3595 3596
f 3459 3595 3460
f 3595 3459 3455
f 3592 3595 3455
f 3594 3457 3461
f 3597 3594 3461
f 3597 3461 3598
f 3461 3462 3598
f 3598 3462 3599
f 3462 3463 3599
f 3599 3463 3600
f 3463 3464 3600
f 3600 3464 3460
f 3596 3600 3460
f 3603 3602 3601
f 3602 3605 3604
f 3601 3602 3604
f 3605 3606 3604
f 3481 3482 3607
f 3481 3607 3483
f 3485 3609 3608
f 3484 3485 3608
f 3601 3608 3603
f 3601 3486 3608
f 3486 3484 3608
f 3604 3486 3601
f 3487 3486 3604
f 3606 3487 3604
f 3606 3610 3487
f 3610 3488 3487
f 3610 3611 3488
f 3488 3611 3489
f 3489 3611 3612
f 3491 3489 3612
f 3493 3614 3613
f 3492 3493 3613
f 3482 3615 3607
f 3482 3492 3615
f 3492 3613 3615
f 3607 3494 3483
f 3607 3615 3494
f 3615 3616 3494
f 3494 3616 3617
f 3495 3494 3617
f 3497 3619 3618
f 3496 3497 3618
f 3618 3485 3496
f 3609 3485 3618
f 3612 3498 3491
f 3620 3498 3612
f 3498 3620 3621
f 3500 3498 3621
f 3624 3623 3622
f 3623 3501 3622
f 3623 3614 3501
f 3614 3493 3501
f 3617 3625 3495
f 3625 3502 3495
f 3504 3627 3626
f 3503 3504 3626
f 3626 3497 3503
f 3619 3497 3626
f 3621 3505 3500
f 3628 3505 3621
f 3505 3628 3629
f 3506 3505 3629
f 3622 3508 3509
f 3622 3509 3624
f 3624 3509 3630
f 3622 3501 3508
f 3511 3631 3632
f 3510 3631 3511
f 3631 3510 3502
f 3625 3631 3502
f 3627 3504 3633
f 3633 3504 3512
f 3629 3634 3506
f 3634 3513 3506
f 3630 3509 3514
f 3635 3630 3514
f 3514 3636 3635
f 3515 3636 3514
f 3637 3632 3638
f 3637 3516 3632
f 3516 3511 3632
f 3638 3639 3637
f 3642 3641 3640
f 3641 3517 3640
f 3641 3633 3517
f 3633 3512 3517
f 3634 3643 3513
f 3643 3518 3513
f 3520 3645 3644
f 3519 3520 3644
f 3519 3644 3646
f 3521 3519 3646
f 3636 3515 3522
f 3647 3636 3522
f 3647 3522 3648
f 3522 3523 3648
f 3516 3637 3649
f 3516 3649 3523
f 3523 3649 3648
f 3637 3639 3649
f 3642 3640 3650
f 3640 3651 3650
f 3640 3517 3651
f 3517 3524 3651
f 3527 3652 3653
f 3526 3652 3527
f 3652 3526 3518
f 3643 3652 3518
f 3656 3655 3654
f 3529 3654 3655
f 3529 3655 3528
f 3528 3655 3657
f 3657 3520 3528
f 3645 3520 3657
f 3646 3530 3521
f 3658 3530 3646
f 3530 3658 3659
f 3531 3530 3659
f 3651 3524 3532
f 3660 3651 3532
f 3532 3661 3660
f 3533 3661 3532
f 3536 3662 3663
f 3535 3662 3536
f 3662 3535 3527
f 3653 3662 3527
f 3654 3537 3538
f 3654 3538 3656
f 3656 3538 3664
f 3654 3529 3537
f 3541 3665 3666
f 3540 3665 3541
f 3665 3540 3531
f 3659 3665 3531
f 3661 3533 3542
f 3667 3661 3542
f 3542 3668 3667
f 3544 3668 3542
f 3547 3669 3670
f 3546 3669 3547
f 3669 3546 3536
f 3663 3669 3536
f 3548 3671 3672
f 3548 3672 3538
f 3538 3672 3664
f 3548 3549 3671
f 3666 3673 3541
f 3673 3550 3541
f 3668 3544 3551
f 3674 3668 3551
f 3674 3551 3675
f 3551 3552 3675
f 3675 3552 3676
f 3552 3553 3676
f 3676 3553 3677
f 3553 3555 3677
f 3677 3555 3547
f 3670 3677 3547
f 3679 3672 3671
f 3678 3679 3671
f 3671 3556 3678
f 3549 3556 3671
f 3682 3680 3681
f 3681 3680 3557
f 3681 3557 3673
f 3673 3557 3550
f 3679 3678 3683
f 3678 3684 3683
f 3678 3556 3684
f 3556 3558 3684
f 3680 3560 3559
f 3680 3682 3560
f 3682 3685 3560
f 3680 3559 3557
f 3684 3558 3561
f 3686 3684 3561
f 3686 3561 3560
f 3685 3686 3560
f 3563 3688 3687
f 3562 3563 3687
f 3690 3689 3565
f 3690 3565 3687
f 3687 3565 3562
f 3565 3689 3566
f 3569 3692 3691
f 3568 3569 3691
f 3691 3693 3568
f 3568 3693 3570
f 3693 3563 3570
f 3688 3563 3693
f 3690 3694 3689
f 3689 3571 3566
f 3689 3694 3571
f 3694 3695 3571
f 3571 3695 3696
f 3572 3571 3696
f 3692 3569 3573
f 3697 3692 3573
f 3699 3574 3698
f 3699 3697 3574
f 3697 3573 3574
f 3574 3576 3698
f 3696 3700 3572
f 3700 3577 3572
f 3699 3698 3701
f 3698 3576 3578
f 3698 3578 3701
f 3701 3578 3702
f 3702 3578 3703
f 3578 3579 3703
f 3703 3579 3704
f 3579 3580 3704
f 3704 3580 3577
f 3700 3704 3577
f 3582 3706 3705
f 3581 3582 3705
f 3581 3705 3707
f 3584 3581 3707
f 3587 3709 3708
f 3586 3587 3708
f 3708 3710 3586
f 3586 3710 3588
f 3710 3582 3588
f 3706 3582 3710
f 3707 3589 3584
f 3711 3589 3707
f 3711 3712 3589
f 3589 3712 3590
f 3714 3713 3591
f 3714 3591 3712
f 3712 3591 3590
f 3591 3713 3592
f 3709 3587 3593
f 3715 3709 3593
f 3593 3716 3715
f 3594 3716 3593
f 3713 3596 3595
f 3713 3714 3596
f 3714 3717 3596
f 3713 3595 3592
f 3716 3594 3597
f 3718 3716 3597
f 3718 3597 3719
f 3597 3598 3719
f 3719 3598 3720
f 3598 3599 3720
f 3720 3599 3721
f 3599 3600 3721
f 3721 3600 3596
f 3717 3721 3596
f 3603 3723 3722
f 3602 3603 3722
f 3722 3724 3602
f 3602 3724 3605
f 3605 3724 3725
f 3606 3605 3725
f 3728 3727 3726
f 3609 3726 3727
f 3609 3727 3608
f 3608 3727 3729
f 3729 3603 3608
f 3723 3603 3729
f 3725 3610 3606
f 3730 3610 3725
f 3730 3731 3610
f 3610 3731 3611
f 3611 3731 3732
f 3612 3611 3732
f 3614 3734 3733
f 3613 3614 3733
f 3733 3735 3613
f 3613 3735 3615
f 3735 3736 3615
f 3615 3736 3616
f 3616 3736 3737
f 3617 3616 3737
f 3740 3739 3738
f 3726 3618 3619
f 3728 3726 3619
f 3728 3619 3738
f 3728 3738 3739
f 3726 3609 3618
f 3732 3620 3612
f 3741 3620 3732
f 3620 3741 3742
f 3621 3620 3742
f 3624 3744 3743
f 3623 3624 3743
f 3743 3614 3623
f 3734 3614 3743
f 3737 3745 3617
f 3745 3625 3617
f 3738 3626 3627
f 3738 3627 3740
f 3740 3627 3746
f 3738 3619 3626
f 3628 3748 3747
f 3628 3621 3748
f 3621 3742 3748
f 3628 3747 3629
f 3744 3624 3749
f 3749 3624 3630
f 3632 3750 3751
f 3631 3750 3632
f 3750 3631 3625
f 3745 3750 3625
f 3754 3753 3752
f 3753 3633 3752
f 3753 3746 3633
f 3746 3627 3633
f 3748 3755 3747
f 3747 3755 3756
f 3747 3756 3629
f 3629 3756 3634
f 3749 3630 3635
f 3757 3749 3635
f 3635 3758 3757
f 3636 3758 3635
f 3751 3638 3632
f 3759 3638 3751
f 3638 3759 3760
f 3639 3638 3760
f 3752 3641 3642
f 3752 3642 3754
f 3754 3642 3761
f 3752 3633 3641
f 3756 3762 3634
f 3762 3643 3634
f 3645 3764 3763
f 3644 3645 3763
f 3765 3646 3644
f 3765 3644 3766
f 3766 3644 3763
f 3766 3767 3765
f 3758 3636 3647
f 3768 3758 3647
f 3768 3647 3769
f 3647 3648 3769
f 3769 3648 3770
f 3648 3649 3770
f 3770 3649 3639
f 3760 3770 3639
f 3650 3771 3772
f 3650 3772 3642
f 3642 3772 3761
f 3650 3651 3771
f 3653 3773 3774
f 3652 3773 3653
f 3773 3652 3643
f 3762 3773 3643
f 3656 3776 3775
f 3655 3656 3775
f 3775 3777 3655
f 3655 3777 3657
f 3777 3645 3657
f 3764 3645 3777
f 3765 3658 3646
f 3658 3765 3767
f 3658 3767 3659
f 3659 3767 3778
f 3772 3771 3779
f 3781 3660 3780
f 3779 3660 3781
f 3779 3651 3660
f 3779 3771 3651
f 3660 3661 3780
f 3663 3782 3783
f 3662 3782 3663
f 3782 3662 3653
f 3774 3782 3653
f 3776 3656 3784
f 3784 3656 3664
f 3666 3785 3786
f 3665 3785 3666
f 3785 3665 3659
f 3778 3785 3659
f 3781 3780 3787
f 3789 3667 3788
f 3787 3667 3789
f 3787 3661 3667
f 3787 3780 3661
f 3667 3668 3788
f 3670 3790 3791
f 3669 3790 3670
f 3790 3669 3663
f 3783 3790 3663
f 3784 3664 3792
f 3792 3664 3672
f 3786 3793 3666
f 3793 3673 3666
f 3789 3788 3794
f 3788 3668 3674
f 3788 3674 3794
f 3794 3674 3795
f 3795 3674 3796
f 3674 3675 3796
f 3796 3675 3797
f 3675 3676 3797
f 3797 3676 3798
f 3676 3677 3798
f 3798 3677 3670
f 3791 3798 3670
f 3792 3672 3799
f 3799 3672 3679
f 3682 3800 3801
f 3681 3800 3682
f 3800 3681 3673
f 3793 3800 3673
f 3683 3802 3803
f 3683 3803 3679
f 3679 3803 3799
f 3802 3683 3684
f 3806 3804 3805
f 3805 3804 3685
f 3805 3685 3801
f 3801 3685 3682
f 3803 3802 3807
f 3804 3806 3807
f 3804 3807 3686
f 3802 3684 3807
f 3684 3686 3807
f 3804 3686 3685
f 3810 3809 3808
f 3688 3808 3809
f 3688 3809 3687
f 3687 3809 3811
f 3687 3811 3812
f 3690 3687 3812
f 3692 3814 3813
f 3691 3692 3813
f 3808 3813 3810
f 3808 3693 3813
f 3693 3691 3813
f 3808 3688 3693
f 3812 3694 3690
f 3815 3694 3812
f 3815 3816 3694
f 3694 3816 3695
f 3695 3816 3817
f 3696 3695 3817
f 3814 3692 3697
f 3818 3814 3697
f 3697 3819 3818
f 3699 3819 3697
f 3817 3820 3696
f 3820 3700 3696
f 3819 3699 3701
f 3821 3819 3701
f 3821 3701 3822
f 3701 3702 3822
f 3822 3702 3823
f 3702 3703 3823
f 3823 3703 3824
f 3703 3704 3824
f 3824 3704 3700
f 3820 3824 3700
f 3705 3706 3825
f 3705 3825 3707
f 3709 3827 3826
f 3708 3709 3826
f 3826 3828 3708
f 3708 3828 3710
f 3706 3829 3825
f 3706 3710 3829
f 3710 3828 3829
f 3825 3711 3707
f 3825 3829 3711
f 3829 3830 3711
f 3830 3831 3711
f 3711 3831 3712
f 3832 3714 3712
f 3832 3712 3833
f 3833 3712 3831
f 3833 3834 3832
f 3827 3709 3715
f 3835 3827 3715
f 3715 3836 3835
f 3716 3836 3715
f 3839 3837 3838
f 3837 3840 3838
f 3837 3714 3840
f 3837 3717 3714
f 3832 3840 3714
f 3832 3834 3840
f 3836 3716 3718
f 3841 3836 3718
f 3841 3718 3842
f 3718 3719 3842
f 3842 3719 3843
f 3719 3720 3843
f 3837 3839 3843
f 3837 3843 3721
f 3721 3843 3720
f 3837 3721 3717
f 3846 3845 3844
f 3723 3844 3845
f 3723 3845 3722
f 3722 3845 3847
f 3847 3848 3722
f 3722 3848 3724
f 3849 3725 3724
f 3849 3724 3850
f 3850 3724 3848
f 3850 3851 3849
f 3728 3853 3852
f 3727 3728 3852
f 3844 3852 3846
f 3844 3729 3852
f 3729 3727 3852
f 3844 3723 3729
f 3849 3730 3725
f 3851 3730 3849
f 3851 3854 3730
f 3854 3731 3730
f 3731 3854 3855
f 3732 3731 3855
f 3734 3857 3856
f 3733 3734 3856
f 3856 3858 3733
f 3733 3858 3735
f 3860 3859 3736
f 3860 3736 3858
f 3858 3736 3735
f 3736 3859 3737
f 3740 3862 3861
f 3739 3740 3861
f 3861 3728 3739
f 3853 3728 3861
f 3855 3741 3732
f 3863 3741 3855
f 3741 3863 3864
f 3742 3741 3864
f 3744 3866 3865
f 3743 3744 3865
f 3865 3734 3743
f 3857 3734 3865
f 3868 3859 3860
f 3867 3859 3868
f 3859 3867 3745
f 3737 3859 3745
f 3862 3740 3869
f 3869 3740 3746
f 3864 3870 3742
f 3870 3748 3742
f 3866 3744 3871
f 3871 3744 3749
f 3867 3751 3750
f 3867 3868 3751
f 3868 3872 3751
f 3867 3750 3745
f 3754 3874 3873
f 3753 3754 3873
f 3873 3746 3753
f 3869 3746 3873
f 3870 3755 3748
f 3875 3755 3870
f 3755 3875 3876
f 3756 3755 3876
f 3757 3877 3878
f 3757 3878 3749
f 3749 3878 3871
f 3757 3758 3877
f 3759 3880 3879
f 3759 3751 3880
f 3751 3872 3880
f 3759 3879 3760
f 3874 3754 3881
f 3881 3754 3761
f 3876 3882 3756
f 3882 3762 3756
f 3764 3884 3883
f 3763 3764 3883
f 3886 3885 3766
f 3886 3766 3883
f 3883 3766 3763
f 3766 3885 3767
f 3878 3877 3887
f 3877 3758 3768
f 3877 3768 3887
f 3887 3768 3888
f 3888 3768 3889
f 3768 3769 3889
f 3879 3880 3889
f 3879 3889 3770
f 3770 3889 3769
f 3879 3770 3760
f 3881 3761 3890
f 3890 3761 3772
f 3774 3891 3892
f 3773 3891 3774
f 3891 3773 3762
f 3882 3891 3762
f 3776 3894 3893
f 3775 3776 3893
f 3893 3895 3775
f 3775 3895 3777
f 3895 3764 3777
f 3884 3764 3895
f 3897 3885 3886
f 3896 3885 3897
f 3885 3896 3778
f 3767 3885 3778
f 3890 3772 3779
f 3898 3890 3779
f 3779 3899 3898
f 3781 3899 3779
f 3783 3900 3901
f 3782 3900 3783
f 3900 3782 3774
f 3892 3900 3774
f 3894 3776 3902
f 3902 3776 3784
f 3896 3786 3785
f 3896 3897 3786
f 3897 3903 3786
f 3896 3785 3778
f 3899 3781 3787
f 3904 3899 3787
f 3787 3905 3904
f 3789 3905 3787
f 3791 3906 3907
f 3790 3906 3791
f 3906 3790 3783
f 3901 3906 3783
f 3902 3784 3908
f 3908 3784 3792
f 3903 3909 3786
f 3909 3793 3786
f 3905 3789 3794
f 3910 3905 3794
f 3910 3794 3911
f 3794 3795 3911
f 3911 3795 3912
f 3795 3796 3912
f 3912 3796 3913
f 3796 3797 3913
f 3913 3797 3914
f 3797 3798 3914
f 3914 3798 3791
f 3907 3914 3791
f 3908 3792 3915
f 3915 3792 3799
f 3801 3916 3917
f 3800 3916 3801
f 3916 3800 3793
f 3909 3916 3793
f 3918 3919 3915
f 3918 3915 3803
f 3803 3915 3799
f 3806 3919 3918
f 3806 3805 3919
f 3805 3920 3919
f 3920 3805 3801
f 3917 3920 3801
f 3918 3803 3807
f 3918 3807 3806
f 3810 3922 3921
f 3809 3810 3921
f 3921 3923 3809
f 3809 3923 3811
f 3811 3923 3924
f 3812 3811 3924
f 3813 3814 3925
f 3925 3810 3813
f 3925 3926 3810
f 3926 3922 3810
f 3924 3815 3812
f 3927 3815 3924
f 3927 3928 3815
f 3815 3928 3816
f 3816 3928 3929
f 3817 3816 3929
f 3925 3814 3818
f 3818 3926 3925
f 3818 3819 3926
f 3819 3930 3926
f 3933 3931 3932
f 3932 3934 3935
f 3931 3934 3932
f 3935 3936 3937
f 3934 3936 3935
f 3937 3936 3820
f 3937 3820 3929
f 3929 3820 3817
f 3930 3819 3821
f 3938 3930 3821
f 3931 3933 3938
f 3931 3938 3822
f 3822 3938 3821
f 3934 3931 3822
f 3823 3934 3822
f 3936 3934 3823
f 3824 3936 3823
f 3936 3824 3820
f 3941 3940 3939
f 3940 3943 3942
f 3939 3940 3942
f 3943 3944 3942
f 3827 3946 3945
f 3826 3827 3945
f 3939 3945 3941
f 3939 3828 3945
f 3828 3826 3945
f 3942 3828 3939
f 3829 3828 3942
f 3944 3829 3942
f 3944 3947 3829
f 3947 3830 3829
f 3947 3948 3830
f 3830 3948 3831
f 3950 3949 3833
f 3950 3833 3948
f 3948 3833 3831
f 3833 3949 3834
f 3835 3951 3952
f 3835 3952 3827
f 3827 3952 3946
f 3835 3836 3951
f 3839 3953 3954
f 3838 3953 3839
f 3949 3950 3953
f 3949 3953 3840
f 3840 3953 3838
f 3949 3840 3834
f 3952 3951 3955
f 3951 3836 3841
f 3951 3841 3955
f 3955 3841 3956
f 3956 3841 3957
f 3841 3842 3957
f 3957 3842 3958
f 3842 3843 3958
f 3958 3843 3839
f 3954 3958 3839
f 3961 3960 3959
f 3846 3959 3960
f 3846 3960 3845
f 3845 3960 3962
f 3962 3963 3845
f 3845 3963 3847
f 3963 3964 3847
f 3847 3964 3848
f 3964 3965 3848
f 3848 3965 3850
f 3850 3965 3966
f 3851 3850 3966
f 3969 3968 3967
f 3959 3852 3853
f 3961 3959 3853
f 3961 3853 3967
f 3961 3967 3968
f 3959 3846 3852
f 3966 3854 3851
f 3970 3854 3966
f 3854 3970 3971
f 3855 3854 3971
f 3857 3973 3972
f 3856 3857 3972
f 3972 3974 3856
f 3856 3974 3858
f 3858 3974 3975
f 3860 3858 3975
f 3978 3977 3976
f 3967 3861 3862
f 3969 3967 3862
f 3969 3862 3976
f 3969 3976 3977
f 3967 3853 3861
f 3971 3863 3855
f 3979 3863 3971
f 3863 3979 3980
f 3864 3863 3980
f 3866 3982 3981
f 3865 3866 3981
f 3981 3857 3865
f 3973 3857 3981
f 3975 3983 3860
f 3983 3868 3860
f 3985 3978 3976
f 3984 3985 3976
f 3976 3869 3984
f 3862 3869 3976
f 3980 3986 3864
f 3986 3870 3864
f 3982 3866 3987
f 3987 3866 3871
f 3988 3983 3989
f 3988 3872 3983
f 3872 3868 3983
f 3989 3990 3988
f 3993 3992 3991
f 3984 3873 3874
f 3985 3984 3874
f 3985 3874 3991
f 3985 3991 3992
f 3984 3869 3873
f 3986 3875 3870
f 3994 3875 3986
f 3875 3994 3995
f 3876 3875 3995
f 3987 3871 3996
f 3996 3871 3878
f 3997 3872 3988
f 3997 3998 3872
f 3998 3880 3872
f 3988 3990 3997
f 4000 3993 3991
f 3999 4000 3991
f 3991 3881 3999
f 3874 3881 3991
f 3995 4001 3876
f 4001 3882 3876
f 4004 4003 4002
f 3884 4002 4003
f 3884 4003 3883
f 3883 4003 4005
f 3883 4005 4006
f 3886 3883 4006
f 3996 3878 3887
f 4007 3996 3887
f 4007 3887 4008
f 3887 3888 4008
f 4008 3888 4009
f 3888 3889 4009
f 4009 3889 3880
f 3998 4009 3880
f 4011 4000 3999
f 4010 4011 3999
f 3999 3890 4010
f 3881 3890 3999
f 3892 4012 4013
f 3891 4012 3892
f 4012 3891 3882
f 4001 4012 3882
f 3894 4015 4014
f 3893 3894 4014
f 4002 4014 4004
f 4002 3895 4014
f 3895 3893 4014
f 4002 3884 3895
f 4006 4016 3886
f 4016 3897 3886
f 4011 4010 4017
f 4010 3890 3898
f 4010 3898 4017
f 4017 3898 4018
f 3898 4019 4018
f 3899 4019 3898
f 3901 4020 4021
f 3900 4020 3901
f 4020 3900 3892
f 4013 4020 3892
f 4015 3894 4022
f 4022 3894 3902
f 4016 4023 3897
f 4023 3903 3897
f 3904 4024 4025
f 3904 4025 3899
f 3899 4025 4019
f 3904 3905 4024
f 3907 4026 4027
f 3906 4026 3907
f 4026 3906 3901
f 4021 4026 3901
f 4022 3902 4028
f 4028 3902 3908
f 4023 4029 3903
f 4029 3909 3903
f 4025 4024 4030
f 4032 3910 4031
f 4030 3910 4032
f 4030 3905 3910
f 4030 4024 3905
f 3911 4031 3910
f 4033 4031 3911
f 3912 4033 3911
f 4034 4033 3912
f 3913 4034 3912
f 4035 4034 3913
f 4035 4036 4037
f 4035 3913 4036
f 3913 3914 4036
f 4036 3914 3907
f 4027 4036 3907
f 4028 3908 4038
f 4038 3908 3915
f 3917 4039 4040
f 3916 4039 3917
f 4039 3916 3909
f 4029 4039 3909
f 4032 4031 4041
f 4031 4033 4042
f 4041 4031 4042
f 4033 4034 4043
f 4042 4033 4043
f 4034 4035 4044
f 4043 4034 4044
f 4035 4037 4044
f 4038 3915 3919
f 4045 4038 3919
f 4045 3919 4046
f 3919 3920 4046
f 4046 3920 3917
f 4040 4046 3917
f 3922 4048 4047
f 3921 3922 4047
f 4047 4049 3921
f 3921 4049 3923
f 3923 4049 4050
f 3924 3923 4050
f 4048 3922 4051
f 4051 3922 3926
f 4050 3927 3924
f 4052 3927 4050
f 4052 4053 3927
f 3927 4053 3928
f 3928 4053 4054
f 3929 3928 4054
f 4051 3926 4055
f 4055 3926 3930
f 3933 4056 4057
f 3932 4056 3933
f 4056 3932 4058
f 3932 3935 4058
f 4058 3935 4059
f 3935 3937 4059
f 4059 3937 3929
f 4054 4059 3929
f 4055 3930 3938
f 4060 4055 3938
f 4060 3938 3933
f 4057 4060 3933
f 4063 4062 4061
f 3941 4061 4062
f 3941 4062 3940
f 3940 4062 4064
f 4064 4065 3940
f 3940 4065 3943
f 4066 3944 3943
f 4066 3943 4067
f 4067 3943 4065
f 4067 4068 4066
f 4061 3945 3946
f 4061 3946 4063
f 4063 3946 4069
f 4061 3941 3945
f 4066 3947 3944
f 4068 3947 4066
f 4068 4070 3947
f 4070 3948 3947
f 3948 4070 4071
f 3950 3948 4071
f 4069 3946 4072
f 4072 3946 3952
f 3953 4073 3954
f 4073 3953 3950
f 4073 3950 4074
f 4074 3950 4071
f 4072 3952 3955
f 4075 4072 3955
f 4077 3956 4076
f 4077 4075 3956
f 4075 3955 3956
f 4076 4078 4079
f 4076 3956 4078
f 3956 3957 4078
f 4078 3957 4080
f 3957 3958 4080
f 3954 4073 4081
f 3954 4081 3958
f 3958 4081 4080
f 4073 4074 4081
f 4077 4076 4082
f 4076 4079 4082
f 4085 4084 4083
f 3961 4083 4084
f 3961 4084 3960
f 3960 4084 4086
f 4086 4087 3960
f 3960 4087 3962
f 4087 4088 3962
f 3962 4088 3963
f 4088 4089 3963
f 3963 4089 3964
f 4089 4090 3964
f 3964 4090 3965
f 3965 4090 4091
f 3966 3965 4091
f 4094 4093 4092
f 4083 3968 3969
f 4085 4083 3969
f 4085 3969 4092
f 4085 4092 4093
f 4083 3961 3968
f 4091 3970 3966
f 4095 3970 4091
f 3970 4095 4096
f 3971 3970 4096
f 3973 4098 4097
f 3972 3973 4097
f 4097 4099 3972
f 3972 4099 3974
f 3974 4099 4100
f 3975 3974 4100
f 4092 3977 3978
f 4092 3978 4094
f 4094 3978 4101
f 4092 3969 3977
f 4096 3979 3971
f 4102 3979 4096
f 3979 4102 4103
f 3980 3979 4103
f 3981 3982 4104
f 4104 3973 3981
f 4104 4105 3973
f 4105 4098 3973
f 4100 4106 3975
f 4106 3983 3975
f 4109 4108 4107
f 4108 3985 4107
f 4108 4101 3985
f 4101 3978 3985
f 4103 4110 3980
f 4110 3986 3980
f 4111 4104 3982
f 3987 4111 3982
f 4105 4111 4112
f 4104 4111 4105
f 4106 3989 3983
f 4113 3989 4106
f 3989 4113 4114
f 3990 3989 4114
f 4107 3992 3993
f 4107 3993 4109
f 4109 3993 4115
f 4107 3985 3992
f 4110 3994 3986
f 4116 3994 4110
f 3994 4116 4117
f 3995 3994 4117
f 4118 4111 3987
f 3996 4118 3987
f 4112 4118 4119
f 4111 4118 4112
f 4122 4120 4121
f 3998 4121 4120
f 3998 3997 4121
f 3997 4123 4121
f 4123 3997 3990
f 4114 4123 3990
f 4115 3993 4124
f 4124 3993 4000
f 4117 4125 3995
f 4125 4001 3995
f 4004 4127 4126
f 4003 4004 4126
f 4129 4128 4005
f 4129 4005 4126
f 4126 4005 4003
f 4005 4128 4006
f 4118 3996 4007
f 4119 4118 4007
f 4119 4007 4130
f 4130 4007 4008
f 4120 4122 4130
f 4120 4130 4009
f 4009 4130 4008
f 4120 4009 3998
f 4124 4000 4131
f 4131 4000 4011
f 4013 4132 4133
f 4012 4132 4013
f 4132 4012 4001
f 4125 4132 4001
f 4015 4135 4134
f 4014 4015 4134
f 4134 4004 4014
f 4127 4004 4134
f 4129 4136 4128
f 4128 4136 4137
f 4128 4137 4006
f 4006 4137 4016
f 4131 4011 4017
f 4138 4131 4017
f 4140 4018 4139
f 4140 4138 4018
f 4138 4017 4018
f 4018 4019 4139
f 4021 4141 4142
f 4020 4141 4021
f 4141 4020 4013
f 4133 4141 4013
f 4135 4015 4143
f 4143 4015 4022
f 4137 4144 4016
f 4144 4023 4016
f 4140 4139 4145
f 4139 4146 4145
f 4139 4019 4146
f 4019 4025 4146
f 4027 4147 4148
f 4026 4147 4027
f 4147 4026 4021
f 4142 4147 4021
f 4151 4150 4149
f 4150 4028 4149
f 4150 4143 4028
f 4143 4022 4028
f 4144 4152 4023
f 4152 4029 4023
f 4146 4025 4030
f 4153 4146 4030
f 4030 4154 4153
f 4032 4154 4030
f 4037 4155 4156
f 4036 4155 4037
f 4155 4036 4027
f 4148 4155 4027
f 4158 4151 4149
f 4157 4158 4149
f 4149 4038 4157
f 4028 4038 4149
f 4040 4159 4160
f 4039 4159 4040
f 4159 4039 4029
f 4152 4159 4029
f 4154 4032 4041
f 4161 4154 4041
f 4161 4041 4162
f 4041 4042 4162
f 4162 4042 4163
f 4042 4043 4163
f 4163 4043 4164
f 4043 4044 4164
f 4164 4044 4037
f 4156 4164 4037
f 4158 4157 4165
f 4157 4038 4045
f 4157 4045 4165
f 4165 4045 4166
f 4166 4045 4167
f 4045 4046 4167
f 4167 4046 4040
f 4160 4167 4040
f 4170 4169 4168
f 4048 4168 4169
f 4048 4169 4047
f 4047 4169 4171
f 4171 4172 4047
f 4047 4172 4049
f 4173 4050 4049
f 4173 4049 4174
f 4174 4049 4172
f 4174 4175 4173
f 4177 4170 4168
f 4176 4177 4168
f 4168 4051 4176
f 4048 4051 4168
f 4173 4052 4050
f 4175 4052 4173
f 4175 4178 4052
f 4178 4053 4052
f 4053 4178 4179
f 4054 4053 4179
f 4177 4176 4180
f 4176 4181 4180
f 4176 4051 4181
f 4051 4055 4181
f 4057 4182 4183
f 4056 4182 4057
f 4182 4056 4184
f 4056 4058 4184
f 4184 4058 4185
f 4058 4059 4185
f 4185 4059 4054
f 4179 4185 4054
f 4181 4055 4060
f 4186 4181 4060
f 4186 4060 4057
f 4183 4186 4057
f 4063 4188 4187
f 4062 4063 4187
f 4187 4189 4062
f 4062 4189 4064
f 4189 4190 4064
f 4064 4190 4065
f 4190 4191 4065
f 4065 4191 4067
f 4192 4068 4067
f 4192 4067 4193
f 4193 4067 4191
f 4193 4194 4192
f 4188 4063 4195
f 4195 4063 4069
f 4192 4070 4068
f 4070 4196 4071
f 4192 4196 4070
f 4192 4197 4196
f 4192 4194 4197
f 4197 4198 4196
f 4195 4069 4199
f 4199 4069 4072
f 4200 4071 4196
f 4074 4071 4200
f 4198 4201 4200
f 4196 4198 4200
f 4199 4072 4075
f 4202 4199 4075
f 4075 4203 4202
f 4077 4203 4075
f 4078 4204 4079
f 4080 4204 4078
f 4205 4204 4080
f 4205 4206 4207
f 4205 4080 4206
f 4080 4081 4206
f 4074 4200 4208
f 4074 4208 4081
f 4081 4208 4206
f 4200 4201 4208
f 4203 4077 4082
f 4209 4203 4082
f 4079 4204 4210
f 4079 4210 4082
f 4082 4210 4209
f 4204 4205 4211
f 4210 4204 4211
f 4205 4207 4211
f 4214 4213 4212
f 4213 4216 4215
f 4212 4213 4215
f 4216 4218 4217
f 4215 4216 4217
f 4218 4219 4217
f 4085 4221 4220
f 4084 4085 4220
f 4212 4220 4214
f 4212 4086 4220
f 4086 4084 4220
f 4215 4086 4212
f 4087 4086 4215
f 4217 4087 4215
f 4088 4087 4217
f 4219 4088 4217
f 4219 4222 4088
f 4222 4089 4088
f 4222 4223 4089
f 4089 4223 4090
f 4090 4223 4224
f 4091 4090 4224
f 4227 4226 4225
f 4226 4228 4225
f 4094 4230 4229
f 4093 4094 4229
f 4229 4085 4093
f 4221 4085 4229
f 4224 4095 4091
f 4231 4095 4224
f 4095 4231 4232
f 4096 4095 4232
f 4098 4234 4233
f 4097 4098 4233
f 4225 4233 4227
f 4225 4099 4233
f 4099 4097 4233
f 4099 4225 4228
f 4099 4228 4100
f 4100 4228 4235
f 4238 4237 4236
f 4237 4101 4236
f 4237 4230 4101
f 4230 4094 4101
f 4232 4102 4096
f 4239 4102 4232
f 4102 4239 4240
f 4103 4102 4240
f 4241 4242 4234
f 4241 4234 4105
f 4105 4234 4098
f 4242 4241 4243
f 4244 4235 4245
f 4244 4106 4235
f 4106 4100 4235
f 4245 4246 4244
f 4249 4248 4247
f 4236 4108 4109
f 4238 4236 4109
f 4238 4109 4247
f 4238 4247 4248
f 4236 4101 4108
f 4240 4250 4103
f 4250 4110 4103
f 4251 4241 4105
f 4112 4251 4105
f 4243 4251 4252
f 4241 4251 4243
f 4244 4113 4106
f 4113 4244 4246
f 4113 4246 4114
f 4114 4246 4253
f 4255 4249 4247
f 4254 4255 4247
f 4247 4115 4254
f 4109 4115 4247
f 4250 4116 4110
f 4256 4116 4250
f 4116 4256 4257
f 4117 4116 4257
f 4258 4251 4112
f 4119 4258 4112
f 4258 4252 4251
f 4258 4260 4252
f 4259 4122 4121
f 4123 4259 4121
f 4261 4259 4123
f 4261 4123 4114
f 4261 4114 4262
f 4262 4114 4253
f 4264 4255 4254
f 4263 4264 4254
f 4254 4124 4263
f 4115 4124 4254
f 4257 4265 4117
f 4265 4125 4117
f 4268 4267 4266
f 4127 4266 4267
f 4127 4267 4126
f 4270 4269 4267
f 4269 4126 4267
f 4126 4269 4129
f 4258 4119 4130
f 4122 4259 4271
f 4122 4271 4130
f 4260 4258 4271
f 4258 4130 4271
f 4259 4261 4272
f 4271 4259 4272
f 4261 4262 4272
f 4264 4263 4273
f 4263 4274 4273
f 4263 4124 4274
f 4124 4131 4274
f 4132 4275 4133
f 4275 4132 4125
f 4275 4125 4276
f 4276 4125 4265
f 4266 4134 4135
f 4266 4135 4268
f 4268 4135 4277
f 4270 4278 4269
f 4266 4127 4134
f 4280 4279 4136
f 4278 4280 4136
f 4278 4136 4129
f 4278 4129 4269
f 4136 4279 4137
f 4274 4131 4138
f 4281 4274 4138
f 4138 4282 4281
f 4140 4282 4138
f 4141 4283 4142
f 4283 4284 4285
f 4141 4284 4283
f 4141 4275 4284
f 4141 4133 4275
f 4275 4276 4284
f 4288 4287 4286
f 4287 4143 4286
f 4287 4277 4143
f 4277 4135 4143
f 4290 4279 4280
f 4289 4279 4290
f 4279 4289 4144
f 4137 4279 4144
f 4282 4140 4145
f 4291 4282 4145
f 4145 4292 4291
f 4146 4292 4145
f 4147 4293 4148
f 4293 4294 4295
f 4147 4294 4293
f 4147 4283 4294
f 4147 4142 4283
f 4283 4285 4294
f 4286 4150 4151
f 4286 4151 4288
f 4288 4151 4296
f 4286 4143 4150
f 4298 4289 4290
f 4297 4289 4298
f 4289 4297 4152
f 4144 4289 4152
f 4153 4299 4300
f 4153 4300 4146
f 4146 4300 4292
f 4153 4154 4299
f 4155 4301 4156
f 4301 4302 4303
f 4155 4302 4301
f 4155 4293 4302
f 4155 4148 4293
f 4293 4295 4302
f 4296 4151 4304
f 4304 4151 4158
f 4297 4160 4159
f 4297 4298 4160
f 4298 4305 4160
f 4297 4159 4152
f 4300 4299 4306
f 4308 4161 4307
f 4306 4161 4308
f 4306 4154 4161
f 4306 4299 4154
f 4162 4307 4161
f 4309 4307 4162
f 4163 4309 4162
f 4310 4309 4163
f 4164 4310 4163
f 4311 4310 4164
f 4311 4312 4313
f 4164 4312 4311
f 4164 4301 4312
f 4164 4156 4301
f 4301 4303 4312
f 4165 4314 4315
f 4165 4315 4158
f 4158 4315 4304
f 4314 4316 4317
f 4314 4165 4316
f 4165 4166 4316
f 4316 4166 4318
f 4166 4167 4318
f 4318 4167 4160
f 4305 4318 4160
f 4308 4307 4319
f 4307 4309 4320
f 4319 4307 4320
f 4309 4310 4321
f 4320 4309 4321
f 4310 4311 4322
f 4321 4310 4322
f 4311 4313 4322
f 4315 4314 4323
f 4314 4317 4323
f 4326 4325 4324
f 4325 4328 4327
f 4324 4325 4327
f 4328 4329 4327
f 4170 4331 4330
f 4169 4170 4330
f 4324 4330 4326
f 4324 4171 4330
f 4171 4169 4330
f 4327 4171 4324
f 4172 4171 4327
f 4329 4172 4327
f 4329 4332 4172
f 4332 4174 4172
f 4174 4332 4333
f 4175 4174 4333
f 4331 4170 4334
f 4334 4170 4177
f 4333 4178 4175
f 4335 4178 4333
f 4178 4335 4336
f 4179 4178 4336
f 4334 4177 4180
f 4337 4334 4180
f 4180 4338 4337
f 4181 4338 4180
f 4183 4339 4340
f 4182 4339 4183
f 4339 4182 4341
f 4182 4184 4341
f 4341 4184 4342
f 4184 4185 4342
f 4342 4185 4179
f 4336 4342 4179
f 4338 4181 4186
f 4343 4338 4186
f 4343 4186 4183
f 4340 4343 4183
f 4187 4188 4344
f 4189 4187 4344
f 4345 4189 4344
f 4190 4189 4345
f 4346 4190 4345
f 4191 4190 4346
f 4347 4191 4346
f 4193 4191 4347
f 4348 4193 4347
f 4193 4348 4194
f 4349 4344 4188
f 4349 4188 4350
f 4350 4188 4195
f 4344 4351 4345
f 4349 4351 4344
f 4345 4352 4346
f 4351 4352 4345
f 4346 4353 4347
f 4352 4353 4346
f 4347 4354 4348
f 4353 4354 4347
f 4356 4355 4197
f 4354 4356 4197
f 4354 4197 4194
f 4354 4194 4348
f 4197 4355 4198
f 4359 4358 4357
f 4358 4199 4357
f 4358 4350 4199
f 4350 4195 4199
f 4356 4360 4355
f 4355 4360 4361
f 4355 4361 4198
f 4198 4361 4201
f 4359 4357 4362
f 4364 4202 4363
f 4362 4202 4364
f 4362 4199 4202
f 4362 4357 4199
f 4202 4203 4363
f 4207 4365 4366
f 4206 4365 4207
f 4365 4206 4367
f 4206 4208 4367
f 4367 4208 4201
f 4361 4367 4201
f 4364 4363 4368
f 4363 4203 4209
f 4363 4209 4368
f 4368 4209 4369
f 4369 4209 4370
f 4209 4210 4370
f 4370 4210 4371
f 4210 4211 4371
f 4371 4211 4207
f 4366 4371 4207
f 4374 4373 4372
f 4373 4376 4375
f 4372 4373 4375
f 4376 4378 4377
f 4375 4376 4377
f 4378 4380 4379
f 4377 4378 4379
f 4380 4381 4379
f 4384 4383 4382
f 4372 4213 4214
f 4374 4372 4214
f 4374 4214 4382
f 4374 4382 4383
f 4375 4213 4372
f 4216 4213 4375
f 4377 4216 4375
f 4218 4216 4377
f 4218 4385 4219
f 4218 4377 4385
f 4377 4379 4385
f 4381 4387 4386
f 4381 4386 4379
f 4379 4386 4385
f 4387 4388 4386
f 4382 4220 4221
f 4382 4221 4384
f 4384 4221 4389
f 4382 4214 4220
f 4385 4222 4219
f 4386 4222 4385
f 4223 4222 4386
f 4223 4390 4224
f 4386 4390 4223
f 4386 4391 4390
f 4386 4388 4391
f 4391 4392 4390
f 4227 4394 4393
f 4226 4227 4393
f 4226 4393 4395
f 4228 4226 4395
f 4230 4397 4396
f 4229 4230 4396
f 4396 4221 4229
f 4389 4221 4396
f 4390 4231 4224
f 4231 4390 4392
f 4231 4392 4232
f 4232 4392 4398
f 4233 4234 4399
f 4399 4227 4233
f 4399 4400 4227
f 4400 4394 4227
f 4401 4395 4402
f 4401 4235 4395
f 4235 4228 4395
f 4402 4404 4403
f 4401 4402 4403
f 4404 4406 4405
f 4403 4404 4405
f 4406 4408 4407
f 4405 4406 4407
f 4408 4409 4407
f 4238 4411 4410
f 4237 4238 4410
f 4410 4230 4237
f 4397 4230 4410
f 4398 4239 4232
f 4412 4239 4398
f 4239 4412 4413
f 4240 4239 4413
f 4399 4234 4242
f 4242 4400 4399
f 4242 4243 4400
f 4243 4414 4400
f 4401 4245 4235
f 4245 4415 4246
f 4245 4401 4415
f 4401 4403 4415
f 4403 4405 4415
f 4405 4416 4415
f 4405 4407 4416
f 4407 4417 4416
f 4409 4419 4418
f 4409 4418 4407
f 4407 4418 4417
f 4419 4421 4420
f 4418 4419 4420
f 4249 4420 4421
f 4249 4421 4248
f 4248 4421 4422
f 4422 4238 4248
f 4411 4238 4422
f 4423 4413 4424
f 4423 4250 4413
f 4250 4240 4413
f 4424 4425 4423
f 4426 4427 4414
f 4426 4414 4252
f 4252 4414 4243
f 4427 4426 4428
f 4429 4246 4415
f 4253 4246 4429
f 4415 4416 4429
f 4416 4430 4429
f 4431 4432 4430
f 4431 4430 4417
f 4417 4430 4416
f 4434 4431 4417
f 4434 4417 4433
f 4433 4417 4418
f 4418 4420 4433
f 4420 4435 4433
f 4420 4255 4435
f 4249 4255 4420
f 4423 4256 4250
f 4256 4423 4425
f 4256 4425 4257
f 4257 4425 4436
f 4437 4426 4252
f 4437 4252 4438
f 4438 4252 4260
f 4426 4437 4428
f 4439 4253 4429
f 4262 4253 4439
f 4429 4430 4439
f 4430 4440 4439
f 4432 4442 4441
f 4432 4441 4430
f 4430 4441 4440
f 4442 4434 4433
f 4442 4433 4441
f 4441 4433 4443
f 4433 4435 4443
f 4435 4444 4443
f 4435 4264 4444
f 4255 4264 4435
f 4436 4445 4257
f 4445 4265 4257
f 4268 4447 4446
f 4267 4268 4446
f 4448 4270 4267
f 4448 4267 4449
f 4449 4267 4446
f 4449 4450 4448
f 4271 4451 4452
f 4271 4452 4260
f 4260 4452 4438
f 4272 4451 4271
f 4453 4451 4272
f 4453 4454 4455
f 4272 4454 4453
f 4272 4439 4454
f 4272 4262 4439
f 4439 4440 4456
f 4454 4439 4456
f 4440 4441 4457
f 4456 4440 4457
f 4441 4443 4458
f 4457 4441 4458
f 4460 4458 4443
f 4460 4443 4459
f 4459 4443 4444
f 4273 4444 4264
f 4273 4461 4444
f 4461 4459 4444
f 4273 4274 4461
f 4445 4462 4265
f 4462 4276 4265
f 4465 4464 4463
f 4464 4277 4463
f 4464 4447 4277
f 4447 4268 4277
f 4448 4278 4270
f 4278 4448 4450
f 4278 4450 4280
f 4280 4450 4466
f 4452 4451 4467
f 4451 4453 4468
f 4467 4451 4468
f 4453 4455 4468
f 4460 4459 4469
f 4459 4461 4470
f 4469 4459 4470
f 4472 4281 4471
f 4470 4281 4472
f 4470 4274 4281
f 4470 4461 4274
f 4281 4282 4471
f 4284 4473 4285
f 4473 4284 4276
f 4473 4276 4474
f 4474 4276 4462
f 4463 4287 4288
f 4463 4288 4465
f 4465 4288 4475
f 4463 4277 4287
f 4466 4476 4280
f 4476 4290 4280
f 4472 4471 4477
f 4479 4291 4478
f 4477 4291 4479
f 4477 4282 4291
f 4477 4471 4282
f 4291 4292 4478
f 4295 4480 4481
f 4294 4480 4295
f 4285 4473 4482
f 4285 4482 4294
f 4294 4482 4480
f 4473 4474 4482
f 4475 4288 4483
f 4483 4288 4296
f 4476 4484 4290
f 4484 4298 4290
f 4479 4478 4485
f 4478 4486 4485
f 4478 4292 4486
f 4292 4300 4486
f 4303 4487 4488
f 4302 4487 4303
f 4487 4302 4295
f 4481 4487 4295
f 4483 4296 4489
f 4489 4296 4304
f 4484 4490 4298
f 4490 4305 4298
f 4306 4491 4492
f 4306 4492 4300
f 4300 4492 4486
f 4306 4308 4491
f 4313 4493 4494
f 4312 4493 4313
f 4493 4312 4303
f 4488 4493 4303
f 4489 4304 4495
f 4495 4304 4315
f 4317 4496 4497
f 4316 4496 4317
f 4496 4316 4498
f 4316 4318 4498
f 4498 4318 4305
f 4490 4498 4305
f 4492 4491 4499
f 4501 4319 4500
f 4499 4319 4501
f 4499 4308 4319
f 4499 4491 4308
f 4320 4500 4319
f 4502 4500 4320
f 4321 4502 4320
f 4503 4502 4321
f 4322 4503 4321
f 4504 4503 4322
f 4504 4322 4313
f 4504 4313 4505
f 4505 4313 4494
f 4495 4315 4323
f 4506 4495 4323
f 4506 4323 4317
f 4497 4506 4317
f 4508 4501 4500
f 4507 4508 4500
f 4500 4502 4507
f 4502 4509 4507
f 4502 4503 4509
f 4503 4510 4509
f 4511 4512 4510
f 4511 4510 4504
f 4504 4510 4503
f 4504 4505 4511
f 4508 4507 4513
f 4507 4509 4514
f 4513 4507 4514
f 4509 4510 4515
f 4514 4509 4515
f 4510 4512 4515
f 4518 4517 4516
f 4517 4520 4519
f 4516 4517 4519
f 4520 4521 4519
f 4524 4523 4522
f 4516 4325 4326
f 4518 4516 4326
f 4518 4326 4522
f 4518 4522 4523
f 4519 4325 4516
f 4328 4325 4519
f 4328 4525 4329
f 4519 4525 4328
f 4519 4526 4525
f 4519 4521 4526
f 4526 4527 4525
f 4522 4330 4331
f 4522 4331 4524
f 4524 4331 4528
f 4522 4326 4330
f 4525 4332 4329
f 4332 4525 4527
f 4332 4527 4333
f 4333 4527 4529
f 4530 4531 4528
f 4530 4528 4334
f 4334 4528 4331
f 4531 4530 4532
f 4529 4335 4333
f 4533 4335 4529
f 4335 4533 4534
f 4336 4335 4534
f 4530 4334 4337
f 4337 4338 4535
f 4530 4337 4535
f 4530 4535 4536
f 4530 4536 4532
f 4340 4536 4535
f 4340 4339 4536
f 4339 4537 4536
f 4537 4339 4538
f 4339 4341 4538
f 4538 4341 4539
f 4341 4342 4539
f 4539 4342 4336
f 4534 4539 4336
f 4535 4338 4343
f 4535 4343 4340
f 4350 4541 4540
f 4349 4350 4540
f 4540 4542 4349
f 4349 4542 4351
f 4542 4543 4351
f 4351 4543 4352
f 4545 4544 4353
f 4545 4353 4543
f 4543 4353 4352
f 4544 4547 4546
f 4544 4546 4353
f 4353 4546 4354
f 4354 4546 4548
f 4356 4354 4548
f 4359 4550 4549
f 4358 4359 4549
f 4549 4350 4358
f 4541 4350 4549
f 4545 4551 4544
f 4544 4551 4547
f 4548 4360 4356
f 4552 4360 4548
f 4360 4552 4553
f 4361 4360 4553
f 4362 4554 4555
f 4362 4555 4359
f 4359 4555 4550
f 4362 4364 4554
f 4365 4556 4366
f 4556 4557 4558
f 4556 4365 4557
f 4365 4367 4557
f 4557 4367 4361
f 4553 4557 4361
f 4555 4554 4559
f 4561 4368 4560
f 4559 4368 4561
f 4559 4364 4368
f 4559 4554 4364
f 4369 4560 4368
f 4562 4560 4369
f 4370 4562 4369
f 4563 4562 4370
f 4563 4564 4565
f 4563 4370 4564
f 4370 4371 4564
f 4366 4556 4566
f 4366 4566 4371
f 4371 4566 4564
f 4556 4558 4566
f 4568 4561 4560
f 4567 4568 4560
f 4560 4562 4567
f 4562 4569 4567
f 4562 4563 4569
f 4563 4570 4569
f 4565 4571 4570
f 4563 4565 4570
f 4573 4568 4567
f 4572 4573 4567
f 4574 4575 4572
f 4574 4572 4569
f 4569 4572 4567
f 4569 4570 4576
f 4574 4569 4576
f 4570 4571 4576
f 4578 4573 4572
f 4577 4578 4572
f 4575 4580 4579
f 4575 4579 4572
f 4572 4579 4577
f 4580 4582 4581
f 4579 4580 4581
f 4582 4583 4581
f 4586 4585 4584
f 4585 4578 4577
f 4585 4577 4584
f 4584 4577 4587
f 4577 4579 4587
f 4579 4588 4587
f 4579 4581 4588
f 4581 4589 4588
f 4583 4591 4590
f 4583 4590 4581
f 4581 4590 4589
f 4591 4592 4590
f 4595 4594 4593
f 4584 4373 4374
f 4586 4584 4374
f 4586 4374 4593
f 4586 4593 4594
f 4587 4373 4584
f 4376 4373 4587
f 4588 4376 4587
f 4378 4376 4588
f 4589 4378 4588
f 4380 4378 4589
f 4380 4596 4381
f 4380 4589 4596
f 4589 4590 4596
f 4592 4597 4596
f 4590 4592 4596
f 4593 4383 4384
f 4593 4384 4595
f 4595 4384 4598
f 4593 4374 4383
f 4596 4387 4381
f 4387 4596 4597
f 4387 4597 4388
f 4388 4597 4599
f 4598 4384 4600
f 4600 4384 4389
f 4599 4391 4388
f 4601 4391 4599
f 4391 4601 4602
f 4392 4391 4602
f 4393 4394 4603
f 4604 4395 4393
f 4604 4393 4605
f 4603 4606 4393
f 4606 4605 4393
f 4605 4607 4604
f 4397 4609 4608
f 4396 4397 4608
f 4608 4389 4396
f 4600 4389 4608
f 4602 4610 4392
f 4610 4398 4392
f 4611 4603 4394
f 4400 4611 4394
f 4606 4611 4612
f 4606 4603 4611
f 4395 4604 4402
f 4607 4402 4604
f 4607 4613 4402
f 4613 4404 4402
f 4613 4614 4404
f 4404 4614 4406
f 4614 4615 4406
f 4406 4615 4408
f 4616 4409 4408
f 4616 4408 4617
f 4617 4408 4615
f 4617 4618 4616
f 4411 4620 4619
f 4410 4411 4619
f 4619 4397 4410
f 4609 4397 4619
f 4610 4412 4398
f 4621 4412 4610
f 4412 4621 4622
f 4413 4412 4622
f 4623 4611 4400
f 4414 4623 4400
f 4612 4623 4624
f 4611 4623 4612
f 4616 4419 4409
f 4618 4419 4616
f 4618 4625 4419
f 4625 4421 4419
f 4625 4626 4421
f 4421 4626 4422
f 4626 4411 4422
f 4620 4411 4626
f 4622 4424 4413
f 4627 4424 4622
f 4628 4425 4424
f 4628 4424 4629
f 4629 4424 4627
f 4629 4630 4628
f 4623 4414 4427
f 4427 4624 4623
f 4427 4428 4624
f 4428 4631 4624
f 4431 4632 4432
f 4431 4434 4632
f 4633 4425 4628
f 4436 4425 4633
f 4630 4634 4633
f 4628 4630 4633
f 4437 4438 4635
f 4635 4428 4437
f 4635 4636 4428
f 4636 4631 4428
f 4632 4442 4432
f 4632 4434 4442
f 4637 4436 4633
f 4445 4436 4637
f 4634 4638 4637
f 4633 4634 4637
f 4447 4640 4639
f 4446 4447 4639
f 4639 4641 4446
f 4446 4641 4449
f 4449 4641 4642
f 4450 4449 4642
f 4643 4635 4438
f 4452 4643 4438
f 4636 4643 4644
f 4635 4643 4636
f 4454 4645 4455
f 4645 4646 4647
f 4645 4454 4646
f 4454 4456 4646
f 4646 4456 4648
f 4456 4457 4648
f 4650 4458 4649
f 4650 4648 4458
f 4648 4457 4458
f 4458 4460 4649
f 4651 4445 4637
f 4651 4652 4445
f 4652 4462 4445
f 4637 4638 4651
f 4655 4654 4653
f 4465 4653 4654
f 4465 4654 4464
f 4464 4654 4656
f 4656 4447 4464
f 4640 4447 4656
f 4659 4657 4658
f 4658 4657 4466
f 4658 4466 4642
f 4642 4466 4450
f 4643 4452 4467
f 4644 4643 4467
f 4644 4467 4660
f 4660 4467 4468
f 4455 4645 4661
f 4455 4661 4468
f 4468 4661 4660
f 4645 4647 4661
f 4650 4649 4662
f 4649 4460 4469
f 4649 4469 4662
f 4662 4469 4663
f 4665 4470 4664
f 4665 4663 4470
f 4663 4469 4470
f 4470 4472 4664
f 4652 4666 4462
f 4666 4474 4462
f 4668 4655 4653
f 4667 4668 4653
f 4653 4475 4667
f 4465 4475 4653
f 4670 4657 4659
f 4669 4657 4670
f 4657 4669 4476
f 4466 4657 4476
f 4665 4664 4671
f 4664 4472 4477
f 4664 4477 4671
f 4671 4477 4672
f 4477 4673 4672
f 4479 4673 4477
f 4480 4674 4481
f 4674 4675 4676
f 4674 4480 4675
f 4480 4482 4675
f 4675 4482 4474
f 4666 4675 4474
f 4678 4668 4667
f 4677 4678 4667
f 4667 4483 4677
f 4475 4483 4667
f 4680 4669 4670
f 4679 4669 4680
f 4669 4679 4484
f 4476 4669 4484
f 4485 4681 4682
f 4485 4682 4479
f 4479 4682 4673
f 4485 4486 4681
f 4488 4683 4684
f 4487 4683 4488
f 4481 4674 4685
f 4481 4685 4487
f 4487 4685 4683
f 4674 4676 4685
f 4687 4678 4677
f 4686 4687 4677
f 4677 4489 4686
f 4483 4489 4677
f 4689 4679 4680
f 4688 4679 4689
f 4679 4688 4490
f 4484 4679 4490
f 4682 4681 4690
f 4681 4691 4690
f 4681 4486 4691
f 4486 4492 4691
f 4494 4692 4693
f 4493 4692 4494
f 4692 4493 4488
f 4684 4692 4488
f 4687 4686 4694
f 4686 4695 4694
f 4686 4489 4695
f 4489 4495 4695
f 4497 4696 4697
f 4496 4696 4497
f 4688 4689 4696
f 4688 4696 4498
f 4498 4696 4496
f 4688 4498 4490
f 4499 4698 4699
f 4499 4699 4492
f 4492 4699 4691
f 4499 4501 4698
f 4693 4700 4494
f 4700 4505 4494
f 4695 4495 4506
f 4701 4695 4506
f 4701 4506 4497
f 4697 4701 4497
f 4703 4699 4698
f 4702 4703 4698
f 4698 4508 4702
f 4501 4508 4698
f 4511 4704 4512
f 4704 4511 4505
f 4704 4505 4705
f 4705 4505 4700
f 4707 4703 4702
f 4706 4707 4702
f 4513 4702 4508
f 4513 4708 4702
f 4708 4706 4702
f 4514 4708 4513
f 4709 4708 4514
f 4515 4709 4514
f 4710 4709 4515
f 4710 4711 4712
f 4515 4711 4710
f 4515 4704 4711
f 4515 4512 4704
f 4704 4705 4711
f 4714 4707 4706
f 4713 4714 4706
f 4706 4708 4713
f 4708 4715 4713
f 4708 4709 4715
f 4709 4716 4715
f 4709 4710 4716
f 4710 4717 4716
f 4712 4718 4717
f 4710 4712 4717
f 4720 4714 4713
f 4719 4720 4713
f 4713 4715 4719
f 4715 4721 4719
f 4715 4716 4721
f 4716 4722 4721
f 4716 4717 4722
f 4717 4723 4722
f 4718 4724 4723
f 4717 4718 4723
f 4727 4726 4725
f 4726 4720 4719
f 4726 4719 4725
f 4725 4719 4728
f 4518 4721 4517
f 4518 4728 4721
f 4728 4719 4721
f 4722 4517 4721
f 4520 4517 4722
f 4520 4729 4521
f 4520 4722 4729
f 4722 4723 4729
f 4724 4730 4729
f 4723 4724 4729
f 4727 4725 4731
f 4731 4524 4732
f 4731 4728 4524
f 4731 4725 4728
f 4523 4524 4728
f 4728 4518 4523
f 4729 4526 4521
f 4526 4729 4730
f 4526 4730 4527
f 4527 4730 4733
f 4734 4735 4732
f 4734 4732 4528
f 4528 4732 4524
f 4735 4734 4736
f 4737 4733 4738
f 4737 4529 4733
f 4529 4527 4733
f 4738 4739 4737
f 4734 4528 4531
f 4531 4532 4740
f 4734 4531 4740
f 4734 4740 4741
f 4734 4741 4736
f 4741 4742 4743
f 4740 4742 4741
f 4743 4744 4745
f 4742 4744 4743
f 4746 4745 4744
f 4746 4747 4745
f 4737 4533 4529
f 4533 4737 4739
f 4533 4739 4534
f 4747 4746 4739
f 4746 4534 4739
f 4740 4532 4536
f 4742 4740 4536
f 4537 4742 4536
f 4744 4742 4537
f 4538 4744 4537
f 4746 4744 4538
f 4539 4746 4538
f 4746 4539 4534
f 4540 4541 4748
f 4542 4540 4748
f 4749 4542 4748
f 4543 4542 4749
f 4750 4543 4749
f 4543 4750 4545
f 4546 4547 4751
f 4546 4751 4548
f 4550 4753 4752
f 4549 4550 4752
f 4541 4754 4748
f 4541 4549 4754
f 4549 4752 4754
f 4748 4755 4749
f 4754 4755 4748
f 4749 4756 4750
f 4755 4756 4749
f 4750 4551 4545
f 4750 4756 4551
f 4756 4757 4551
f 4547 4758 4751
f 4547 4551 4758
f 4551 4757 4758
f 4760 4759 4552
f 4758 4760 4552
f 4758 4552 4548
f 4758 4548 4751
f 4552 4759 4553
f 4753 4550 4761
f 4761 4550 4555
f 4759 4558 4557
f 4759 4760 4558
f 4760 4762 4558
f 4759 4557 4553
f 4559 4763 4764
f 4559 4764 4555
f 4555 4764 4761
f 4559 4561 4763
f 4564 4765 4565
f 4765 4766 4767
f 4765 4564 4766
f 4564 4566 4766
f 4766 4566 4558
f 4762 4766 4558
f 4769 4764 4763
f 4768 4769 4763
f 4763 4568 4768
f 4561 4568 4763
f 4770 4565 4765
f 4571 4565 4770
f 4767 4771 4770
f 4765 4767 4770
f 4773 4769 4768
f 4772 4773 4768
f 4768 4573 4772
f 4568 4573 4768
f 4574 4774 4575
f 4576 4774 4574
f 4775 4774 4576
f 4571 4775 4576
f 4571 4770 4775
f 4770 4776 4775
f 4771 4777 4776
f 4770 4771 4776
f 4779 4773 4772
f 4778 4779 4772
f 4772 4578 4778
f 4573 4578 4772
f 4774 4580 4575
f 4775 4580 4774
f 4582 4580 4775
f 4582 4780 4583
f 4582 4775 4780
f 4775 4776 4780
f 4777 4781 4780
f 4776 4777 4780
f 4784 4783 4782
f 4778 4585 4586
f 4779 4778 4586
f 4779 4586 4782
f 4779 4782 4783
f 4778 4578 4585
f 4780 4591 4583
f 4591 4780 4781
f 4591 4781 4592
f 4592 4781 4785
f 4782 4594 4595
f 4782 4595 4784
f 4784 4595 4786
f 4782 4586 4594
f 4785 4787 4592
f 4787 4597 4592
f 4786 4595 4788
f 4788 4595 4598
f 4787 4789 4597
f 4789 4599 4597
f 4788 4598 4790
f 4790 4598 4600
f 4789 4601 4599
f 4791 4601 4789
f 4601 4791 4792
f 4602 4601 4792
f 4605 4606 4793
f 4605 4793 4607
f 4608 4609 4794
f 4794 4600 4608
f 4794 4795 4600
f 4795 4790 4600
f 4792 4796 4602
f 4796 4610 4602
f 4797 4793 4606
f 4612 4797 4606
f 4613 4607 4793
f 4613 4793 4798
f 4798 4793 4797
f 4614 4613 4798
f 4799 4614 4798
f 4799 4801 4800
f 4799 4800 4614
f 4614 4800 4615
f 4800 4802 4615
f 4615 4802 4617
f 4617 4802 4803
f 4618 4617 4803
f 4619 4620 4804
f 4609 4619 4804
f 4609 4804 4794
f 4794 4804 4805
f 4795 4805 4806
f 4794 4805 4795
f 4796 4621 4610
f 4807 4621 4796
f 4621 4807 4808
f 4622 4621 4808
f 4809 4797 4612
f 4624 4809 4612
f 4810 4809 4811
f 4810 4798 4809
f 4798 4797 4809
f 4813 4798 4810
f 4813 4812 4798
f 4812 4799 4798
f 4801 4812 4814
f 4799 4812 4801
f 4817 4815 4816
f 4816 4815 4818
f 4816 4818 4618
f 4816 4618 4803
f 4618 4818 4625
f 4626 4625 4818
f 4819 4626 4818
f 4620 4626 4819
f 4620 4819 4804
f 4804 4819 4820
f 4821 4820 4822
f 4821 4805 4820
f 4805 4804 4820
f 4805 4821 4806
f 4808 4627 4622
f 4823 4627 4808
f 4823 4824 4627
f 4627 4824 4629
f 4629 4824 4825
f 4630 4629 4825
f 4826 4809 4624
f 4631 4826 4624
f 4811 4826 4827
f 4809 4826 4811
f 4813 4828 4812
f 4814 4812 4828
f 4830 4831 4829
f 4830 4815 4817
f 4830 4829 4815
f 4829 4832 4815
f 4815 4832 4818
f 4818 4832 4833
f 4818 4833 4819
f 4819 4833 4834
f 4819 4834 4820
f 4820 4834 4835
f 4822 4835 4836
f 4820 4835 4822
f 4837 4825 4838
f 4837 4634 4825
f 4634 4630 4825
f 4838 4839 4837
f 4840 4826 4631
f 4636 4840 4631
f 4827 4840 4841
f 4826 4840 4827
f 4843 4829 4831
f 4842 4829 4843
f 4829 4842 4832
f 4832 4842 4844
f 4832 4844 4833
f 4833 4844 4845
f 4833 4845 4834
f 4834 4845 4846
f 4834 4846 4835
f 4835 4846 4847
f 4836 4847 4848
f 4835 4847 4836
f 4849 4634 4837
f 4638 4634 4849
f 4839 4851 4850
f 4839 4850 4837
f 4837 4850 4849
f 4851 4852 4850
f 4855 4854 4853
f 4854 4857 4856
f 4853 4854 4856
f 4640 4856 4857
f 4640 4857 4639
f 4639 4857 4858
f 4860 4859 4641
f 4860 4641 4858
f 4858 4641 4639
f 4641 4859 4642
f 4861 4840 4636
f 4644 4861 4636
f 4841 4862 4863
f 4841 4840 4862
f 4840 4861 4862
f 4647 4863 4862
f 4647 4646 4863
f 4646 4864 4863
f 4842 4843 4864
f 4842 4864 4648
f 4648 4864 4646
f 4648 4650 4865
f 4648 4865 4842
f 4842 4865 4844
f 4866 4865 4867
f 4866 4845 4865
f 4845 4844 4865
f 4869 4845 4866
f 4869 4868 4845
f 4868 4846 4845
f 4846 4868 4847
f 4847 4868 4870
f 4848 4871 4872
f 4848 4847 4871
f 4847 4870 4871
f 4872 4871 4873
f 4651 4874 4652
f 4638 4874 4651
f 4638 4849 4874
f 4849 4875 4874
f 4849 4850 4875
f 4850 4876 4875
f 4852 4878 4877
f 4852 4877 4850
f 4850 4877 4876
f 4878 4879 4877
f 4882 4881 4880
f 4853 4654 4655
f 4855 4853 4655
f 4855 4655 4880
f 4855 4880 4881
f 4856 4654 4853
f 4656 4654 4856
f 4856 4640 4656
f 4859 4659 4658
f 4859 4860 4659
f 4860 4883 4659
f 4859 4658 4642
f 4861 4644 4660
f 4862 4861 4660
f 4661 4862 4660
f 4862 4661 4647
f 4865 4650 4662
f 4867 4865 4662
f 4867 4662 4884
f 4884 4662 4663
f 4869 4885 4868
f 4869 4663 4885
f 4869 4884 4663
f 4665 4885 4663
f 4868 4885 4870
f 4870 4885 4886
f 4870 4886 4871
f 4871 4886 4887
f 4873 4887 4888
f 4871 4887 4873
f 4889 4652 4874
f 4666 4652 4889
f 4890 4891 4889
f 4890 4889 4875
f 4875 4889 4874
f 4875 4876 4892
f 4890 4875 4892
f 4876 4877 4893
f 4892 4876 4893
f 4877 4879 4893
f 4895 4882 4880
f 4894 4895 4880
f 4880 4668 4894
f 4655 4668 4880
f 4883 4896 4659
f 4896 4670 4659
f 4885 4665 4671
f 4886 4885 4671
f 4672 4886 4671
f 4672 4673 4897
f 4672 4897 4886
f 4886 4897 4887
f 4888 4897 4898
f 4887 4897 4888
f 4676 4899 4900
f 4675 4899 4676
f 4666 4889 4901
f 4666 4901 4675
f 4675 4901 4899
f 4889 4891 4901
f 4903 4895 4894
f 4902 4903 4894
f 4894 4678 4902
f 4668 4678 4894
f 4896 4904 4670
f 4904 4680 4670
f 4905 4897 4673
f 4682 4905 4673
f 4898 4905 4906
f 4897 4905 4898
f 4684 4907 4908
f 4683 4907 4684
f 4907 4683 4909
f 4683 4685 4909
f 4909 4685 4676
f 4900 4909 4676
f 4903 4902 4910
f 4902 4911 4910
f 4902 4678 4911
f 4678 4687 4911
f 4904 4912 4680
f 4912 4689 4680
f 4905 4682 4690
f 4690 4906 4905
f 4690 4691 4906
f 4691 4913 4906
f 4693 4914 4915
f 4692 4914 4693
f 4914 4692 4684
f 4908 4914 4684
f 4694 4916 4917
f 4694 4917 4687
f 4687 4917 4911
f 4694 4695 4916
f 4697 4918 4919
f 4696 4918 4697
f 4918 4696 4689
f 4912 4918 4689
f 4913 4691 4920
f 4920 4691 4699
f 4915 4921 4693
f 4921 4700 4693
f 4917 4916 4922
f 4916 4695 4701
f 4916 4701 4922
f 4922 4701 4923
f 4923 4701 4697
f 4919 4923 4697
f 4920 4699 4924
f 4924 4699 4703
f 4921 4925 4700
f 4925 4705 4700
f 4924 4703 4926
f 4926 4703 4707
f 4711 4927 4712
f 4927 4711 4705
f 4927 4705 4928
f 4928 4705 4925
f 4926 4707 4929
f 4929 4707 4714
f 4930 4712 4927
f 4930 4931 4712
f 4931 4718 4712
f 4927 4928 4930
f 4934 4933 4932
f 4933 4720 4932
f 4933 4929 4720
f 4929 4714 4720
f 4935 4931 4936
f 4935 4724 4931
f 4724 4718 4931
f 4936 4937 4935
f 4932 4726 4727
f 4932 4727 4934
f 4934 4727 4938
f 4932 4720 4726
f 4939 4724 4935
f 4730 4724 4939
f 4937 4940 4939
f 4935 4937 4939
f 4938 4727 4731
f 4941 4938 4731
f 4942 4731 4732
f 4942 4943 4731
f 4943 4941 4731
f 4943 4944 4945
f 4942 4944 4943
f 4945 4944 4946
f 4947 4730 4939
f 4947 4948 4730
f 4948 4733 4730
f 4939 4940 4947
f 4942 4732 4735
f 4735 4736 4949
f 4735 4949 4942
f 4942 4949 4944
f 4946 4950 4951
f 4946 4944 4950
f 4944 4949 4950
f 4951 4950 4952
f 4948 4738 4733
f 4953 4738 4948
f 4738 4953 4954
f 4739 4738 4954
f 4949 4736 4741
f 4950 4949 4741
f 4743 4950 4741
f 4952 4950 4743
f 4952 4743 4955
f 4955 4743 4745
f 4955 4745 4956
f 4745 4747 4956
f 4956 4747 4739
f 4954 4956 4739
f 4752 4753 4957
f 4754 4752 4957
f 4958 4754 4957
f 4755 4754 4958
f 4959 4755 4958
f 4756 4755 4959
f 4960 4756 4959
f 4757 4756 4960
f 4961 4757 4960
f 4758 4757 4961
f 4962 4758 4961
f 4758 4962 4760
f 4963 4957 4753
f 4761 4963 4753
f 4964 4963 4965
f 4964 4958 4963
f 4958 4957 4963
f 4958 4966 4959
f 4964 4966 4958
f 4959 4967 4960
f 4966 4967 4959
f 4969 4960 4967
f 4969 4968 4960
f 4968 4961 4960
f 4961 4968 4962
f 4962 4968 4970
f 4962 4970 4762
f 4760 4962 4762
f 4971 4963 4761
f 4971 4761 4972
f 4972 4761 4764
f 4963 4971 4965
f 4974 4968 4969
f 4973 4968 4974
f 4767 4766 4970
f 4767 4970 4973
f 4973 4970 4968
f 4970 4766 4762
f 4972 4764 4975
f 4975 4764 4769
f 4974 4976 4973
f 4973 4976 4977
f 4973 4977 4767
f 4767 4977 4771
f 4975 4769 4978
f 4978 4769 4773
f 4977 4979 4771
f 4979 4777 4771
f 4978 4773 4980
f 4980 4773 4779
f 4983 4981 4982
f 4982 4981 4781
f 4982 4781 4979
f 4979 4781 4777
f 4783 4784 4984
f 4984 4779 4783
f 4984 4985 4779
f 4985 4980 4779
f 4983 4986 4981
f 4981 4986 4987
f 4981 4987 4781
f 4781 4987 4785
f 4988 4984 4784
f 4988 4784 4989
f 4989 4784 4786
f 4984 4988 4985
f 4987 4990 4785
f 4990 4787 4785
f 4989 4786 4991
f 4991 4786 4788
f 4990 4992 4787
f 4992 4789 4787
f 4991 4788 4993
f 4993 4788 4790
f 4791 4995 4994
f 4791 4789 4995
f 4789 4992 4995
f 4791 4994 4792
f 4996 4997 4993
f 4996 4993 4795
f 4795 4993 4790
f 4997 4996 4998
f 4995 4999 4994
f 4994 4999 5000
f 4994 5000 4792
f 4792 5000 4796
f 4800 4801 5001
f 4802 4800 5001
f 5002 4802 5001
f 4802 5002 4803
f 5003 4996 4795
f 4806 5003 4795
f 4998 5004 5005
f 4998 4996 5004
f 4996 5003 5004
f 5005 5004 5006
f 5009 5007 5008
f 5008 5010 5011
f 5007 5010 5008
f 5011 5012 5013
f 5010 5012 5011
f 5013 5014 5015
f 5012 5014 5013
f 5015 5014 5016
f 5015 5016 4796
f 5015 4796 5000
f 4796 5016 4807
f 4807 5016 4808
f 4810 4811 5017
f 4810 5017 4813
f 5018 5001 4801
f 4814 5018 4801
f 4817 4816 5002
f 4817 5002 5018
f 5018 5002 5001
f 5002 4816 4803
f 4821 4822 5019
f 4806 4821 5019
f 4806 5019 5003
f 5003 5019 5020
f 5003 5020 5004
f 5004 5020 5021
f 5006 5021 5022
f 5004 5021 5006
f 5009 5023 5007
f 5007 5024 5010
f 5023 5024 5007
f 5010 5025 5012
f 5024 5025 5010
f 5012 5026 5014
f 5025 5026 5012
f 5014 5027 5016
f 5026 5027 5014
f 5016 4823 4808
f 5016 5027 4823
f 5027 5028 4823
f 5028 5029 4823
f 4823 5029 4824
f 4824 5029 5030
f 4825 4824 5030
f 5031 5017 4811
f 4827 5031 4811
f 4828 4813 5017
f 4828 5017 5032
f 5032 5017 5031
f 4831 4830 5018
f 4831 5018 5032
f 4814 4828 5018
f 4828 5032 5018
f 5018 4830 4817
f 5033 5019 4822
f 4836 5033 4822
f 5019 5033 5020
f 5020 5033 5034
f 5020 5034 5021
f 5021 5034 5035
f 5022 5036 5037
f 5022 5021 5036
f 5021 5035 5036
f 5037 5036 5038
f 5030 4838 4825
f 5039 4838 5030
f 4838 5039 5040
f 4839 4838 5040
f 5041 5031 4827
f 4841 5041 4827
f 5031 5041 5032
f 5032 5041 5042
f 5032 5042 4843
f 4831 5032 4843
f 5043 5033 4836
f 4848 5043 4836
f 5033 5043 5034
f 5034 5043 5044
f 5034 5044 5035
f 5035 5044 5045
f 5035 5045 5036
f 5036 5045 5046
f 5038 5046 5047
f 5036 5046 5038
f 5040 4851 4839
f 5048 4851 5040
f 5049 4852 4851
f 5049 4851 5050
f 5050 4851 5048
f 5050 5052 5051
f 5049 5050 5051
f 5052 5054 5053
f 5051 5052 5053
f 4855 5053 5054
f 4855 5054 4854
f 4854 5054 5055
f 5055 5056 4854
f 4854 5056 4857
f 5056 5057 4857
f 4857 5057 4858
f 4858 5057 5058
f 4860 4858 5058
f 5041 4841 4863
f 5042 5041 4863
f 4864 5042 4863
f 5042 4864 4843
f 4866 4867 5059
f 4866 5059 4869
f 5043 4848 4872
f 4872 4873 5060
f 4872 5060 5043
f 5043 5060 5044
f 5044 5060 5045
f 5045 5060 5061
f 5045 5061 5046
f 5046 5061 5062
f 5047 5062 5063
f 5046 5062 5047
f 5049 4878 4852
f 4878 5064 4879
f 4878 5049 5064
f 5049 5051 5064
f 4882 5053 4881
f 4882 5064 5053
f 5064 5051 5053
f 5053 4855 4881
f 5067 5065 5066
f 5066 5065 4883
f 5066 4883 5058
f 5058 4883 4860
f 5059 4867 4884
f 5059 4884 4869
f 5068 5060 4873
f 4888 5068 4873
f 5060 5068 5061
f 5061 5068 5069
f 5070 5069 5071
f 5070 5062 5069
f 5062 5061 5069
f 5062 5070 5063
f 5074 5072 5073
f 5073 5072 5075
f 4890 5076 4891
f 4892 5076 4890
f 5077 5076 4892
f 4893 5077 4892
f 5078 5077 4893
f 4879 5078 4893
f 4879 5064 5078
f 5064 5079 5078
f 5064 4895 5079
f 4882 4895 5064
f 5081 5065 5067
f 5080 5065 5081
f 5065 5080 4896
f 4883 5065 4896
f 5082 5068 4888
f 4898 5082 4888
f 5068 5082 5069
f 5069 5082 5083
f 5071 5083 5084
f 5069 5083 5071
f 5074 5085 5072
f 5075 5072 5085
f 5087 5088 5086
f 5087 5089 5090
f 5086 5089 5087
f 5090 5091 5092
f 5089 5091 5090
f 5094 5092 5091
f 5093 4900 4899
f 4901 5093 4899
f 5095 5093 4901
f 4891 5095 4901
f 4891 5076 5095
f 5076 5096 5095
f 5076 5077 5096
f 5077 5097 5096
f 5077 5078 5097
f 5078 5098 5097
f 5078 5079 5098
f 5079 5099 5098
f 5079 4903 5099
f 4895 4903 5079
f 5101 5080 5081
f 5100 5080 5101
f 5080 5100 4904
f 4896 5080 4904
f 5102 5082 4898
f 4906 5102 4898
f 5082 5102 5083
f 5083 5102 5103
f 5084 5103 5104
f 5083 5103 5084
f 5106 5086 5088
f 5105 5086 5106
f 4908 4907 5089
f 4908 5089 5105
f 5105 5089 5086
f 5091 5089 4907
f 4909 5091 4907
f 4900 5093 5107
f 4900 5107 4909
f 5094 5091 5107
f 5091 4909 5107
f 5093 5095 5108
f 5107 5093 5108
f 5095 5096 5109
f 5108 5095 5109
f 5096 5097 5110
f 5109 5096 5110
f 5097 5098 5111
f 5110 5097 5111
f 5113 5111 5098
f 5113 5098 5112
f 5112 5098 5099
f 4910 5099 4903
f 4910 5114 5099
f 5114 5112 5099
f 4910 4911 5114
f 5116 5100 5101
f 5115 5100 5116
f 5100 5115 4912
f 4904 5100 4912
f 5117 5102 4906
f 5117 4906 5118
f 5118 4906 4913
f 5102 5119 5103
f 5117 5119 5102
f 5103 5119 5104
f 5105 4915 4914
f 5105 5106 4915
f 5106 5120 4915
f 5105 4914 4908
f 5113 5112 5121
f 5112 5114 5122
f 5121 5112 5122
f 5114 4911 4917
f 5114 4917 5124
f 5114 5124 5122
f 5124 4917 5123
f 5124 5125 5126
f 5123 5125 5124
f 5115 4919 4918
f 5116 4919 5115
f 5116 5125 4919
f 5116 5126 5125
f 5115 4918 4912
f 5118 4913 5127
f 5127 4913 4920
f 5120 5128 4915
f 5128 4921 4915
f 5123 4917 4922
f 5125 5123 4922
f 4923 5125 4922
f 5125 4923 4919
f 5127 4920 5129
f 5129 4920 4924
f 5128 5130 4921
f 5130 4925 4921
f 5131 5132 5129
f 5131 5129 4926
f 4926 5129 4924
f 5132 5133 5134
f 5131 5133 5132
f 5134 5133 5135
f 5138 5136 5137
f 5137 5136 4928
f 5137 4928 5130
f 5130 4928 4925
f 5139 5131 4926
f 4929 5139 4926
f 5140 5139 5141
f 5140 5133 5139
f 5133 5131 5139
f 5133 5140 5135
f 5136 5138 5143
f 4930 5142 4931
f 5142 4930 4928
f 5142 4928 5144
f 5136 5143 4928
f 5143 5144 4928
f 4933 4934 5145
f 4929 4933 5145
f 4929 5145 5139
f 5139 5145 5146
f 5141 5147 5148
f 5141 5139 5147
f 5139 5146 5147
f 5148 5147 5149
f 5151 5152 5150
f 5142 4936 4931
f 4936 5142 5144
f 4936 5144 4937
f 5151 5150 5144
f 5150 4937 5144
f 5153 5145 4934
f 4938 5153 4934
f 5145 5153 5146
f 5146 5153 5154
f 5146 5154 5147
f 5147 5154 5155
f 5149 5156 5157
f 5149 5147 5156
f 5147 5155 5156
f 5157 5156 5158
f 5160 5150 5152
f 5159 5150 5160
f 5150 5159 4940
f 4937 5150 4940
f 5153 4938 4941
f 5154 5153 4941
f 4943 5154 4941
f 5155 5154 4943
f 4945 5155 4943
f 4945 4946 5161
f 4945 5161 5155
f 5155 5161 5156
f 5158 5162 5163
f 5158 5156 5162
f 5156 5161 5162
f 5159 4948 4947
f 5160 4948 5159
f 5160 5162 4948
f 5160 5163 5162
f 5159 4947 4940
f 5161 4946 4951
f 4951 4952 5164
f 4951 5164 5161
f 5161 5164 5162
f 4953 4948 5162
f 4953 5162 5165
f 5165 5162 5164
f 4953 5165 4954
f 5164 4952 4955
f 5165 5164 4955
f 4956 5165 4955
f 5165 4956 4954
f 4964 4965 5166
f 4966 4964 5166
f 5167 4966 5166
f 4967 4966 5167
f 5168 4967 5167
f 4967 5168 4969
f 4971 4972 5169
f 4965 4971 5169
f 4965 5169 5166
f 5166 5169 5170
f 5166 5170 5167
f 5167 5170 5171
f 5167 5171 5168
f 5168 5171 5172
f 5168 5172 4974
f 4969 5168 4974
f 5173 5169 4972
f 4975 5173 4972
f 5174 5173 5175
f 5174 5170 5173
f 5170 5169 5173
f 5170 5176 5171
f 5174 5176 5170
f 5178 5171 5176
f 5178 5177 5171
f 5177 5172 5171
f 4976 4974 5172
f 4976 5172 5179
f 5179 5172 5177
f 4976 5179 4977
f 5180 5173 4975
f 4978 5180 4975
f 5175 5180 5181
f 5173 5180 5175
f 5178 5182 5177
f 5184 5177 5182
f 5184 5183 5177
f 5183 5179 5177
f 5179 5183 4979
f 4977 5179 4979
f 5185 5180 4978
f 4980 5185 4978
f 5181 5185 5186
f 5180 5185 5181
f 5189 5187 5188
f 5183 4983 4982
f 5184 4983 5183
f 5184 5187 4983
f 5184 5188 5187
f 5183 4982 4979
f 5190 5185 4980
f 4985 5190 4980
f 5186 5191 5192
f 5186 5185 5191
f 5185 5190 5191
f 5192 5193 5194
f 5191 5193 5192
f 5194 5187 5189
f 5194 5193 5187
f 5193 5195 5187
f 4986 4983 5187
f 4986 5187 5196
f 5196 5187 5195
f 4986 5196 4987
f 4989 5198 5197
f 4988 4989 5197
f 4985 5199 5190
f 4985 4988 5199
f 4988 5197 5199
f 5190 5200 5191
f 5199 5200 5190
f 5191 5201 5193
f 5200 5201 5191
f 5193 5202 5195
f 5201 5202 5193
f 5204 5195 5202
f 5204 5203 5195
f 5203 5196 5195
f 5196 5203 4990
f 4987 5196 4990
f 5198 4989 5205
f 5205 4989 4991
f 5207 5203 5204
f 5206 5203 5207
f 5203 5206 4992
f 4990 5203 4992
f 5205 4991 5208
f 5208 4991 4993
f 5210 5206 5207
f 5209 5206 5210
f 5206 5209 4995
f 4992 5206 4995
f 5208 4993 4997
f 5211 5208 4997
f 4997 5212 5211
f 4998 5212 4997
f 5215 5213 5214
f 5214 5209 5210
f 5214 5213 5209
f 5213 5216 5209
f 4999 4995 5209
f 4999 5209 5217
f 5217 5209 5216
f 4999 5217 5000
f 5212 4998 5005
f 5218 5212 5005
f 5219 5005 5006
f 5219 5220 5005
f 5220 5218 5005
f 5009 5220 5219
f 5009 5008 5220
f 5008 5221 5220
f 5213 5215 5221
f 5213 5221 5011
f 5011 5221 5008
f 5216 5213 5011
f 5013 5216 5011
f 5217 5216 5013
f 5015 5217 5013
f 5217 5015 5000
f 5222 5219 5006
f 5022 5222 5006
f 5023 5009 5219
f 5023 5219 5223
f 5223 5219 5222
f 5024 5023 5223
f 5224 5024 5223
f 5025 5024 5224
f 5225 5025 5224
f 5026 5025 5225
f 5226 5026 5225
f 5027 5026 5226
f 5227 5027 5226
f 5028 5027 5227
f 5228 5028 5227
f 5029 5028 5228
f 5229 5029 5228
f 5029 5229 5030
f 5222 5022 5037
f 5037 5038 5230
f 5037 5230 5222
f 5222 5230 5223
f 5223 5230 5224
f 5224 5230 5231
f 5224 5231 5225
f 5225 5231 5232
f 5225 5232 5226
f 5226 5232 5233
f 5226 5233 5227
f 5227 5233 5234
f 5235 5234 5236
f 5235 5228 5234
f 5228 5227 5234
f 5228 5237 5229
f 5235 5237 5228
f 5229 5039 5030
f 5229 5237 5039
f 5237 5238 5039
f 5239 5040 5039
f 5239 5039 5240
f 5240 5039 5238
f 5240 5242 5241
f 5239 5240 5241
f 5242 5243 5241
f 5244 5230 5038
f 5047 5244 5038
f 5230 5244 5231
f 5231 5244 5245
f 5231 5245 5232
f 5232 5245 5246
f 5232 5246 5233
f 5233 5246 5247
f 5233 5247 5234
f 5234 5247 5248
f 5236 5248 5249
f 5234 5248 5236
f 5239 5048 5040
f 5241 5048 5239
f 5050 5048 5241
f 5243 5050 5241
f 5243 5250 5050
f 5250 5052 5050
f 5250 5251 5052
f 5052 5251 5054
f 5251 5252 5054
f 5054 5252 5055
f 5254 5253 5056
f 5254 5056 5252
f 5252 5056 5055
f 5057 5056 5253
f 5255 5057 5253
f 5057 5255 5058
f 5256 5244 5047
f 5063 5256 5047
f 5244 5256 5245
f 5245 5256 5257
f 5245 5257 5246
f 5246 5257 5258
f 5246 5258 5247
f 5247 5258 5259
f 5247 5259 5248
f 5248 5259 5260
f 5249 5260 5261
f 5248 5260 5249
f 5263 5253 5254
f 5262 5253 5263
f 5067 5066 5255
f 5067 5255 5262
f 5262 5255 5253
f 5255 5066 5058
f 5070 5071 5264
f 5063 5070 5264
f 5063 5264 5256
f 5256 5264 5265
f 5074 5073 5257
f 5074 5257 5265
f 5265 5257 5256
f 5073 5075 5266
f 5073 5266 5257
f 5257 5266 5258
f 5258 5266 5259
f 5259 5266 5267
f 5259 5267 5260
f 5260 5267 5268
f 5261 5268 5269
f 5260 5268 5261
f 5271 5262 5263
f 5270 5262 5271
f 5262 5270 5081
f 5067 5262 5081
f 5272 5264 5071
f 5084 5272 5071
f 5264 5272 5265
f 5265 5272 5273
f 5085 5074 5265
f 5085 5265 5274
f 5274 5265 5273
f 5088 5087 5266
f 5088 5266 5274
f 5075 5085 5266
f 5085 5274 5266
f 5267 5266 5087
f 5090 5267 5087
f 5268 5267 5090
f 5092 5268 5090
f 5092 5269 5268
f 5092 5094 5269
f 5094 5275 5269
f 5277 5270 5271
f 5276 5270 5277
f 5270 5276 5101
f 5081 5270 5101
f 5278 5272 5084
f 5104 5278 5084
f 5272 5278 5273
f 5273 5278 5279
f 5273 5279 5274
f 5274 5279 5280
f 5274 5280 5106
f 5088 5274 5106
f 5275 5094 5107
f 5281 5275 5107
f 5281 5107 5282
f 5107 5108 5282
f 5282 5108 5283
f 5108 5109 5283
f 5285 5110 5284
f 5285 5283 5110
f 5283 5109 5110
f 5111 5284 5110
f 5286 5284 5111
f 5111 5113 5286
f 5289 5287 5288
f 5288 5290 5291
f 5287 5290 5288
f 5291 5276 5277
f 5291 5290 5276
f 5290 5292 5276
f 5276 5292 5116
f 5101 5276 5116
f 5118 5294 5293
f 5117 5118 5293
f 5293 5295 5117
f 5117 5295 5119
f 5104 5296 5278
f 5104 5119 5296
f 5119 5295 5296
f 5278 5297 5279
f 5296 5297 5278
f 5299 5279 5297
f 5299 5298 5279
f 5298 5280 5279
f 5280 5298 5120
f 5106 5280 5120
f 5285 5284 5300
f 5284 5286 5301
f 5300 5284 5301
f 5286 5113 5121
f 5286 5121 5301
f 5301 5121 5302
f 5287 5289 5302
f 5287 5302 5122
f 5122 5302 5121
f 5290 5287 5122
f 5124 5290 5122
f 5292 5290 5124
f 5126 5292 5124
f 5292 5126 5116
f 5294 5118 5303
f 5303 5118 5127
f 5305 5298 5299
f 5304 5298 5305
f 5298 5304 5128
f 5120 5298 5128
f 5303 5127 5306
f 5306 5127 5129
f 5309 5307 5308
f 5308 5310 5311
f 5307 5310 5308
f 5311 5304 5305
f 5311 5310 5304
f 5310 5312 5304
f 5304 5312 5130
f 5128 5304 5130
f 5306 5129 5132
f 5313 5306 5132
f 5313 5132 5314
f 5132 5134 5314
f 5309 5315 5307
f 5309 5134 5315
f 5309 5314 5134
f 5135 5315 5134
f 5307 5315 5310
f 5310 5315 5316
f 5138 5137 5312
f 5138 5312 5316
f 5316 5312 5310
f 5312 5137 5130
f 5140 5141 5317
f 5135 5140 5317
f 5135 5317 5315
f 5315 5317 5318
f 5315 5318 5316
f 5316 5318 5319
f 5143 5138 5316
f 5143 5316 5320
f 5320 5316 5319
f 5143 5320 5144
f 5317 5141 5148
f 5148 5149 5321
f 5148 5321 5317
f 5317 5321 5318
f 5318 5321 5319
f 5319 5321 5322
f 5152 5151 5320
f 5152 5320 5322
f 5322 5320 5319
f 5320 5151 5144
f 5321 5149 5157
f 5157 5158 5323
f 5157 5323 5321
f 5321 5323 5322
f 5322 5323 5160
f 5152 5322 5160
f 5323 5158 5163
f 5323 5163 5160
f 5174 5175 5324
f 5176 5174 5324
f 5325 5176 5324
f 5176 5325 5178
f 5326 5324 5175
f 5181 5326 5175
f 5324 5326 5325
f 5325 5326 5327
f 5182 5178 5325
f 5182 5325 5328
f 5328 5325 5327
f 5182 5328 5184
f 5329 5326 5181
f 5186 5329 5181
f 5326 5329 5327
f 5327 5329 5330
f 5189 5188 5328
f 5189 5328 5330
f 5330 5328 5327
f 5328 5188 5184
f 5329 5186 5192
f 5330 5329 5192
f 5194 5330 5192
f 5330 5194 5189
f 5198 5332 5331
f 5197 5198 5331
f 5331 5333 5197
f 5197 5333 5199
f 5333 5334 5199
f 5199 5334 5200
f 5336 5335 5201
f 5336 5201 5334
f 5334 5201 5200
f 5202 5201 5335
f 5337 5202 5335
f 5202 5337 5204
f 5332 5198 5338
f 5338 5198 5205
f 5336 5339 5335
f 5341 5335 5339
f 5341 5340 5335
f 5340 5337 5335
f 5337 5340 5207
f 5204 5337 5207
f 5342 5343 5338
f 5342 5338 5208
f 5208 5338 5205
f 5343 5342 5344
f 5341 5345 5340
f 5340 5345 5346
f 5340 5346 5207
f 5207 5346 5210
f 5342 5208 5211
f 5211 5212 5347
f 5342 5211 5347
f 5342 5347 5348
f 5342 5348 5344
f 5348 5349 5350
f 5347 5349 5348
f 5350 5351 5352
f 5349 5351 5350
f 5215 5352 5351
f 5215 5214 5352
f 5214 5353 5352
f 5353 5214 5210
f 5346 5353 5210
f 5347 5212 5218
f 5349 5347 5218
f 5220 5349 5218
f 5351 5349 5220
f 5221 5351 5220
f 5351 5221 5215
f 5235 5236 5354
f 5237 5235 5354
f 5355 5237 5354
f 5355 5357 5356
f 5355 5356 5237
f 5237 5356 5238
f 5356 5358 5238
f 5238 5358 5240
f 5358 5359 5240
f 5240 5359 5242
f 5242 5359 5360
f 5243 5242 5360
f 5361 5354 5236
f 5249 5361 5236
f 5362 5361 5363
f 5362 5355 5361
f 5355 5354 5361
f 5355 5362 5357
f 5360 5250 5243
f 5364 5250 5360
f 5364 5365 5250
f 5250 5365 5251
f 5367 5366 5252
f 5367 5252 5365
f 5365 5252 5251
f 5252 5366 5254
f 5368 5361 5249
f 5261 5368 5249
f 5363 5368 5369
f 5361 5368 5363
f 5371 5366 5367
f 5370 5366 5371
f 5366 5370 5263
f 5254 5366 5263
f 5372 5368 5261
f 5269 5372 5261
f 5369 5372 5373
f 5368 5372 5369
f 5376 5374 5375
f 5375 5374 5377
f 5380 5378 5379
f 5379 5370 5371
f 5379 5378 5370
f 5378 5381 5370
f 5370 5381 5271
f 5263 5370 5271
f 5382 5372 5269
f 5275 5382 5269
f 5373 5383 5384
f 5373 5372 5383
f 5372 5382 5383
f 5384 5385 5386
f 5383 5385 5384
f 5386 5374 5376
f 5386 5385 5374
f 5385 5387 5374
f 5377 5388 5389
f 5377 5374 5388
f 5374 5387 5388
f 5389 5390 5391
f 5388 5390 5389
f 5391 5378 5380
f 5391 5390 5378
f 5390 5392 5378
f 5378 5392 5381
f 5381 5392 5393
f 5381 5393 5277
f 5271 5381 5277
f 5382 5275 5281
f 5383 5382 5281
f 5282 5383 5281
f 5385 5383 5282
f 5283 5385 5282
f 5283 5285 5394
f 5283 5394 5385
f 5385 5394 5387
f 5387 5394 5388
f 5388 5394 5395
f 5388 5395 5390
f 5390 5395 5396
f 5289 5288 5392
f 5289 5392 5396
f 5396 5392 5390
f 5393 5392 5288
f 5291 5393 5288
f 5393 5291 5277
f 5294 5398 5397
f 5293 5294 5397
f 5397 5399 5293
f 5293 5399 5295
f 5399 5400 5295
f 5295 5400 5296
f 5400 5401 5296
f 5296 5401 5297
f 5402 5299 5297
f 5402 5297 5403
f 5403 5297 5401
f 5403 5404 5402
f 5394 5285 5300
f 5395 5394 5300
f 5301 5395 5300
f 5396 5395 5301
f 5302 5396 5301
f 5396 5302 5289
f 5398 5294 5405
f 5405 5294 5303
f 5406 5299 5402
f 5305 5299 5406
f 5404 5407 5406
f 5402 5404 5406
f 5405 5303 5408
f 5408 5303 5306
f 5308 5409 5309
f 5409 5410 5411
f 5409 5308 5410
f 5308 5311 5410
f 5305 5406 5412
f 5305 5412 5311
f 5311 5412 5410
f 5406 5407 5412
f 5408 5306 5313
f 5413 5408 5313
f 5413 5313 5414
f 5313 5314 5414
f 5309 5409 5415
f 5309 5415 5314
f 5314 5415 5414
f 5409 5411 5415
f 5332 5417 5416
f 5331 5332 5416
f 5416 5418 5331
f 5331 5418 5333
f 5418 5419 5333
f 5333 5419 5334
f 5334 5419 5420
f 5336 5334 5420
f 5417 5332 5421
f 5421 5332 5338
f 5420 5339 5336
f 5422 5339 5420
f 5339 5422 5423
f 5341 5339 5423
f 5421 5338 5343
f 5424 5421 5343
f 5425 5343 5344
f 5425 5426 5343
f 5426 5424 5343
f 5426 5425 5427
f 5345 5429 5428
f 5345 5341 5429
f 5341 5423 5429
f 5345 5428 5346
f 5425 5344 5348
f 5427 5425 5348
f 5427 5348 5430
f 5430 5348 5350
f 5430 5350 5431
f 5350 5352 5431
f 5428 5429 5431
f 5428 5431 5353
f 5353 5431 5352
f 5428 5353 5346
f 5356 5357 5432
f 5358 5356 5432
f 5433 5358 5432
f 5359 5358 5433
f 5434 5359 5433
f 5359 5434 5360
f 5362 5363 5435
f 5357 5362 5435
f 5357 5435 5432
f 5432 5435 5436
f 5432 5436 5433
f 5433 5436 5437
f 5438 5437 5439
f 5438 5434 5437
f 5434 5433 5437
f 5441 5440 5364
f 5438 5441 5364
f 5438 5364 5360
f 5438 5360 5434
f 5365 5364 5440
f 5442 5365 5440
f 5365 5442 5367
f 5443 5435 5363
f 5369 5443 5363
f 5435 5443 5436
f 5436 5443 5444
f 5436 5444 5437
f 5437 5444 5445
f 5439 5446 5447
f 5439 5437 5446
f 5437 5445 5446
f 5447 5440 5441
f 5447 5446 5440
f 5446 5448 5440
f 5440 5448 5442
f 5442 5448 5449
f 5442 5449 5371
f 5367 5442 5371
f 5450 5443 5369
f 5373 5450 5369
f 5443 5450 5444
f 5444 5450 5451
f 5376 5375 5445
f 5376 5445 5451
f 5451 5445 5444
f 5375 5377 5452
f 5375 5452 5445
f 5445 5452 5446
f 5446 5452 5448
f 5448 5452 5453
f 5380 5379 5449
f 5380 5449 5453
f 5453 5449 5448
f 5449 5379 5371
f 5450 5373 5384
f 5451 5450 5384
f 5386 5451 5384
f 5451 5386 5376
f 5452 5377 5389
f 5453 5452 5389
f 5391 5453 5389
f 5453 5391 5380
f 5397 5398 5454
f 5399 5397 5454
f 5455 5399 5454
f 5400 5399 5455
f 5456 5400 5455
f 5401 5400 5456
f 5457 5401 5456
f 5403 5401 5457
f 5458 5403 5457
f 5403 5458 5404
f 5459 5454 5398
f 5459 5398 5460
f 5460 5398 5405
f 5454 5461 5455
f 5459 5461 5454
f 5455 5462 5456
f 5461 5462 5455
f 5456 5463 5457
f 5462 5463 5456
f 5457 5464 5458
f 5463 5464 5457
f 5458 5464 5465
f 5458 5465 5404
f 5404 5465 5407
f 5460 5405 5466
f 5466 5405 5408
f 5410 5467 5411
f 5412 5467 5410
f 5468 5467 5412
f 5468 5412 5407
f 5468 5407 5469
f 5469 5407 5465
f 5466 5408 5413
f 5470 5466 5413
f 5470 5413 5471
f 5413 5414 5471
f 5471 5414 5472
f 5414 5415 5472
f 5411 5467 5473
f 5411 5473 5415
f 5415 5473 5472
f 5467 5468 5474
f 5473 5467 5474
f 5468 5469 5474
f 5417 5476 5475
f 5416 5417 5475
f 5475 5477 5416
f 5416 5477 5418
f 5477 5478 5418
f 5418 5478 5419
f 5479 5420 5419
f 5479 5419 5480
f 5480 5419 5478
f 5480 5481 5479
f 5482 5483 5476
f 5482 5476 5421
f 5421 5476 5417
f 5483 5482 5484
f 5479 5422 5420
f 5422 5479 5481
f 5422 5481 5423
f 5423 5481 5485
f 5482 5421 5424
f 5484 5482 5424
f 5484 5424 5486
f 5486 5424 5426
f 5487 5426 5427
f 5487 5488 5426
f 5488 5486 5426
f 5488 5489 5490
f 5487 5489 5488
f 5490 5489 5429
f 5490 5429 5485
f 5485 5429 5423
f 5487 5427 5430
f 5489 5487 5430
f 5431 5489 5430
f 5489 5431 5429
f 5438 5439 5491
f 5438 5491 5441
f 5491 5439 5447
f 5491 5447 5441
f 5494 5493 5492
f 5460 5492 5493
f 5460 5493 5459
f 5459 5493 5495
f 5495 5496 5459
f 5459 5496 5461
f 5496 5497 5461
f 5461 5497 5462
f 5497 5498 5462
f 5462 5498 5463
f 5498 5499 5463
f 5463 5499 5464
f 5464 5499 5500
f 5465 5464 5500
f 5502 5494 5492
f 5501 5502 5492
f 5492 5466 5501
f 5460 5466 5492
f 5505 5503 5504
f 5504 5503 5506
f 5500 5507 5465
f 5507 5469 5465
f 5502 5501 5508
f 5501 5466 5470
f 5501 5470 5508
f 5508 5470 5509
f 5509 5470 5510
f 5470 5471 5510
f 5510 5471 5511
f 5471 5472 5511
f 5503 5505 5511
f 5503 5511 5473
f 5473 5511 5472
f 5506 5503 5473
f 5506 5473 5512
f 5512 5473 5474
f 5512 5474 5469
f 5507 5512 5469
f 5476 5514 5513
f 5475 5476 5513
f 5513 5515 5475
f 5475 5515 5477
f 5515 5516 5477
f 5477 5516 5478
f 5516 5517 5478
f 5478 5517 5480
f 5518 5481 5480
f 5518 5480 5519
f 5519 5480 5517
f 5519 5520 5518
f 5514 5476 5483
f 5521 5514 5483
f 5483 5522 5521
f 5484 5522 5483
f 5523 5481 5518
f 5523 5524 5481
f 5524 5485 5481
f 5518 5520 5523
f 5522 5484 5486
f 5525 5522 5486
f 5525 5486 5526
f 5486 5488 5526
f 5526 5488 5527
f 5488 5490 5527
f 5527 5490 5485
f 5524 5527 5485
f 5494 5529 5528
f 5493 5494 5528
f 5528 5530 5493
f 5493 5530 5495
f 5530 5531 5495
f 5495 5531 5496
f 5531 5532 5496
f 5496 5532 5497
f 5532 5533 5497
f 5497 5533 5498
f 5535 5534 5499
f 5535 5499 5533
f 5533 5499 5498
f 5499 5534 5500
f 5529 5494 5536
f 5536 5494 5502
f 5505 5537 5538
f 5504 5537 5505
f 5535 5539 5534
f 5535 5504 5539
f 5535 5537 5504
f 5506 5539 5504
f 5534 5539 5507
f 5500 5534 5507
f 5536 5502 5508
f 5540 5536 5508
f 5542 5509 5541
f 5542 5540 5509
f 5540 5508 5509
f 5541 5543 5544
f 5541 5509 5543
f 5509 5510 5543
f 5543 5510 5545
f 5510 5511 5545
f 5545 5511 5505
f 5538 5545 5505
f 5539 5506 5512
f 5539 5512 5507
f 5542 5541 5546
f 5541 5544 5546
f 5549 5548 5547
f 5548 5551 5550
f 5547 5548 5550
f 5551 5552 5550
f 5514 5554 5553
f 5513 5514 5553
f 5553 5555 5513
f 5513 5555 5515
f 5547 5555 5549
f 5547 5516 5555
f 5516 5515 5555
f 5550 5516 5547
f 5517 5516 5550
f 5552 5517 5550
f 5552 5556 5517
f 5556 5519 5517
f 5519 5556 5557
f 5520 5519 5557
f 5554 5514 5521
f 5558 5554 5521
f 5521 5559 5558
f 5522 5559 5521
f 5524 5560 5561
f 5523 5560 5524
f 5560 5523 5520
f 5557 5560 5520
f 5559 5522 5525
f 5562 5559 5525
f 5562 5525 5563
f 5525 5526 5563
f 5563 5526 5564
f 5526 5527 5564
f 5564 5527 5524
f 5561 5564 5524
f 5567 5566 5565
f 5529 5565 5566
f 5529 5566 5528
f 5528 5566 5568
f 5568 5569 5528
f 5528 5569 5530
f 5569 5570 5530
f 5530 5570 5531
f 5570 5571 5531
f 5531 5571 5532
f 5573 5572 5533
f 5573 5533 5571
f 5571 5533 5532
f 5533 5572 5535
f 5567 5565 5574
f 5565 5575 5574
f 5565 5529 5575
f 5529 5536 5575
f 5572 5538 5537
f 5572 5573 5538
f 5573 5576 5538
f 5572 5537 5535
f 5575 5536 5540
f 5577 5575 5540
f 5540 5578 5577
f 5542 5578 5540
f 5543 5579 5544
f 5579 5580 5581
f 5579 5543 5580
f 5543 5545 5580
f 5580 5545 5538
f 5576 5580 5538
f 5578 5542 5546
f 5582 5578 5546
f 5544 5579 5583
f 5544 5583 5546
f 5546 5583 5582
f 5579 5581 5583
f 5549 5585 5584
f 5548 5549 5584
f 5584 5586 5548
f 5548 5586 5551
f 5551 5586 5587
f 5552 5551 5587
f 5554 5589 5588
f 5553 5554 5588
f 5588 5590 5553
f 5553 5590 5555
f 5590 5549 5555
f 5585 5549 5590
f 5587 5556 5552
f 5591 5556 5587
f 5556 5591 5592
f 5557 5556 5592
f 5589 5554 5558
f 5593 5589 5558
f 5558 5594 5593
f 5559 5594 5558
f 5561 5595 5596
f 5560 5595 5561
f 5595 5560 5557
f 5592 5595 5557
f 5594 5559 5562
f 5597 5594 5562
f 5597 5562 5598
f 5562 5563 5598
f 5598 5563 5599
f 5563 5564 5599
f 5599 5564 5561
f 5596 5599 5561
f 5567 5601 5600
f 5566 5567 5600
f 5600 5602 5566
f 5566 5602 5568
f 5602 5603 5568
f 5568 5603 5569
f 5603 5604 5569
f 5569 5604 5570
f 5604 5605 5570
f 5570 5605 5571
f 5571 5605 5606
f 5573 5571 5606
f 5574 5607 5608
f 5574 5608 5567
f 5567 5608 5601
f 5574 5575 5607
f 5606 5609 5573
f 5609 5576 5573
f 5608 5607 5610
f 5607 5575 5577
f 5607 5577 5610
f 5610 5577 5611
f 5612 5577 5578
f 5612 5613 5577
f 5613 5611 5577
f 5613 5614 5615
f 5612 5614 5613
f 5581 5615 5614
f 5581 5580 5615
f 5580 5616 5615
f 5616 5580 5576
f 5609 5616 5576
f 5612 5578 5582
f 5614 5612 5582
f 5583 5614 5582
f 5614 5583 5581
f 5619 5618 5617
f 5618 5620 5617
f 5584 5585 5621
f 5586 5584 5621
f 5622 5586 5621
f 5586 5622 5587
f 5625 5624 5623
f 5617 5588 5589
f 5619 5617 5589
f 5619 5589 5623
f 5619 5623 5624
f 5620 5588 5617
f 5620 5626 5588
f 5626 5590 5588
f 5585 5627 5621
f 5585 5590 5627
f 5590 5626 5627
f 5621 5628 5622
f 5627 5628 5621
f 5622 5591 5587
f 5622 5628 5591
f 5628 5629 5591
f 5591 5629 5630
f 5592 5591 5630
f 5625 5623 5631
f 5623 5589 5593
f 5623 5593 5631
f 5631 5593 5632
f 5593 5633 5632
f 5594 5633 5593
f 5596 5634 5635
f 5595 5634 5596
f 5634 5595 5592
f 5630 5634 5592
f 5633 5594 5597
f 5636 5633 5597
f 5636 5597 5637
f 5597 5598 5637
f 5637 5598 5638
f 5598 5599 5638
f 5638 5599 5596
f 5635 5638 5596
f 5641 5640 5639
f 5640 5643 5642
f 5639 5640 5642
f 5643 5644 5642
f 5601 5646 5645
f 5600 5601 5645
f 5639 5645 5641
f 5639 5602 5645
f 5602 5600 5645
f 5642 5602 5639
f 5603 5602 5642
f 5644 5603 5642
f 5644 5647 5603
f 5647 5604 5603
f 5647 5648 5604
f 5604 5648 5605
f 5605 5648 5649
f 5606 5605 5649
f 5646 5601 5650
f 5650 5601 5608
f 5651 5649 5652
f 5651 5609 5649
f 5609 5606 5649
f 5652 5653 5651
f 5650 5608 5610
f 5654 5650 5610
f 5654 5610 5655
f 5610 5611 5655
f 5655 5611 5656
f 5611 5613 5656
f 5656 5613 5657
f 5613 5615 5657
f 5657 5615 5658
f 5615 5616 5658
f 5609 5651 5659
f 5609 5659 5616
f 5616 5659 5658
f 5651 5653 5659
f 5619 5661 5660
f 5618 5619 5660
f 5662 5620 5618
f 5662 5618 5663
f 5663 5618 5660
f 5663 5665 5664
f 5662 5663 5664
f 5665 5666 5664
f 5625 5668 5667
f 5624 5625 5667
f 5667 5619 5624
f 5661 5619 5667
f 5662 5626 5620
f 5664 5626 5662
f 5627 5626 5664
f 5666 5627 5664
f 5666 5669 5627
f 5669 5628 5627
f 5671 5670 5629
f 5671 5629 5669
f 5669 5629 5628
f 5629 5670 5630
f 5668 5625 5631
f 5672 5668 5631
f 5674 5632 5673
f 5674 5672 5632
f 5672 5631 5632
f 5632 5633 5673
f 5670 5635 5634
f 5670 5671 5635
f 5671 5675 5635
f 5670 5634 5630
f 5674 5673 5676
f 5673 5633 5636
f 5673 5636 5676
f 5676 5636 5677
f 5677 5636 5678
f 5636 5637 5678
f 5678 5637 5679
f 5637 5638 5679
f 5679 5638 5635
f 5675 5679 5635
f 5641 5681 5680
f 5640 5641 5680
f 5680 5682 5640
f 5640 5682 5643
f 5683 5644 5643
f 5683 5643 5684
f 5684 5643 5682
f 5684 5685 5683
f 5646 5687 5686
f 5645 5646 5686
f 5686 5641 5645
f 5681 5641 5686
f 5683 5647 5644
f 5685 5647 5683
f 5685 5688 5647
f 5688 5648 5647
f 5648 5688 5689
f 5649 5648 5689
f 5687 5646 5690
f 5690 5646 5650
f 5652 5692 5691
f 5652 5649 5692
f 5649 5689 5692
f 5652 5691 5653
f 5690 5650 5654
f 5693 5690 5654
f 5693 5654 5694
f 5654 5655 5694
f 5694 5655 5695
f 5655 5656 5695
f 5695 5656 5696
f 5656 5657 5696
f 5696 5657 5697
f 5657 5658 5697
f 5691 5692 5697
f 5691 5697 5659
f 5659 5697 5658
f 5691 5659 5653
f 5661 5699 5698
f 5660 5661 5698
f 5698 5700 5660
f 5660 5700 5663
f 5700 5701 5663
f 5663 5701 5665
f 5665 5701 5702
f 5666 5665 5702
f 5668 5704 5703
f 5667 5668 5703
f 5703 5661 5667
f 5699 5661 5703
f 5702 5669 5666
f 5705 5669 5702
f 5669 5705 5706
f 5671 5669 5706
f 5672 5707 5708
f 5672 5708 5668
f 5668 5708 5704
f 5672 5674 5707
f 5706 5709 5671
f 5709 5675 5671
f 5708 5707 5710
f 5707 5674 5676
f 5707 5676 5710
f 5710 5676 5711
f 5711 5676 5712
f 5676 5677 5712
f 5712 5677 5713
f 5677 5678 5713
f 5713 5678 5714
f 5678 5679 5714
f 5714 5679 5675
f 5709 5714 5675
f 5717 5716 5715
f 5716 5719 5718
f 5715 5716 5718
f 5719 5720 5718
f 5723 5722 5721
f 5715 5680 5681
f 5717 5715 5681
f 5717 5681 5721
f 5717 5721 5722
f 5718 5680 5715
f 5682 5680 5718
f 5720 5682 5718
f 5720 5724 5682
f 5724 5684 5682
f 5725 5685 5684
f 5725 5684 5726
f 5726 5684 5724
f 5726 5727 5725
f 5728 5729 5723
f 5728 5723 5687
f 5721 5686 5723
f 5686 5687 5723
f 5721 5681 5686
f 5729 5728 5730
f 5725 5688 5685
f 5688 5731 5689
f 5725 5731 5688
f 5725 5732 5731
f 5725 5727 5732
f 5732 5733 5731
f 5734 5728 5687
f 5690 5734 5687
f 5730 5735 5736
f 5730 5728 5735
f 5728 5734 5735
f 5736 5737 5738
f 5735 5737 5736
f 5738 5737 5739
f 5740 5689 5731
f 5740 5741 5689
f 5741 5692 5689
f 5731 5733 5740
f 5734 5690 5693
f 5735 5734 5693
f 5694 5735 5693
f 5737 5735 5694
f 5695 5737 5694
f 5739 5737 5695
f 5739 5695 5742
f 5742 5695 5696
f 5742 5696 5743
f 5696 5697 5743
f 5743 5697 5692
f 5741 5743 5692
f 5698 5699 5744
f 5700 5698 5744
f 5745 5700 5744
f 5701 5700 5745
f 5746 5701 5745
f 5701 5746 5702
f 5704 5748 5747
f 5703 5704 5747
f 5699 5749 5744
f 5699 5703 5749
f 5703 5747 5749
f 5744 5750 5745
f 5749 5750 5744
f 5745 5751 5746
f 5750 5751 5745
f 5753 5752 5705
f 5751 5753 5705
f 5751 5705 5702
f 5751 5702 5746
f 5705 5752 5706
f 5756 5755 5754
f 5755 5708 5754
f 5755 5748 5708
f 5748 5704 5708
f 5758 5752 5753
f 5757 5752 5758
f 5752 5757 5709
f 5706 5752 5709
f 5756 5754 5759
f 5761 5710 5760
f 5759 5710 5761
f 5759 5708 5710
f 5759 5754 5708
f 5711 5760 5710
f 5762 5760 5711
f 5712 5762 5711
f 5763 5762 5712
f 5713 5763 5712
f 5764 5763 5713
f 5764 5758 5765
f 5764 5714 5758
f 5764 5713 5714
f 5714 5757 5758
f 5757 5714 5709
f 5761 5760 5766
f 5760 5762 5767
f 5766 5760 5767
f 5762 5763 5768
f 5767 5762 5768
f 5763 5764 5769
f 5768 5763 5769
f 5764 5765 5769
f 5772 5771 5770
f 5771 5774 5773
f 5770 5771 5773
f 5774 5775 5773
f 5778 5777 5776
f 5770 5716 5717
f 5772 5770 5717
f 5772 5717 5776
f 5772 5776 5777
f 5773 5716 5770
f 5719 5716 5773
f 5719 5779 5720
f 5773 5779 5719
f 5773 5780 5779
f 5773 5775 5780
f 5780 5781 5779
f 5776 5722 5723
f 5776 5723 5778
f 5778 5723 5782
f 5776 5717 5722
f 5779 5724 5720
f 5781 5724 5779
f 5781 5783 5724
f 5783 5726 5724
f 5726 5783 5784
f 5727 5726 5784
f 5782 5723 5729
f 5785 5782 5729
f 5786 5729 5730
f 5786 5787 5729
f 5787 5785 5729
f 5787 5786 5788
f 5732 5790 5789
f 5732 5727 5790
f 5727 5784 5790
f 5732 5789 5733
f 5786 5730 5736
f 5788 5786 5736
f 5788 5736 5791
f 5791 5736 5738
f 5792 5738 5739
f 5792 5793 5738
f 5793 5791 5738
f 5793 5794 5795
f 5792 5794 5793
f 5789 5741 5740
f 5790 5741 5789
f 5790 5794 5741
f 5790 5795 5794
f 5789 5740 5733
f 5792 5739 5742
f 5794 5792 5742
f 5743 5794 5742
f 5794 5743 5741
f 5747 5748 5796
f 5749 5747 5796
f 5797 5749 5796
f 5750 5749 5797
f 5798 5750 5797
f 5751 5750 5798
f 5799 5751 5798
f 5751 5799 5753
f 5755 5756 5800
f 5800 5802 5801
f 5755 5800 5801
f 5755 5801 5796
f 5755 5796 5748
f 5796 5803 5797
f 5801 5803 5796
f 5797 5804 5798
f 5803 5804 5797
f 5798 5805 5799
f 5804 5805 5798
f 5799 5805 5806
f 5799 5806 5753
f 5753 5806 5758
f 5800 5756 5759
f 5759 5802 5800
f 5759 5761 5802
f 5761 5807 5802
f 5806 5808 5758
f 5808 5765 5758
f 5811 5810 5809
f 5810 5812 5809
f 5810 5761 5812
f 5810 5807 5761
f 5761 5766 5812
f 5767 5812 5766
f 5813 5812 5767
f 5768 5813 5767
f 5814 5813 5768
f 5769 5814 5768
f 5815 5814 5769
f 5815 5769 5765
f 5815 5765 5816
f 5816 5765 5808
f 5818 5811 5809
f 5817 5818 5809
f 5809 5812 5817
f 5812 5819 5817
f 5812 5813 5819
f 5813 5820 5819
f 5813 5814 5820
f 5814 5821 5820
f 5822 5823 5821
f 5822 5821 5815
f 5815 5821 5814
f 5815 5816 5822
f 5818 5817 5824
f 5826 5824 5817
f 5826 5817 5825
f 5825 5817 5819
f 5827 5828 5825
f 5827 5825 5820
f 5820 5825 5819
f 5820 5821 5829
f 5827 5820 5829
f 5821 5823 5829
f 5826 5825 5830
f 5825 5828 5830
f 5833 5832 5831
f 5832 5834 5831
f 5837 5836 5835
f 5836 5833 5831
f 5836 5831 5835
f 5835 5831 5838
f 5834 5840 5839
f 5834 5839 5831
f 5831 5839 5838
f 5840 5841 5839
f 5844 5843 5842
f 5835 5771 5772
f 5837 5835 5772
f 5837 5772 5842
f 5837 5842 5843
f 5838 5771 5835
f 5774 5771 5838
f 5774 5845 5775
f 5774 5838 5845
f 5838 5839 5845
f 5841 5846 5845
f 5839 5841 5845
f 5842 5777 5778
f 5842 5778 5844
f 5844 5778 5847
f 5842 5772 5777
f 5845 5780 5775
f 5780 5845 5846
f 5780 5846 5781
f 5781 5846 5848
f 5847 5778 5849
f 5849 5778 5782
f 5848 5783 5781
f 5850 5783 5848
f 5783 5850 5851
f 5784 5783 5851
f 5849 5782 5785
f 5852 5849 5785
f 5852 5785 5853
f 5785 5787 5853
f 5854 5787 5788
f 5854 5855 5787
f 5855 5853 5787
f 5855 5854 5856
f 5859 5857 5858
f 5858 5857 5790
f 5858 5790 5851
f 5851 5790 5784
f 5854 5788 5791
f 5856 5854 5791
f 5856 5791 5860
f 5860 5791 5793
f 5857 5859 5860
f 5857 5860 5795
f 5795 5860 5793
f 5857 5795 5790
f 5801 5802 5861
f 5803 5801 5861
f 5862 5803 5861
f 5804 5803 5862
f 5863 5804 5862
f 5805 5804 5863
f 5864 5805 5863
f 5805 5864 5806
f 5865 5861 5802
f 5865 5802 5866
f 5866 5802 5807
f 5861 5867 5862
f 5865 5867 5861
f 5862 5868 5863
f 5867 5868 5862
f 5863 5869 5864
f 5868 5869 5863
f 5864 5869 5870
f 5864 5870 5806
f 5806 5870 5808
f 5811 5872 5871
f 5810 5811 5871
f 5871 5807 5810
f 5866 5807 5871
f 5870 5873 5808
f 5873 5816 5808
f 5872 5811 5874
f 5874 5811 5818
f 5822 5875 5823
f 5875 5822 5816
f 5875 5816 5876
f 5876 5816 5873
f 5824 5877 5878
f 5824 5878 5818
f 5818 5878 5874
f 5824 5826 5877
f 5827 5879 5828
f 5829 5879 5827
f 5880 5879 5829
f 5880 5881 5882
f 5829 5881 5880
f 5829 5875 5881
f 5829 5823 5875
f 5875 5876 5881
f 5884 5878 5877
f 5883 5884 5877
f 5830 5877 5826
f 5830 5885 5877
f 5885 5883 5877
f 5828 5885 5830
f 5828 5879 5885
f 5879 5886 5885
f 5879 5880 5886
f 5880 5887 5886
f 5882 5888 5887
f 5880 5882 5887
f 5884 5883 5889
f 5891 5889 5883
f 5891 5883 5890
f 5890 5883 5885
f 5885 5886 5890
f 5886 5892 5890
f 5886 5887 5892
f 5887 5893 5892
f 5888 5894 5893
f 5887 5888 5893
f 5897 5896 5895
f 5896 5891 5890
f 5896 5890 5895
f 5895 5890 5898
f 5833 5892 5832
f 5833 5898 5892
f 5898 5890 5892
f 5832 5899 5834
f 5832 5892 5899
f 5892 5893 5899
f 5894 5900 5899
f 5893 5894 5899
f 5902 5897 5895
f 5901 5902 5895
f 5837 5898 5836
f 5837 5901 5898
f 5901 5895 5898
f 5898 5833 5836
f 5899 5840 5834
f 5840 5903 5841
f 5899 5903 5840
f 5899 5904 5903
f 5899 5900 5904
f 5904 5905 5903
f 5901 5843 5844
f 5901 5844 5902
f 5902 5844 5906
f 5901 5837 5843
f 5907 5841 5903
f 5907 5908 5841
f 5908 5846 5841
f 5903 5905 5907
f 5906 5844 5909
f 5909 5844 5847
f 5908 5910 5846
f 5910 5848 5846
f 5911 5912 5909
f 5911 5909 5849
f 5849 5909 5847
f 5912 5913 5914
f 5911 5913 5912
f 5914 5913 5915
f 5918 5916 5917
f 5917 5916 5919
f 5917 5919 5848
f 5917 5848 5910
f 5848 5919 5850
f 5850 5919 5851
f 5911 5849 5852
f 5913 5911 5852
f 5853 5913 5852
f 5915 5913 5853
f 5915 5853 5920
f 5920 5853 5855
f 5918 5921 5916
f 5918 5855 5921
f 5918 5920 5855
f 5856 5921 5855
f 5859 5858 5919
f 5859 5919 5921
f 5921 5919 5916
f 5919 5858 5851
f 5921 5856 5860
f 5921 5860 5859
f 5865 5866 5922
f 5867 5865 5922
f 5923 5867 5922
f 5868 5867 5923
f 5924 5868 5923
f 5869 5868 5924
f 5925 5869 5924
f 5869 5925 5870
f 5871 5872 5926
f 5926 5928 5927
f 5871 5926 5927
f 5871 5927 5922
f 5871 5922 5866
f 5922 5929 5923
f 5927 5929 5922
f 5923 5930 5924
f 5929 5930 5923
f 5932 5924 5930
f 5932 5931 5924
f 5931 5925 5924
f 5925 5931 5873
f 5870 5925 5873
f 5933 5926 5872
f 5874 5933 5872
f 5928 5933 5934
f 5926 5933 5928
f 5932 5935 5931
f 5931 5935 5936
f 5931 5936 5873
f 5873 5936 5876
f 5937 5933 5874
f 5937 5874 5938
f 5938 5874 5878
f 5933 5937 5934
f 5881 5939 5882
f 5939 5881 5876
f 5939 5876 5940
f 5940 5876 5936
f 5938 5878 5941
f 5941 5878 5884
f 5942 5882 5939
f 5888 5882 5942
f 5940 5943 5942
f 5939 5940 5942
f 5889 5944 5945
f 5889 5945 5884
f 5884 5945 5941
f 5889 5891 5944
f 5946 5888 5942
f 5894 5888 5946
f 5943 5947 5946
f 5942 5943 5946
f 5944 5896 5897
f 5944 5897 5945
f 5945 5897 5948
f 5944 5891 5896
f 5949 5894 5946
f 5900 5894 5949
f 5947 5950 5949
f 5946 5947 5949
f 5951 5952 5948
f 5951 5948 5902
f 5902 5948 5897
f 5952 5953 5954
f 5951 5953 5952
f 5954 5953 5955
f 5957 5958 5956
f 5949 5904 5900
f 5904 5949 5950
f 5904 5950 5905
f 5957 5956 5950
f 5956 5905 5950
f 5959 5951 5902
f 5906 5959 5902
f 5951 5959 5953
f 5953 5959 5960
f 5955 5961 5962
f 5955 5953 5961
f 5953 5960 5961
f 5962 5963 5964
f 5961 5963 5962
f 5956 5908 5907
f 5958 5908 5956
f 5958 5963 5908
f 5958 5964 5963
f 5956 5907 5905
f 5965 5959 5906
f 5909 5965 5906
f 5959 5965 5960
f 5960 5965 5966
f 5960 5966 5961
f 5961 5966 5967
f 5961 5967 5963
f 5963 5967 5968
f 5963 5968 5910
f 5908 5963 5910
f 5965 5909 5912
f 5966 5965 5912
f 5914 5966 5912
f 5914 5915 5969
f 5914 5969 5966
f 5966 5969 5967
f 5918 5917 5968
f 5918 5968 5969
f 5969 5968 5967
f 5968 5917 5910
f 5969 5915 5920
f 5969 5920 5918
f 5927 5928 5970
f 5929 5927 5970
f 5971 5929 5970
f 5930 5929 5971
f 5972 5930 5971
f 5930 5972 5932
f 5973 5970 5928
f 5934 5973 5928
f 5970 5973 5971
f 5971 5973 5974
f 5971 5974 5972
f 5972 5974 5975
f 5935 5932 5972
f 5935 5972 5976
f 5976 5972 5975
f 5935 5976 5936
f 5937 5938 5977
f 5934 5937 5977
f 5934 5977 5973
f 5973 5977 5978
f 5973 5978 5974
f 5974 5978 5979
f 5980 5979 5981
f 5980 5975 5979
f 5975 5974 5979
f 5983 5975 5980
f 5983 5982 5975
f 5982 5976 5975
f 5976 5982 5940
f 5936 5976 5940
f 5984 5977 5938
f 5941 5984 5938
f 5977 5984 5978
f 5978 5984 5985
f 5978 5985 5979
f 5979 5985 5986
f 5981 5986 5987
f 5979 5986 5981
f 5989 5982 5983
f 5988 5982 5989
f 5982 5988 5943
f 5940 5982 5943
f 5990 5984 5941
f 5945 5990 5941
f 5984 5990 5985
f 5985 5990 5991
f 5985 5991 5986
f 5986 5991 5992
f 5987 5993 5994
f 5987 5986 5993
f 5986 5992 5993
f 5994 5988 5989
f 5994 5993 5988
f 5993 5995 5988
f 5988 5995 5947
f 5943 5988 5947
f 5996 5990 5945
f 5948 5996 5945
f 5990 5996 5991
f 5991 5996 5997
f 5991 5997 5992
f 5992 5997 5998
f 5992 5998 5993
f 5993 5998 5999
f 5993 5999 5995
f 5995 5999 6000
f 5995 6000 5950
f 5947 5995 5950
f 5996 5948 5952
f 5997 5996 5952
f 5954 5997 5952
f 5954 5955 6001
f 5954 6001 5997
f 5997 6001 5998
f 5998 6001 5999
f 5999 6001 6002
f 5958 5957 6000
f 5958 6000 6002
f 6002 6000 5999
f 6000 5957 5950
f 6001 5955 5962
f 6002 6001 5962
f 5964 6002 5962
f 6002 5964 5958
f 6005 6004 6003
f 6004 6006 6003
f 6009 6008 6007
f 6008 6005 6003
f 6008 6003 6007
f 6007 6003 6010
f 6006 6012 6011
f 6006 6011 6003
f 6003 6011 6010
f 6012 6013 6011
f 6015 6009 6007
f 6014 6015 6007
f 6007 6010 6014
f 6010 6016 6014
f 6010 6011 6016
f 6011 6017 6016
f 6013 6018 6017
f 6011 6013 6017
f 6020 6015 6014
f 6019 6020 6014
f 6014 6016 6019
f 6016 6021 6019
f 6016 6017 6021
f 6017 6022 6021
f 6018 6023 6022
f 6017 6018 6022
f 6025 6020 6019
f 6024 6025 6019
f 6019 6021 6024
f 6021 6026 6024
f 6021 6022 6026
f 6022 6027 6026
f 6023 6028 6027
f 6022 6023 6027
f 6030 6025 6024
f 6029 6030 6024
f 6024 6026 6029
f 6026 6031 6029
f 6026 6027 6031
f 6027 6032 6031
f 6028 6033 6032
f 6027 6028 6032
f 6030 6029 6034
f 6036 6034 6029
f 6036 6029 6035
f 6035 6029 6031
f 6031 6032 6035
f 6032 6037 6035
f 6033 6038 6037
f 6032 6033 6037
f 6040 6036 6035
f 6039 6040 6035
f 6035 6037 6039
f 6037 6041 6039
f 6038 6042 6041
f 6037 6038 6041
f 6040 6039 6043
f 6045 6043 6039
f 6045 6039 6044
f 6044 6039 6041
f 6042 6046 6044
f 6041 6042 6044
f 6045 6044 6047
f 6044 6046 6047
f 6050 6049 6048
f 6049 6052 6051
f 6048 6049 6051
f 6052 6054 6053
f 6051 6052 6053
f 6054 6056 6055
f 6053 6054 6055
f 6056 6057 6055
f 6059 6050 6048
f 6058 6059 6048
f 6048 6051 6058
f 6051 6060 6058
f 6051 6053 6060
f 6053 6061 6060
f 6062 6063 6061
f 6062 6061 6055
f 6055 6061 6053
f 6055 6057 6062
f 6066 6065 6064
f 6065 6068 6067
f 6064 6065 6067
f 6068 6069 6067
f 6071 6059 6058
f 6070 6071 6058
f 6058 6060 6070
f 6060 6072 6070
f 6073 6074 6072
f 6073 6072 6061
f 6061 6072 6060
f 6061 6063 6073
f 6077 6076 6075
f 6076 6066 6064
f 6076 6064 6075
f 6075 6064 6078
f 6064 6067 6078
f 6067 6079 6078
f 6069 6081 6080
f 6069 6080 6067
f 6067 6080 6079
f 6081 6071 6070
f 6081 6070 6080
f 6080 6070 6082
f 6070 6072 6082
f 6072 6083 6082
f 6074 6084 6083
f 6072 6074 6083
f 6087 6086 6085
f 6075 6004 6005
f 6077 6075 6005
f 6077 6005 6085
f 6077 6085 6086
f 6004 6088 6006
f 6004 6075 6088
f 6075 6078 6088
f 6078 6079 6088
f 6079 6089 6088
f 6079 6080 6089
f 6080 6090 6089
f 6080 6082 6090
f 6082 6091 6090
f 6082 6083 6091
f 6083 6092 6091
f 6084 6093 6092
f 6083 6084 6092
f 6085 6008 6009
f 6085 6009 6087
f 6087 6009 6094
f 6085 6005 6008
f 6088 6012 6006
f 6012 6095 6013
f 6012 6088 6095
f 6088 6089 6095
f 6089 6090 6095
f 6090 6096 6095
f 6090 6091 6096
f 6091 6097 6096
f 6091 6092 6097
f 6092 6098 6097
f 6093 6099 6098
f 6092 6093 6098
f 6094 6009 6100
f 6100 6009 6015
f 6101 6013 6095
f 6018 6013 6101
f 6095 6096 6101
f 6096 6102 6101
f 6103 6104 6102
f 6103 6102 6097
f 6097 6102 6096
f 6106 6103 6097
f 6106 6097 6105
f 6105 6097 6098
f 6099 6108 6107
f 6099 6107 6098
f 6098 6107 6105
f 6108 6110 6109
f 6107 6108 6109
f 6110 6111 6109
f 6100 6015 6112
f 6112 6015 6020
f 6113 6018 6101
f 6023 6018 6113
f 6114 6115 6113
f 6114 6113 6102
f 6102 6113 6101
f 6102 6104 6114
f 6117 6106 6105
f 6116 6117 6105
f 6105 6107 6116
f 6107 6118 6116
f 6107 6109 6118
f 6109 6119 6118
f 6111 6120 6119
f 6109 6111 6119
f 6112 6020 6121
f 6121 6020 6025
f 6122 6023 6113
f 6028 6023 6122
f 6115 6123 6122
f 6113 6115 6122
f 6126 6125 6124
f 6125 6117 6116
f 6125 6116 6124
f 6124 6116 6127
f 6116 6118 6127
f 6118 6128 6127
f 6118 6119 6128
f 6119 6129 6128
f 6120 6130 6129
f 6119 6120 6129
f 6121 6025 6131
f 6131 6025 6030
f 6132 6028 6122
f 6033 6028 6132
f 6123 6133 6132
f 6122 6123 6132
f 6135 6126 6124
f 6134 6135 6124
f 6124 6127 6134
f 6127 6136 6134
f 6127 6128 6136
f 6128 6137 6136
f 6138 6139 6137
f 6138 6137 6129
f 6129 6137 6128
f 6129 6130 6138
f 6034 6140 6141
f 6034 6141 6030
f 6030 6141 6131
f 6034 6036 6140
f 6142 6033 6132
f 6038 6033 6142
f 6133 6143 6142
f 6132 6133 6142
f 6135 6134 6144
f 6134 6136 6145
f 6144 6134 6145
f 6147 6145 6136
f 6147 6136 6146
f 6146 6136 6137
f 6139 6148 6146
f 6137 6139 6146
f 6141 6140 6149
f 6140 6150 6149
f 6140 6036 6150
f 6036 6040 6150
f 6151 6038 6142
f 6042 6038 6151
f 6143 6153 6152
f 6143 6152 6142
f 6142 6152 6151
f 6153 6155 6154
f 6152 6153 6154
f 6155 6157 6156
f 6154 6155 6156
f 6157 6147 6146
f 6157 6146 6156
f 6156 6146 6158
f 6148 6159 6158
f 6146 6148 6158
f 6043 6160 6161
f 6043 6161 6040
f 6040 6161 6150
f 6043 6045 6160
f 6162 6042 6151
f 6046 6042 6162
f 6163 6164 6162
f 6163 6162 6152
f 6152 6162 6151
f 6166 6163 6152
f 6166 6152 6165
f 6165 6152 6154
f 6154 6156 6165
f 6156 6167 6165
f 6168 6169 6167
f 6168 6167 6158
f 6158 6167 6156
f 6158 6159 6168
f 6161 6160 6170
f 6160 6045 6047
f 6160 6047 6170
f 6170 6047 6171
f 6046 6162 6172
f 6046 6172 6047
f 6047 6172 6171
f 6162 6164 6172
f 6166 6165 6173
f 6175 6173 6165
f 6175 6165 6174
f 6174 6165 6167
f 6169 6177 6176
f 6169 6176 6167
f 6167 6176 6174
f 6177 6178 6176
f 6180 6175 6174
f 6179 6180 6174
f 6174 6176 6179
f 6176 6181 6179
f 6178 6182 6181
f 6176 6178 6181
f 6180 6179 6183
f 6179 6181 6184
f 6183 6179 6184
f 6181 6182 6184
f 6187 6186 6185
f 6050 6185 6186
f 6050 6186 6049
f 6049 6186 6188
f 6188 6189 6049
f 6049 6189 6052
f 6189 6190 6052
f 6052 6190 6054
f 6190 6191 6054
f 6054 6191 6056
f 6192 6057 6056
f 6192 6056 6193
f 6193 6056 6191
f 6193 6195 6194
f 6192 6193 6194
f 6195 6197 6196
f 6194 6195 6196
f 6197 6198 6196
f 6201 6200 6199
f 6200 6203 6202
f 6199 6200 6202
f 6203 6187 6185
f 6203 6185 6202
f 6202 6185 6204
f 6185 6059 6204
f 6050 6059 6185
f 6062 6205 6063
f 6057 6205 6062
f 6057 6192 6205
f 6192 6206 6205
f 6192 6194 6206
f 6194 6207 6206
f 6208 6209 6207
f 6208 6207 6196
f 6196 6207 6194
f 6196 6198 6208
f 6212 6211 6210
f 6199 6065 6066
f 6201 6199 6066
f 6201 6066 6210
f 6201 6210 6211
f 6202 6065 6199
f 6068 6065 6202
f 6068 6213 6069
f 6068 6202 6213
f 6202 6204 6213
f 6204 6071 6213
f 6059 6071 6204
f 6073 6214 6074
f 6063 6214 6073
f 6063 6205 6214
f 6205 6215 6214
f 6216 6217 6215
f 6216 6215 6206
f 6206 6215 6205
f 6206 6207 6218
f 6216 6206 6218
f 6207 6209 6218
f 6210 6076 6077
f 6210 6077 6212
f 6212 6077 6219
f 6210 6066 6076
f 6213 6081 6069
f 6213 6071 6081
f 6220 6074 6214
f 6084 6074 6220
f 6214 6215 6220
f 6215 6221 6220
f 6217 6222 6221
f 6215 6217 6221
f 6087 6224 6223
f 6086 6087 6223
f 6223 6077 6086
f 6219 6077 6223
f 6225 6084 6220
f 6093 6084 6225
f 6220 6221 6225
f 6221 6226 6225
f 6222 6228 6227
f 6222 6227 6221
f 6221 6227 6226
f 6228 6229 6227
f 6224 6087 6230
f 6230 6087 6094
f 6231 6093 6225
f 6099 6093 6231
f 6225 6226 6231
f 6226 6232 6231
f 6226 6227 6232
f 6227 6233 6232
f 6229 6235 6234
f 6229 6234 6227
f 6227 6234 6233
f 6235 6236 6234
f 6230 6094 6237
f 6237 6094 6100
f 6103 6238 6104
f 6103 6106 6238
f 6231 6108 6099
f 6232 6108 6231
f 6110 6108 6232
f 6110 6239 6111
f 6110 6232 6239
f 6232 6233 6239
f 6233 6234 6239
f 6234 6240 6239
f 6236 6242 6241
f 6236 6241 6234
f 6234 6241 6240
f 6242 6243 6241
f 6246 6245 6244
f 6245 6112 6244
f 6245 6237 6112
f 6237 6100 6112
f 6114 6247 6115
f 6104 6247 6114
f 6104 6238 6247
f 6238 6248 6247
f 6238 6117 6248
f 6106 6117 6238
f 6249 6111 6239
f 6120 6111 6249
f 6239 6240 6249
f 6240 6250 6249
f 6240 6241 6250
f 6241 6251 6250
f 6243 6252 6251
f 6241 6243 6251
f 6254 6246 6244
f 6253 6254 6244
f 6244 6121 6253
f 6112 6121 6244
f 6255 6115 6247
f 6123 6115 6255
f 6126 6248 6125
f 6126 6255 6248
f 6255 6247 6248
f 6248 6117 6125
f 6256 6120 6249
f 6130 6120 6256
f 6249 6250 6256
f 6250 6257 6256
f 6250 6251 6257
f 6251 6258 6257
f 6252 6259 6258
f 6251 6252 6258
f 6254 6253 6260
f 6253 6261 6260
f 6253 6121 6261
f 6121 6131 6261
f 6262 6123 6255
f 6133 6123 6262
f 6255 6135 6262
f 6126 6135 6255
f 6138 6263 6139
f 6130 6263 6138
f 6130 6256 6263
f 6256 6264 6263
f 6256 6257 6264
f 6257 6265 6264
f 6266 6267 6265
f 6266 6265 6258
f 6258 6265 6257
f 6258 6259 6266
f 6261 6131 6268
f 6268 6131 6141
f 6269 6133 6262
f 6143 6133 6269
f 6144 6262 6135
f 6144 6270 6262
f 6270 6269 6262
f 6145 6270 6144
f 6271 6270 6145
f 6145 6147 6271
f 6272 6139 6263
f 6148 6139 6272
f 6263 6264 6272
f 6264 6273 6272
f 6274 6275 6273
f 6274 6273 6265
f 6265 6273 6264
f 6265 6267 6274
f 6278 6277 6276
f 6277 6279 6276
f 6149 6280 6281
f 6149 6281 6141
f 6141 6281 6268
f 6149 6150 6280
f 6269 6153 6143
f 6270 6153 6269
f 6155 6153 6270
f 6271 6155 6270
f 6157 6155 6271
f 6271 6147 6157
f 6282 6148 6272
f 6159 6148 6282
f 6283 6284 6282
f 6283 6282 6273
f 6273 6282 6272
f 6273 6275 6283
f 6287 6286 6285
f 6286 6278 6276
f 6286 6276 6285
f 6285 6276 6288
f 6279 6289 6288
f 6276 6279 6288
f 6281 6280 6290
f 6280 6291 6290
f 6280 6150 6291
f 6150 6161 6291
f 6163 6292 6164
f 6163 6166 6292
f 6168 6293 6169
f 6159 6293 6168
f 6159 6282 6293
f 6282 6294 6293
f 6284 6295 6294
f 6282 6284 6294
f 6298 6297 6296
f 6297 6287 6285
f 6297 6285 6296
f 6296 6285 6299
f 6285 6288 6299
f 6288 6300 6299
f 6289 6301 6300
f 6288 6289 6300
f 6291 6161 6170
f 6302 6291 6170
f 6304 6171 6303
f 6304 6302 6171
f 6302 6170 6171
f 6172 6303 6171
f 6305 6303 6172
f 6164 6305 6172
f 6164 6292 6305
f 6292 6306 6305
f 6173 6292 6166
f 6173 6307 6292
f 6307 6306 6292
f 6173 6175 6307
f 6293 6177 6169
f 6177 6308 6178
f 6177 6293 6308
f 6293 6294 6308
f 6295 6310 6309
f 6295 6309 6294
f 6294 6309 6308
f 6310 6312 6311
f 6309 6310 6311
f 6312 6298 6296
f 6312 6296 6311
f 6311 6296 6313
f 6296 6299 6313
f 6299 6314 6313
f 6315 6316 6314
f 6315 6314 6300
f 6300 6314 6299
f 6300 6301 6315
f 6304 6303 6317
f 6303 6305 6318
f 6317 6303 6318
f 6305 6306 6319
f 6318 6305 6319
f 6321 6319 6306
f 6321 6306 6320
f 6320 6306 6307
f 6307 6180 6320
f 6175 6180 6307
f 6322 6178 6308
f 6182 6178 6322
f 6308 6309 6322
f 6309 6323 6322
f 6324 6325 6323
f 6324 6323 6311
f 6311 6323 6309
f 6311 6313 6326
f 6324 6311 6326
f 6313 6314 6327
f 6326 6313 6327
f 6314 6316 6327
f 6329 6321 6320
f 6328 6329 6320
f 6180 6328 6320
f 6180 6330 6328
f 6180 6183 6330
f 6331 6328 6330
f 6330 6183 6332
f 6183 6184 6332
f 6182 6322 6333
f 6182 6333 6184
f 6184 6333 6332
f 6322 6323 6334
f 6333 6322 6334
f 6323 6325 6334
f 6329 6328 6335
f 6328 6331 6335
f 6338 6337 6336
f 6337 6340 6339
f 6336 6337 6339
f 6340 6342 6341
f 6339 6340 6341
f 6342 6343 6341
f 6346 6345 6344
f 6187 6344 6345
f 6187 6345 6186
f 6186 6345 6347
f 6347 6348 6186
f 6186 6348 6188
f 6348 6349 6188
f 6188 6349 6189
f 6349 6350 6189
f 6189 6350 6190
f 6336 6350 6338
f 6336 6191 6350
f 6191 6190 6350
f 6339 6191 6336
f 6193 6191 6339
f 6341 6193 6339
f 6195 6193 6341
f 6343 6195 6341
f 6343 6351 6195
f 6351 6197 6195
f 6197 6351 6352
f 6198 6197 6352
f 6201 6354 6353
f 6200 6201 6353
f 6344 6353 6346
f 6344 6203 6353
f 6203 6200 6353
f 6344 6187 6203
f 6208 6355 6209
f 6357 6198 6352
f 6357 6355 6198
f 6357 6356 6355
f 6208 6198 6355
f 6357 6358 6356
f 6212 6360 6359
f 6211 6212 6359
f 6359 6201 6211
f 6354 6201 6359
f 6216 6361 6217
f 6218 6361 6216
f 6362 6361 6218
f 6209 6362 6218
f 6209 6355 6362
f 6355 6363 6362
f 6355 6356 6363
f 6356 6364 6363
f 6358 6366 6365
f 6358 6365 6356
f 6356 6365 6364
f 6366 6367 6365
f 6360 6212 6368
f 6368 6212 6219
f 6369 6217 6361
f 6222 6217 6369
f 6361 6362 6369
f 6362 6370 6369
f 6362 6363 6370
f 6363 6371 6370
f 6363 6364 6371
f 6364 6372 6371
f 6364 6365 6372
f 6365 6373 6372
f 6367 6375 6374
f 6367 6374 6365
f 6365 6374 6373
f 6375 6376 6374
f 6224 6378 6377
f 6223 6224 6377
f 6377 6219 6223
f 6368 6219 6377
f 6369 6228 6222
f 6228 6379 6229
f 6228 6369 6379
f 6369 6370 6379
f 6370 6371 6379
f 6371 6380 6379
f 6371 6372 6380
f 6372 6381 6380
f 6372 6373 6381
f 6373 6382 6381
f 6373 6374 6382
f 6374 6383 6382
f 6376 6384 6383
f 6374 6376 6383
f 6378 6224 6385
f 6385 6224 6230
f 6379 6235 6229
f 6235 6386 6236
f 6235 6379 6386
f 6379 6380 6386
f 6380 6381 6386
f 6381 6387 6386
f 6381 6382 6387
f 6382 6388 6387
f 6382 6383 6388
f 6383 6389 6388
f 6384 6390 6389
f 6383 6384 6389
f 6385 6230 6391
f 6391 6230 6237
f 6386 6242 6236
f 6242 6392 6243
f 6242 6386 6392
f 6386 6387 6392
f 6387 6388 6392
f 6388 6393 6392
f 6388 6389 6393
f 6389 6394 6393
f 6390 6395 6394
f 6389 6390 6394
f 6246 6397 6396
f 6245 6246 6396
f 6396 6237 6245
f 6391 6237 6396
f 6398 6243 6392
f 6252 6243 6398
f 6392 6393 6398
f 6393 6399 6398
f 6393 6394 6399
f 6394 6400 6399
f 6395 6401 6400
f 6394 6395 6400
f 6397 6246 6402
f 6402 6246 6254
f 6403 6252 6398
f 6259 6252 6403
f 6398 6399 6403
f 6399 6404 6403
f 6399 6400 6404
f 6400 6405 6404
f 6401 6406 6405
f 6400 6401 6405
f 6402 6254 6260
f 6407 6402 6260
f 6260 6408 6407
f 6261 6408 6260
f 6266 6409 6267
f 6259 6409 6266
f 6259 6403 6409
f 6403 6410 6409
f 6403 6404 6410
f 6404 6411 6410
f 6404 6405 6411
f 6405 6412 6411
f 6406 6413 6412
f 6405 6406 6412
f 6408 6261 6414
f 6414 6261 6268
f 6274 6415 6275
f 6267 6415 6274
f 6267 6409 6415
f 6409 6416 6415
f 6409 6410 6416
f 6410 6417 6416
f 6278 6411 6277
f 6278 6417 6411
f 6417 6410 6411
f 6277 6418 6279
f 6277 6411 6418
f 6411 6412 6418
f 6413 6419 6418
f 6412 6413 6418
f 6414 6268 6420
f 6420 6268 6281
f 6283 6421 6284
f 6275 6421 6283
f 6275 6415 6421
f 6415 6422 6421
f 6415 6416 6422
f 6416 6423 6422
f 6287 6417 6286
f 6287 6423 6417
f 6423 6416 6417
f 6417 6278 6286
f 6424 6279 6418
f 6289 6279 6424
f 6419 6425 6424
f 6418 6419 6424
f 6420 6281 6290
f 6426 6420 6290
f 6290 6427 6426
f 6291 6427 6290
f 6428 6284 6421
f 6295 6284 6428
f 6421 6422 6428
f 6422 6429 6428
f 6298 6423 6297
f 6298 6429 6423
f 6429 6422 6423
f 6423 6287 6297
f 6430 6289 6424
f 6430 6431 6289
f 6431 6301 6289
f 6424 6425 6430
f 6302 6432 6433
f 6302 6433 6291
f 6291 6433 6427
f 6302 6304 6432
f 6428 6310 6295
f 6429 6310 6428
f 6312 6310 6429
f 6429 6298 6312
f 6316 6434 6435
f 6315 6434 6316
f 6434 6315 6301
f 6431 6434 6301
f 6433 6432 6436
f 6432 6304 6317
f 6432 6317 6436
f 6436 6317 6437
f 6437 6317 6438
f 6317 6318 6438
f 6440 6319 6439
f 6440 6438 6319
f 6438 6318 6319
f 6319 6321 6439
f 6324 6441 6325
f 6326 6441 6324
f 6442 6441 6326
f 6442 6443 6444
f 6442 6326 6443
f 6326 6327 6443
f 6443 6327 6316
f 6435 6443 6316
f 6446 6440 6439
f 6445 6446 6439
f 6439 6329 6445
f 6321 6329 6439
f 6330 6447 6331
f 6332 6447 6330
f 6448 6447 6332
f 6448 6449 6450
f 6448 6332 6449
f 6332 6333 6449
f 6449 6333 6451
f 6333 6334 6451
f 6325 6441 6452
f 6325 6452 6334
f 6334 6452 6451
f 6441 6442 6453
f 6452 6441 6453
f 6442 6444 6453
f 6446 6445 6454
f 6445 6329 6335
f 6445 6335 6454
f 6454 6335 6455
f 6331 6447 6456
f 6331 6456 6335
f 6335 6456 6455
f 6447 6448 6457
f 6456 6447 6457
f 6448 6450 6457
f 6338 6459 6458
f 6337 6338 6458
f 6458 6460 6337
f 6337 6460 6340
f 6460 6461 6340
f 6340 6461 6342
f 6342 6461 6462
f 6343 6342 6462
f 6346 6464 6463
f 6345 6346 6463
f 6463 6465 6345
f 6345 6465 6347
f 6465 6466 6347
f 6347 6466 6348
f 6466 6467 6348
f 6348 6467 6349
f 6467 6468 6349
f 6349 6468 6350
f 6468 6338 6350
f 6459 6338 6468
f 6462 6351 6343
f 6469 6351 6462
f 6351 6469 6470
f 6352 6351 6470
f 6354 6472 6471
f 6353 6354 6471
f 6471 6346 6353
f 6464 6346 6471
f 6470 6357 6352
f 6473 6357 6470
f 6357 6473 6474
f 6358 6357 6474
f 6360 6476 6475
f 6359 6360 6475
f 6475 6354 6359
f 6472 6354 6475
f 6474 6366 6358
f 6477 6366 6474
f 6366 6477 6478
f 6367 6366 6478
f 6481 6480 6479
f 6480 6368 6479
f 6480 6476 6368
f 6476 6360 6368
f 6478 6375 6367
f 6482 6375 6478
f 6375 6482 6483
f 6376 6375 6483
f 6479 6377 6378
f 6479 6378 6481
f 6481 6378 6484
f 6479 6368 6377
f 6483 6485 6376
f 6485 6384 6376
f 6488 6487 6486
f 6487 6385 6486
f 6487 6484 6385
f 6484 6378 6385
f 6489 6485 6490
f 6489 6390 6485
f 6390 6384 6485
f 6490 6491 6489
f 6493 6488 6486
f 6492 6493 6486
f 6486 6391 6492
f 6385 6391 6486
f 6494 6390 6489
f 6395 6390 6494
f 6491 6495 6494
f 6489 6491 6494
f 6492 6396 6397
f 6492 6397 6493
f 6493 6397 6496
f 6492 6391 6396
f 6497 6395 6494
f 6401 6395 6497
f 6495 6498 6497
f 6494 6495 6497
f 6496 6397 6499
f 6499 6397 6402
f 6500 6401 6497
f 6500 6501 6401
f 6501 6406 6401
f 6497 6498 6500
f 6407 6502 6503
f 6407 6503 6402
f 6402 6503 6499
f 6407 6408 6502
f 6501 6504 6406
f 6504 6413 6406
f 6503 6502 6505
f 6502 6506 6505
f 6502 6408 6506
f 6408 6414 6506
f 6504 6507 6413
f 6507 6419 6413
f 6506 6414 6508
f 6508 6414 6420
f 6507 6509 6419
f 6509 6425 6419
f 6426 6510 6511
f 6426 6511 6420
f 6420 6511 6508
f 6426 6427 6510
f 6431 6512 6513
f 6430 6512 6431
f 6512 6430 6425
f 6509 6512 6425
f 6511 6510 6514
f 6510 6515 6514
f 6510 6427 6515
f 6427 6433 6515
f 6435 6516 6517
f 6434 6516 6435
f 6516 6434 6431
f 6513 6516 6431
f 6515 6433 6436
f 6518 6515 6436
f 6518 6436 6519
f 6436 6437 6519
f 6521 6438 6520
f 6521 6519 6438
f 6519 6437 6438
f 6438 6440 6520
f 6444 6522 6523
f 6443 6522 6444
f 6522 6443 6435
f 6517 6522 6435
f 6521 6520 6524
f 6520 6525 6524
f 6520 6440 6525
f 6440 6446 6525
f 6449 6526 6450
f 6526 6527 6528
f 6526 6449 6527
f 6449 6451 6527
f 6527 6451 6529
f 6451 6452 6529
f 6529 6452 6530
f 6452 6453 6530
f 6530 6453 6444
f 6523 6530 6444
f 6525 6446 6454
f 6531 6525 6454
f 6531 6454 6532
f 6454 6455 6532
f 6532 6455 6533
f 6455 6456 6533
f 6533 6456 6534
f 6456 6457 6534
f 6450 6526 6535
f 6450 6535 6457
f 6457 6535 6534
f 6526 6528 6535
f 6538 6537 6536
f 6459 6536 6537
f 6459 6537 6458
f 6458 6537 6539
f 6539 6540 6458
f 6458 6540 6460
f 6540 6541 6460
f 6460 6541 6461
f 6461 6541 6542
f 6462 6461 6542
f 6464 6544 6543
f 6463 6464 6543
f 6543 6545 6463
f 6463 6545 6465
f 6545 6546 6465
f 6465 6546 6466
f 6546 6547 6466
f 6466 6547 6467
f 6536 6547 6538
f 6536 6468 6547
f 6468 6467 6547
f 6536 6459 6468
f 6542 6469 6462
f 6548 6469 6542
f 6469 6548 6549
f 6470 6469 6549
f 6472 6551 6550
f 6471 6472 6550
f 6550 6464 6471
f 6544 6464 6550
f 6549 6473 6470
f 6552 6473 6549
f 6473 6552 6553
f 6474 6473 6553
f 6476 6555 6554
f 6475 6476 6554
f 6554 6472 6475
f 6551 6472 6554
f 6553 6477 6474
f 6556 6477 6553
f 6477 6556 6557
f 6478 6477 6557
f 6481 6559 6558
f 6480 6481 6558
f 6558 6476 6480
f 6555 6476 6558
f 6557 6482 6478
f 6560 6482 6557
f 6482 6560 6561
f 6483 6482 6561
f 6564 6563 6562
f 6563 6484 6562
f 6563 6559 6484
f 6559 6481 6484
f 6561 6565 6483
f 6565 6485 6483
f 6562 6487 6488
f 6562 6488 6564
f 6564 6488 6566
f 6562 6484 6487
f 6565 6490 6485
f 6567 6490 6565
f 6490 6567 6568
f 6491 6490 6568
f 6566 6488 6569
f 6569 6488 6493
f 6568 6570 6491
f 6570 6495 6491
f 6569 6493 6571
f 6571 6493 6496
f 6570 6572 6495
f 6572 6498 6495
f 6571 6496 6573
f 6573 6496 6499
f 6500 6574 6501
f 6574 6500 6498
f 6574 6498 6575
f 6575 6498 6572
f 6573 6499 6576
f 6576 6499 6503
f 6577 6501 6574
f 6577 6578 6501
f 6578 6504 6501
f 6574 6575 6577
f 6505 6579 6580
f 6505 6580 6503
f 6503 6580 6576
f 6505 6506 6579
f 6578 6581 6504
f 6581 6507 6504
f 6580 6579 6582
f 6579 6583 6582
f 6579 6506 6583
f 6506 6508 6583
f 6581 6584 6507
f 6584 6509 6507
f 6583 6508 6585
f 6585 6508 6511
f 6513 6586 6587
f 6512 6586 6513
f 6586 6512 6509
f 6584 6586 6509
f 6585 6511 6514
f 6588 6585 6514
f 6514 6589 6588
f 6515 6589 6514
f 6517 6590 6591
f 6516 6590 6517
f 6590 6516 6513
f 6587 6590 6513
f 6589 6515 6518
f 6592 6589 6518
f 6594 6519 6593
f 6594 6592 6519
f 6592 6518 6519
f 6519 6521 6593
f 6523 6595 6596
f 6522 6595 6523
f 6595 6522 6517
f 6591 6595 6517
f 6594 6593 6597
f 6593 6521 6524
f 6593 6524 6597
f 6597 6524 6598
f 6524 6599 6598
f 6525 6599 6524
f 6527 6600 6528
f 6600 6601 6602
f 6600 6527 6601
f 6527 6529 6601
f 6601 6529 6603
f 6529 6530 6603
f 6603 6530 6523
f 6596 6603 6523
f 6599 6525 6531
f 6604 6599 6531
f 6604 6531 6605
f 6531 6532 6605
f 6605 6532 6606
f 6532 6533 6606
f 6606 6533 6607
f 6533 6534 6607
f 6607 6534 6608
f 6534 6535 6608
f 6528 6600 6609
f 6528 6609 6535
f 6535 6609 6608
f 6600 6602 6609
f 6612 6611 6610
f 6611 6614 6613
f 6610 6611 6613
f 6614 6616 6615
f 6613 6614 6615
f 6538 6615 6616
f 6538 6616 6537
f 6537 6616 6617
f 6617 6618 6537
f 6537 6618 6539
f 6618 6619 6539
f 6539 6619 6540
f 6621 6620 6541
f 6621 6541 6619
f 6619 6541 6540
f 6541 6620 6542
f 6544 6623 6622
f 6543 6544 6622
f 6610 6622 6612
f 6610 6545 6622
f 6545 6543 6622
f 6613 6545 6610
f 6546 6545 6613
f 6615 6546 6613
f 6547 6546 6615
f 6615 6538 6547
f 6621 6624 6620
f 6620 6548 6542
f 6620 6624 6548
f 6624 6625 6548
f 6626 6549 6548
f 6626 6548 6627
f 6627 6548 6625
f 6627 6628 6626
f 6631 6630 6629
f 6551 6629 6630
f 6551 6630 6550
f 6550 6630 6632
f 6632 6544 6550
f 6623 6544 6632
f 6626 6552 6549
f 6552 6633 6553
f 6626 6633 6552
f 6626 6634 6633
f 6626 6628 6634
f 6634 6635 6633
f 6638 6637 6636
f 6629 6554 6555
f 6631 6629 6555
f 6631 6555 6636
f 6631 6636 6637
f 6629 6551 6554
f 6633 6556 6553
f 6556 6633 6635
f 6556 6635 6557
f 6557 6635 6639
f 6642 6641 6640
f 6636 6558 6559
f 6638 6636 6559
f 6638 6559 6640
f 6638 6640 6641
f 6636 6555 6558
f 6639 6560 6557
f 6643 6560 6639
f 6560 6643 6644
f 6561 6560 6644
f 6640 6563 6564
f 6640 6564 6642
f 6642 6564 6645
f 6640 6559 6563
f 6644 6646 6561
f 6646 6565 6561
f 6645 6564 6647
f 6647 6564 6566
f 6646 6567 6565
f 6648 6567 6646
f 6567 6648 6649
f 6568 6567 6649
f 6652 6651 6650
f 6651 6569 6650
f 6651 6647 6569
f 6647 6566 6569
f 6649 6653 6568
f 6653 6570 6568
f 6655 6652 6650
f 6654 6655 6650
f 6650 6571 6654
f 6569 6571 6650
f 6653 6656 6570
f 6656 6572 6570
f 6658 6655 6654
f 6657 6658 6654
f 6654 6573 6657
f 6571 6573 6654
f 6656 6659 6572
f 6659 6575 6572
f 6661 6658 6657
f 6660 6661 6657
f 6657 6576 6660
f 6573 6576 6657
f 6577 6662 6578
f 6662 6577 6575
f 6662 6575 6663
f 6663 6575 6659
f 6665 6661 6660
f 6664 6665 6660
f 6660 6580 6664
f 6576 6580 6660
f 6666 6578 6662
f 6666 6667 6578
f 6667 6581 6578
f 6662 6663 6666
f 6665 6664 6668
f 6670 6582 6669
f 6668 6582 6670
f 6668 6580 6582
f 6668 6664 6580
f 6582 6583 6669
f 6667 6671 6581
f 6671 6584 6581
f 6670 6669 6672
f 6669 6673 6672
f 6669 6583 6673
f 6583 6585 6673
f 6587 6674 6675
f 6586 6674 6587
f 6674 6586 6584
f 6671 6674 6584
f 6588 6676 6677
f 6588 6677 6585
f 6585 6677 6673
f 6588 6589 6676
f 6590 6678 6591
f 6678 6590 6587
f 6678 6587 6679
f 6679 6587 6675
f 6677 6676 6680
f 6682 6592 6681
f 6680 6592 6682
f 6680 6589 6592
f 6680 6676 6589
f 6592 6594 6681
f 6596 6683 6684
f 6595 6683 6596
f 6591 6678 6685
f 6591 6685 6595
f 6595 6685 6683
f 6678 6679 6685
f 6682 6681 6686
f 6681 6594 6597
f 6681 6597 6686
f 6686 6597 6687
f 6689 6598 6688
f 6689 6687 6598
f 6687 6597 6598
f 6598 6599 6688
f 6601 6690 6602
f 6690 6691 6692
f 6690 6601 6691
f 6601 6603 6691
f 6691 6603 6596
f 6684 6691 6596
f 6689 6688 6693
f 6695 6604 6694
f 6693 6604 6695
f 6693 6599 6604
f 6693 6688 6599
f 6605 6694 6604
f 6696 6694 6605
f 6696 6697 6698
f 6696 6605 6697
f 6605 6606 6697
f 6697 6606 6699
f 6606 6607 6699
f 6699 6607 6700
f 6607 6608 6700
f 6700 6608 6701
f 6608 6609 6701
f 6602 6690 6702
f 6602 6702 6609
f 6609 6702 6701
f 6690 6692 6702
f 6695 6694 6703
f 6694 6696 6704
f 6703 6694 6704
f 6696 6698 6704
f 6707 6706 6705
f 6612 6705 6706
f 6612 6706 6611
f 6611 6706 6708
f 6708 6709 6611
f 6611 6709 6614
f 6709 6710 6614
f 6614 6710 6616
f 6710 6711 6616
f 6616 6711 6617
f 6711 6712 6617
f 6617 6712 6618
f 6712 6713 6618
f 6618 6713 6619
f 6714 6621 6619
f 6714 6619 6715
f 6715 6619 6713
f 6715 6716 6714
f 6719 6718 6717
f 6705 6622 6623
f 6707 6705 6623
f 6707 6623 6717
f 6707 6717 6718
f 6705 6612 6622
f 6714 6624 6621
f 6716 6624 6714
f 6716 6720 6624
f 6720 6625 6624
f 6720 6721 6625
f 6625 6721 6627
f 6627 6721 6722
f 6628 6627 6722
f 6725 6724 6723
f 6631 6723 6724
f 6631 6724 6630
f 6630 6724 6726
f 6717 6726 6719
f 6717 6632 6726
f 6632 6630 6726
f 6717 6623 6632
f 6722 6634 6628
f 6727 6634 6722
f 6634 6727 6728
f 6635 6634 6728
f 6731 6730 6729
f 6723 6637 6638
f 6725 6723 6638
f 6725 6638 6729
f 6725 6729 6730
f 6723 6631 6637
f 6728 6732 6635
f 6732 6639 6635
f 6729 6641 6642
f 6729 6642 6731
f 6731 6642 6733
f 6729 6638 6641
f 6732 6643 6639
f 6734 6643 6732
f 6643 6734 6735
f 6644 6643 6735
f 6738 6737 6736
f 6737 6645 6736
f 6737 6733 6645
f 6733 6642 6645
f 6735 6739 6644
f 6739 6646 6644
f 6741 6738 6736
f 6740 6741 6736
f 6736 6647 6740
f 6645 6647 6736
f 6739 6648 6646
f 6742 6648 6739
f 6648 6742 6743
f 6649 6648 6743
f 6746 6745 6744
f 6740 6651 6652
f 6741 6740 6652
f 6741 6652 6744
f 6741 6744 6745
f 6740 6647 6651
f 6743 6747 6649
f 6747 6653 6649
f 6749 6746 6744
f 6748 6749 6744
f 6744 6655 6748
f 6652 6655 6744
f 6747 6750 6653
f 6750 6656 6653
f 6752 6749 6748
f 6751 6752 6748
f 6748 6658 6751
f 6655 6658 6748
f 6750 6753 6656
f 6753 6659 6656
f 6755 6752 6751
f 6754 6755 6751
f 6751 6661 6754
f 6658 6661 6751
f 6753 6756 6659
f 6756 6663 6659
f 6758 6755 6754
f 6757 6758 6754
f 6754 6665 6757
f 6661 6665 6754
f 6667 6759 6760
f 6666 6759 6667
f 6759 6666 6663
f 6756 6759 6663
f 6758 6757 6761
f 6763 6668 6762
f 6761 6668 6763
f 6761 6665 6668
f 6761 6757 6665
f 6668 6670 6762
f 6760 6764 6667
f 6764 6671 6667
f 6766 6763 6762
f 6765 6766 6762
f 6672 6762 6670
f 6672 6767 6762
f 6767 6765 6762
f 6672 6673 6767
f 6675 6768 6769
f 6674 6768 6675
f 6768 6674 6671
f 6764 6768 6671
f 6766 6765 6770
f 6772 6770 6765
f 6772 6765 6771
f 6771 6765 6767
f 6767 6677 6771
f 6673 6677 6767
f 6769 6773 6675
f 6773 6679 6675
f 6772 6771 6774
f 6776 6680 6775
f 6774 6680 6776
f 6774 6677 6680
f 6774 6771 6677
f 6680 6682 6775
f 6683 6777 6684
f 6777 6778 6779
f 6777 6683 6778
f 6683 6685 6778
f 6778 6685 6679
f 6773 6778 6679
f 6776 6775 6780
f 6782 6686 6781
f 6780 6686 6782
f 6780 6682 6686
f 6780 6775 6682
f 6687 6781 6686
f 6783 6781 6687
f 6687 6689 6783
f 6692 6784 6785
f 6691 6784 6692
f 6684 6777 6786
f 6684 6786 6691
f 6691 6786 6784
f 6777 6779 6786
f 6782 6781 6787
f 6781 6783 6788
f 6787 6781 6788
f 6790 6693 6789
f 6788 6693 6790
f 6788 6689 6693
f 6788 6783 6689
f 6693 6695 6789
f 6697 6791 6698
f 6699 6791 6697
f 6792 6791 6699
f 6792 6793 6794
f 6792 6699 6793
f 6699 6700 6793
f 6796 6701 6795
f 6796 6793 6701
f 6793 6700 6701
f 6795 6797 6798
f 6795 6701 6797
f 6701 6702 6797
f 6797 6702 6692
f 6785 6797 6692
f 6790 6789 6799
f 6789 6695 6703
f 6789 6703 6799
f 6799 6703 6800
f 6800 6703 6801
f 6703 6704 6801
f 6698 6791 6802
f 6698 6802 6704
f 6704 6802 6801
f 6791 6792 6803
f 6802 6791 6803
f 6792 6794 6803
f 6796 6795 6804
f 6795 6798 6804
f 6807 6806 6805
f 6806 6809 6808
f 6805 6806 6808
f 6809 6811 6810
f 6808 6809 6810
f 6811 6813 6812
f 6810 6811 6812
f 6813 6815 6814
f 6812 6813 6814
f 6815 6816 6814
f 6819 6818 6817
f 6818 6821 6820
f 6817 6818 6820
f 6707 6820 6821
f 6707 6821 6706
f 6706 6821 6822
f 6822 6823 6706
f 6706 6823 6708
f 6805 6823 6807
f 6805 6709 6823
f 6709 6708 6823
f 6808 6709 6805
f 6710 6709 6808
f 6810 6710 6808
f 6711 6710 6810
f 6812 6711 6810
f 6712 6711 6812
f 6814 6712 6812
f 6713 6712 6814
f 6816 6713 6814
f 6816 6824 6713
f 6824 6715 6713
f 6715 6824 6825
f 6716 6715 6825
f 6828 6827 6826
f 6827 6819 6817
f 6827 6817 6826
f 6826 6817 6829
f 6719 6820 6718
f 6719 6829 6820
f 6829 6817 6820
f 6820 6707 6718
f 6825 6720 6716
f 6830 6720 6825
f 6830 6831 6720
f 6720 6831 6721
f 6721 6831 6832
f 6722 6721 6832
f 6835 6834 6833
f 6834 6837 6836
f 6833 6834 6836
f 6826 6724 6725
f 6828 6826 6725
f 6828 6725 6836
f 6828 6836 6837
f 6829 6724 6826
f 6726 6724 6829
f 6829 6719 6726
f 6832 6727 6722
f 6838 6727 6832
f 6727 6838 6839
f 6728 6727 6839
f 6841 6835 6833
f 6840 6841 6833
f 6731 6836 6730
f 6731 6840 6836
f 6840 6833 6836
f 6836 6725 6730
f 6842 6839 6843
f 6842 6732 6839
f 6732 6728 6839
f 6843 6844 6842
f 6846 6841 6840
f 6845 6846 6840
f 6840 6733 6845
f 6731 6733 6840
f 6842 6734 6732
f 6734 6842 6844
f 6734 6844 6735
f 6735 6844 6847
f 6845 6737 6738
f 6845 6738 6846
f 6846 6738 6848
f 6845 6733 6737
f 6849 6847 6850
f 6849 6739 6847
f 6739 6735 6847
f 6850 6851 6849
f 6854 6853 6852
f 6853 6741 6852
f 6853 6848 6741
f 6848 6738 6741
f 6849 6742 6739
f 6742 6849 6851
f 6742 6851 6743
f 6743 6851 6855
f 6852 6745 6746
f 6852 6746 6854
f 6854 6746 6856
f 6852 6741 6745
f 6855 6857 6743
f 6857 6747 6743
f 6860 6859 6858
f 6859 6749 6858
f 6859 6856 6749
f 6856 6746 6749
f 6857 6861 6747
f 6861 6750 6747
f 6863 6860 6858
f 6862 6863 6858
f 6858 6752 6862
f 6749 6752 6858
f 6861 6864 6750
f 6864 6753 6750
f 6866 6863 6862
f 6865 6866 6862
f 6862 6755 6865
f 6752 6755 6862
f 6864 6867 6753
f 6867 6756 6753
f 6866 6865 6868
f 6865 6869 6868
f 6865 6755 6869
f 6755 6758 6869
f 6760 6870 6871
f 6759 6870 6760
f 6870 6759 6756
f 6867 6870 6756
f 6761 6872 6873
f 6761 6873 6758
f 6758 6873 6869
f 6761 6763 6872
f 6871 6874 6760
f 6874 6764 6760
f 6876 6873 6872
f 6875 6876 6872
f 6872 6766 6875
f 6763 6766 6872
f 6768 6877 6769
f 6877 6768 6764
f 6877 6764 6878
f 6878 6764 6874
f 6876 6875 6879
f 6881 6770 6880
f 6879 6770 6881
f 6879 6766 6770
f 6879 6875 6766
f 6770 6772 6880
f 6882 6769 6877
f 6882 6883 6769
f 6883 6773 6769
f 6877 6878 6882
f 6881 6880 6884
f 6886 6774 6885
f 6884 6774 6886
f 6884 6772 6774
f 6884 6880 6772
f 6774 6776 6885
f 6779 6887 6888
f 6778 6887 6779
f 6887 6778 6773
f 6883 6887 6773
f 6886 6885 6889
f 6891 6780 6890
f 6889 6780 6891
f 6889 6776 6780
f 6889 6885 6776
f 6780 6782 6890
f 6784 6892 6785
f 6892 6893 6894
f 6892 6784 6893
f 6784 6786 6893
f 6893 6786 6779
f 6888 6893 6779
f 6891 6890 6895
f 6897 6787 6896
f 6895 6787 6897
f 6895 6782 6787
f 6895 6890 6782
f 6788 6896 6787
f 6898 6896 6788
f 6788 6790 6898
f 6793 6899 6794
f 6793 6796 6899
f 6797 6900 6798
f 6900 6901 6902
f 6797 6901 6900
f 6797 6892 6901
f 6797 6785 6892
f 6892 6894 6901
f 6897 6896 6903
f 6896 6898 6904
f 6903 6896 6904
f 6906 6799 6905
f 6904 6799 6906
f 6904 6790 6799
f 6904 6898 6790
f 6800 6905 6799
f 6907 6905 6800
f 6801 6907 6800
f 6908 6907 6801
f 6802 6908 6801
f 6909 6908 6802
f 6909 6910 6911
f 6909 6802 6910
f 6802 6803 6910
f 6794 6899 6912
f 6794 6912 6803
f 6803 6912 6910
f 6899 6796 6804
f 6899 6804 6912
f 6912 6804 6913
f 6798 6900 6914
f 6798 6914 6804
f 6804 6914 6913
f 6900 6902 6914
f 6906 6905 6915
f 6905 6907 6916
f 6915 6905 6916
f 6907 6908 6917
f 6916 6907 6917
f 6908 6909 6918
f 6917 6908 6918
f 6909 6911 6918
f 6921 6920 6919
f 6920 6923 6922
f 6919 6920 6922
f 6923 6925 6924
f 6922 6923 6924
f 6925 6927 6926
f 6924 6925 6926
f 6807 6926 6927
f 6807 6927 6806
f 6806 6927 6928
f 6928 6929 6806
f 6806 6929 6809
f 6929 6930 6809
f 6809 6930 6811
f 6930 6931 6811
f 6811 6931 6813
f 6931 6932 6813
f 6813 6932 6815
f 6815 6932 6933
f 6816 6815 6933
f 6936 6935 6934
f 6919 6818 6819
f 6921 6919 6819
f 6921 6819 6934
f 6921 6934 6935
f 6922 6818 6919
f 6821 6818 6922
f 6924 6821 6922
f 6822 6821 6924
f 6926 6822 6924
f 6823 6822 6926
f 6926 6807 6823
f 6933 6824 6816
f 6937 6824 6933
f 6938 6825 6824
f 6938 6824 6939
f 6939 6824 6937
f 6939 6940 6938
f 6943 6942 6941
f 6942 6945 6944
f 6941 6942 6944
f 6934 6827 6828
f 6936 6934 6828
f 6936 6828 6944
f 6936 6944 6945
f 6934 6819 6827
f 6938 6830 6825
f 6940 6830 6938
f 6940 6946 6830
f 6946 6831 6830
f 6831 6946 6947
f 6832 6831 6947
f 6950 6949 6948
f 6941 6834 6835
f 6943 6941 6835
f 6943 6835 6948
f 6943 6948 6949
f 6944 6834 6941
f 6837 6834 6944
f 6944 6828 6837
f 6947 6838 6832
f 6951 6838 6947
f 6838 6951 6952
f 6839 6838 6952
f 6954 6950 6948
f 6953 6954 6948
f 6948 6841 6953
f 6835 6841 6948
f 6952 6843 6839
f 6955 6843 6952
f 6843 6955 6956
f 6844 6843 6956
f 6958 6954 6953
f 6957 6958 6953
f 6953 6846 6957
f 6841 6846 6953
f 6959 6956 6960
f 6959 6847 6956
f 6847 6844 6956
f 6960 6961 6959
f 6963 6958 6957
f 6962 6963 6957
f 6957 6848 6962
f 6846 6848 6957
f 6959 6850 6847
f 6850 6959 6961
f 6850 6961 6851
f 6851 6961 6964
f 6967 6966 6965
f 6962 6853 6854
f 6963 6962 6854
f 6963 6854 6965
f 6963 6965 6966
f 6962 6848 6853
f 6964 6968 6851
f 6968 6855 6851
f 6970 6967 6965
f 6969 6970 6965
f 6965 6856 6969
f 6854 6856 6965
f 6971 6968 6972
f 6971 6857 6968
f 6857 6855 6968
f 6972 6973 6971
f 6969 6859 6860
f 6969 6860 6970
f 6970 6860 6974
f 6969 6856 6859
f 6975 6857 6971
f 6861 6857 6975
f 6973 6976 6975
f 6971 6973 6975
f 6974 6860 6977
f 6977 6860 6863
f 6978 6861 6975
f 6978 6979 6861
f 6979 6864 6861
f 6975 6976 6978
f 6977 6863 6980
f 6980 6863 6866
f 6979 6981 6864
f 6981 6867 6864
f 6868 6982 6983
f 6868 6983 6866
f 6866 6983 6980
f 6868 6869 6982
f 6870 6984 6871
f 6984 6870 6867
f 6984 6867 6985
f 6985 6867 6981
f 6987 6983 6982
f 6986 6987 6982
f 6982 6873 6986
f 6869 6873 6982
f 6988 6871 6984
f 6874 6871 6988
f 6985 6989 6988
f 6984 6985 6988
f 6991 6987 6986
f 6990 6991 6986
f 6986 6876 6990
f 6873 6876 6986
f 6992 6874 6988
f 6878 6874 6992
f 6989 6993 6992
f 6988 6989 6992
f 6991 6990 6994
f 6996 6879 6995
f 6994 6879 6996
f 6994 6876 6879
f 6994 6990 6876
f 6879 6881 6995
f 6882 6997 6883
f 6997 6998 6999
f 6882 6998 6997
f 6882 6992 6998
f 6882 6878 6992
f 6992 6993 6998
f 7001 6996 6995
f 7000 7001 6995
f 6884 6995 6881
f 6884 7002 6995
f 7002 7000 6995
f 6884 6886 7002
f 6887 7003 6888
f 7003 7004 7005
f 6887 7004 7003
f 6887 6997 7004
f 6887 6883 6997
f 6997 6999 7004
f 7001 7000 7006
f 7000 7002 7007
f 7006 7000 7007
f 7009 6889 7008
f 7007 6889 7009
f 7007 6886 6889
f 7007 7002 6886
f 6889 6891 7008
f 6894 7010 7011
f 6893 7010 6894
f 6888 7003 7012
f 6888 7012 6893
f 6893 7012 7010
f 7003 7005 7012
f 7009 7008 7013
f 7008 6891 6895
f 7008 6895 7013
f 7013 6895 7014
f 6895 7015 7014
f 6897 7015 6895
f 6902 7016 7017
f 6901 7016 6902
f 7016 6901 6894
f 7011 7016 6894
f 7015 6897 6903
f 7018 7015 6903
f 7020 6904 7019
f 7020 7018 6904
f 7018 6903 6904
f 6904 6906 7019
f 6910 7021 6911
f 6912 7021 6910
f 7022 7021 6912
f 6913 7022 6912
f 7023 7022 6913
f 7023 7024 7025
f 7023 6913 7024
f 6913 6914 7024
f 7024 6914 6902
f 7017 7024 6902
f 7020 7019 7026
f 7019 6906 6915
f 7019 6915 7026
f 7026 6915 7027
f 7029 6916 7028
f 7029 7027 6916
f 7027 6915 6916
f 6917 7028 6916
f 7030 7028 6917
f 6918 7030 6917
f 7031 7030 6918
f 7031 7032 7033
f 6918 7032 7031
f 6918 7021 7032
f 6918 6911 7021
f 7021 7022 7034
f 7032 7021 7034
f 7022 7023 7035
f 7034 7022 7035
f 7023 7025 7035
f 7029 7028 7036
f 7028 7030 7037
f 7036 7028 7037
f 7030 7031 7038
f 7037 7030 7038
f 7031 7033 7038
f 7041 7040 7039
f 7040 7043 7042
f 7039 7040 7042
f 7043 7045 7044
f 7042 7043 7044
f 7045 7046 7044
f 7049 7048 7047
f 7048 7050 7047
f 7053 7052 7051
f 6921 7051 7052
f 6921 7052 6920
f 6920 7052 7054
f 7054 7055 6920
f 6920 7055 6923
f 7039 7055 7041
f 7039 6925 7055
f 6925 6923 7055
f 7042 6925 7039
f 6927 6925 7042
f 7044 6927 7042
f 6928 6927 7044
f 7046 6928 7044
f 7046 7056 6928
f 7056 6929 6928
f 7056 7057 6929
f 6929 7057 6930
f 7047 7057 7049
f 7047 6931 7057
f 6931 6930 7057
f 7050 6931 7047
f 7050 7058 6931
f 7058 6932 6931
f 7059 6933 6932
f 7059 6932 7060
f 7060 6932 7058
f 7060 7061 7059
f 7064 7063 7062
f 7063 7066 7065
f 7062 7063 7065
f 7051 6935 6936
f 7053 7051 6936
f 7053 6936 7065
f 7053 7065 7066
f 7051 6921 6935
f 7059 6937 6933
f 7061 6937 7059
f 7061 7067 6937
f 7067 6939 6937
f 6939 7067 7068
f 6940 6939 7068
f 7071 7070 7069
f 7062 6942 6943
f 7064 7062 6943
f 7064 6943 7069
f 7064 7069 7070
f 7065 6942 7062
f 6945 6942 7065
f 7065 6936 6945
f 7068 6946 6940
f 7072 6946 7068
f 6946 7072 7073
f 6947 6946 7073
f 7069 6949 6950
f 7069 6950 7071
f 7071 6950 7074
f 7069 6943 6949
f 7073 6951 6947
f 7075 6951 7073
f 7076 6952 6951
f 7076 6951 7077
f 7077 6951 7075
f 7077 7078 7076
f 7081 7080 7079
f 7080 6954 7079
f 7080 7074 6954
f 7074 6950 6954
f 7076 6955 6952
f 6955 7076 7078
f 6955 7078 6956
f 6956 7078 7082
f 7084 7081 7079
f 7083 7084 7079
f 7079 6958 7083
f 6954 6958 7079
f 7082 6960 6956
f 7085 6960 7082
f 6960 7085 7086
f 6961 6960 7086
f 7089 7088 7087
f 7088 7084 7083
f 7088 7083 7087
f 7087 7083 7090
f 7083 6963 7090
f 6958 6963 7083
f 7086 7091 6961
f 7091 6964 6961
f 7093 7089 7087
f 7092 7093 7087
f 6967 7090 6966
f 6967 7092 7090
f 7092 7087 7090
f 7090 6963 6966
f 7094 7091 7095
f 7094 6968 7091
f 6968 6964 7091
f 7095 7096 7094
f 7098 7093 7092
f 7097 7098 7092
f 7092 6970 7097
f 6967 6970 7092
f 7094 6972 6968
f 6972 7094 7096
f 6972 7096 6973
f 6973 7096 7099
f 7101 7098 7097
f 7100 7101 7097
f 7097 6974 7100
f 6970 6974 7097
f 7099 7102 6973
f 7102 6976 6973
f 7104 7101 7100
f 7103 7104 7100
f 7100 6977 7103
f 6974 6977 7100
f 6978 7105 6979
f 7105 6978 6976
f 7105 6976 7106
f 7106 6976 7102
f 7108 7104 7103
f 7107 7108 7103
f 7103 6980 7107
f 6977 6980 7103
f 7109 6979 7105
f 6981 6979 7109
f 7106 7110 7109
f 7105 7106 7109
f 7112 7108 7107
f 7111 7112 7107
f 7107 6983 7111
f 6980 6983 7107
f 7113 6981 7109
f 6985 6981 7113
f 7110 7114 7113
f 7109 7110 7113
f 7116 7112 7111
f 7115 7116 7111
f 7111 6987 7115
f 6983 6987 7111
f 7117 6985 7113
f 6989 6985 7117
f 7114 7118 7117
f 7113 7114 7117
f 7120 7116 7115
f 7119 7120 7115
f 7115 6991 7119
f 6987 6991 7115
f 7121 6989 7117
f 7121 7122 6989
f 7122 6993 6989
f 7117 7118 7121
f 7120 7119 7123
f 7125 6994 7124
f 7123 6994 7125
f 7123 6991 6994
f 7123 7119 6991
f 6994 6996 7124
f 6998 7126 6999
f 7126 6998 6993
f 7126 6993 7127
f 7127 6993 7122
f 7129 7125 7124
f 7128 7129 7124
f 7124 7001 7128
f 6996 7001 7124
f 7004 7130 7005
f 7130 7131 7132
f 7004 7131 7130
f 7004 7126 7131
f 7004 6999 7126
f 7126 7127 7131
f 7129 7128 7133
f 7135 7006 7134
f 7133 7006 7135
f 7133 7001 7006
f 7133 7128 7001
f 7007 7134 7006
f 7136 7134 7007
f 7007 7009 7136
f 7010 7137 7011
f 7012 7137 7010
f 7138 7137 7012
f 7138 7139 7140
f 7012 7139 7138
f 7012 7130 7139
f 7012 7005 7130
f 7130 7132 7139
f 7135 7134 7141
f 7134 7136 7142
f 7141 7134 7142
f 7144 7013 7143
f 7142 7013 7144
f 7142 7009 7013
f 7142 7136 7009
f 7014 7143 7013
f 7145 7143 7014
f 7014 7015 7145
f 7016 7146 7017
f 7011 7146 7016
f 7011 7137 7146
f 7137 7147 7146
f 7148 7149 7147
f 7148 7147 7138
f 7138 7147 7137
f 7138 7140 7148
f 7144 7143 7150
f 7143 7145 7151
f 7150 7143 7151
f 7153 7018 7152
f 7151 7018 7153
f 7151 7015 7018
f 7151 7145 7015
f 7018 7020 7152
f 7024 7154 7025
f 7154 7155 7156
f 7024 7155 7154
f 7024 7146 7155
f 7024 7017 7146
f 7146 7147 7157
f 7155 7146 7157
f 7147 7149 7157
f 7153 7152 7158
f 7160 7026 7159
f 7158 7026 7160
f 7158 7020 7026
f 7158 7152 7020
f 7027 7159 7026
f 7161 7159 7027
f 7027 7029 7161
f 7032 7162 7033
f 7034 7162 7032
f 7163 7162 7034
f 7163 7164 7165
f 7163 7034 7164
f 7034 7035 7164
f 7025 7154 7166
f 7025 7166 7035
f 7035 7166 7164
f 7154 7156 7166
f 7160 7159 7167
f 7159 7161 7168
f 7167 7159 7168
f 7161 7029 7036
f 7161 7036 7168
f 7168 7036 7169
f 7169 7036 7170
f 7036 7037 7170
f 7170 7037 7171
f 7037 7038 7171
f 7033 7162 7172
f 7033 7172 7038
f 7038 7172 7171
f 7162 7163 7173
f 7172 7162 7173
f 7163 7165 7173
f 7176 7175 7174
f 7175 7178 7177
f 7174 7175 7177
f 7041 7177 7178
f 7041 7178 7040
f 7040 7178 7179
f 7179 7180 7040
f 7040 7180 7043
f 7180 7181 7043
f 7043 7181 7045
f 7182 7046 7045
f 7182 7045 7183
f 7183 7045 7181
f 7183 7185 7184
f 7182 7183 7184
f 7049 7184 7185
f 7049 7185 7048
f 7048 7185 7186
f 7187 7050 7048
f 7187 7048 7188
f 7188 7048 7186
f 7188 7189 7187
f 7192 7191 7190
f 7191 7194 7193
f 7190 7191 7193
f 7053 7193 7194
f 7053 7194 7052
f 7052 7194 7195
f 7174 7195 7176
f 7174 7054 7195
f 7054 7052 7195
f 7177 7054 7174
f 7055 7054 7177
f 7177 7041 7055
f 7182 7056 7046
f 7184 7056 7182
f 7057 7056 7184
f 7184 7049 7057
f 7187 7058 7050
f 7189 7058 7187
f 7189 7196 7058
f 7196 7060 7058
f 7060 7196 7197
f 7061 7060 7197
f 7200 7199 7198
f 7190 7063 7064
f 7192 7190 7064
f 7192 7064 7198
f 7192 7198 7199
f 7193 7063 7190
f 7066 7063 7193
f 7193 7053 7066
f 7197 7067 7061
f 7201 7067 7197
f 7067 7201 7202
f 7068 7067 7202
f 7198 7070 7071
f 7198 7071 7200
f 7200 7071 7203
f 7198 7064 7070
f 7202 7072 7068
f 7204 7072 7202
f 7205 7073 7072
f 7205 7072 7206
f 7206 7072 7204
f 7206 7207 7205
f 7210 7209 7208
f 7209 7074 7208
f 7209 7203 7074
f 7203 7071 7074
f 7205 7075 7073
f 7207 7075 7205
f 7207 7211 7075
f 7211 7077 7075
f 7077 7211 7212
f 7078 7077 7212
f 7215 7214 7213
f 7208 7080 7081
f 7210 7208 7081
f 7210 7081 7213
f 7210 7213 7214
f 7208 7074 7080
f 7212 7216 7078
f 7216 7082 7078
f 7218 7215 7213
f 7217 7218 7213
f 7213 7084 7217
f 7081 7084 7213
f 7216 7085 7082
f 7219 7085 7216
f 7085 7219 7220
f 7086 7085 7220
f 7223 7222 7221
f 7217 7088 7089
f 7218 7217 7089
f 7218 7089 7221
f 7218 7221 7222
f 7217 7084 7088
f 7220 7224 7086
f 7224 7091 7086
f 7226 7223 7221
f 7225 7226 7221
f 7221 7093 7225
f 7089 7093 7221
f 7224 7095 7091
f 7227 7095 7224
f 7095 7227 7228
f 7096 7095 7228
f 7230 7226 7225
f 7229 7230 7225
f 7225 7098 7229
f 7093 7098 7225
f 7228 7231 7096
f 7231 7099 7096
f 7233 7230 7229
f 7232 7233 7229
f 7229 7101 7232
f 7098 7101 7229
f 7231 7234 7099
f 7234 7102 7099
f 7236 7233 7232
f 7235 7236 7232
f 7232 7104 7235
f 7101 7104 7232
f 7234 7237 7102
f 7237 7106 7102
f 7239 7236 7235
f 7238 7239 7235
f 7235 7108 7238
f 7104 7108 7235
f 7237 7240 7106
f 7240 7110 7106
f 7242 7239 7238
f 7241 7242 7238
f 7238 7112 7241
f 7108 7112 7238
f 7240 7243 7110
f 7243 7114 7110
f 7245 7242 7241
f 7244 7245 7241
f 7241 7116 7244
f 7112 7116 7241
f 7243 7246 7114
f 7246 7118 7114
f 7245 7244 7247
f 7244 7248 7247
f 7244 7116 7248
f 7116 7120 7248
f 7121 7249 7122
f 7249 7121 7118
f 7249 7118 7250
f 7250 7118 7246
f 7123 7251 7252
f 7123 7252 7120
f 7120 7252 7248
f 7123 7125 7251
f 7253 7122 7249
f 7253 7254 7122
f 7254 7127 7122
f 7249 7250 7253
f 7252 7251 7255
f 7251 7256 7255
f 7251 7125 7256
f 7125 7129 7256
f 7132 7257 7258
f 7131 7257 7132
f 7257 7131 7127
f 7254 7257 7127
f 7133 7259 7260
f 7133 7260 7129
f 7129 7260 7256
f 7133 7135 7259
f 7140 7261 7262
f 7139 7261 7140
f 7261 7139 7132
f 7258 7261 7132
f 7260 7259 7263
f 7259 7135 7141
f 7259 7141 7263
f 7263 7141 7264
f 7266 7142 7265
f 7266 7264 7142
f 7264 7141 7142
f 7142 7144 7265
f 7149 7267 7268
f 7148 7267 7149
f 7267 7148 7140
f 7262 7267 7140
f 7266 7265 7269
f 7271 7150 7270
f 7269 7150 7271
f 7269 7144 7150
f 7269 7265 7144
f 7151 7270 7150
f 7272 7270 7151
f 7151 7153 7272
f 7156 7273 7274
f 7155 7273 7156
f 7273 7155 7275
f 7155 7157 7275
f 7275 7157 7149
f 7268 7275 7149
f 7271 7270 7276
f 7270 7272 7277
f 7276 7270 7277
f 7279 7158 7278
f 7277 7158 7279
f 7277 7153 7158
f 7277 7272 7153
f 7158 7160 7278
f 7164 7280 7165
f 7280 7281 7282
f 7280 7164 7281
f 7164 7166 7281
f 7281 7166 7156
f 7274 7281 7156
f 7279 7278 7283
f 7278 7160 7167
f 7278 7167 7283
f 7283 7167 7284
f 7284 7167 7285
f 7167 7168 7285
f 7285 7168 7286
f 7168 7169 7286
f 7286 7169 7287
f 7169 7170 7287
f 7287 7170 7288
f 7170 7171 7288
f 7288 7171 7289
f 7171 7172 7289
f 7289 7172 7290
f 7172 7173 7290
f 7165 7280 7291
f 7165 7291 7173
f 7173 7291 7290
f 7280 7282 7291
f 7294 7293 7292
f 7293 7296 7295
f 7292 7293 7295
f 7296 7298 7297
f 7295 7296 7297
f 7298 7300 7299
f 7297 7298 7299
f 7300 7302 7301
f 7299 7300 7301
f 7302 7304 7303
f 7301 7302 7303
f 7304 7305 7303
f 7308 7307 7306
f 7307 7310 7309
f 7306 7307 7309
f 7176 7309 7310
f 7176 7310 7175
f 7175 7310 7311
f 7292 7311 7294
f 7292 7178 7311
f 7178 7175 7311
f 7295 7178 7292
f 7179 7178 7295
f 7297 7179 7295
f 7180 7179 7297
f 7299 7180 7297
f 7181 7180 7299
f 7301 7181 7299
f 7183 7181 7301
f 7303 7183 7301
f 7185 7183 7303
f 7305 7185 7303
f 7305 7312 7185
f 7312 7186 7185
f 7312 7313 7186
f 7186 7313 7188
f 7314 7189 7188
f 7314 7188 7315
f 7315 7188 7313
f 7315 7316 7314
f 7319 7318 7317
f 7192 7317 7318
f 7192 7318 7191
f 7191 7318 7320
f 7306 7320 7308
f 7306 7194 7320
f 7194 7191 7320
f 7309 7194 7306
f 7195 7194 7309
f 7309 7176 7195
f 7314 7196 7189
f 7196 7321 7197
f 7314 7321 7196
f 7314 7322 7321
f 7314 7316 7322
f 7322 7323 7321
f 7317 7199 7200
f 7317 7200 7319
f 7319 7200 7324
f 7317 7192 7199
f 7321 7201 7197
f 7201 7325 7202
f 7321 7325 7201
f 7321 7326 7325
f 7321 7323 7326
f 7326 7327 7325
f 7330 7329 7328
f 7329 7203 7328
f 7329 7324 7203
f 7324 7200 7203
f 7325 7204 7202
f 7327 7204 7325
f 7327 7331 7204
f 7331 7206 7204
f 7206 7331 7332
f 7207 7206 7332
f 7335 7334 7333
f 7328 7209 7210
f 7330 7328 7210
f 7330 7210 7333
f 7330 7333 7334
f 7328 7203 7209
f 7332 7211 7207
f 7336 7211 7332
f 7211 7336 7337
f 7212 7211 7337
f 7333 7214 7215
f 7333 7215 7335
f 7335 7215 7338
f 7333 7210 7214
f 7339 7337 7340
f 7339 7216 7337
f 7216 7212 7337
f 7340 7341 7339
f 7344 7343 7342
f 7343 7218 7342
f 7343 7338 7218
f 7338 7215 7218
f 7339 7219 7216
f 7219 7339 7341
f 7219 7341 7220
f 7220 7341 7345
f 7342 7222 7223
f 7342 7223 7344
f 7344 7223 7346
f 7342 7218 7222
f 7347 7345 7348
f 7347 7224 7345
f 7224 7220 7345
f 7348 7349 7347
f 7352 7351 7350
f 7351 7226 7350
f 7351 7346 7226
f 7346 7223 7226
f 7347 7227 7224
f 7227 7347 7349
f 7227 7349 7228
f 7228 7349 7353
f 7355 7352 7350
f 7354 7355 7350
f 7350 7230 7354
f 7226 7230 7350
f 7358 7356 7357
f 7357 7359 7360
f 7356 7359 7357
f 7360 7361 7362
f 7359 7361 7360
f 7362 7361 7363
f 7353 7364 7228
f 7364 7231 7228
f 7366 7355 7354
f 7365 7366 7354
f 7354 7233 7365
f 7230 7233 7354
f 7369 7367 7368
f 7368 7356 7358
f 7368 7367 7356
f 7367 7370 7356
f 7356 7370 7359
f 7359 7370 7371
f 7359 7371 7361
f 7361 7371 7372
f 7363 7373 7374
f 7363 7361 7373
f 7361 7372 7373
f 7374 7373 7375
f 7364 7376 7231
f 7376 7234 7231
f 7378 7366 7365
f 7377 7378 7365
f 7365 7236 7377
f 7233 7236 7365
f 7380 7367 7369
f 7379 7367 7380
f 7367 7379 7370
f 7370 7379 7381
f 7370 7381 7371
f 7371 7381 7382
f 7371 7382 7372
f 7372 7382 7383
f 7372 7383 7373
f 7373 7383 7384
f 7375 7384 7385
f 7373 7384 7375
f 7376 7386 7234
f 7386 7237 7234
f 7388 7378 7377
f 7387 7388 7377
f 7377 7239 7387
f 7236 7239 7377
f 7390 7379 7380
f 7389 7379 7390
f 7379 7389 7381
f 7381 7389 7391
f 7381 7391 7382
f 7382 7391 7392
f 7382 7392 7383
f 7383 7392 7393
f 7394 7393 7395
f 7394 7384 7393
f 7384 7383 7393
f 7384 7394 7385
f 7386 7396 7237
f 7396 7240 7237
f 7398 7388 7387
f 7397 7398 7387
f 7387 7242 7397
f 7239 7242 7387
f 7400 7389 7390
f 7399 7389 7400
f 7389 7399 7391
f 7391 7399 7401
f 7391 7401 7392
f 7392 7401 7402
f 7392 7402 7393
f 7393 7402 7403
f 7395 7403 7404
f 7393 7403 7395
f 7396 7405 7240
f 7405 7243 7240
f 7398 7397 7406
f 7397 7407 7406
f 7397 7242 7407
f 7242 7245 7407
f 7400 7408 7399
f 7399 7409 7401
f 7408 7409 7399
f 7401 7410 7402
f 7409 7410 7401
f 7402 7411 7403
f 7410 7411 7402
f 7403 7411 7404
f 7405 7412 7243
f 7412 7246 7243
f 7247 7413 7414
f 7247 7414 7245
f 7245 7414 7407
f 7247 7248 7413
f 7412 7415 7246
f 7415 7250 7246
f 7417 7414 7413
f 7416 7417 7413
f 7413 7252 7416
f 7248 7252 7413
f 7253 7418 7254
f 7418 7253 7250
f 7418 7250 7419
f 7419 7250 7415
f 7417 7416 7420
f 7422 7255 7421
f 7420 7255 7422
f 7420 7252 7255
f 7420 7416 7252
f 7255 7256 7421
f 7257 7423 7258
f 7423 7424 7425
f 7257 7424 7423
f 7257 7418 7424
f 7257 7254 7418
f 7418 7419 7424
f 7427 7422 7421
f 7426 7427 7421
f 7421 7260 7426
f 7256 7260 7421
f 7261 7428 7262
f 7428 7429 7430
f 7261 7429 7428
f 7261 7423 7429
f 7261 7258 7423
f 7423 7425 7429
f 7427 7426 7431
f 7433 7263 7432
f 7431 7263 7433
f 7431 7260 7263
f 7431 7426 7260
f 7264 7432 7263
f 7434 7432 7264
f 7264 7266 7434
f 7267 7435 7268
f 7435 7436 7437
f 7267 7436 7435
f 7267 7428 7436
f 7267 7262 7428
f 7428 7430 7436
f 7433 7432 7438
f 7432 7434 7439
f 7438 7432 7439
f 7441 7269 7440
f 7439 7269 7441
f 7439 7266 7269
f 7439 7434 7266
f 7269 7271 7440
f 7273 7442 7274
f 7442 7443 7444
f 7442 7273 7443
f 7273 7275 7443
f 7268 7435 7445
f 7268 7445 7275
f 7275 7445 7443
f 7435 7437 7445
f 7441 7440 7446
f 7440 7271 7276
f 7440 7276 7446
f 7446 7276 7447
f 7449 7277 7448
f 7449 7447 7277
f 7447 7276 7277
f 7277 7279 7448
f 7282 7450 7451
f 7281 7450 7282
f 7274 7442 7452
f 7274 7452 7281
f 7281 7452 7450
f 7442 7444 7452
f 7449 7448 7453
f 7448 7279 7283
f 7448 7283 7453
f 7453 7283 7454
f 7456 7284 7455
f 7456 7454 7284
f 7454 7283 7284
f 7285 7455 7284
f 7457 7455 7285
f 7286 7457 7285
f 7458 7457 7286
f 7287 7458 7286
f 7459 7458 7287
f 7288 7459 7287
f 7460 7459 7288
f 7289 7460 7288
f 7461 7460 7289
f 7461 7462 7463
f 7461 7289 7462
f 7289 7290 7462
f 7462 7290 7464
f 7290 7291 7464
f 7464 7291 7282
f 7451 7464 7282
f 7456 7455 7465
f 7455 7457 7466
f 7465 7455 7466
f 7457 7458 7467
f 7466 7457 7467
f 7458 7459 7468
f 7467 7458 7468
f 7459 7460 7469
f 7468 7459 7469
f 7460 7461 7470
f 7469 7460 7470
f 7461 7463 7470
f 7473 7472 7471
f 7294 7471 7472
f 7294 7472 7293
f 7293 7472 7474
f 7474 7475 7293
f 7293 7475 7296
f 7475 7476 7296
f 7296 7476 7298
f 7476 7477 7298
f 7298 7477 7300
f 7477 7478 7300
f 7300 7478 7302
f 7478 7479 7302
f 7302 7479 7304
f 7480 7305 7304
f 7480 7304 7481
f 7481 7304 7479
f 7481 7482 7480
f 7485 7484 7483
f 7308 7483 7484
f 7308 7484 7307
f 7307 7484 7486
f 7486 7487 7307
f 7307 7487 7310
f 7471 7487 7473
f 7471 7311 7487
f 7311 7310 7487
f 7471 7294 7311
f 7480 7312 7305
f 7482 7312 7480
f 7482 7488 7312
f 7488 7313 7312
f 7488 7489 7313
f 7313 7489 7315
f 7315 7489 7490
f 7316 7315 7490
f 7319 7492 7491
f 7318 7319 7491
f 7483 7491 7485
f 7483 7320 7491
f 7320 7318 7491
f 7483 7308 7320
f 7490 7322 7316
f 7493 7322 7490
f 7494 7323 7322
f 7494 7322 7495
f 7495 7322 7493
f 7495 7496 7494
f 7492 7319 7497
f 7497 7319 7324
f 7494 7326 7323
f 7326 7498 7327
f 7494 7498 7326
f 7494 7499 7498
f 7494 7496 7499
f 7499 7500 7498
f 7330 7502 7501
f 7329 7330 7501
f 7501 7324 7329
f 7497 7324 7501
f 7498 7331 7327
f 7331 7503 7332
f 7498 7503 7331
f 7498 7504 7503
f 7498 7500 7504
f 7504 7505 7503
f 7335 7507 7506
f 7334 7335 7506
f 7506 7330 7334
f 7502 7330 7506
f 7503 7336 7332
f 7336 7508 7337
f 7503 7508 7336
f 7503 7509 7508
f 7503 7505 7509
f 7509 7510 7508
f 7513 7512 7511
f 7512 7338 7511
f 7512 7507 7338
f 7507 7335 7338
f 7508 7340 7337
f 7340 7508 7510
f 7340 7510 7341
f 7341 7510 7514
f 7517 7516 7515
f 7511 7343 7344
f 7513 7511 7344
f 7513 7344 7515
f 7513 7515 7516
f 7511 7338 7343
f 7514 7518 7341
f 7518 7345 7341
f 7520 7517 7515
f 7519 7520 7515
f 7515 7346 7519
f 7344 7346 7515
f 7523 7521 7522
f 7522 7524 7525
f 7521 7524 7522
f 7525 7526 7527
f 7524 7526 7525
f 7527 7528 7529
f 7526 7528 7527
f 7529 7528 7530
f 7518 7348 7345
f 7531 7348 7518
f 7348 7531 7532
f 7349 7348 7532
f 7519 7351 7352
f 7519 7352 7520
f 7520 7352 7533
f 7519 7346 7351
f 7535 7521 7523
f 7534 7521 7535
f 7521 7534 7524
f 7524 7534 7536
f 7524 7536 7526
f 7526 7536 7537
f 7526 7537 7528
f 7528 7537 7538
f 7530 7539 7540
f 7530 7528 7539
f 7528 7538 7539
f 7540 7539 7541
f 7532 7542 7349
f 7542 7353 7349
f 7533 7352 7543
f 7543 7352 7355
f 7546 7544 7545
f 7545 7534 7535
f 7545 7544 7534
f 7544 7547 7534
f 7358 7357 7536
f 7358 7536 7547
f 7547 7536 7534
f 7537 7536 7357
f 7360 7537 7357
f 7538 7537 7360
f 7362 7538 7360
f 7362 7363 7548
f 7362 7548 7538
f 7538 7548 7539
f 7541 7549 7550
f 7541 7539 7549
f 7539 7548 7549
f 7550 7549 7551
f 7552 7542 7553
f 7552 7364 7542
f 7364 7353 7542
f 7553 7554 7552
f 7543 7355 7555
f 7555 7355 7366
f 7557 7544 7546
f 7556 7544 7557
f 7369 7368 7547
f 7369 7547 7556
f 7556 7547 7544
f 7547 7368 7358
f 7548 7363 7374
f 7374 7375 7558
f 7374 7558 7548
f 7548 7558 7549
f 7551 7558 7559
f 7549 7558 7551
f 7560 7364 7552
f 7376 7364 7560
f 7554 7561 7560
f 7552 7554 7560
f 7555 7366 7562
f 7562 7366 7378
f 7565 7563 7564
f 7564 7556 7557
f 7564 7563 7556
f 7563 7566 7556
f 7556 7566 7380
f 7369 7556 7380
f 7567 7558 7375
f 7385 7567 7375
f 7559 7567 7568
f 7558 7567 7559
f 7569 7376 7560
f 7386 7376 7569
f 7561 7570 7569
f 7560 7561 7569
f 7562 7378 7571
f 7571 7378 7388
f 7573 7563 7565
f 7572 7563 7573
f 7563 7572 7566
f 7566 7572 7574
f 7566 7574 7390
f 7380 7566 7390
f 7394 7395 7575
f 7385 7394 7575
f 7385 7575 7567
f 7567 7575 7576
f 7568 7576 7577
f 7567 7576 7568
f 7578 7386 7569
f 7396 7386 7578
f 7570 7579 7578
f 7569 7570 7578
f 7571 7388 7580
f 7580 7388 7398
f 7582 7572 7573
f 7581 7572 7582
f 7572 7581 7574
f 7574 7581 7583
f 7574 7583 7400
f 7390 7574 7400
f 7584 7575 7395
f 7404 7584 7395
f 7585 7584 7586
f 7585 7576 7584
f 7576 7575 7584
f 7576 7585 7577
f 7587 7396 7578
f 7405 7396 7587
f 7579 7588 7587
f 7578 7579 7587
f 7406 7589 7590
f 7406 7590 7398
f 7398 7590 7580
f 7406 7407 7589
f 7582 7591 7581
f 7593 7581 7591
f 7593 7592 7581
f 7592 7583 7581
f 7408 7400 7583
f 7408 7583 7594
f 7594 7583 7592
f 7409 7408 7594
f 7595 7409 7594
f 7410 7409 7595
f 7596 7410 7595
f 7411 7410 7596
f 7597 7411 7596
f 7404 7411 7597
f 7404 7597 7584
f 7584 7597 7598
f 7586 7598 7599
f 7584 7598 7586
f 7600 7405 7587
f 7412 7405 7600
f 7588 7601 7600
f 7587 7588 7600
f 7603 7590 7589
f 7602 7603 7589
f 7589 7414 7602
f 7407 7414 7589
f 7593 7604 7592
f 7606 7592 7604
f 7606 7605 7592
f 7605 7594 7592
f 7594 7605 7595
f 7595 7605 7607
f 7595 7607 7596
f 7596 7607 7608
f 7596 7608 7597
f 7597 7608 7609
f 7610 7609 7611
f 7610 7598 7609
f 7598 7597 7609
f 7598 7610 7599
f 7612 7412 7600
f 7612 7613 7412
f 7613 7415 7412
f 7600 7601 7612
f 7603 7602 7614
f 7602 7615 7614
f 7602 7414 7615
f 7414 7417 7615
f 7606 7616 7605
f 7605 7617 7607
f 7616 7617 7605
f 7607 7618 7608
f 7617 7618 7607
f 7608 7619 7609
f 7618 7619 7608
f 7609 7619 7611
f 7613 7620 7415
f 7620 7419 7415
f 7420 7621 7622
f 7420 7622 7417
f 7417 7622 7615
f 7420 7422 7621
f 7425 7623 7624
f 7424 7623 7425
f 7623 7424 7419
f 7620 7623 7419
f 7622 7621 7625
f 7621 7626 7625
f 7621 7422 7626
f 7422 7427 7626
f 7430 7627 7628
f 7429 7627 7430
f 7627 7429 7425
f 7624 7627 7425
f 7626 7427 7431
f 7629 7626 7431
f 7431 7630 7629
f 7433 7630 7431
f 7437 7631 7632
f 7436 7631 7437
f 7631 7436 7430
f 7628 7631 7430
f 7630 7433 7438
f 7633 7630 7438
f 7635 7439 7634
f 7635 7633 7439
f 7633 7438 7439
f 7439 7441 7634
f 7443 7636 7444
f 7636 7637 7638
f 7636 7443 7637
f 7443 7445 7637
f 7637 7445 7437
f 7632 7637 7437
f 7635 7634 7639
f 7634 7441 7446
f 7634 7446 7639
f 7639 7446 7640
f 7642 7447 7641
f 7642 7640 7447
f 7640 7446 7447
f 7447 7449 7641
f 7450 7643 7451
f 7643 7644 7645
f 7643 7450 7644
f 7450 7452 7644
f 7444 7636 7646
f 7444 7646 7452
f 7452 7646 7644
f 7636 7638 7646
f 7642 7641 7647
f 7641 7449 7453
f 7641 7453 7647
f 7647 7453 7648
f 7650 7454 7649
f 7650 7648 7454
f 7648 7453 7454
f 7454 7456 7649
f 7462 7651 7463
f 7651 7652 7653
f 7651 7462 7652
f 7462 7464 7652
f 7451 7643 7654
f 7451 7654 7464
f 7464 7654 7652
f 7643 7645 7654
f 7650 7649 7655
f 7649 7456 7465
f 7649 7465 7655
f 7655 7465 7656
f 7656 7465 7657
f 7465 7466 7657
f 7657 7466 7658
f 7466 7467 7658
f 7658 7467 7659
f 7467 7468 7659
f 7659 7468 7660
f 7468 7469 7660
f 7660 7469 7661
f 7469 7470 7661
f 7463 7651 7662
f 7463 7662 7470
f 7470 7662 7661
f 7651 7653 7662
f 7665 7664 7663
f 7664 7667 7666
f 7663 7664 7666
f 7667 7669 7668
f 7666 7667 7668
f 7669 7671 7670
f 7668 7669 7670
f 7671 7673 7672
f 7670 7671 7672
f 7673 7674 7672
f 7677 7676 7675
f 7676 7679 7678
f 7675 7676 7678
f 7679 7681 7680
f 7678 7679 7680
f 7663 7472 7473
f 7665 7663 7473
f 7665 7473 7680
f 7665 7680 7681
f 7666 7472 7663
f 7474 7472 7666
f 7668 7474 7666
f 7475 7474 7668
f 7670 7475 7668
f 7476 7475 7670
f 7672 7476 7670
f 7477 7476 7672
f 7674 7477 7672
f 7674 7682 7477
f 7682 7478 7477
f 7682 7683 7478
f 7478 7683 7479
f 7683 7684 7479
f 7479 7684 7481
f 7685 7482 7481
f 7685 7481 7686
f 7686 7481 7684
f 7686 7687 7685
f 7690 7689 7688
f 7675 7484 7485
f 7677 7675 7485
f 7677 7485 7688
f 7677 7688 7689
f 7678 7484 7675
f 7486 7484 7678
f 7680 7486 7678
f 7487 7486 7680
f 7680 7473 7487
f 7685 7488 7482
f 7687 7488 7685
f 7687 7691 7488
f 7691 7489 7488
f 7692 7490 7489
f 7692 7489 7693
f 7693 7489 7691
f 7693 7694 7692
f 7697 7696 7695
f 7688 7491 7492
f 7690 7688 7492
f 7690 7492 7695
f 7690 7695 7696
f 7688 7485 7491
f 7692 7493 7490
f 7694 7493 7692
f 7694 7698 7493
f 7698 7495 7493
f 7495 7698 7699
f 7496 7495 7699
f 7701 7697 7695
f 7700 7701 7695
f 7695 7497 7700
f 7492 7497 7695
f 7699 7499 7496
f 7702 7499 7699
f 7703 7500 7499
f 7703 7499 7704
f 7704 7499 7702
f 7704 7705 7703
f 7708 7707 7706
f 7700 7501 7502
f 7701 7700 7502
f 7701 7502 7706
f 7701 7706 7707
f 7700 7497 7501
f 7703 7504 7500
f 7504 7709 7505
f 7703 7709 7504
f 7703 7710 7709
f 7703 7705 7710
f 7710 7711 7709
f 7714 7713 7712
f 7706 7506 7507
f 7708 7706 7507
f 7708 7507 7712
f 7708 7712 7713
f 7706 7502 7506
f 7709 7509 7505
f 7509 7709 7711
f 7509 7711 7510
f 7510 7711 7715
f 7712 7512 7513
f 7712 7513 7714
f 7714 7513 7716
f 7712 7507 7512
f 7715 7717 7510
f 7717 7514 7510
f 7517 7719 7718
f 7516 7517 7718
f 7718 7513 7516
f 7716 7513 7718
f 7722 7720 7721
f 7721 7723 7724
f 7720 7723 7721
f 7724 7725 7726
f 7723 7725 7724
f 7726 7727 7728
f 7725 7727 7726
f 7728 7727 7729
f 7730 7717 7731
f 7730 7518 7717
f 7518 7514 7717
f 7731 7732 7730
f 7735 7734 7733
f 7734 7520 7733
f 7734 7719 7520
f 7719 7517 7520
f 7738 7736 7737
f 7720 7523 7522
f 7722 7523 7720
f 7722 7736 7523
f 7722 7737 7736
f 7723 7720 7522
f 7525 7723 7522
f 7725 7723 7525
f 7527 7725 7525
f 7727 7725 7527
f 7529 7727 7527
f 7529 7530 7739
f 7727 7529 7739
f 7727 7739 7740
f 7727 7740 7729
f 7740 7741 7742
f 7739 7741 7740
f 7742 7741 7743
f 7730 7531 7518
f 7531 7730 7732
f 7531 7732 7532
f 7532 7732 7744
f 7746 7735 7733
f 7745 7746 7733
f 7733 7533 7745
f 7520 7533 7733
f 7749 7747 7748
f 7748 7736 7738
f 7748 7747 7736
f 7747 7750 7736
f 7736 7750 7535
f 7523 7736 7535
f 7739 7530 7540
f 7540 7541 7751
f 7540 7751 7739
f 7739 7751 7741
f 7743 7752 7753
f 7743 7741 7752
f 7741 7751 7752
f 7753 7752 7754
f 7744 7755 7532
f 7755 7542 7532
f 7757 7746 7745
f 7756 7757 7745
f 7745 7543 7756
f 7533 7543 7745
f 7759 7747 7749
f 7758 7747 7759
f 7546 7545 7750
f 7546 7750 7758
f 7758 7750 7747
f 7750 7545 7535
f 7751 7541 7550
f 7550 7551 7760
f 7550 7760 7751
f 7751 7760 7752
f 7754 7760 7761
f 7752 7760 7754
f 7755 7553 7542
f 7762 7553 7755
f 7553 7762 7763
f 7554 7553 7763
f 7765 7757 7756
f 7764 7765 7756
f 7756 7555 7764
f 7543 7555 7756
f 7767 7758 7759
f 7766 7758 7767
f 7758 7766 7557
f 7546 7758 7557
f 7768 7760 7551
f 7559 7768 7551
f 7761 7768 7769
f 7760 7768 7761
f 7763 7770 7554
f 7770 7561 7554
f 7772 7765 7764
f 7771 7772 7764
f 7764 7562 7771
f 7555 7562 7764
f 7775 7773 7774
f 7766 7565 7564
f 7767 7565 7766
f 7767 7773 7565
f 7767 7774 7773
f 7766 7564 7557
f 7776 7768 7559
f 7568 7776 7559
f 7769 7776 7777
f 7768 7776 7769
f 7770 7778 7561
f 7778 7570 7561
f 7780 7772 7771
f 7779 7780 7771
f 7771 7571 7779
f 7562 7571 7771
f 7782 7773 7775
f 7781 7773 7782
f 7773 7781 7573
f 7565 7773 7573
f 7783 7776 7568
f 7577 7783 7568
f 7777 7783 7784
f 7776 7783 7777
f 7778 7785 7570
f 7785 7579 7570
f 7787 7780 7779
f 7786 7787 7779
f 7779 7580 7786
f 7571 7580 7779
f 7789 7781 7782
f 7788 7781 7789
f 7781 7788 7582
f 7573 7781 7582
f 7585 7586 7790
f 7577 7585 7790
f 7577 7790 7783
f 7783 7790 7791
f 7784 7791 7792
f 7783 7791 7784
f 7785 7793 7579
f 7793 7588 7579
f 7795 7787 7786
f 7794 7795 7786
f 7786 7590 7794
f 7580 7590 7786
f 7797 7788 7789
f 7796 7788 7797
f 7591 7582 7788
f 7591 7788 7798
f 7798 7788 7796
f 7591 7798 7593
f 7799 7790 7586
f 7599 7799 7586
f 7800 7799 7801
f 7800 7791 7799
f 7791 7790 7799
f 7791 7800 7792
f 7793 7802 7588
f 7802 7601 7588
f 7795 7794 7803
f 7794 7804 7803
f 7794 7590 7804
f 7590 7603 7804
f 7797 7805 7796
f 7807 7796 7805
f 7807 7806 7796
f 7806 7798 7796
f 7604 7593 7798
f 7604 7798 7808
f 7808 7798 7806
f 7604 7808 7606
f 7610 7611 7809
f 7809 7811 7810
f 7610 7809 7810
f 7610 7810 7799
f 7610 7799 7599
f 7799 7810 7801
f 7613 7812 7813
f 7612 7812 7613
f 7812 7612 7601
f 7802 7812 7601
f 7614 7814 7815
f 7614 7815 7603
f 7603 7815 7804
f 7614 7615 7814
f 7807 7816 7806
f 7806 7817 7808
f 7816 7817 7806
f 7819 7818 7616
f 7817 7819 7616
f 7817 7616 7606
f 7817 7606 7808
f 7617 7616 7818
f 7820 7617 7818
f 7618 7617 7820
f 7821 7618 7820
f 7619 7618 7821
f 7822 7619 7821
f 7822 7824 7823
f 7619 7822 7823
f 7619 7823 7809
f 7619 7809 7611
f 7809 7823 7811
f 7813 7825 7613
f 7825 7620 7613
f 7815 7814 7826
f 7814 7827 7826
f 7814 7615 7827
f 7615 7622 7827
f 7819 7828 7818
f 7818 7829 7820
f 7828 7829 7818
f 7820 7830 7821
f 7829 7830 7820
f 7821 7831 7822
f 7830 7831 7821
f 7822 7831 7824
f 7624 7832 7833
f 7623 7832 7624
f 7832 7623 7620
f 7825 7832 7620
f 7625 7834 7835
f 7625 7835 7622
f 7622 7835 7827
f 7625 7626 7834
f 7627 7836 7628
f 7836 7627 7624
f 7836 7624 7837
f 7837 7624 7833
f 7835 7834 7838
f 7840 7629 7839
f 7838 7629 7840
f 7838 7626 7629
f 7838 7834 7626
f 7629 7630 7839
f 7631 7841 7632
f 7841 7842 7843
f 7631 7842 7841
f 7631 7836 7842
f 7631 7628 7836
f 7836 7837 7842
f 7840 7839 7844
f 7846 7633 7845
f 7844 7633 7846
f 7844 7630 7633
f 7844 7839 7630
f 7633 7635 7845
f 7637 7847 7638
f 7847 7848 7849
f 7637 7848 7847
f 7637 7841 7848
f 7637 7632 7841
f 7841 7843 7848
f 7846 7845 7850
f 7852 7639 7851
f 7850 7639 7852
f 7850 7635 7639
f 7850 7845 7635
f 7640 7851 7639
f 7853 7851 7640
f 7640 7642 7853
f 7644 7854 7645
f 7854 7855 7856
f 7854 7644 7855
f 7644 7646 7855
f 7638 7847 7857
f 7638 7857 7646
f 7646 7857 7855
f 7847 7849 7857
f 7852 7851 7858
f 7851 7853 7859
f 7858 7851 7859
f 7861 7647 7860
f 7859 7647 7861
f 7859 7642 7647
f 7859 7853 7642
f 7648 7860 7647
f 7862 7860 7648
f 7648 7650 7862
f 7652 7863 7653
f 7863 7864 7865
f 7863 7652 7864
f 7652 7654 7864
f 7645 7854 7866
f 7645 7866 7654
f 7654 7866 7864
f 7854 7856 7866
f 7861 7860 7867
f 7860 7862 7868
f 7867 7860 7868
f 7862 7650 7655
f 7862 7655 7868
f 7868 7655 7869
f 7871 7656 7870
f 7871 7869 7656
f 7869 7655 7656
f 7657 7870 7656
f 7872 7870 7657
f 7658 7872 7657
f 7873 7872 7658
f 7659 7873 7658
f 7874 7873 7659
f 7660 7874 7659
f 7875 7874 7660
f 7875 7876 7877
f 7875 7660 7876
f 7660 7661 7876
f 7876 7661 7878
f 7661 7662 7878
f 7653 7863 7879
f 7653 7879 7662
f 7662 7879 7878
f 7863 7865 7879
f 7871 7870 7880
f 7870 7872 7881
f 7880 7870 7881
f 7872 7873 7882
f 7881 7872 7882
f 7873 7874 7883
f 7882 7873 7883
f 7874 7875 7884
f 7883 7874 7884
f 7875 7877 7884
f 7887 7886 7885
f 7886 7889 7888
f 7885 7886 7888
f 7665 7888 7889
f 7665 7889 7664
f 7664 7889 7890
f 7890 7891 7664
f 7664 7891 7667
f 7891 7892 7667
f 7667 7892 7669
f 7892 7893 7669
f 7669 7893 7671
f 7893 7894 7671
f 7671 7894 7673
f 7895 7674 7673
f 7895 7673 7896
f 7896 7673 7894
f 7896 7898 7897
f 7895 7896 7897
f 7898 7899 7897
f 7677 7901 7900
f 7676 7677 7900
f 7885 7900 7887
f 7885 7679 7900
f 7679 7676 7900
f 7888 7679 7885
f 7681 7679 7888
f 7888 7665 7681
f 7895 7682 7674
f 7897 7682 7895
f 7683 7682 7897
f 7899 7683 7897
f 7899 7902 7683
f 7902 7684 7683
f 7902 7903 7684
f 7684 7903 7686
f 7904 7687 7686
f 7904 7686 7905
f 7905 7686 7903
f 7905 7906 7904
f 7690 7908 7907
f 7689 7690 7907
f 7907 7677 7689
f 7901 7677 7907
f 7904 7691 7687
f 7906 7691 7904
f 7906 7909 7691
f 7909 7693 7691
f 7693 7909 7910
f 7694 7693 7910
f 7697 7912 7911
f 7696 7697 7911
f 7911 7690 7696
f 7908 7690 7911
f 7910 7698 7694
f 7913 7698 7910
f 7914 7699 7698
f 7914 7698 7915
f 7915 7698 7913
f 7915 7916 7914
f 7919 7918 7917
f 7918 7701 7917
f 7918 7912 7701
f 7912 7697 7701
f 7914 7702 7699
f 7916 7702 7914
f 7916 7920 7702
f 7920 7704 7702
f 7704 7920 7921
f 7705 7704 7921
f 7924 7923 7922
f 7917 7707 7708
f 7919 7917 7708
f 7919 7708 7922
f 7919 7922 7923
f 7917 7701 7707
f 7921 7710 7705
f 7925 7710 7921
f 7710 7925 7926
f 7711 7710 7926
f 7929 7928 7927
f 7922 7713 7714
f 7924 7922 7714
f 7924 7714 7927
f 7924 7927 7928
f 7922 7708 7713
f 7926 7930 7711
f 7930 7715 7711
f 7932 7929 7927
f 7931 7932 7927
f 7927 7716 7931
f 7714 7716 7927
f 7935 7933 7934
f 7934 7936 7937
f 7933 7936 7934
f 7937 7938 7939
f 7936 7938 7937
f 7939 7940 7941
f 7938 7940 7939
f 7941 7940 7942
f 7943 7930 7944
f 7943 7717 7930
f 7717 7715 7930
f 7944 7945 7943
f 7948 7947 7946
f 7931 7718 7719
f 7932 7931 7719
f 7932 7719 7946
f 7932 7946 7947
f 7931 7716 7718
f 7951 7949 7950
f 7933 7722 7721
f 7935 7722 7933
f 7935 7949 7722
f 7935 7950 7949
f 7936 7933 7721
f 7724 7936 7721
f 7938 7936 7724
f 7726 7938 7724
f 7940 7938 7726
f 7728 7940 7726
f 7728 7729 7952
f 7940 7728 7952
f 7940 7952 7953
f 7940 7953 7942
f 7953 7954 7955
f 7952 7954 7953
f 7955 7954 7956
f 7943 7731 7717
f 7731 7943 7945
f 7731 7945 7732
f 7732 7945 7957
f 7960 7959 7958
f 7946 7734 7735
f 7948 7946 7735
f 7948 7735 7958
f 7948 7958 7959
f 7946 7719 7734
f 7963 7961 7962
f 7949 7738 7737
f 7951 7738 7949
f 7951 7961 7738
f 7951 7962 7961
f 7949 7737 7722
f 7952 7729 7740
f 7954 7952 7740
f 7742 7954 7740
f 7742 7743 7964
f 7954 7742 7964
f 7954 7964 7965
f 7954 7965 7956
f 7965 7964 7966
f 7967 7957 7968
f 7967 7744 7957
f 7744 7732 7957
f 7968 7969 7967
f 7960 7958 7970
f 7958 7971 7970
f 7958 7735 7971
f 7735 7746 7971
f 7974 7972 7973
f 7961 7749 7748
f 7963 7749 7961
f 7963 7972 7749
f 7963 7973 7972
f 7961 7748 7738
f 7964 7743 7753
f 7753 7754 7975
f 7964 7753 7975
f 7964 7975 7976
f 7964 7976 7966
f 7976 7975 7977
f 7978 7744 7967
f 7755 7744 7978
f 7969 7979 7978
f 7967 7969 7978
f 7971 7746 7980
f 7980 7746 7757
f 7982 7972 7974
f 7981 7972 7982
f 7972 7981 7759
f 7749 7972 7759
f 7983 7975 7754
f 7761 7983 7754
f 7977 7983 7984
f 7975 7983 7977
f 7978 7762 7755
f 7762 7978 7979
f 7762 7979 7763
f 7763 7979 7985
f 7980 7757 7986
f 7986 7757 7765
f 7989 7987 7988
f 7988 7981 7982
f 7988 7987 7981
f 7987 7990 7981
f 7981 7990 7767
f 7759 7981 7767
f 7991 7983 7761
f 7769 7991 7761
f 7984 7991 7992
f 7983 7991 7984
f 7985 7993 7763
f 7993 7770 7763
f 7986 7765 7994
f 7994 7765 7772
f 7996 7987 7989
f 7995 7987 7996
f 7775 7774 7990
f 7775 7990 7995
f 7995 7990 7987
f 7990 7774 7767
f 7997 7991 7769
f 7777 7997 7769
f 7992 7997 7998
f 7991 7997 7992
f 7993 7999 7770
f 7999 7778 7770
f 7994 7772 8000
f 8000 7772 7780
f 8002 7995 7996
f 8001 7995 8002
f 7995 8001 7782
f 7775 7995 7782
f 8003 7997 7777
f 7784 8003 7777
f 7998 8003 8004
f 7997 8003 7998
f 7999 8005 7778
f 8005 7785 7778
f 8008 8007 8006
f 8007 7787 8006
f 8007 8000 7787
f 8000 7780 7787
f 8010 8001 8002
f 8009 8001 8010
f 8001 8009 7789
f 7782 8001 7789
f 8011 8003 7784
f 8011 7784 8012
f 8012 7784 7792
f 8003 8011 8004
f 8005 8013 7785
f 8013 7793 7785
f 8008 8006 8014
f 8006 8015 8014
f 8006 7787 8015
f 7787 7795 8015
f 8010 8016 8009
f 8009 8016 8017
f 8009 8017 7789
f 7789 8017 7797
f 7800 7801 8018
f 8018 7792 7800
f 8018 8019 7792
f 8019 8012 7792
f 8013 8020 7793
f 8020 7802 7793
f 7803 8021 8022
f 7803 8022 7795
f 7795 8022 8015
f 7803 7804 8021
f 7805 8024 8023
f 7805 7797 8024
f 7797 8017 8024
f 7805 8023 7807
f 7810 7811 8025
f 8025 8027 8026
f 7810 8025 8026
f 7810 8026 8018
f 7810 8018 7801
f 8018 8026 8019
f 7812 8028 7813
f 8028 7812 7802
f 8028 7802 8029
f 8029 7802 8020
f 8022 8021 8030
f 8021 8031 8030
f 8021 7804 8031
f 7804 7815 8031
f 8024 8032 8023
f 8034 8033 7816
f 8032 8034 7816
f 8032 7816 7807
f 8032 7807 8023
f 7817 7816 8033
f 8035 7817 8033
f 7817 8035 7819
f 7823 7824 8036
f 8036 8038 8037
f 7823 8036 8037
f 7823 8037 8025
f 7823 8025 7811
f 8025 8037 8027
f 8039 7813 8028
f 8039 8040 7813
f 8040 7825 7813
f 8028 8029 8039
f 7826 8041 8042
f 7826 8042 7815
f 7815 8042 8031
f 7826 7827 8041
f 8034 8043 8033
f 8045 8033 8043
f 8045 8044 8033
f 8044 8035 8033
f 7828 7819 8035
f 7828 8035 8046
f 8046 8035 8044
f 7829 7828 8046
f 8047 7829 8046
f 7830 7829 8047
f 8048 7830 8047
f 8048 8050 8049
f 8048 8049 7830
f 7830 8049 7831
f 7824 8051 8036
f 7824 7831 8051
f 7831 8049 8051
f 8036 8051 8038
f 7832 8052 7833
f 8052 7832 7825
f 8052 7825 8053
f 8053 7825 8040
f 8042 8041 8054
f 8041 8055 8054
f 8041 7827 8055
f 7827 7835 8055
f 8045 8056 8044
f 8044 8057 8046
f 8056 8057 8044
f 8046 8058 8047
f 8057 8058 8046
f 8047 8059 8048
f 8058 8059 8047
f 8048 8059 8050
f 8060 7833 8052
f 8060 8061 7833
f 8061 7837 7833
f 8052 8053 8060
f 7838 8062 8063
f 7838 8063 7835
f 7835 8063 8055
f 7838 7840 8062
f 7843 8064 8065
f 7842 8064 7843
f 8064 7842 7837
f 8061 8064 7837
f 8063 8062 8066
f 8068 7844 8067
f 8066 7844 8068
f 8066 7840 7844
f 8066 8062 7840
f 7844 7846 8067
f 7848 8069 7849
f 8069 7848 7843
f 8069 7843 8070
f 8070 7843 8065
f 8068 8067 8071
f 8073 7850 8072
f 8071 7850 8073
f 8071 7846 7850
f 8071 8067 7846
f 7850 7852 8072
f 7855 8074 7856
f 8074 8075 8076
f 8074 7855 8075
f 7855 7857 8075
f 7849 8069 8077
f 7849 8077 7857
f 7857 8077 8075
f 8069 8070 8077
f 8073 8072 8078
f 8072 7852 7858
f 8072 7858 8078
f 8078 7858 8079
f 8081 7859 8080
f 8081 8079 7859
f 8079 7858 7859
f 7859 7861 8080
f 7864 8082 7865
f 8082 8083 8084
f 8082 7864 8083
f 7864 7866 8083
f 7856 8074 8085
f 7856 8085 7866
f 7866 8085 8083
f 8074 8076 8085
f 8081 8080 8086
f 8080 7861 7867
f 8080 7867 8086
f 8086 7867 8087
f 8087 7867 8088
f 7867 7868 8088
f 8090 7869 8089
f 8090 8088 7869
f 8088 7868 7869
f 7869 7871 8089
f 7876 8091 7877
f 7878 8091 7876
f 8092 8091 7878
f 8092 8093 8094
f 8092 7878 8093
f 7878 7879 8093
f 7865 8082 8095
f 7865 8095 7879
f 7879 8095 8093
f 8082 8084 8095
f 8090 8089 8096
f 8089 7871 7880
f 8089 7880 8096
f 8096 7880 8097
f 8097 7880 8098
f 7880 7881 8098
f 8098 7881 8099
f 7881 7882 8099
f 8099 7882 8100
f 7882 7883 8100
f 8100 7883 8101
f 7883 7884 8101
f 7877 8091 8102
f 7877 8102 7884
f 7884 8102 8101
f 8091 8092 8103
f 8102 8091 8103
f 8092 8094 8103
f 7887 8105 8104
f 7886 7887 8104
f 8104 8106 7886
f 7886 8106 7889
f 8106 8107 7889
f 7889 8107 7890
f 8107 8108 7890
f 7890 8108 7891
f 8108 8109 7891
f 7891 8109 7892
f 8109 8110 7892
f 7892 8110 7893
f 8110 8111 7893
f 7893 8111 7894
f 8111 8112 7894
f 7894 8112 7896
f 8112 8113 7896
f 7896 8113 7898
f 8114 7899 7898
f 8114 7898 8115
f 8115 7898 8113
f 8115 8116 8114
f 8119 8118 8117
f 7901 8117 8118
f 7901 8118 7900
f 7900 8118 8120
f 8120 7887 7900
f 8105 7887 8120
f 8114 7902 7899
f 8116 7902 8114
f 8116 8121 7902
f 8121 7903 7902
f 8121 8122 7903
f 7903 8122 7905
f 7905 8122 8123
f 7906 7905 8123
f 8126 8125 8124
f 8117 7907 7908
f 8119 8117 7908
f 8119 7908 8124
f 8119 8124 8125
f 8117 7901 7907
f 8123 7909 7906
f 8127 7909 8123
f 8128 7910 7909
f 8128 7909 8129
f 8129 7909 8127
f 8129 8131 8130
f 8128 8129 8130
f 8131 8132 8130
f 8135 8134 8133
f 8124 7911 7912
f 8126 8124 7912
f 8126 7912 8133
f 8126 8133 8134
f 8124 7908 7911
f 8128 7913 7910
f 8130 7913 8128
f 7915 7913 8130
f 7915 8136 7916
f 8130 8136 7915
f 8130 8137 8136
f 8130 8132 8137
f 8137 8138 8136
f 8141 8140 8139
f 8133 7918 7919
f 8135 8133 7919
f 8135 7919 8139
f 8135 8139 8140
f 8133 7912 7918
f 8136 7920 7916
f 7920 8142 7921
f 8136 8142 7920
f 8136 8143 8142
f 8136 8138 8143
f 8143 8144 8142
f 8147 8146 8145
f 8139 7923 7924
f 8141 8139 7924
f 8141 7924 8145
f 8141 8145 8146
f 8139 7919 7923
f 8142 7925 7921
f 7925 8148 7926
f 8142 8148 7925
f 8142 8149 8148
f 8142 8144 8149
f 8149 8150 8148
f 8145 7928 7929
f 8145 7929 8147
f 8147 7929 8151
f 8145 7924 7928
f 8154 8152 8153
f 8153 8155 8156
f 8152 8155 8153
f 8156 8157 8158
f 8155 8157 8156
f 8158 8157 8159
f 8160 7926 8148
f 7930 7926 8160
f 8150 8161 8160
f 8148 8150 8160
f 8164 8163 8162
f 8163 7932 8162
f 8163 8151 7932
f 8151 7929 7932
f 8167 8165 8166
f 8152 7935 7934
f 8154 7935 8152
f 8154 8165 7935
f 8154 8166 8165
f 8155 8152 7934
f 7937 8155 7934
f 8157 8155 7937
f 7939 8157 7937
f 8159 8157 7939
f 8159 7939 8168
f 8168 7939 7941
f 8169 7941 7942
f 8169 8170 7941
f 8170 8168 7941
f 8170 8171 8172
f 8169 8171 8170
f 8172 8171 8173
f 8160 7944 7930
f 7944 8160 8161
f 7944 8161 7945
f 7945 8161 8174
f 8177 8176 8175
f 8162 7947 7948
f 8164 8162 7948
f 8164 7948 8175
f 8164 8175 8176
f 8162 7932 7947
f 8180 8178 8179
f 8165 7951 7950
f 8167 7951 8165
f 8167 8178 7951
f 8167 8179 8178
f 8165 7950 7935
f 8169 7942 7953
f 8171 8169 7953
f 7955 8171 7953
f 7955 7956 8181
f 8171 7955 8181
f 8171 8181 8182
f 8171 8182 8173
f 8182 8181 8183
f 8184 8174 8185
f 8184 7957 8174
f 7957 7945 8174
f 8185 8186 8184
f 8175 7959 7960
f 8175 7960 8177
f 8177 7960 8187
f 8175 7948 7959
f 8190 8188 8189
f 8178 7963 7962
f 8180 7963 8178
f 8180 8188 7963
f 8180 8189 8188
f 8178 7962 7951
f 8181 7956 7965
f 7965 7966 8191
f 8181 7965 8191
f 8181 8191 8192
f 8181 8192 8183
f 8192 8191 8193
f 8184 7968 7957
f 7968 8184 8186
f 7968 8186 7969
f 7969 8186 8194
f 7970 8195 8196
f 7970 8196 7960
f 7960 8196 8187
f 7970 7971 8195
f 8199 8197 8198
f 8188 7974 7973
f 8190 7974 8188
f 8190 8197 7974
f 8190 8198 8197
f 8188 7973 7963
f 8191 7966 7976
f 7976 8193 8191
f 7976 7977 8193
f 7977 8200 8193
f 8194 8201 7969
f 8201 7979 7969
f 8203 8196 8195
f 8202 8203 8195
f 8195 7980 8202
f 7971 7980 8195
f 8205 8197 8199
f 8204 8197 8205
f 8197 8204 7982
f 7974 8197 7982
f 8206 8207 8200
f 8206 8200 7984
f 7984 8200 7977
f 8207 8206 8208
f 8209 8201 8210
f 8209 7985 8201
f 7985 7979 8201
f 8210 8211 8209
f 8213 8203 8202
f 8212 8213 8202
f 8202 7986 8212
f 7980 7986 8202
f 8204 7989 7988
f 8204 8205 7989
f 8205 8214 7989
f 8204 7988 7982
f 8215 8206 7984
f 7992 8215 7984
f 8208 8215 8216
f 8206 8215 8208
f 8217 7985 8209
f 7993 7985 8217
f 8211 8218 8217
f 8209 8211 8217
f 8220 8213 8212
f 8219 8220 8212
f 8212 7994 8219
f 7986 7994 8212
f 8223 8221 8222
f 8222 8221 7996
f 8222 7996 8214
f 8214 7996 7989
f 8224 8215 7992
f 7998 8224 7992
f 8216 8224 8225
f 8215 8224 8216
f 8226 7993 8217
f 7999 7993 8226
f 8218 8227 8226
f 8217 8218 8226
f 8229 8220 8219
f 8228 8229 8219
f 8219 8000 8228
f 7994 8000 8219
f 8223 8230 8221
f 8221 8230 8231
f 8221 8231 7996
f 7996 8231 8002
f 8232 8224 7998
f 8232 7998 8233
f 8233 7998 8004
f 8224 8232 8225
f 8234 7999 8226
f 8005 7999 8234
f 8227 8235 8234
f 8226 8227 8234
f 8228 8007 8008
f 8228 8008 8229
f 8229 8008 8236
f 8228 8000 8007
f 8231 8237 8002
f 8237 8010 8002
f 8011 8012 8238
f 8238 8004 8011
f 8238 8239 8004
f 8239 8233 8004
f 8240 8005 8234
f 8013 8005 8240
f 8235 8241 8240
f 8234 8235 8240
f 8014 8242 8243
f 8014 8243 8008
f 8008 8243 8236
f 8014 8015 8242
f 8016 8245 8244
f 8016 8010 8245
f 8010 8237 8245
f 8016 8244 8017
f 8246 8238 8012
f 8019 8246 8012
f 8239 8246 8247
f 8238 8246 8239
f 8248 8013 8240
f 8248 8249 8013
f 8249 8020 8013
f 8240 8241 8248
f 8243 8242 8250
f 8242 8251 8250
f 8242 8015 8251
f 8015 8022 8251
f 8253 8244 8245
f 8252 8244 8253
f 8244 8252 8024
f 8017 8244 8024
f 8026 8027 8254
f 8254 8256 8255
f 8026 8254 8255
f 8026 8255 8246
f 8026 8246 8019
f 8246 8255 8247
f 8249 8257 8020
f 8257 8029 8020
f 8030 8258 8259
f 8030 8259 8022
f 8022 8259 8251
f 8030 8031 8258
f 8253 8260 8252
f 8262 8261 8032
f 8260 8262 8032
f 8260 8032 8024
f 8260 8024 8252
f 8032 8261 8034
f 8037 8038 8263
f 8263 8265 8264
f 8037 8263 8264
f 8037 8264 8254
f 8037 8254 8027
f 8254 8264 8256
f 8039 8266 8040
f 8266 8039 8029
f 8266 8029 8267
f 8267 8029 8257
f 8259 8258 8268
f 8258 8269 8268
f 8258 8031 8269
f 8031 8042 8269
f 8262 8270 8261
f 8272 8271 8043
f 8270 8272 8043
f 8270 8043 8034
f 8270 8034 8261
f 8043 8271 8045
f 8049 8050 8273
f 8051 8049 8273
f 8274 8051 8273
f 8274 8276 8275
f 8051 8274 8275
f 8051 8275 8263
f 8051 8263 8038
f 8263 8275 8265
f 8277 8040 8266
f 8277 8278 8040
f 8278 8053 8040
f 8266 8267 8277
f 8054 8279 8280
f 8054 8280 8042
f 8042 8280 8269
f 8054 8055 8279
f 8272 8281 8271
f 8271 8056 8045
f 8271 8281 8056
f 8281 8282 8056
f 8284 8283 8057
f 8284 8057 8282
f 8282 8057 8056
f 8058 8057 8283
f 8285 8058 8283
f 8059 8058 8285
f 8286 8059 8285
f 8286 8288 8287
f 8059 8286 8287
f 8059 8287 8273
f 8059 8273 8050
f 8273 8289 8274
f 8287 8289 8273
f 8274 8289 8276
f 8060 8290 8061
f 8290 8060 8053
f 8290 8053 8291
f 8291 8053 8278
f 8280 8279 8292
f 8279 8293 8292
f 8279 8055 8293
f 8055 8063 8293
f 8284 8294 8283
f 8283 8295 8285
f 8294 8295 8283
f 8285 8296 8286
f 8295 8296 8285
f 8286 8296 8288
f 8064 8297 8065
f 8297 8298 8299
f 8064 8298 8297
f 8064 8290 8298
f 8064 8061 8290
f 8290 8291 8298
f 8293 8063 8066
f 8300 8293 8066
f 8066 8301 8300
f 8068 8301 8066
f 8302 8065 8297
f 8302 8303 8065
f 8303 8070 8065
f 8297 8299 8302
f 8301 8068 8071
f 8304 8301 8071
f 8071 8305 8304
f 8073 8305 8071
f 8075 8306 8076
f 8306 8307 8308
f 8306 8075 8307
f 8075 8077 8307
f 8307 8077 8070
f 8303 8307 8070
f 8305 8073 8078
f 8309 8305 8078
f 8311 8079 8310
f 8311 8309 8079
f 8309 8078 8079
f 8079 8081 8310
f 8083 8312 8084
f 8312 8313 8314
f 8312 8083 8313
f 8083 8085 8313
f 8076 8306 8315
f 8076 8315 8085
f 8085 8315 8313
f 8306 8308 8315
f 8311 8310 8316
f 8310 8081 8086
f 8310 8086 8316
f 8316 8086 8317
f 8319 8087 8318
f 8319 8317 8087
f 8317 8086 8087
f 8088 8318 8087
f 8320 8318 8088
f 8088 8090 8320
f 8093 8321 8094
f 8321 8322 8323
f 8321 8093 8322
f 8093 8095 8322
f 8084 8312 8324
f 8084 8324 8095
f 8095 8324 8322
f 8312 8314 8324
f 8319 8318 8325
f 8318 8320 8326
f 8325 8318 8326
f 8320 8090 8096
f 8320 8096 8326
f 8326 8096 8327
f 8327 8096 8328
f 8096 8097 8328
f 8330 8098 8329
f 8330 8328 8098
f 8328 8097 8098
f 8099 8329 8098
f 8331 8329 8099
f 8100 8331 8099
f 8332 8331 8100
f 8101 8332 8100
f 8333 8332 8101
f 8333 8334 8335
f 8333 8101 8334
f 8101 8102 8334
f 8334 8102 8336
f 8102 8103 8336
f 8094 8321 8337
f 8094 8337 8103
f 8103 8337 8336
f 8321 8323 8337
f 8330 8329 8338
f 8329 8331 8339
f 8338 8329 8339
f 8331 8332 8340
f 8339 8331 8340
f 8332 8333 8341
f 8340 8332 8341
f 8333 8335 8341
f 8344 8343 8342
f 8343 8346 8345
f 8342 8343 8345
f 8346 8348 8347
f 8345 8346 8347
f 8348 8350 8349
f 8347 8348 8349
f 8350 8352 8351
f 8349 8350 8351
f 8352 8354 8353
f 8351 8352 8353
f 8354 8355 8353
f 8358 8357 8356
f 8105 8356 8357
f 8105 8357 8104
f 8104 8357 8359
f 8359 8360 8104
f 8104 8360 8106
f 8342 8360 8344
f 8342 8107 8360
f 8107 8106 8360
f 8345 8107 8342
f 8108 8107 8345
f 8347 8108 8345
f 8109 8108 8347
f 8349 8109 8347
f 8110 8109 8349
f 8351 8110 8349
f 8111 8110 8351
f 8353 8111 8351
f 8112 8111 8353
f 8355 8112 8353
f 8355 8361 8112
f 8361 8113 8112
f 8361 8362 8113
f 8113 8362 8115
f 8363 8116 8115
f 8363 8115 8364
f 8364 8115 8362
f 8364 8365 8363
f 8119 8367 8366
f 8118 8119 8366
f 8356 8366 8358
f 8356 8120 8366
f 8120 8118 8366
f 8356 8105 8120
f 8363 8121 8116
f 8365 8121 8363
f 8365 8368 8121
f 8368 8122 8121
f 8369 8123 8122
f 8369 8122 8370
f 8370 8122 8368
f 8370 8372 8371
f 8369 8370 8371
f 8372 8373 8371
f 8376 8375 8374
f 8126 8374 8375
f 8126 8375 8125
f 8125 8375 8377
f 8377 8119 8125
f 8367 8119 8377
f 8369 8127 8123
f 8371 8127 8369
f 8129 8127 8371
f 8373 8129 8371
f 8373 8378 8129
f 8378 8131 8129
f 8131 8378 8379
f 8132 8131 8379
f 8382 8381 8380
f 8374 8134 8135
f 8376 8374 8135
f 8376 8135 8380
f 8376 8380 8381
f 8374 8126 8134
f 8379 8137 8132
f 8383 8137 8379
f 8137 8383 8384
f 8138 8137 8384
f 8387 8386 8385
f 8380 8140 8141
f 8382 8380 8141
f 8382 8141 8385
f 8382 8385 8386
f 8380 8135 8140
f 8384 8143 8138
f 8388 8143 8384
f 8143 8388 8389
f 8144 8143 8389
f 8385 8146 8147
f 8385 8147 8387
f 8387 8147 8390
f 8385 8141 8146
f 8389 8149 8144
f 8391 8149 8389
f 8149 8391 8392
f 8150 8149 8392
f 8395 8394 8393
f 8394 8151 8393
f 8394 8390 8151
f 8390 8147 8151
f 8398 8396 8397
f 8154 8397 8396
f 8154 8153 8397
f 8153 8399 8397
f 8399 8153 8400
f 8153 8156 8400
f 8400 8156 8401
f 8156 8158 8401
f 8402 8158 8159
f 8402 8403 8158
f 8403 8401 8158
f 8403 8404 8405
f 8402 8404 8403
f 8405 8404 8406
f 8392 8407 8150
f 8407 8161 8150
f 8393 8163 8164
f 8393 8164 8395
f 8395 8164 8408
f 8393 8151 8163
f 8411 8409 8410
f 8396 8167 8166
f 8398 8167 8396
f 8398 8409 8167
f 8398 8410 8409
f 8396 8166 8154
f 8402 8159 8168
f 8404 8402 8168
f 8170 8404 8168
f 8406 8404 8170
f 8406 8170 8412
f 8412 8170 8172
f 8413 8172 8173
f 8413 8414 8172
f 8414 8412 8172
f 8414 8413 8415
f 8416 8407 8417
f 8416 8174 8407
f 8174 8161 8407
f 8417 8418 8416
f 8177 8420 8419
f 8176 8177 8419
f 8419 8164 8176
f 8408 8164 8419
f 8423 8421 8422
f 8409 8180 8179
f 8411 8180 8409
f 8411 8421 8180
f 8411 8422 8421
f 8409 8179 8167
f 8413 8173 8182
f 8182 8183 8424
f 8413 8182 8424
f 8413 8424 8425
f 8413 8425 8415
f 8425 8424 8426
f 8416 8185 8174
f 8185 8416 8418
f 8185 8418 8186
f 8186 8418 8427
f 8430 8429 8428
f 8429 8187 8428
f 8429 8420 8187
f 8420 8177 8187
f 8433 8431 8432
f 8421 8190 8189
f 8423 8190 8421
f 8423 8431 8190
f 8423 8432 8431
f 8421 8189 8180
f 8424 8183 8192
f 8192 8426 8424
f 8192 8193 8426
f 8193 8434 8426
f 8427 8435 8186
f 8435 8194 8186
f 8437 8430 8428
f 8436 8437 8428
f 8428 8196 8436
f 8187 8196 8428
f 8431 8199 8198
f 8431 8433 8199
f 8433 8438 8199
f 8431 8198 8190
f 8439 8440 8434
f 8439 8434 8200
f 8200 8434 8193
f 8440 8439 8441
f 8442 8435 8443
f 8442 8201 8435
f 8201 8194 8435
f 8443 8444 8442
f 8446 8437 8436
f 8445 8446 8436
f 8436 8203 8445
f 8196 8203 8436
f 8449 8447 8448
f 8448 8447 8205
f 8448 8205 8438
f 8438 8205 8199
f 8439 8200 8207
f 8207 8441 8439
f 8207 8208 8441
f 8208 8450 8441
f 8442 8210 8201
f 8210 8442 8444
f 8210 8444 8211
f 8211 8444 8451
f 8446 8445 8452
f 8445 8453 8452
f 8445 8203 8453
f 8203 8213 8453
f 8455 8447 8449
f 8454 8447 8455
f 8447 8454 8214
f 8205 8447 8214
f 8450 8208 8456
f 8456 8208 8216
f 8451 8457 8211
f 8457 8218 8211
f 8453 8213 8458
f 8458 8213 8220
f 8454 8223 8222
f 8454 8455 8223
f 8455 8459 8223
f 8454 8222 8214
f 8456 8216 8460
f 8460 8216 8225
f 8457 8461 8218
f 8461 8227 8218
f 8464 8463 8462
f 8463 8229 8462
f 8463 8458 8229
f 8458 8220 8229
f 8230 8466 8465
f 8230 8223 8466
f 8223 8459 8466
f 8230 8465 8231
f 8232 8233 8467
f 8467 8225 8232
f 8467 8468 8225
f 8468 8460 8225
f 8461 8469 8227
f 8469 8235 8227
f 8471 8464 8462
f 8470 8471 8462
f 8462 8236 8470
f 8229 8236 8462
f 8473 8465 8466
f 8472 8465 8473
f 8465 8472 8237
f 8231 8465 8237
f 8474 8467 8233
f 8239 8474 8233
f 8468 8474 8475
f 8467 8474 8468
f 8469 8476 8235
f 8476 8241 8235
f 8471 8470 8477
f 8470 8478 8477
f 8470 8236 8478
f 8236 8243 8478
f 8480 8472 8473
f 8479 8472 8480
f 8472 8479 8245
f 8237 8472 8245
f 8481 8474 8239
f 8481 8239 8482
f 8482 8239 8247
f 8474 8481 8475
f 8248 8483 8249
f 8483 8248 8241
f 8483 8241 8484
f 8484 8241 8476
f 8250 8485 8486
f 8250 8486 8243
f 8243 8486 8478
f 8250 8251 8485
f 8480 8487 8479
f 8479 8487 8488
f 8479 8488 8245
f 8245 8488 8253
f 8255 8256 8489
f 8489 8247 8255
f 8489 8490 8247
f 8490 8482 8247
f 8491 8249 8483
f 8491 8492 8249
f 8492 8257 8249
f 8483 8484 8491
f 8486 8485 8493
f 8485 8494 8493
f 8485 8251 8494
f 8251 8259 8494
f 8260 8496 8495
f 8260 8253 8496
f 8253 8488 8496
f 8260 8495 8262
f 8264 8265 8497
f 8256 8264 8497
f 8256 8497 8489
f 8489 8497 8498
f 8490 8498 8499
f 8489 8498 8490
f 8492 8500 8257
f 8500 8267 8257
f 8268 8501 8502
f 8268 8502 8259
f 8259 8502 8494
f 8268 8269 8501
f 8496 8503 8495
f 8505 8504 8270
f 8503 8505 8270
f 8503 8270 8262
f 8503 8262 8495
f 8270 8504 8272
f 8275 8276 8506
f 8506 8508 8507
f 8275 8506 8507
f 8275 8507 8497
f 8275 8497 8265
f 8497 8509 8498
f 8507 8509 8497
f 8498 8509 8499
f 8278 8510 8511
f 8277 8510 8278
f 8510 8277 8267
f 8500 8510 8267
f 8502 8501 8512
f 8501 8513 8512
f 8501 8269 8513
f 8269 8280 8513
f 8505 8514 8504
f 8516 8515 8281
f 8514 8516 8281
f 8514 8281 8272
f 8514 8272 8504
f 8282 8281 8515
f 8517 8282 8515
f 8282 8517 8284
f 8287 8288 8518
f 8518 8520 8519
f 8518 8519 8287
f 8287 8519 8289
f 8276 8521 8506
f 8276 8289 8521
f 8289 8519 8521
f 8506 8521 8508
f 8511 8522 8278
f 8522 8291 8278
f 8292 8523 8524
f 8292 8524 8280
f 8280 8524 8513
f 8292 8293 8523
f 8516 8525 8515
f 8515 8526 8517
f 8525 8526 8515
f 8517 8294 8284
f 8517 8526 8294
f 8526 8527 8294
f 8527 8528 8294
f 8294 8528 8295
f 8528 8529 8295
f 8295 8529 8296
f 8288 8530 8518
f 8288 8296 8530
f 8296 8529 8530
f 8518 8530 8520
f 8299 8531 8532
f 8298 8531 8299
f 8531 8298 8291
f 8522 8531 8291
f 8524 8523 8533
f 8535 8300 8534
f 8533 8300 8535
f 8533 8293 8300
f 8533 8523 8293
f 8300 8301 8534
f 8303 8536 8537
f 8302 8536 8303
f 8536 8302 8299
f 8532 8536 8299
f 8535 8534 8538
f 8540 8304 8539
f 8538 8304 8540
f 8538 8301 8304
f 8538 8534 8301
f 8304 8305 8539
f 8308 8541 8542
f 8307 8541 8308
f 8541 8307 8303
f 8537 8541 8303
f 8540 8539 8543
f 8545 8309 8544
f 8543 8309 8545
f 8543 8305 8309
f 8543 8539 8305
f 8309 8311 8544
f 8314 8546 8547
f 8313 8546 8314
f 8546 8313 8548
f 8313 8315 8548
f 8548 8315 8308
f 8542 8548 8308
f 8545 8544 8549
f 8544 8311 8316
f 8544 8316 8549
f 8549 8316 8550
f 8552 8317 8551
f 8552 8550 8317
f 8550 8316 8317
f 8317 8319 8551
f 8323 8553 8554
f 8322 8553 8323
f 8553 8322 8555
f 8322 8324 8555
f 8555 8324 8314
f 8547 8555 8314
f 8552 8551 8556
f 8551 8319 8325
f 8551 8325 8556
f 8556 8325 8557
f 8559 8326 8558
f 8559 8557 8326
f 8557 8325 8326
f 8327 8558 8326
f 8560 8558 8327
f 8328 8560 8327
f 8561 8560 8328
f 8328 8330 8561
f 8334 8562 8335
f 8562 8563 8564
f 8562 8334 8563
f 8334 8336 8563
f 8563 8336 8565
f 8336 8337 8565
f 8565 8337 8323
f 8554 8565 8323
f 8559 8558 8566
f 8558 8560 8567
f 8566 8558 8567
f 8560 8561 8568
f 8567 8560 8568
f 8561 8330 8338
f 8561 8338 8568
f 8568 8338 8569
f 8569 8338 8570
f 8338 8339 8570
f 8570 8339 8571
f 8339 8340 8571
f 8571 8340 8572
f 8340 8341 8572
f 8335 8562 8573
f 8335 8573 8341
f 8341 8573 8572
f 8562 8564 8573
f 8576 8575 8574
f 8344 8574 8575
f 8344 8575 8343
f 8343 8575 8577
f 8577 8578 8343
f 8343 8578 8346
f 8578 8579 8346
f 8346 8579 8348
f 8579 8580 8348
f 8348 8580 8350
f 8580 8581 8350
f 8350 8581 8352
f 8581 8582 8352
f 8352 8582 8354
f 8583 8355 8354
f 8583 8354 8584
f 8584 8354 8582
f 8584 8586 8585
f 8583 8584 8585
f 8586 8587 8585
f 8358 8589 8588
f 8357 8358 8588
f 8588 8590 8357
f 8357 8590 8359
f 8574 8590 8576
f 8574 8360 8590
f 8360 8359 8590
f 8574 8344 8360
f 8583 8361 8355
f 8585 8361 8583
f 8362 8361 8585
f 8587 8362 8585
f 8587 8591 8362
f 8591 8364 8362
f 8592 8365 8364
f 8592 8364 8593
f 8593 8364 8591
f 8593 8594 8592
f 8367 8596 8595
f 8366 8367 8595
f 8595 8358 8366
f 8589 8358 8595
f 8592 8368 8365
f 8594 8368 8592
f 8594 8597 8368
f 8597 8370 8368
f 8597 8598 8370
f 8370 8598 8372
f 8372 8598 8599
f 8373 8372 8599
f 8376 8601 8600
f 8375 8376 8600
f 8600 8602 8375
f 8375 8602 8377
f 8602 8367 8377
f 8596 8367 8602
f 8599 8378 8373
f 8603 8378 8599
f 8378 8603 8604
f 8379 8378 8604
f 8382 8606 8605
f 8381 8382 8605
f 8605 8376 8381
f 8601 8376 8605
f 8604 8383 8379
f 8607 8383 8604
f 8383 8607 8608
f 8384 8383 8608
f 8387 8610 8609
f 8386 8387 8609
f 8609 8382 8386
f 8606 8382 8609
f 8608 8388 8384
f 8611 8388 8608
f 8388 8611 8612
f 8389 8388 8612
f 8615 8614 8613
f 8614 8390 8613
f 8614 8610 8390
f 8610 8387 8390
f 8612 8391 8389
f 8616 8391 8612
f 8391 8616 8617
f 8392 8391 8617
f 8613 8394 8395
f 8613 8395 8615
f 8615 8395 8618
f 8613 8390 8394
f 8621 8619 8620
f 8398 8620 8619
f 8398 8397 8620
f 8397 8622 8620
f 8622 8397 8623
f 8397 8399 8623
f 8623 8399 8624
f 8399 8400 8624
f 8624 8400 8625
f 8400 8401 8625
f 8625 8401 8626
f 8401 8403 8626
f 8626 8403 8627
f 8403 8405 8627
f 8405 8628 8627
f 8406 8628 8405
f 8629 8617 8630
f 8629 8407 8617
f 8407 8392 8617
f 8630 8631 8629
f 8634 8633 8632
f 8633 8408 8632
f 8633 8618 8408
f 8618 8395 8408
f 8637 8635 8636
f 8619 8411 8410
f 8621 8411 8619
f 8621 8635 8411
f 8621 8636 8635
f 8619 8410 8398
f 8628 8406 8412
f 8638 8628 8412
f 8638 8412 8639
f 8412 8414 8639
f 8414 8640 8639
f 8415 8640 8414
f 8629 8417 8407
f 8417 8629 8631
f 8417 8631 8418
f 8418 8631 8641
f 8632 8419 8420
f 8632 8420 8634
f 8634 8420 8642
f 8632 8408 8419
f 8645 8643 8644
f 8635 8423 8422
f 8637 8423 8635
f 8637 8643 8423
f 8637 8644 8643
f 8635 8422 8411
f 8640 8415 8425
f 8646 8640 8425
f 8425 8647 8646
f 8426 8647 8425
f 8641 8648 8418
f 8648 8427 8418
f 8430 8650 8649
f 8429 8430 8649
f 8649 8420 8429
f 8642 8420 8649
f 8643 8433 8432
f 8643 8645 8433
f 8645 8651 8433
f 8643 8432 8423
f 8652 8653 8647
f 8652 8647 8434
f 8434 8647 8426
f 8653 8652 8654
f 8655 8648 8656
f 8655 8435 8648
f 8435 8427 8648
f 8656 8657 8655
f 8650 8430 8658
f 8658 8430 8437
f 8661 8659 8660
f 8660 8659 8438
f 8660 8438 8651
f 8651 8438 8433
f 8652 8434 8440
f 8440 8654 8652
f 8440 8441 8654
f 8441 8662 8654
f 8655 8443 8435
f 8443 8655 8657
f 8443 8657 8444
f 8444 8657 8663
f 8658 8437 8664
f 8664 8437 8446
f 8659 8449 8448
f 8659 8661 8449
f 8661 8665 8449
f 8659 8448 8438
f 8662 8441 8666
f 8666 8441 8450
f 8663 8667 8444
f 8667 8451 8444
f 8452 8668 8669
f 8452 8669 8446
f 8446 8669 8664
f 8452 8453 8668
f 8672 8670 8671
f 8671 8670 8455
f 8671 8455 8665
f 8665 8455 8449
f 8673 8674 8666
f 8673 8666 8456
f 8456 8666 8450
f 8674 8673 8675
f 8667 8676 8451
f 8676 8457 8451
f 8678 8669 8668
f 8677 8678 8668
f 8668 8458 8677
f 8453 8458 8668
f 8680 8670 8672
f 8679 8670 8680
f 8670 8679 8459
f 8455 8670 8459
f 8681 8673 8456
f 8460 8681 8456
f 8675 8681 8682
f 8673 8681 8675
f 8676 8683 8457
f 8683 8461 8457
f 8677 8463 8464
f 8677 8464 8678
f 8678 8464 8684
f 8677 8458 8463
f 8680 8685 8679
f 8679 8685 8686
f 8679 8686 8459
f 8459 8686 8466
f 8687 8681 8460
f 8468 8687 8460
f 8682 8687 8688
f 8681 8687 8682
f 8683 8689 8461
f 8689 8469 8461
f 8684 8464 8690
f 8690 8464 8471
f 8686 8691 8466
f 8691 8473 8466
f 8692 8687 8468
f 8692 8468 8693
f 8693 8468 8475
f 8687 8692 8688
f 8689 8694 8469
f 8694 8476 8469
f 8690 8471 8477
f 8695 8690 8477
f 8477 8696 8695
f 8478 8696 8477
f 8691 8697 8473
f 8697 8480 8473
f 8481 8482 8698
f 8698 8475 8481
f 8698 8699 8475
f 8699 8693 8475
f 8694 8700 8476
f 8700 8484 8476
f 8696 8478 8701
f 8701 8478 8486
f 8487 8703 8702
f 8487 8480 8703
f 8480 8697 8703
f 8487 8702 8488
f 8704 8698 8482
f 8490 8704 8482
f 8699 8704 8705
f 8698 8704 8699
f 8492 8706 8707
f 8491 8706 8492
f 8706 8491 8484
f 8700 8706 8484
f 8493 8708 8709
f 8493 8709 8486
f 8486 8709 8701
f 8493 8494 8708
f 8703 8710 8702
f 8702 8710 8711
f 8702 8711 8488
f 8488 8711 8496
f 8712 8704 8490
f 8712 8490 8713
f 8713 8490 8499
f 8704 8712 8705
f 8707 8714 8492
f 8714 8500 8492
f 8709 8708 8715
f 8708 8716 8715
f 8708 8494 8716
f 8494 8502 8716
f 8503 8718 8717
f 8503 8496 8718
f 8496 8711 8718
f 8503 8717 8505
f 8507 8508 8719
f 8719 8721 8720
f 8719 8720 8507
f 8507 8720 8509
f 8720 8499 8509
f 8713 8499 8720
f 8510 8722 8511
f 8722 8510 8500
f 8722 8500 8723
f 8723 8500 8714
f 8512 8724 8725
f 8512 8725 8502
f 8502 8725 8716
f 8512 8513 8724
f 8718 8726 8717
f 8728 8727 8514
f 8726 8728 8514
f 8726 8514 8505
f 8726 8505 8717
f 8514 8727 8516
f 8519 8520 8729
f 8729 8731 8730
f 8729 8730 8519
f 8519 8730 8521
f 8508 8732 8719
f 8508 8521 8732
f 8521 8730 8732
f 8719 8732 8721
f 8733 8511 8722
f 8733 8734 8511
f 8734 8522 8511
f 8722 8723 8733
f 8725 8724 8735
f 8724 8736 8735
f 8724 8513 8736
f 8513 8524 8736
f 8728 8737 8727
f 8727 8525 8516
f 8727 8737 8525
f 8737 8738 8525
f 8738 8739 8525
f 8525 8739 8526
f 8741 8740 8527
f 8741 8527 8739
f 8739 8527 8526
f 8528 8527 8740
f 8742 8528 8740
f 8742 8744 8743
f 8742 8743 8528
f 8528 8743 8529
f 8743 8745 8529
f 8529 8745 8530
f 8520 8746 8729
f 8520 8530 8746
f 8530 8745 8746
f 8729 8746 8731
f 8532 8747 8748
f 8531 8747 8532
f 8747 8531 8522
f 8734 8747 8522
f 8736 8524 8533
f 8749 8736 8533
f 8533 8750 8749
f 8535 8750 8533
f 8741 8751 8740
f 8740 8752 8742
f 8751 8752 8740
f 8742 8752 8744
f 8537 8753 8754
f 8536 8753 8537
f 8753 8536 8532
f 8748 8753 8532
f 8750 8535 8538
f 8755 8750 8538
f 8538 8756 8755
f 8540 8756 8538
f 8542 8757 8758
f 8541 8757 8542
f 8757 8541 8537
f 8754 8757 8537
f 8756 8540 8543
f 8759 8756 8543
f 8543 8760 8759
f 8545 8760 8543
f 8546 8761 8547
f 8761 8762 8763
f 8761 8546 8762
f 8546 8548 8762
f 8762 8548 8542
f 8758 8762 8542
f 8760 8545 8549
f 8764 8760 8549
f 8766 8550 8765
f 8766 8764 8550
f 8764 8549 8550
f 8550 8552 8765
f 8553 8767 8554
f 8767 8768 8769
f 8767 8553 8768
f 8553 8555 8768
f 8547 8761 8770
f 8547 8770 8555
f 8555 8770 8768
f 8761 8763 8770
f 8766 8765 8771
f 8765 8552 8556
f 8765 8556 8771
f 8771 8556 8772
f 8774 8557 8773
f 8774 8772 8557
f 8772 8556 8557
f 8557 8559 8773
f 8563 8775 8564
f 8775 8776 8777
f 8775 8563 8776
f 8563 8565 8776
f 8554 8767 8778
f 8554 8778 8565
f 8565 8778 8776
f 8767 8769 8778
f 8774 8773 8779
f 8773 8559 8566
f 8773 8566 8779
f 8779 8566 8780
f 8780 8566 8781
f 8566 8567 8781
f 8781 8567 8782
f 8567 8568 8782
f 8782 8568 8783
f 8568 8569 8783
f 8785 8570 8784
f 8785 8783 8570
f 8783 8569 8570
f 8571 8784 8570
f 8786 8784 8571
f 8786 8787 8788
f 8786 8571 8787
f 8571 8572 8787
f 8787 8572 8789
f 8572 8573 8789
f 8564 8775 8790
f 8564 8790 8573
f 8573 8790 8789
f 8775 8777 8790
f 8785 8784 8791
f 8784 8786 8792
f 8791 8784 8792
f 8786 8788 8792
f 8576 8794 8793
f 8575 8576 8793
f 8793 8795 8575
f 8575 8795 8577
f 8795 8796 8577
f 8577 8796 8578
f 8796 8797 8578
f 8578 8797 8579
f 8797 8798 8579
f 8579 8798 8580
f 8798 8799 8580
f 8580 8799 8581
f 8799 8800 8581
f 8581 8800 8582
f 8800 8801 8582
f 8582 8801 8584
f 8801 8802 8584
f 8584 8802 8586
f 8803 8587 8586
f 8803 8586 8804
f 8804 8586 8802
f 8804 8805 8803
f 8589 8807 8806
f 8588 8589 8806
f 8806 8808 8588
f 8588 8808 8590
f 8808 8576 8590
f 8794 8576 8808
f 8803 8591 8587
f 8805 8591 8803
f 8805 8809 8591
f 8809 8593 8591
f 8593 8809 8810
f 8594 8593 8810
f 8596 8812 8811
f 8595 8596 8811
f 8811 8589 8595
f 8807 8589 8811
f 8810 8597 8594
f 8813 8597 8810
f 8813 8814 8597
f 8597 8814 8598
f 8598 8814 8815
f 8599 8598 8815
f 8601 8817 8816
f 8600 8601 8816
f 8816 8818 8600
f 8600 8818 8602
f 8818 8596 8602
f 8812 8596 8818
f 8815 8603 8599
f 8819 8603 8815
f 8603 8819 8820
f 8604 8603 8820
f 8606 8822 8821
f 8605 8606 8821
f 8821 8601 8605
f 8817 8601 8821
f 8820 8607 8604
f 8823 8607 8820
f 8607 8823 8824
f 8608 8607 8824
f 8610 8826 8825
f 8609 8610 8825
f 8825 8606 8609
f 8822 8606 8825
f 8824 8611 8608
f 8827 8611 8824
f 8611 8827 8828
f 8612 8611 8828
f 8615 8830 8829
f 8614 8615 8829
f 8829 8610 8614
f 8826 8610 8829
f 8833 8831 8832
f 8832 8834 8835
f 8831 8834 8832
f 8835 8836 8837
f 8834 8836 8835
f 8837 8838 8839
f 8836 8838 8837
f 8839 8838 8840
f 8828 8616 8612
f 8841 8616 8828
f 8616 8841 8842
f 8617 8616 8842
f 8830 8615 8843
f 8843 8615 8618
f 8621 8844 8845
f 8620 8844 8621
f 8831 8833 8844
f 8831 8844 8622
f 8622 8844 8620
f 8834 8831 8622
f 8623 8834 8622
f 8836 8834 8623
f 8624 8836 8623
f 8838 8836 8624
f 8625 8838 8624
f 8840 8838 8625
f 8840 8625 8846
f 8846 8625 8626
f 8846 8626 8847
f 8626 8627 8847
f 8848 8627 8628
f 8848 8849 8627
f 8849 8847 8627
f 8849 8848 8850
f 8842 8630 8617
f 8851 8630 8842
f 8630 8851 8852
f 8631 8630 8852
f 8634 8854 8853
f 8633 8634 8853
f 8853 8618 8633
f 8843 8618 8853
f 8637 8855 8856
f 8636 8855 8637
f 8855 8636 8621
f 8845 8855 8621
f 8848 8628 8638
f 8850 8848 8638
f 8850 8638 8857
f 8857 8638 8639
f 8639 8858 8857
f 8640 8858 8639
f 8852 8859 8631
f 8859 8641 8631
f 8854 8634 8860
f 8860 8634 8642
f 8645 8861 8862
f 8644 8861 8645
f 8861 8644 8637
f 8856 8861 8637
f 8858 8640 8646
f 8863 8858 8646
f 8646 8864 8863
f 8647 8864 8646
f 8865 8859 8866
f 8865 8648 8859
f 8648 8641 8859
f 8866 8867 8865
f 8650 8869 8868
f 8649 8650 8868
f 8868 8642 8649
f 8860 8642 8868
f 8872 8870 8871
f 8871 8870 8651
f 8871 8651 8862
f 8862 8651 8645
f 8864 8647 8653
f 8873 8864 8653
f 8653 8874 8873
f 8654 8874 8653
f 8865 8656 8648
f 8656 8865 8867
f 8656 8867 8657
f 8657 8867 8875
f 8869 8650 8876
f 8876 8650 8658
f 8870 8661 8660
f 8870 8872 8661
f 8872 8877 8661
f 8870 8660 8651
f 8874 8654 8878
f 8878 8654 8662
f 8875 8879 8657
f 8879 8663 8657
f 8876 8658 8880
f 8880 8658 8664
f 8883 8881 8882
f 8882 8881 8665
f 8882 8665 8877
f 8877 8665 8661
f 8884 8885 8878
f 8884 8878 8666
f 8666 8878 8662
f 8885 8884 8886
f 8887 8879 8888
f 8887 8667 8879
f 8667 8663 8879
f 8888 8889 8887
f 8880 8664 8890
f 8890 8664 8669
f 8881 8672 8671
f 8881 8883 8672
f 8883 8891 8672
f 8881 8671 8665
f 8884 8666 8674
f 8674 8886 8884
f 8674 8675 8886
f 8675 8892 8886
f 8893 8667 8887
f 8893 8894 8667
f 8894 8676 8667
f 8887 8889 8893
f 8890 8669 8895
f 8895 8669 8678
f 8891 8896 8672
f 8896 8680 8672
f 8892 8675 8897
f 8897 8675 8682
f 8894 8898 8676
f 8898 8683 8676
f 8895 8678 8899
f 8899 8678 8684
f 8685 8901 8900
f 8685 8680 8901
f 8680 8896 8901
f 8685 8900 8686
f 8897 8682 8902
f 8902 8682 8688
f 8898 8903 8683
f 8903 8689 8683
f 8899 8684 8904
f 8904 8684 8690
f 8906 8900 8901
f 8905 8900 8906
f 8900 8905 8691
f 8686 8900 8691
f 8692 8693 8907
f 8907 8688 8692
f 8907 8908 8688
f 8908 8902 8688
f 8909 8903 8910
f 8909 8694 8903
f 8694 8689 8903
f 8910 8911 8909
f 8695 8912 8913
f 8695 8913 8690
f 8690 8913 8904
f 8695 8696 8912
f 8906 8914 8905
f 8905 8914 8915
f 8905 8915 8691
f 8691 8915 8697
f 8916 8907 8693
f 8916 8693 8917
f 8917 8693 8699
f 8907 8916 8908
f 8918 8694 8909
f 8918 8919 8694
f 8919 8700 8694
f 8909 8911 8918
f 8913 8912 8920
f 8912 8921 8920
f 8912 8696 8921
f 8696 8701 8921
f 8915 8922 8697
f 8922 8703 8697
f 8917 8699 8923
f 8923 8699 8705
f 8706 8924 8707
f 8924 8706 8700
f 8924 8700 8925
f 8925 8700 8919
f 8921 8701 8926
f 8926 8701 8709
f 8710 8928 8927
f 8710 8703 8928
f 8703 8922 8928
f 8710 8927 8711
f 8712 8713 8929
f 8929 8705 8712
f 8929 8930 8705
f 8930 8923 8705
f 8931 8707 8924
f 8931 8932 8707
f 8932 8714 8707
f 8924 8925 8931
f 8926 8709 8715
f 8933 8926 8715
f 8715 8934 8933
f 8716 8934 8715
f 8928 8935 8927
f 8927 8935 8936
f 8927 8936 8711
f 8711 8936 8718
f 8720 8721 8937
f 8937 8939 8938
f 8720 8937 8938
f 8720 8938 8929
f 8720 8929 8713
f 8929 8938 8930
f 8932 8940 8714
f 8940 8723 8714
f 8934 8716 8941
f 8941 8716 8725
f 8936 8726 8718
f 8942 8726 8936
f 8726 8942 8943
f 8728 8726 8943
f 8730 8731 8944
f 8944 8946 8945
f 8944 8945 8730
f 8730 8945 8732
f 8721 8947 8937
f 8721 8732 8947
f 8732 8945 8947
f 8937 8947 8939
f 8734 8948 8949
f 8733 8948 8734
f 8948 8733 8723
f 8940 8948 8723
f 8941 8725 8735
f 8950 8941 8735
f 8735 8951 8950
f 8736 8951 8735
f 8943 8737 8728
f 8952 8737 8943
f 8954 8953 8738
f 8954 8738 8952
f 8952 8738 8737
f 8739 8738 8953
f 8955 8739 8953
f 8739 8955 8741
f 8743 8744 8956
f 8745 8743 8956
f 8957 8745 8956
f 8957 8959 8958
f 8957 8958 8745
f 8745 8958 8746
f 8731 8960 8944
f 8731 8746 8960
f 8746 8958 8960
f 8944 8960 8946
f 8748 8961 8962
f 8747 8961 8748
f 8961 8747 8734
f 8949 8961 8734
f 8951 8736 8749
f 8963 8951 8749
f 8749 8964 8963
f 8750 8964 8749
f 8954 8965 8953
f 8953 8966 8955
f 8965 8966 8953
f 8955 8751 8741
f 8955 8966 8751
f 8966 8967 8751
f 8967 8968 8751
f 8751 8968 8752
f 8744 8969 8956
f 8744 8752 8969
f 8752 8968 8969
f 8956 8970 8957
f 8969 8970 8956
f 8957 8970 8959
f 8753 8971 8754
f 8971 8753 8748
f 8971 8748 8972
f 8972 8748 8962
f 8964 8750 8755
f 8973 8964 8755
f 8755 8974 8973
f 8756 8974 8755
f 8757 8975 8758
f 8975 8976 8977
f 8757 8976 8975
f 8757 8971 8976
f 8757 8754 8971
f 8971 8972 8976
f 8974 8756 8759
f 8978 8974 8759
f 8759 8979 8978
f 8760 8979 8759
f 8762 8980 8763
f 8980 8981 8982
f 8762 8981 8980
f 8762 8975 8981
f 8762 8758 8975
f 8975 8977 8981
f 8979 8760 8764
f 8983 8979 8764
f 8984 8764 8766
f 8984 8985 8764
f 8985 8983 8764
f 8985 8984 8986
f 8768 8987 8769
f 8987 8988 8989
f 8987 8768 8988
f 8768 8770 8988
f 8763 8980 8990
f 8763 8990 8770
f 8770 8990 8988
f 8980 8982 8990
f 8984 8766 8771
f 8986 8984 8771
f 8986 8771 8991
f 8991 8771 8772
f 8772 8992 8991
f 8774 8992 8772
f 8776 8993 8777
f 8993 8994 8995
f 8993 8776 8994
f 8776 8778 8994
f 8769 8987 8996
f 8769 8996 8778
f 8778 8996 8994
f 8987 8989 8996
f 8992 8774 8779
f 8997 8992 8779
f 8997 8779 8998
f 8779 8780 8998
f 8998 8780 8999
f 8780 8781 8999
f 9001 8782 9000
f 9001 8999 8782
f 8999 8781 8782
f 8783 9000 8782
f 9002 9000 8783
f 8783 8785 9002
f 8787 9003 8788
f 9003 9004 9005
f 9003 8787 9004
f 8787 8789 9004
f 9004 8789 9006
f 8789 8790 9006
f 8777 8993 9007
f 8777 9007 8790
f 8790 9007 9006
f 8993 8995 9007
f 9001 9000 9008
f 9000 9002 9009
f 9008 9000 9009
f 9002 8785 8791
f 9002 8791 9009
f 9009 8791 9010
f 9010 8791 9011
f 8791 8792 9011
f 8788 9003 9012
f 8788 9012 8792
f 8792 9012 9011
f 9003 9005 9012
f 9015 9014 9013
f 9014 9017 9016
f 9013 9014 9016
f 9017 9019 9018
f 9016 9017 9018
f 9019 9020 9018
f 8794 9022 9021
f 8793 8794 9021
f 9021 9023 8793
f 8793 9023 8795
f 9023 9024 8795
f 8795 9024 8796
f 9013 9024 9015
f 9013 8797 9024
f 8797 8796 9024
f 9016 8797 9013
f 8798 8797 9016
f 9018 8798 9016
f 8799 8798 9018
f 9020 8799 9018
f 9020 9025 8799
f 9025 8800 8799
f 9025 9026 8800
f 8800 9026 8801
f 9026 9027 8801
f 8801 9027 8802
f 9027 9028 8802
f 8802 9028 8804
f 8804 9028 9029
f 8805 8804 9029
f 8807 9031 9030
f 8806 8807 9030
f 9030 9032 8806
f 8806 9032 8808
f 9032 8794 8808
f 9022 8794 9032
f 9029 8809 8805
f 9033 8809 9029
f 9034 8810 8809
f 9034 8809 9035
f 9035 8809 9033
f 9035 9036 9034
f 9039 9038 9037
f 8812 9037 9038
f 8812 9038 8811
f 8811 9038 9040
f 9040 8807 8811
f 9031 8807 9040
f 9034 8813 8810
f 9036 8813 9034
f 9036 9041 8813
f 9041 8814 8813
f 8814 9041 9042
f 8815 8814 9042
f 8817 9044 9043
f 8816 8817 9043
f 9037 9043 9039
f 9037 8818 9043
f 8818 8816 9043
f 9037 8812 8818
f 9042 8819 8815
f 9045 8819 9042
f 8819 9045 9046
f 8820 8819 9046
f 8822 9048 9047
f 8821 8822 9047
f 9047 8817 8821
f 9044 8817 9047
f 9046 8823 8820
f 9049 8823 9046
f 8823 9049 9050
f 8824 8823 9050
f 8826 9052 9051
f 8825 8826 9051
f 9051 8822 8825
f 9048 8822 9051
f 9050 8827 8824
f 9053 8827 9050
f 8827 9053 9054
f 8828 8827 9054
f 8830 9056 9055
f 8829 8830 9055
f 9055 8826 8829
f 9052 8826 9055
f 9059 9057 9058
f 8833 9058 9057
f 8833 8832 9058
f 8832 9060 9058
f 9060 8832 9061
f 8832 8835 9061
f 9061 8835 9062
f 8835 8837 9062
f 9062 8837 9063
f 8837 8839 9063
f 9064 8839 8840
f 9064 9065 8839
f 9065 9063 8839
f 9065 9064 9066
f 9054 8841 8828
f 9067 8841 9054
f 8841 9067 9068
f 8842 8841 9068
f 9056 8830 9069
f 9069 8830 8843
f 9072 9070 9071
f 9057 8845 8844
f 9059 8845 9057
f 9059 9070 8845
f 9059 9071 9070
f 9057 8844 8833
f 9064 8840 8846
f 9066 9064 8846
f 9066 8846 9073
f 9073 8846 8847
f 9073 8847 9074
f 8847 8849 9074
f 8849 9075 9074
f 8850 9075 8849
f 9068 8851 8842
f 9076 8851 9068
f 8851 9076 9077
f 8852 8851 9077
f 8854 9079 9078
f 8853 8854 9078
f 9078 8843 8853
f 9069 8843 9078
f 9082 9080 9081
f 9070 8856 8855
f 9072 8856 9070
f 9072 9080 8856
f 9072 9081 9080
f 9070 8855 8845
f 9075 8850 8857
f 9083 9075 8857
f 9084 8857 8858
f 9084 9085 8857
f 9085 9083 8857
f 9085 9084 9086
f 9077 9087 8852
f 9087 8859 8852
f 9079 8854 9088
f 9088 8854 8860
f 9091 9089 9090
f 9080 8862 8861
f 9082 8862 9080
f 9082 9089 8862
f 9082 9090 9089
f 9080 8861 8856
f 9084 8858 8863
f 8863 8864 9092
f 9084 8863 9092
f 9084 9092 9093
f 9084 9093 9086
f 9093 9092 9094
f 8866 9096 9095
f 8866 8859 9096
f 8859 9087 9096
f 8866 9095 8867
f 8869 9098 9097
f 8868 8869 9097
f 9097 8860 8868
f 9088 8860 9097
f 9089 8872 8871
f 9089 9091 8872
f 9091 9099 8872
f 9089 8871 8862
f 9092 8864 8873
f 8873 9094 9092
f 8873 8874 9094
f 8874 9100 9094
f 9096 9101 9095
f 9095 9101 9102
f 9095 9102 8867
f 8867 9102 8875
f 9098 8869 9103
f 9103 8869 8876
f 9106 9104 9105
f 9105 9104 8877
f 9105 8877 9099
f 9099 8877 8872
f 9107 9108 9100
f 9107 9100 8878
f 8878 9100 8874
f 9108 9107 9109
f 9102 9110 8875
f 9110 8879 8875
f 9103 8876 9111
f 9111 8876 8880
f 9104 8883 8882
f 9104 9106 8883
f 9106 9112 8883
f 9104 8882 8877
f 9107 8878 8885
f 8885 9109 9107
f 8885 8886 9109
f 8886 9113 9109
f 9110 8888 8879
f 9114 8888 9110
f 8888 9114 9115
f 8889 8888 9115
f 9111 8880 9116
f 9116 8880 8890
f 9112 9117 8883
f 9117 8891 8883
f 9113 8886 9118
f 9118 8886 8892
f 8894 9119 9120
f 8893 9119 8894
f 9119 8893 8889
f 9115 9119 8889
f 9116 8890 9121
f 9121 8890 8895
f 9117 9122 8891
f 9122 8896 8891
f 9118 8892 9123
f 9123 8892 8897
f 9120 9124 8894
f 9124 8898 8894
f 9121 8895 9125
f 9125 8895 8899
f 9122 9126 8896
f 9126 8901 8896
f 9123 8897 9127
f 9127 8897 8902
f 9128 9124 9129
f 9128 8903 9124
f 8903 8898 9124
f 9129 9130 9128
f 9125 8899 9131
f 9131 8899 8904
f 9126 9132 8901
f 9132 8906 8901
f 9127 8902 9133
f 9133 8902 8908
f 9128 8910 8903
f 8910 9128 9130
f 8910 9130 8911
f 8911 9130 9134
f 9131 8904 9135
f 9135 8904 8913
f 8914 9137 9136
f 8914 8906 9137
f 8906 9132 9137
f 8914 9136 8915
f 8916 8917 9138
f 9138 8908 8916
f 9138 9139 8908
f 9139 9133 8908
f 8919 9140 9141
f 8918 9140 8919
f 9140 8918 8911
f 9134 9140 8911
f 9135 8913 8920
f 9142 9135 8920
f 8920 9143 9142
f 8921 9143 8920
f 9137 9144 9136
f 9136 9144 9145
f 9136 9145 8915
f 8915 9145 8922
f 9146 9138 8917
f 9146 8917 9147
f 9147 8917 8923
f 9138 9146 9139
f 9141 9148 8919
f 9148 8925 8919
f 9143 8921 9149
f 9149 8921 8926
f 9145 9150 8922
f 9150 8928 8922
f 9147 8923 9151
f 9151 8923 8930
f 8931 9152 8932
f 9152 8931 8925
f 9152 8925 9153
f 9153 8925 9148
f 9149 8926 8933
f 9154 9149 8933
f 8933 9155 9154
f 8934 9155 8933
f 8935 9157 9156
f 8935 8928 9157
f 8928 9150 9157
f 8935 9156 8936
f 8939 9159 9158
f 8938 8939 9158
f 9158 8930 8938
f 9151 8930 9158
f 9160 8932 9152
f 9160 9161 8932
f 9161 8940 8932
f 9152 9153 9160
f 9162 9163 9155
f 9162 9155 8941
f 8941 9155 8934
f 9163 9162 9164
f 9157 9165 9156
f 9167 9166 8942
f 9165 9167 8942
f 9165 8942 8936
f 9165 8936 9156
f 8942 9166 8943
f 8945 8946 9168
f 9168 9170 9169
f 9168 9169 8945
f 8945 9169 8947
f 9169 8939 8947
f 9159 8939 9169
f 8949 9171 9172
f 8948 9171 8949
f 9171 8948 8940
f 9161 9171 8940
f 9162 8941 8950
f 8950 9164 9162
f 8950 8951 9164
f 8951 9173 9164
f 9167 9174 9166
f 9176 9175 8952
f 9174 9176 8952
f 9174 8952 8943
f 9174 8943 9166
f 8952 9175 8954
f 8958 8959 9177
f 9177 9179 9178
f 9177 9178 8958
f 8958 9178 8960
f 8946 9180 9168
f 8946 8960 9180
f 8960 9178 9180
f 9168 9180 9170
f 8961 9181 8962
f 9181 8961 8949
f 9181 8949 9182
f 9182 8949 9172
f 9173 8951 8963
f 9183 9173 8963
f 8963 9184 9183
f 8964 9184 8963
f 9176 9185 9175
f 9175 8965 8954
f 9175 9185 8965
f 9185 9186 8965
f 9186 9187 8965
f 8965 9187 8966
f 9187 9188 8966
f 8966 9188 8967
f 9190 9189 8968
f 9190 8968 9188
f 9188 8968 8967
f 9189 9192 9191
f 9189 9191 8968
f 8968 9191 8969
f 9191 9193 8969
f 8969 9193 8970
f 8959 9194 9177
f 8959 8970 9194
f 8970 9193 9194
f 9177 9194 9179
f 9195 8962 9181
f 9195 9196 8962
f 9196 8972 8962
f 9181 9182 9195
f 9184 8964 8973
f 9197 9184 8973
f 8973 9198 9197
f 8974 9198 8973
f 9190 9199 9189
f 9189 9199 9192
f 8977 9200 9201
f 8976 9200 8977
f 9200 8976 8972
f 9196 9200 8972
f 9198 8974 8978
f 9202 9198 8978
f 9203 8978 8979
f 9203 9204 8978
f 9204 9202 8978
f 9204 9203 9205
f 8982 9206 9207
f 8981 9206 8982
f 9206 8981 8977
f 9201 9206 8977
f 9203 8979 8983
f 9205 9203 8983
f 9205 8983 9208
f 9208 8983 8985
f 8985 9209 9208
f 8986 9209 8985
f 8989 9210 9211
f 8988 9210 8989
f 9210 8988 9212
f 8988 8990 9212
f 9212 8990 8982
f 9207 9212 8982
f 9209 8986 8991
f 9213 9209 8991
f 9214 8991 8992
f 9214 9215 8991
f 9215 9213 8991
f 9215 9214 9216
f 8995 9217 9218
f 8994 9217 8995
f 9217 8994 9219
f 8994 8996 9219
f 9219 8996 8989
f 9211 9219 8989
f 9214 8992 8997
f 9216 9214 8997
f 9216 8997 9220
f 9220 8997 8998
f 9222 8999 9221
f 9222 9220 8999
f 9220 8998 8999
f 8999 9001 9221
f 9004 9223 9005
f 9223 9224 9225
f 9223 9004 9224
f 9004 9006 9224
f 9224 9006 9226
f 9006 9007 9226
f 9226 9007 8995
f 9218 9226 8995
f 9222 9221 9227
f 9221 9001 9008
f 9221 9008 9227
f 9227 9008 9228
f 9228 9008 9229
f 9008 9009 9229
f 9229 9009 9230
f 9009 9010 9230
f 9230 9010 9231
f 9010 9011 9231
f 9231 9011 9232
f 9011 9012 9232
f 9005 9223 9233
f 9005 9233 9012
f 9012 9233 9232
f 9223 9225 9233
f 9015 9235 9234
f 9014 9015 9234
f 9234 9236 9014
f 9014 9236 9017
f 9236 9237 9017
f 9017 9237 9019
f 9238 9020 9019
f 9238 9019 9239
f 9239 9019 9237
f 9239 9240 9238
f 9022 9242 9241
f 9021 9022 9241
f 9241 9243 9021
f 9021 9243 9023
f 9243 9244 9023
f 9023 9244 9024
f 9244 9015 9024
f 9235 9015 9244
f 9238 9025 9020
f 9240 9025 9238
f 9240 9245 9025
f 9245 9026 9025
f 9245 9246 9026
f 9026 9246 9027
f 9246 9247 9027
f 9027 9247 9028
f 9028 9247 9248
f 9029 9028 9248
f 9031 9250 9249
f 9030 9031 9249
f 9249 9251 9030
f 9030 9251 9032
f 9251 9022 9032
f 9242 9022 9251
f 9248 9033 9029
f 9252 9033 9248
f 9252 9253 9033
f 9033 9253 9035
f 9035 9253 9254
f 9036 9035 9254
f 9039 9256 9255
f 9038 9039 9255
f 9255 9257 9038
f 9038 9257 9040
f 9257 9031 9040
f 9250 9031 9257
f 9254 9041 9036
f 9258 9041 9254
f 9041 9258 9259
f 9042 9041 9259
f 9044 9261 9260
f 9043 9044 9260
f 9260 9039 9043
f 9256 9039 9260
f 9259 9045 9042
f 9262 9045 9259
f 9045 9262 9263
f 9046 9045 9263
f 9048 9265 9264
f 9047 9048 9264
f 9264 9044 9047
f 9261 9044 9264
f 9263 9049 9046
f 9266 9049 9263
f 9049 9266 9267
f 9050 9049 9267
f 9052 9269 9268
f 9051 9052 9268
f 9268 9048 9051
f 9265 9048 9268
f 9267 9053 9050
f 9270 9053 9267
f 9053 9270 9271
f 9054 9053 9271
f 9056 9273 9272
f 9055 9056 9272
f 9272 9052 9055
f 9269 9052 9272
f 9059 9274 9275
f 9058 9274 9059
f 9274 9058 9276
f 9058 9060 9276
f 9276 9060 9277
f 9060 9061 9277
f 9277 9061 9278
f 9061 9062 9278
f 9278 9062 9279
f 9062 9063 9279
f 9279 9063 9280
f 9063 9065 9280
f 9281 9065 9066
f 9281 9282 9065
f 9282 9280 9065
f 9282 9281 9283
f 9271 9067 9054
f 9284 9067 9271
f 9067 9284 9285
f 9068 9067 9285
f 9273 9056 9286
f 9286 9056 9069
f 9289 9287 9288
f 9072 9288 9287
f 9072 9071 9288
f 9071 9290 9288
f 9290 9071 9059
f 9275 9290 9059
f 9281 9066 9073
f 9283 9281 9073
f 9283 9073 9291
f 9291 9073 9074
f 9074 9292 9291
f 9075 9292 9074
f 9285 9076 9068
f 9293 9076 9285
f 9076 9293 9294
f 9077 9076 9294
f 9079 9296 9295
f 9078 9079 9295
f 9295 9069 9078
f 9286 9069 9295
f 9287 9082 9081
f 9287 9289 9082
f 9289 9297 9082
f 9287 9081 9072
f 9292 9075 9083
f 9298 9292 9083
f 9298 9083 9299
f 9083 9085 9299
f 9085 9300 9299
f 9086 9300 9085
f 9294 9301 9077
f 9301 9087 9077
f 9296 9079 9302
f 9302 9079 9088
f 9091 9303 9304
f 9090 9303 9091
f 9303 9090 9082
f 9297 9303 9082
f 9300 9086 9093
f 9305 9300 9093
f 9093 9306 9305
f 9094 9306 9093
f 9301 9307 9087
f 9307 9096 9087
f 9098 9309 9308
f 9097 9098 9308
f 9308 9088 9097
f 9302 9088 9308
f 9312 9310 9311
f 9311 9310 9099
f 9311 9099 9304
f 9304 9099 9091
f 9306 9094 9313
f 9313 9094 9100
f 9307 9101 9096
f 9314 9101 9307
f 9101 9314 9315
f 9102 9101 9315
f 9309 9098 9316
f 9316 9098 9103
f 9310 9106 9105
f 9310 9312 9106
f 9312 9317 9106
f 9310 9105 9099
f 9313 9100 9108
f 9318 9313 9108
f 9108 9319 9318
f 9109 9319 9108
f 9315 9320 9102
f 9320 9110 9102
f 9316 9103 9321
f 9321 9103 9111
f 9324 9322 9323
f 9323 9322 9112
f 9323 9112 9317
f 9317 9112 9106
f 9319 9109 9325
f 9325 9109 9113
f 9320 9114 9110
f 9326 9114 9320
f 9114 9326 9327
f 9115 9114 9327
f 9330 9329 9328
f 9329 9116 9328
f 9329 9321 9116
f 9321 9111 9116
f 9332 9322 9324
f 9331 9322 9332
f 9322 9331 9117
f 9112 9322 9117
f 9325 9113 9333
f 9333 9113 9118
f 9120 9334 9335
f 9119 9334 9120
f 9334 9119 9115
f 9327 9334 9115
f 9337 9330 9328
f 9336 9337 9328
f 9328 9121 9336
f 9116 9121 9328
f 9339 9331 9332
f 9338 9331 9339
f 9331 9338 9122
f 9117 9331 9122
f 9333 9118 9340
f 9340 9118 9123
f 9335 9341 9120
f 9341 9124 9120
f 9337 9336 9342
f 9336 9343 9342
f 9336 9121 9343
f 9121 9125 9343
f 9345 9338 9339
f 9344 9338 9345
f 9338 9344 9126
f 9122 9338 9126
f 9340 9123 9346
f 9346 9123 9127
f 9341 9129 9124
f 9347 9129 9341
f 9129 9347 9348
f 9130 9129 9348
f 9343 9125 9349
f 9349 9125 9131
f 9351 9344 9345
f 9350 9344 9351
f 9344 9350 9132
f 9126 9344 9132
f 9346 9127 9352
f 9352 9127 9133
f 9348 9353 9130
f 9353 9134 9130
f 9354 9355 9349
f 9354 9349 9135
f 9135 9349 9131
f 9355 9354 9356
f 9351 9357 9350
f 9350 9357 9358
f 9350 9358 9132
f 9132 9358 9137
f 9352 9133 9359
f 9359 9133 9139
f 9141 9360 9361
f 9140 9360 9141
f 9360 9140 9134
f 9353 9360 9134
f 9354 9135 9142
f 9142 9356 9354
f 9142 9143 9356
f 9143 9362 9356
f 9144 9364 9363
f 9144 9137 9364
f 9137 9358 9364
f 9144 9363 9145
f 9146 9147 9365
f 9365 9139 9146
f 9365 9366 9139
f 9366 9359 9139
f 9361 9367 9141
f 9367 9148 9141
f 9368 9369 9362
f 9368 9362 9149
f 9149 9362 9143
f 9369 9368 9370
f 9364 9371 9363
f 9363 9371 9372
f 9363 9372 9145
f 9145 9372 9150
f 9373 9365 9147
f 9373 9147 9374
f 9374 9147 9151
f 9365 9373 9366
f 9367 9375 9148
f 9375 9153 9148
f 9368 9149 9154
f 9154 9370 9368
f 9154 9155 9370
f 9155 9376 9370
f 9372 9377 9150
f 9377 9157 9150
f 9158 9159 9378
f 9378 9151 9158
f 9378 9379 9151
f 9379 9374 9151
f 9161 9380 9381
f 9160 9380 9161
f 9380 9160 9153
f 9375 9380 9153
f 9376 9155 9163
f 9382 9376 9163
f 9163 9383 9382
f 9164 9383 9163
f 9377 9165 9157
f 9384 9165 9377
f 9165 9384 9385
f 9167 9165 9385
f 9170 9387 9386
f 9169 9170 9386
f 9159 9388 9378
f 9159 9169 9388
f 9169 9386 9388
f 9378 9388 9379
f 9172 9389 9390
f 9171 9389 9172
f 9389 9171 9161
f 9381 9389 9161
f 9383 9164 9391
f 9391 9164 9173
f 9385 9174 9167
f 9392 9174 9385
f 9174 9392 9393
f 9176 9174 9393
f 9178 9179 9394
f 9394 9396 9395
f 9394 9395 9178
f 9178 9395 9180
f 9395 9170 9180
f 9387 9170 9395
f 9390 9397 9172
f 9397 9182 9172
f 9391 9173 9183
f 9398 9391 9183
f 9183 9399 9398
f 9184 9399 9183
f 9393 9185 9176
f 9400 9185 9393
f 9400 9401 9185
f 9185 9401 9186
f 9403 9402 9187
f 9403 9187 9401
f 9401 9187 9186
f 9188 9187 9402
f 9404 9188 9402
f 9188 9404 9190
f 9191 9192 9405
f 9405 9407 9406
f 9405 9406 9191
f 9191 9406 9193
f 9406 9408 9193
f 9193 9408 9194
f 9179 9409 9394
f 9179 9194 9409
f 9194 9408 9409
f 9394 9409 9396
f 9196 9410 9411
f 9195 9410 9196
f 9410 9195 9182
f 9397 9410 9182
f 9399 9184 9197
f 9412 9399 9197
f 9413 9197 9198
f 9413 9414 9197
f 9414 9412 9197
f 9414 9413 9415
f 9403 9416 9402
f 9402 9417 9404
f 9416 9417 9402
f 9404 9199 9190
f 9404 9417 9199
f 9417 9418 9199
f 9192 9419 9405
f 9192 9199 9419
f 9199 9418 9419
f 9405 9419 9407
f 9201 9420 9421
f 9200 9420 9201
f 9420 9200 9196
f 9411 9420 9196
f 9413 9198 9202
f 9415 9413 9202
f 9415 9202 9422
f 9422 9202 9204
f 9204 9423 9422
f 9205 9423 9204
f 9207 9424 9425
f 9206 9424 9207
f 9424 9206 9201
f 9421 9424 9201
f 9423 9205 9208
f 9426 9423 9208
f 9208 9427 9426
f 9209 9427 9208
f 9211 9428 9429
f 9210 9428 9211
f 9428 9210 9430
f 9210 9212 9430
f 9430 9212 9207
f 9425 9430 9207
f 9427 9209 9213
f 9431 9427 9213
f 9431 9213 9432
f 9213 9215 9432
f 9215 9433 9432
f 9216 9433 9215
f 9218 9434 9435
f 9217 9434 9218
f 9434 9217 9436
f 9217 9219 9436
f 9436 9219 9211
f 9429 9436 9211
f 9433 9216 9220
f 9437 9433 9220
f 9220 9438 9437
f 9222 9438 9220
f 9441 9439 9440
f 9225 9440 9439
f 9225 9224 9440
f 9224 9442 9440
f 9442 9224 9443
f 9224 9226 9443
f 9443 9226 9218
f 9435 9443 9218
f 9438 9222 9227
f 9444 9438 9227
f 9444 9227 9445
f 9227 9228 9445
f 9445 9228 9446
f 9228 9229 9446
f 9446 9229 9447
f 9229 9230 9447
f 9447 9230 9448
f 9230 9231 9448
f 9448 9231 9449
f 9231 9232 9449
f 9439 9441 9449
f 9439 9449 9233
f 9233 9449 9232
f 9439 9233 9225
f 9235 9451 9450
f 9234 9235 9450
f 9450 9452 9234
f 9234 9452 9236
f 9452 9453 9236
f 9236 9453 9237
f 9453 9454 9237
f 9237 9454 9239
f 9239 9454 9455
f 9240 9239 9455
f 9241 9242 9456
f 9456 9458 9457
f 9456 9457 9241
f 9241 9457 9243
f 9457 9459 9243
f 9243 9459 9244
f 9459 9235 9244
f 9451 9235 9459
f 9455 9245 9240
f 9460 9245 9455
f 9460 9461 9245
f 9245 9461 9246
f 9463 9462 9247
f 9463 9247 9461
f 9461 9247 9246
f 9247 9462 9248
f 9250 9465 9464
f 9249 9250 9464
f 9464 9466 9249
f 9249 9466 9251
f 9242 9467 9456
f 9242 9251 9467
f 9251 9466 9467
f 9456 9467 9458
f 9463 9468 9462
f 9462 9252 9248
f 9462 9468 9252
f 9468 9469 9252
f 9471 9470 9253
f 9471 9253 9469
f 9469 9253 9252
f 9253 9470 9254
f 9255 9256 9472
f 9472 9474 9473
f 9472 9473 9255
f 9255 9473 9257
f 9473 9250 9257
f 9465 9250 9473
f 9471 9475 9470
f 9470 9258 9254
f 9470 9475 9258
f 9475 9476 9258
f 9258 9476 9477
f 9259 9258 9477
f 9260 9261 9478
f 9478 9480 9479
f 9260 9478 9479
f 9260 9479 9472
f 9260 9472 9256
f 9472 9479 9474
f 9477 9262 9259
f 9481 9262 9477
f 9262 9481 9482
f 9263 9262 9482
f 9264 9265 9483
f 9483 9485 9484
f 9264 9483 9484
f 9264 9484 9478
f 9264 9478 9261
f 9478 9484 9480
f 9482 9266 9263
f 9486 9266 9482
f 9266 9486 9487
f 9267 9266 9487
f 9268 9269 9488
f 9488 9490 9489
f 9268 9488 9489
f 9268 9489 9483
f 9268 9483 9265
f 9483 9489 9485
f 9493 9491 9492
f 9492 9494 9495
f 9491 9494 9492
f 9495 9494 9496
f 9487 9270 9267
f 9497 9270 9487
f 9270 9497 9498
f 9271 9270 9498
f 9272 9273 9499
f 9499 9501 9500
f 9272 9499 9500
f 9272 9500 9488
f 9272 9488 9269
f 9488 9500 9490
f 9504 9502 9503
f 9275 9503 9502
f 9275 9274 9503
f 9274 9505 9503
f 9505 9274 9506
f 9274 9276 9506
f 9506 9276 9507
f 9276 9277 9507
f 9491 9493 9507
f 9491 9507 9278
f 9278 9507 9277
f 9494 9491 9278
f 9279 9494 9278
f 9496 9494 9279
f 9496 9279 9508
f 9508 9279 9280
f 9508 9280 9509
f 9280 9282 9509
f 9282 9510 9509
f 9283 9510 9282
f 9498 9284 9271
f 9511 9284 9498
f 9284 9511 9512
f 9285 9284 9512
f 9513 9499 9273
f 9286 9513 9273
f 9501 9513 9514
f 9499 9513 9501
f 9289 9515 9516
f 9288 9515 9289
f 9502 9504 9515
f 9502 9515 9290
f 9290 9515 9288
f 9502 9290 9275
f 9510 9283 9291
f 9517 9510 9291
f 9518 9291 9292
f 9518 9519 9291
f 9519 9517 9291
f 9519 9518 9520
f 9293 9522 9521
f 9293 9285 9522
f 9285 9512 9522
f 9293 9521 9294
f 9295 9296 9523
f 9523 9525 9524
f 9295 9523 9524
f 9295 9524 9513
f 9295 9513 9286
f 9513 9524 9514
f 9528 9526 9527
f 9527 9526 9297
f 9527 9297 9516
f 9516 9297 9289
f 9518 9292 9298
f 9520 9518 9298
f 9520 9298 9529
f 9529 9298 9299
f 9299 9530 9529
f 9300 9530 9299
f 9522 9531 9521
f 9521 9531 9532
f 9521 9532 9294
f 9294 9532 9301
f 9533 9523 9296
f 9533 9296 9534
f 9534 9296 9302
f 9523 9533 9525
f 9537 9535 9536
f 9526 9304 9303
f 9528 9304 9526
f 9528 9535 9304
f 9528 9536 9535
f 9526 9303 9297
f 9530 9300 9305
f 9538 9530 9305
f 9305 9539 9538
f 9306 9539 9305
f 9532 9540 9301
f 9540 9307 9301
f 9308 9309 9541
f 9541 9302 9308
f 9541 9542 9302
f 9542 9534 9302
f 9535 9312 9311
f 9535 9537 9312
f 9537 9543 9312
f 9535 9311 9304
f 9544 9545 9539
f 9544 9539 9313
f 9313 9539 9306
f 9545 9544 9546
f 9540 9314 9307
f 9547 9314 9540
f 9314 9547 9548
f 9315 9314 9548
f 9549 9541 9309
f 9549 9309 9550
f 9550 9309 9316
f 9541 9549 9542
f 9553 9551 9552
f 9552 9551 9317
f 9552 9317 9543
f 9543 9317 9312
f 9544 9313 9318
f 9318 9546 9544
f 9318 9319 9546
f 9319 9554 9546
f 9548 9555 9315
f 9555 9320 9315
f 9550 9316 9556
f 9556 9316 9321
f 9551 9324 9323
f 9551 9553 9324
f 9553 9557 9324
f 9551 9323 9317
f 9554 9319 9558
f 9558 9319 9325
f 9555 9326 9320
f 9559 9326 9555
f 9326 9559 9560
f 9327 9326 9560
f 9330 9562 9561
f 9329 9330 9561
f 9561 9321 9329
f 9556 9321 9561
f 9557 9563 9324
f 9563 9332 9324
f 9558 9325 9564
f 9564 9325 9333
f 9335 9565 9566
f 9334 9565 9335
f 9565 9334 9327
f 9560 9565 9327
f 9562 9330 9567
f 9567 9330 9337
f 9563 9568 9332
f 9568 9339 9332
f 9564 9333 9569
f 9569 9333 9340
f 9566 9570 9335
f 9570 9341 9335
f 9567 9337 9342
f 9571 9567 9342
f 9342 9572 9571
f 9343 9572 9342
f 9568 9573 9339
f 9573 9345 9339
f 9569 9340 9574
f 9574 9340 9346
f 9570 9347 9341
f 9575 9347 9570
f 9347 9575 9576
f 9348 9347 9576
f 9577 9578 9572
f 9577 9572 9349
f 9349 9572 9343
f 9578 9577 9579
f 9573 9580 9345
f 9580 9351 9345
f 9574 9346 9581
f 9581 9346 9352
f 9576 9582 9348
f 9582 9353 9348
f 9577 9349 9355
f 9355 9579 9577
f 9355 9356 9579
f 9356 9583 9579
f 9357 9585 9584
f 9357 9351 9585
f 9351 9580 9585
f 9357 9584 9358
f 9581 9352 9586
f 9586 9352 9359
f 9361 9587 9588
f 9360 9587 9361
f 9587 9360 9353
f 9582 9587 9353
f 9589 9590 9583
f 9589 9583 9362
f 9362 9583 9356
f 9590 9589 9591
f 9585 9592 9584
f 9584 9592 9593
f 9584 9593 9358
f 9358 9593 9364
f 9586 9359 9594
f 9594 9359 9366
f 9588 9595 9361
f 9595 9367 9361
f 9589 9362 9369
f 9369 9591 9589
f 9369 9370 9591
f 9370 9596 9591
f 9371 9598 9597
f 9371 9364 9598
f 9364 9593 9598
f 9371 9597 9372
f 9373 9374 9599
f 9599 9366 9373
f 9599 9600 9366
f 9600 9594 9366
f 9595 9601 9367
f 9601 9375 9367
f 9602 9603 9596
f 9602 9596 9376
f 9376 9596 9370
f 9603 9602 9604
f 9598 9605 9597
f 9597 9605 9606
f 9597 9606 9372
f 9372 9606 9377
f 9607 9599 9374
f 9607 9374 9608
f 9608 9374 9379
f 9599 9607 9600
f 9381 9609 9610
f 9380 9609 9381
f 9609 9380 9375
f 9601 9609 9375
f 9602 9376 9382
f 9382 9604 9602
f 9382 9383 9604
f 9383 9611 9604
f 9384 9613 9612
f 9384 9377 9613
f 9377 9606 9613
f 9384 9612 9385
f 9386 9387 9614
f 9614 9616 9615
f 9614 9615 9386
f 9386 9615 9388
f 9615 9379 9388
f 9608 9379 9615
f 9390 9617 9618
f 9389 9617 9390
f 9617 9389 9381
f 9610 9617 9381
f 9619 9620 9611
f 9619 9611 9391
f 9391 9611 9383
f 9620 9619 9621
f 9613 9622 9612
f 9624 9623 9392
f 9622 9624 9392
f 9622 9392 9385
f 9622 9385 9612
f 9392 9623 9393
f 9395 9396 9625
f 9625 9627 9626
f 9395 9625 9626
f 9395 9626 9614
f 9395 9614 9387
f 9614 9626 9616
f 9618 9628 9390
f 9628 9397 9390
f 9619 9391 9398
f 9398 9399 9629
f 9619 9398 9629
f 9619 9629 9630
f 9619 9630 9621
f 9630 9629 9631
f 9624 9632 9623
f 9634 9633 9400
f 9632 9634 9400
f 9632 9400 9393
f 9632 9393 9623
f 9401 9400 9633
f 9635 9401 9633
f 9401 9635 9403
f 9406 9407 9636
f 9408 9406 9636
f 9637 9408 9636
f 9637 9639 9638
f 9637 9638 9408
f 9408 9638 9409
f 9396 9640 9625
f 9396 9409 9640
f 9409 9638 9640
f 9625 9640 9627
f 9411 9641 9642
f 9410 9641 9411
f 9641 9410 9397
f 9628 9641 9397
f 9629 9399 9412
f 9631 9629 9412
f 9631 9412 9643
f 9643 9412 9414
f 9414 9644 9643
f 9415 9644 9414
f 9634 9645 9633
f 9633 9646 9635
f 9645 9646 9633
f 9635 9416 9403
f 9635 9646 9416
f 9646 9647 9416
f 9647 9648 9416
f 9416 9648 9417
f 9648 9649 9417
f 9417 9649 9418
f 9649 9650 9418
f 9418 9650 9419
f 9407 9651 9636
f 9407 9419 9651
f 9419 9650 9651
f 9636 9652 9637
f 9651 9652 9636
f 9637 9652 9639
f 9421 9653 9654
f 9420 9653 9421
f 9653 9420 9411
f 9642 9653 9411
f 9644 9415 9422
f 9655 9644 9422
f 9422 9656 9655
f 9423 9656 9422
f 9425 9657 9658
f 9424 9657 9425
f 9657 9424 9421
f 9654 9657 9421
f 9656 9423 9426
f 9659 9656 9426
f 9660 9426 9427
f 9660 9661 9426
f 9661 9659 9426
f 9661 9660 9662
f 9429 9663 9664
f 9428 9663 9429
f 9663 9428 9665
f 9428 9430 9665
f 9665 9430 9425
f 9658 9665 9425
f 9660 9427 9431
f 9662 9660 9431
f 9662 9431 9666
f 9666 9431 9432
f 9432 9667 9666
f 9433 9667 9432
f 9435 9668 9669
f 9434 9668 9435
f 9668 9434 9670
f 9434 9436 9670
f 9670 9436 9429
f 9664 9670 9429
f 9667 9433 9437
f 9671 9667 9437
f 9672 9437 9438
f 9672 9673 9437
f 9673 9671 9437
f 9673 9674 9675
f 9672 9674 9673
f 9675 9676 9677
f 9674 9676 9675
f 9677 9676 9678
f 9681 9679 9680
f 9441 9680 9679
f 9441 9440 9680
f 9440 9682 9680
f 9682 9440 9683
f 9440 9442 9683
f 9683 9442 9684
f 9442 9443 9684
f 9684 9443 9435
f 9669 9684 9435
f 9672 9438 9444
f 9674 9672 9444
f 9445 9674 9444
f 9676 9674 9445
f 9446 9676 9445
f 9678 9676 9446
f 9678 9446 9685
f 9685 9446 9447
f 9685 9447 9686
f 9447 9448 9686
f 9679 9681 9686
f 9679 9686 9449
f 9449 9686 9448
f 9679 9449 9441
f 9451 9688 9687
f 9450 9451 9687
f 9687 9689 9450
f 9450 9689 9452
f 9689 9690 9452
f 9452 9690 9453
f 9690 9691 9453
f 9453 9691 9454
f 9454 9691 9692
f 9455 9454 9692
f 9458 9694 9693
f 9457 9458 9693
f 9693 9695 9457
f 9457 9695 9459
f 9695 9451 9459
f 9688 9451 9695
f 9692 9460 9455
f 9696 9460 9692
f 9696 9697 9460
f 9460 9697 9461
f 9461 9697 9698
f 9463 9461 9698
f 9464 9465 9699
f 9699 9701 9700
f 9699 9700 9464
f 9464 9700 9466
f 9700 9702 9466
f 9466 9702 9467
f 9702 9458 9467
f 9694 9458 9702
f 9698 9468 9463
f 9703 9468 9698
f 9703 9704 9468
f 9468 9704 9469
f 9469 9704 9705
f 9471 9469 9705
f 9473 9474 9706
f 9706 9708 9707
f 9473 9706 9707
f 9473 9707 9699
f 9473 9699 9465
f 9699 9707 9701
f 9705 9475 9471
f 9709 9475 9705
f 9709 9710 9475
f 9475 9710 9476
f 9476 9710 9711
f 9477 9476 9711
f 9479 9480 9712
f 9712 9714 9713
f 9479 9712 9713
f 9479 9713 9706
f 9479 9706 9474
f 9706 9713 9708
f 9711 9481 9477
f 9715 9481 9711
f 9481 9715 9716
f 9482 9481 9716
f 9484 9485 9717
f 9717 9719 9718
f 9484 9717 9718
f 9484 9718 9712
f 9484 9712 9480
f 9712 9718 9714
f 9716 9486 9482
f 9720 9486 9716
f 9486 9720 9721
f 9487 9486 9721
f 9489 9490 9722
f 9722 9724 9723
f 9489 9722 9723
f 9489 9723 9717
f 9489 9717 9485
f 9717 9723 9719
f 9727 9725 9726
f 9726 9728 9729
f 9725 9728 9726
f 9493 9729 9728
f 9493 9492 9729
f 9492 9730 9729
f 9730 9492 9731
f 9492 9495 9731
f 9495 9732 9731
f 9496 9732 9495
f 9721 9497 9487
f 9733 9497 9721
f 9497 9733 9734
f 9498 9497 9734
f 9500 9501 9735
f 9735 9737 9736
f 9500 9735 9736
f 9500 9736 9722
f 9500 9722 9490
f 9722 9736 9724
f 9740 9738 9739
f 9504 9739 9738
f 9504 9503 9739
f 9503 9741 9739
f 9741 9503 9742
f 9503 9505 9742
f 9725 9727 9742
f 9725 9742 9506
f 9506 9742 9505
f 9728 9725 9506
f 9507 9728 9506
f 9728 9507 9493
f 9732 9496 9508
f 9743 9732 9508
f 9743 9508 9744
f 9508 9509 9744
f 9745 9509 9510
f 9745 9746 9509
f 9746 9744 9509
f 9746 9745 9747
f 9734 9511 9498
f 9748 9511 9734
f 9511 9748 9749
f 9512 9511 9749
f 9750 9735 9501
f 9750 9501 9751
f 9751 9501 9514
f 9735 9750 9737
f 9754 9752 9753
f 9738 9516 9515
f 9740 9516 9738
f 9740 9752 9516
f 9740 9753 9752
f 9738 9515 9504
f 9745 9510 9517
f 9747 9745 9517
f 9747 9517 9755
f 9755 9517 9519
f 9519 9756 9755
f 9520 9756 9519
f 9749 9757 9512
f 9757 9522 9512
f 9524 9525 9758
f 9758 9514 9524
f 9758 9759 9514
f 9759 9751 9514
f 9762 9760 9761
f 9752 9528 9527
f 9754 9528 9752
f 9754 9760 9528
f 9754 9761 9760
f 9752 9527 9516
f 9756 9520 9529
f 9763 9756 9529
f 9764 9529 9530
f 9764 9765 9529
f 9765 9763 9529
f 9765 9764 9766
f 9757 9531 9522
f 9767 9531 9757
f 9531 9767 9768
f 9532 9531 9768
f 9533 9534 9769
f 9769 9771 9770
f 9533 9769 9770
f 9533 9770 9758
f 9533 9758 9525
f 9758 9770 9759
f 9760 9537 9536
f 9760 9762 9537
f 9762 9772 9537
f 9760 9536 9528
f 9764 9530 9538
f 9538 9539 9773
f 9764 9538 9773
f 9764 9773 9774
f 9764 9774 9766
f 9774 9773 9775
f 9768 9776 9532
f 9776 9540 9532
f 9777 9769 9534
f 9777 9534 9778
f 9778 9534 9542
f 9769 9777 9771
f 9781 9779 9780
f 9780 9779 9543
f 9780 9543 9772
f 9772 9543 9537
f 9773 9539 9545
f 9545 9775 9773
f 9545 9546 9775
f 9546 9782 9775
f 9547 9784 9783
f 9547 9540 9784
f 9540 9776 9784
f 9547 9783 9548
f 9550 9786 9785
f 9549 9550 9785
f 9785 9542 9549
f 9778 9542 9785
f 9789 9787 9788
f 9779 9553 9552
f 9781 9553 9779
f 9781 9787 9553
f 9781 9788 9787
f 9779 9552 9543
f 9782 9546 9790
f 9790 9546 9554
f 9784 9791 9783
f 9783 9791 9792
f 9783 9792 9548
f 9548 9792 9555
f 9786 9550 9793
f 9793 9550 9556
f 9795 9787 9789
f 9794 9787 9795
f 9787 9794 9557
f 9553 9787 9557
f 9790 9554 9796
f 9796 9554 9558
f 9792 9559 9555
f 9797 9559 9792
f 9559 9797 9798
f 9560 9559 9798
f 9561 9562 9799
f 9799 9556 9561
f 9799 9800 9556
f 9800 9793 9556
f 9802 9794 9795
f 9801 9794 9802
f 9794 9801 9563
f 9557 9794 9563
f 9796 9558 9803
f 9803 9558 9564
f 9566 9804 9805
f 9565 9804 9566
f 9804 9565 9560
f 9798 9804 9560
f 9806 9799 9562
f 9567 9806 9562
f 9800 9806 9807
f 9799 9806 9800
f 9809 9801 9802
f 9808 9801 9809
f 9801 9808 9568
f 9563 9801 9568
f 9803 9564 9810
f 9810 9564 9569
f 9805 9811 9566
f 9811 9570 9566
f 9806 9567 9571
f 9571 9572 9812
f 9806 9571 9812
f 9806 9812 9813
f 9806 9813 9807
f 9813 9812 9814
f 9816 9808 9809
f 9815 9808 9816
f 9808 9815 9573
f 9568 9808 9573
f 9810 9569 9817
f 9817 9569 9574
f 9811 9575 9570
f 9818 9575 9811
f 9575 9818 9819
f 9576 9575 9819
f 9812 9572 9578
f 9578 9814 9812
f 9578 9579 9814
f 9579 9820 9814
f 9816 9821 9815
f 9815 9821 9822
f 9815 9822 9573
f 9573 9822 9580
f 9817 9574 9823
f 9823 9574 9581
f 9819 9824 9576
f 9824 9582 9576
f 9825 9826 9820
f 9825 9820 9583
f 9583 9820 9579
f 9826 9825 9827
f 9822 9828 9580
f 9828 9585 9580
f 9823 9581 9829
f 9829 9581 9586
f 9587 9830 9588
f 9830 9587 9582
f 9830 9582 9831
f 9831 9582 9824
f 9825 9583 9590
f 9590 9591 9832
f 9825 9590 9832
f 9825 9832 9833
f 9825 9833 9827
f 9833 9832 9834
f 9592 9836 9835
f 9592 9585 9836
f 9585 9828 9836
f 9592 9835 9593
f 9829 9586 9837
f 9837 9586 9594
f 9838 9588 9830
f 9838 9839 9588
f 9839 9595 9588
f 9830 9831 9838
f 9840 9832 9591
f 9596 9840 9591
f 9834 9840 9841
f 9832 9840 9834
f 9836 9842 9835
f 9835 9842 9843
f 9835 9843 9593
f 9593 9843 9598
f 9837 9594 9844
f 9844 9594 9600
f 9839 9845 9595
f 9845 9601 9595
f 9840 9596 9603
f 9603 9604 9846
f 9840 9603 9846
f 9840 9846 9847
f 9840 9847 9841
f 9847 9846 9848
f 9605 9850 9849
f 9605 9598 9850
f 9598 9843 9850
f 9605 9849 9606
f 9608 9852 9851
f 9607 9608 9851
f 9851 9600 9607
f 9844 9600 9851
f 9610 9853 9854
f 9609 9853 9610
f 9853 9609 9601
f 9845 9853 9601
f 9855 9846 9604
f 9611 9855 9604
f 9848 9855 9856
f 9846 9855 9848
f 9850 9857 9849
f 9849 9857 9858
f 9849 9858 9606
f 9606 9858 9613
f 9616 9860 9859
f 9615 9616 9859
f 9859 9608 9615
f 9852 9608 9859
f 9618 9861 9862
f 9617 9861 9618
f 9861 9617 9610
f 9854 9861 9610
f 9855 9611 9620
f 9620 9621 9863
f 9855 9620 9863
f 9855 9863 9864
f 9855 9864 9856
f 9864 9863 9865
f 9622 9867 9866
f 9622 9613 9867
f 9613 9858 9867
f 9622 9866 9624
f 9627 9869 9868
f 9626 9627 9868
f 9868 9616 9626
f 9860 9616 9868
f 9862 9870 9618
f 9870 9628 9618
f 9863 9621 9630
f 9630 9631 9871
f 9863 9630 9871
f 9863 9871 9872
f 9863 9872 9865
f 9872 9871 9874
f 9867 9873 9866
f 9876 9875 9632
f 9873 9876 9632
f 9873 9632 9624
f 9873 9624 9866
f 9632 9875 9634
f 9638 9639 9877
f 9877 9879 9878
f 9877 9878 9638
f 9638 9878 9640
f 9878 9627 9640
f 9869 9627 9878
f 9642 9880 9881
f 9641 9880 9642
f 9880 9641 9628
f 9870 9880 9628
f 9871 9631 9643
f 9643 9644 9882
f 9871 9643 9882
f 9871 9882 9883
f 9871 9883 9874
f 9883 9882 9885
f 9876 9884 9875
f 9875 9645 9634
f 9875 9884 9645
f 9884 9886 9645
f 9888 9887 9646
f 9888 9646 9886
f 9886 9646 9645
f 9647 9646 9887
f 9889 9647 9887
f 9648 9647 9889
f 9890 9648 9889
f 9649 9648 9890
f 9891 9649 9890
f 9650 9649 9891
f 9892 9650 9891
f 9892 9894 9893
f 9892 9893 9650
f 9650 9893 9651
f 9893 9895 9651
f 9651 9895 9652
f 9639 9896 9877
f 9639 9652 9896
f 9652 9895 9896
f 9877 9896 9879
f 9654 9897 9898
f 9653 9897 9654
f 9897 9653 9642
f 9881 9897 9642
f 9882 9644 9655
f 9655 9656 9899
f 9882 9655 9899
f 9882 9899 9900
f 9882 9900 9885
f 9900 9899 9901
f 9888 9902 9887
f 9887 9903 9889
f 9902 9903 9887
f 9889 9904 9890
f 9903 9904 9889
f 9890 9905 9891
f 9904 9905 9890
f 9891 9906 9892
f 9905 9906 9891
f 9892 9906 9894
f 9909 9907 9908
f 9658 9908 9907
f 9658 9657 9908
f 9657 9910 9908
f 9910 9657 9654
f 9898 9910 9654
f 9899 9656 9659
f 9901 9899 9659
f 9901 9659 9911
f 9911 9659 9661
f 9661 9912 9911
f 9662 9912 9661
f 9664 9913 9914
f 9663 9913 9664
f 9907 9909 9913
f 9907 9913 9665
f 9665 9913 9663
f 9907 9665 9658
f 9912 9662 9666
f 9915 9912 9666
f 9916 9666 9667
f 9916 9917 9666
f 9917 9915 9666
f 9917 9918 9919
f 9916 9918 9917
f 9919 9920 9921
f 9918 9920 9919
f 9921 9920 9922
f 9925 9923 9924
f 9669 9924 9923
f 9669 9668 9924
f 9668 9926 9924
f 9926 9668 9927
f 9668 9670 9927
f 9927 9670 9664
f 9914 9927 9664
f 9916 9667 9671
f 9918 9916 9671
f 9673 9918 9671
f 9920 9918 9673
f 9675 9920 9673
f 9922 9920 9675
f 9922 9675 9928
f 9928 9675 9677
f 9929 9677 9678
f 9929 9930 9677
f 9930 9928 9677
f 9930 9931 9932
f 9929 9931 9930
f 9681 9932 9931
f 9681 9680 9932
f 9680 9933 9932
f 9933 9680 9934
f 9680 9682 9934
f 9934 9682 9935
f 9682 9683 9935
f 9923 9925 9935
f 9923 9935 9684
f 9684 9935 9683
f 9923 9684 9669
f 9929 9678 9685
f 9931 9929 9685
f 9686 9931 9685
f 9931 9686 9681
f 9687 9688 9936
f 9936 9938 9937
f 9936 9937 9687
f 9687 9937 9689
f 9937 9939 9689
f 9689 9939 9690
f 9941 9940 9691
f 9941 9691 9939
f 9939 9691 9690
f 9691 9940 9692
f 9693 9694 9942
f 9942 9944 9943
f 9942 9943 9693
f 9693 9943 9695
f 9688 9945 9936
f 9688 9695 9945
f 9695 9943 9945
f 9936 9945 9938
f 9941 9946 9940
f 9940 9696 9692
f 9940 9946 9696
f 9946 9947 9696
f 9949 9948 9697
f 9949 9697 9947
f 9947 9697 9696
f 9697 9948 9698
f 9700 9701 9950
f 9702 9700 9950
f 9951 9702 9950
f 9951 9953 9952
f 9702 9951 9952
f 9702 9952 9942
f 9702 9942 9694
f 9942 9952 9944
f 9949 9954 9948
f 9948 9703 9698
f 9948 9954 9703
f 9954 9955 9703
f 9957 9956 9704
f 9957 9704 9955
f 9955 9704 9703
f 9704 9956 9705
f 9707 9708 9958
f 9958 9960 9959
f 9707 9958 9959
f 9707 9959 9950
f 9707 9950 9701
f 9950 9961 9951
f 9959 9961 9950
f 9951 9961 9953
f 9957 9962 9956
f 9956 9709 9705
f 9956 9962 9709
f 9962 9963 9709
f 9965 9964 9710
f 9965 9710 9963
f 9963 9710 9709
f 9710 9964 9711
f 9713 9714 9966
f 9966 9968 9967
f 9713 9966 9967
f 9713 9967 9958
f 9713 9958 9708
f 9958 9967 9960
f 9965 9969 9964
f 9971 9970 9715
f 9969 9971 9715
f 9969 9715 9711
f 9969 9711 9964
f 9715 9970 9716
f 9718 9719 9972
f 9972 9974 9973
f 9718 9972 9973
f 9718 9973 9966
f 9718 9966 9714
f 9966 9973 9968
f 9971 9975 9970
f 9970 9720 9716
f 9970 9975 9720
f 9975 9976 9720
f 9720 9976 9977
f 9721 9720 9977
f 9723 9724 9978
f 9719 9723 9978
f 9719 9978 9972
f 9972 9978 9979
f 9974 9979 9980
f 9972 9979 9974
f 9983 9981 9982
f 9727 9982 9981
f 9727 9726 9982
f 9726 9984 9982
f 9984 9726 9985
f 9726 9729 9985
f 9985 9729 9986
f 9729 9730 9986
f 9986 9730 9987
f 9730 9731 9987
f 9988 9731 9732
f 9988 9989 9731
f 9989 9987 9731
f 9989 9990 9991
f 9988 9990 9989
f 9991 9990 9992
f 9977 9733 9721
f 9993 9733 9977
f 9733 9993 9994
f 9734 9733 9994
f 9736 9737 9995
f 9724 9736 9995
f 9724 9995 9978
f 9978 9995 9996
f 9978 9996 9979
f 9979 9996 9997
f 9980 9739 9998
f 9980 9997 9739
f 9980 9979 9997
f 9997 9740 9739
f 9998 9739 9999
f 9739 9741 9999
f 9981 9983 9999
f 9981 9999 9742
f 9742 9999 9741
f 9981 9742 9727
f 9988 9732 9743
f 9990 9988 9743
f 9744 9990 9743
f 9992 9990 9744
f 9992 9744 10000
f 10000 9744 9746
f 9746 10001 10000
f 9747 10001 9746
f 9748 10003 10002
f 9748 9734 10003
f 9734 9994 10003
f 9748 10002 9749
f 9750 9751 10004
f 9737 9750 10004
f 9737 10004 9995
f 9995 10004 10005
f 9995 10005 9996
f 9996 10005 10006
f 9754 9753 9997
f 9754 9997 10006
f 10006 9997 9996
f 9997 9753 9740
f 10001 9747 9755
f 10007 10001 9755
f 10008 9755 9756
f 10008 10009 9755
f 10009 10007 9755
f 10009 10008 10010
f 10003 10011 10002
f 10002 10011 10012
f 10002 10012 9749
f 9749 10012 9757
f 10013 10004 9751
f 9759 10013 9751
f 10004 10013 10005
f 10005 10013 10014
f 9762 9761 10006
f 9762 10006 10014
f 10014 10006 10005
f 10006 9761 9754
f 10008 9756 9763
f 10010 10008 9763
f 10010 9763 10015
f 10015 9763 9765
f 9765 10016 10015
f 9766 10016 9765
f 9767 10018 10017
f 9767 9757 10018
f 9757 10012 10018
f 9767 10017 9768
f 9770 9771 10019
f 9759 9770 10019
f 9759 10019 10013
f 10013 10019 10020
f 10013 10020 10014
f 10014 10020 10021
f 10014 10021 9772
f 9762 10014 9772
f 10016 9766 9774
f 10022 10016 9774
f 9774 10023 10022
f 9775 10023 9774
f 10018 10024 10017
f 10017 10024 10025
f 10017 10025 9768
f 9768 10025 9776
f 9777 9778 10026
f 9771 9777 10026
f 9771 10026 10019
f 10019 10026 10027
f 10019 10027 10020
f 10020 10027 10028
f 9781 9780 10021
f 9781 10021 10028
f 10028 10021 10020
f 10021 9780 9772
f 10023 9775 10029
f 10029 9775 9782
f 10025 10030 9776
f 10030 9784 9776
f 9785 9786 10031
f 9778 9785 10031
f 9778 10031 10026
f 10026 10031 10032
f 10026 10032 10027
f 10027 10032 10033
f 9789 9788 10028
f 9789 10028 10033
f 10033 10028 10027
f 10028 9788 9781
f 10029 9782 10034
f 10034 9782 9790
f 10030 9791 9784
f 10035 9791 10030
f 9791 10035 10036
f 9792 9791 10036
f 10037 10031 9786
f 9793 10037 9786
f 10031 10037 10032
f 10032 10037 10038
f 10032 10038 10033
f 10033 10038 10039
f 10033 10039 9795
f 9789 10033 9795
f 10034 9790 10040
f 10040 9790 9796
f 9797 10042 10041
f 9797 9792 10042
f 9792 10036 10042
f 9797 10041 9798
f 10043 10037 9793
f 9800 10043 9793
f 10037 10043 10038
f 10038 10043 10044
f 10038 10044 10039
f 10039 10044 10045
f 10039 10045 9802
f 9795 10039 9802
f 10040 9796 10046
f 10046 9796 9803
f 10041 10042 10048
f 9804 10047 9805
f 10047 9804 9798
f 10047 9798 10049
f 10041 10048 9798
f 10048 10049 9798
f 10050 10043 9800
f 9807 10050 9800
f 10043 10050 10044
f 10044 10050 10051
f 10044 10051 10045
f 10045 10051 10052
f 10045 10052 9809
f 9802 10045 9809
f 10046 9803 10053
f 10053 9803 9810
f 10054 9805 10047
f 10054 10055 9805
f 10055 9811 9805
f 10047 10049 10054
f 10050 9807 9813
f 9813 9814 10056
f 9813 10056 10050
f 10050 10056 10051
f 10051 10056 10052
f 10052 10056 10057
f 10052 10057 9816
f 9809 10052 9816
f 10058 10059 10053
f 10058 10053 9817
f 9817 10053 9810
f 10059 10058 10060
f 10055 9818 9811
f 10061 9818 10055
f 9818 10061 10062
f 9819 9818 10062
f 10063 10056 9814
f 9820 10063 9814
f 10056 10063 10057
f 10057 10063 10064
f 9821 9816 10057
f 9821 10057 10065
f 10065 10057 10064
f 9821 10065 9822
f 10066 10058 9817
f 10066 9817 10067
f 10067 9817 9823
f 10058 10066 10060
f 10062 10068 9819
f 10068 9824 9819
f 10063 9820 9826
f 9826 9827 10069
f 9826 10069 10063
f 10063 10069 10064
f 10064 10069 10065
f 10065 10069 10070
f 10065 10070 9828
f 9822 10065 9828
f 10067 9823 10071
f 10071 9823 9829
f 10068 10072 9824
f 10072 9831 9824
f 10069 9827 9833
f 10073 10070 10069
f 10073 10069 9834
f 10073 9834 10074
f 9834 10069 9833
f 10070 10073 10075
f 10070 10075 9828
f 9828 10075 9836
f 10071 9829 10076
f 10076 9829 9837
f 9839 10077 10078
f 9838 10077 9839
f 10077 9838 9831
f 10072 10077 9831
f 10079 10080 10074
f 10079 10074 9841
f 9841 10074 9834
f 10080 10079 10081
f 10080 10081 9836
f 10080 9836 10075
f 9836 10081 9842
f 9842 10081 9843
f 10076 9837 10082
f 10082 9837 9844
f 10078 10083 9839
f 10083 9845 9839
f 10079 9841 9847
f 10084 10081 10079
f 10084 10079 9848
f 10084 9848 10085
f 9848 10079 9847
f 10081 10084 10086
f 10081 10086 9843
f 9843 10086 9850
f 9851 9852 10087
f 10087 9844 9851
f 10087 10088 9844
f 10088 10082 9844
f 9854 10089 10090
f 9853 10089 9854
f 10089 9853 9845
f 10083 10089 9845
f 10091 10092 10085
f 10091 10085 9856
f 9856 10085 9848
f 10092 10091 10093
f 10092 10093 9850
f 10092 9850 10086
f 9850 10093 9857
f 9857 10093 9858
f 9859 9860 10094
f 10094 10096 10095
f 9859 10094 10095
f 9859 10095 10087
f 9859 10087 9852
f 10087 10095 10088
f 9862 10097 10098
f 9861 10097 9862
f 10097 9861 9854
f 10090 10097 9854
f 10091 9856 9864
f 9864 9865 10099
f 9864 10099 10091
f 10091 10099 10093
f 10093 10099 9867
f 9858 10093 9867
f 9868 9869 10100
f 10100 10102 10101
f 9868 10100 10101
f 9868 10101 10094
f 9868 10094 9860
f 10094 10101 10096
f 10105 10103 10104
f 10104 10103 9870
f 10104 9870 10098
f 10098 9870 9862
f 10099 9865 9872
f 9873 9867 10099
f 9873 10099 10106
f 9872 9874 10099
f 9874 10106 10099
f 9873 10106 9876
f 9878 9879 10107
f 10107 10109 10108
f 9878 10107 10108
f 9878 10108 10100
f 9878 10100 9869
f 10100 10108 10102
f 10112 10110 10111
f 10103 9881 9880
f 10105 9881 10103
f 10105 10110 9881
f 10105 10111 10110
f 10103 9880 9870
f 10106 9874 9883
f 9884 9876 10106
f 9884 10106 10113
f 9883 9885 10106
f 9885 10113 10106
f 9886 9884 10113
f 10114 9886 10113
f 9886 10114 9888
f 9893 9894 10115
f 9895 9893 10115
f 10116 9895 10115
f 10116 10118 10117
f 10116 10117 9895
f 9895 10117 9896
f 9879 10119 10107
f 9879 9896 10119
f 9896 10117 10119
f 10107 10119 10109
f 10122 10120 10121
f 10110 9898 9897
f 10112 9898 10110
f 10112 10120 9898
f 10112 10121 10120
f 10110 9897 9881
f 10113 9885 9900
f 10123 10114 10113
f 10123 10113 9901
f 10123 9901 10124
f 9901 10113 9900
f 10114 9902 9888
f 10114 10123 9902
f 10123 10125 9902
f 10127 10126 9903
f 10127 9903 10125
f 10125 9903 9902
f 9904 9903 10126
f 10128 9904 10126
f 9905 9904 10128
f 10129 9905 10128
f 9906 9905 10129
f 10130 9906 10129
f 10130 10132 10131
f 9906 10130 10131
f 9906 10131 10115
f 9906 10115 9894
f 10115 10133 10116
f 10131 10133 10115
f 10116 10133 10118
f 10136 10134 10135
f 9909 10135 10134
f 9909 9908 10135
f 9908 10137 10135
f 10120 10122 10137
f 10120 10137 9910
f 9910 10137 9908
f 10120 9910 9898
f 10124 9901 9911
f 10138 10124 9911
f 10139 9911 9912
f 10139 10140 9911
f 10140 10138 9911
f 10140 10126 10127
f 10140 10139 10126
f 10139 10141 10126
f 10126 10141 10128
f 10128 10141 10142
f 10128 10142 10129
f 10129 10142 10143
f 10144 10143 10145
f 10144 10130 10143
f 10130 10129 10143
f 10130 10144 10132
f 10148 10146 10147
f 10134 9914 9913
f 10136 9914 10134
f 10136 10146 9914
f 10136 10147 10146
f 10134 9913 9909
f 10139 9912 9915
f 10141 10139 9915
f 9917 10141 9915
f 10142 10141 9917
f 9919 10142 9917
f 10143 10142 9919
f 9921 10143 9919
f 9921 9922 10149
f 10143 9921 10149
f 10143 10149 10150
f 10143 10150 10145
f 10150 10151 10152
f 10149 10151 10150
f 10152 10153 10154
f 10151 10153 10152
f 10154 10155 10156
f 10153 10155 10154
f 10156 10157 10158
f 10155 10157 10156
f 10158 10159 10160
f 10157 10159 10158
f 9925 10160 10159
f 9925 9924 10160
f 9924 10161 10160
f 10161 9924 10162
f 9924 9926 10162
f 10146 10148 10162
f 10146 10162 9927
f 9927 10162 9926
f 10146 9927 9914
f 10149 9922 9928
f 10151 10149 9928
f 9930 10151 9928
f 10153 10151 9930
f 9932 10153 9930
f 10155 10153 9932
f 9933 10155 9932
f 10157 10155 9933
f 9934 10157 9933
f 10159 10157 9934
f 9935 10159 9934
f 10159 9935 9925
f 9937 9938 10163
f 9939 9937 10163
f 10164 9939 10163
f 9939 10164 9941
f 9943 9944 10165
f 9945 9943 10165
f 10166 9945 10165
f 10166 10168 10167
f 9945 10166 10167
f 9945 10167 10163
f 9945 10163 9938
f 10163 10169 10164
f 10167 10169 10163
f 10164 9946 9941
f 10164 10169 9946
f 10169 10170 9946
f 10172 10171 9947
f 10172 9947 10170
f 10170 9947 9946
f 9947 10171 9949
f 9952 9953 10173
f 9944 9952 10173
f 9944 10173 10165
f 10165 10173 10174
f 10175 10174 10176
f 10175 10166 10174
f 10166 10165 10174
f 10166 10175 10168
f 10172 10177 10171
f 10179 10178 9954
f 10177 10179 9954
f 10177 9954 9949
f 10177 9949 10171
f 9955 9954 10178
f 10180 9955 10178
f 9955 10180 9957
f 9959 9960 10181
f 9961 9959 10181
f 10182 9961 10181
f 9953 9961 10182
f 9953 10182 10173
f 10173 10182 10183
f 10184 10183 10185
f 10184 10174 10183
f 10174 10173 10183
f 10174 10184 10176
f 10179 10186 10178
f 10178 10187 10180
f 10186 10187 10178
f 10189 10188 9962
f 10187 10189 9962
f 10187 9962 9957
f 10187 9957 10180
f 9963 9962 10188
f 10190 9963 10188
f 9963 10190 9965
f 9967 9968 10191
f 10191 10193 10192
f 9967 10191 10192
f 9967 10192 10181
f 9967 10181 9960
f 10181 10194 10182
f 10192 10194 10181
f 10182 10195 10183
f 10194 10195 10182
f 10183 10195 10185
f 10189 10196 10188
f 10188 10197 10190
f 10196 10197 10188
f 10199 10198 9969
f 10197 10199 9969
f 10197 9969 9965
f 10197 9965 10190
f 9969 10198 9971
f 9973 9974 10200
f 10200 10202 10201
f 9973 10200 10201
f 9973 10201 10191
f 9973 10191 9968
f 10191 10201 10193
f 10205 10203 10204
f 10204 10206 10207
f 10203 10206 10204
f 10207 10206 10208
f 10199 10209 10198
f 10198 9975 9971
f 10198 10209 9975
f 10209 10210 9975
f 10212 10211 9976
f 10212 9976 10210
f 10210 9976 9975
f 9976 10211 9977
f 10213 10200 9974
f 9980 10213 9974
f 10202 10214 10215
f 10202 10200 10214
f 10200 10213 10214
f 9983 10215 10214
f 9983 9982 10215
f 9982 10216 10215
f 10216 9982 10217
f 9982 9984 10217
f 10217 9984 10218
f 9984 9985 10218
f 10203 10205 10218
f 10203 10218 9986
f 9986 10218 9985
f 10206 10203 9986
f 9987 10206 9986
f 10208 10206 9987
f 10208 9987 10219
f 10219 9987 9989
f 10219 9989 10220
f 9989 9991 10220
f 9991 10221 10220
f 9992 10221 9991
f 10212 10222 10211
f 10224 10223 9993
f 10222 10224 9993
f 10222 9993 9977
f 10222 9977 10211
f 9993 10223 9994
f 10213 9980 9998
f 10214 10213 9998
f 9999 10214 9998
f 10214 9999 9983
f 10221 9992 10000
f 10225 10221 10000
f 10226 10000 10001
f 10226 10227 10000
f 10227 10225 10000
f 10227 10226 10228
f 10224 10229 10223
f 10223 10229 10230
f 10223 10230 9994
f 9994 10230 10003
f 10226 10001 10007
f 10228 10226 10007
f 10228 10007 10231
f 10231 10007 10009
f 10232 10009 10010
f 10232 10233 10009
f 10233 10231 10009
f 10233 10232 10234
f 10011 10236 10235
f 10011 10003 10236
f 10003 10230 10236
f 10011 10235 10012
f 10232 10010 10015
f 10015 10016 10237
f 10232 10015 10237
f 10232 10237 10238
f 10232 10238 10234
f 10238 10237 10239
f 10236 10240 10235
f 10235 10240 10241
f 10235 10241 10012
f 10012 10241 10018
f 10237 10016 10022
f 10022 10239 10237
f 10022 10023 10239
f 10023 10242 10239
f 10241 10024 10018
f 10243 10024 10241
f 10024 10243 10244
f 10025 10024 10244
f 10245 10246 10242
f 10245 10242 10029
f 10029 10242 10023
f 10246 10245 10247
f 10244 10248 10025
f 10248 10030 10025
f 10249 10245 10029
f 10034 10249 10029
f 10247 10249 10250
f 10245 10249 10247
f 10248 10035 10030
f 10251 10035 10248
f 10035 10251 10252
f 10036 10035 10252
f 10253 10249 10034
f 10040 10253 10034
f 10250 10253 10254
f 10249 10253 10250
f 10252 10255 10036
f 10255 10042 10036
f 10256 10253 10040
f 10046 10256 10040
f 10254 10256 10257
f 10253 10256 10254
f 10048 10259 10258
f 10048 10042 10259
f 10042 10255 10259
f 10048 10258 10049
f 10260 10256 10046
f 10053 10260 10046
f 10257 10260 10261
f 10256 10260 10257
f 10258 10055 10054
f 10258 10259 10055
f 10259 10262 10055
f 10258 10054 10049
f 10260 10053 10059
f 10059 10261 10260
f 10059 10060 10261
f 10060 10263 10261
f 10262 10061 10055
f 10264 10061 10262
f 10061 10264 10265
f 10062 10061 10265
f 10066 10067 10266
f 10266 10060 10066
f 10266 10267 10060
f 10267 10263 10060
f 10265 10268 10062
f 10268 10068 10062
f 10269 10266 10067
f 10071 10269 10067
f 10267 10269 10270
f 10266 10269 10267
f 10268 10271 10068
f 10271 10072 10068
f 10073 10074 10272
f 10073 10272 10075
f 10273 10269 10071
f 10076 10273 10071
f 10270 10273 10274
f 10269 10273 10270
f 10078 10275 10276
f 10077 10275 10078
f 10275 10077 10072
f 10271 10275 10072
f 10272 10074 10080
f 10272 10080 10075
f 10277 10273 10076
f 10082 10277 10076
f 10274 10277 10278
f 10273 10277 10274
f 10281 10279 10280
f 10280 10279 10083
f 10280 10083 10276
f 10276 10083 10078
f 10084 10085 10282
f 10084 10282 10086
f 10283 10277 10082
f 10283 10082 10284
f 10284 10082 10088
f 10277 10283 10278
f 10287 10285 10286
f 10279 10090 10089
f 10281 10090 10279
f 10281 10285 10090
f 10281 10286 10285
f 10279 10089 10083
f 10282 10085 10092
f 10282 10092 10086
f 10095 10096 10288
f 10288 10088 10095
f 10288 10289 10088
f 10289 10284 10088
f 10292 10290 10291
f 10285 10098 10097
f 10287 10098 10285
f 10287 10290 10098
f 10287 10291 10290
f 10285 10097 10090
f 10101 10102 10293
f 10293 10295 10294
f 10101 10293 10294
f 10101 10294 10288
f 10101 10288 10096
f 10288 10294 10289
f 10298 10296 10297
f 10290 10105 10104
f 10292 10105 10290
f 10292 10296 10105
f 10292 10297 10296
f 10290 10104 10098
f 10108 10109 10299
f 10299 10301 10300
f 10108 10299 10300
f 10108 10300 10293
f 10108 10293 10102
f 10293 10300 10295
f 10304 10302 10303
f 10296 10112 10111
f 10298 10112 10296
f 10298 10302 10112
f 10298 10303 10302
f 10296 10111 10105
f 10117 10118 10305
f 10119 10117 10305
f 10306 10119 10305
f 10109 10119 10306
f 10109 10306 10299
f 10299 10306 10307
f 10301 10307 10308
f 10299 10307 10301
f 10311 10309 10310
f 10310 10312 10313
f 10309 10312 10310
f 10302 10122 10121
f 10304 10122 10302
f 10304 10312 10122
f 10304 10313 10312
f 10302 10121 10112
f 10123 10124 10314
f 10125 10123 10314
f 10315 10125 10314
f 10125 10315 10127
f 10131 10132 10316
f 10133 10131 10316
f 10317 10133 10316
f 10118 10133 10317
f 10118 10317 10305
f 10305 10317 10318
f 10319 10318 10320
f 10319 10306 10318
f 10306 10305 10318
f 10306 10321 10307
f 10319 10321 10306
f 10307 10321 10308
f 10324 10322 10323
f 10309 10136 10135
f 10311 10136 10309
f 10311 10322 10136
f 10311 10323 10322
f 10312 10309 10135
f 10137 10312 10135
f 10312 10137 10122
f 10314 10124 10138
f 10315 10314 10138
f 10140 10315 10138
f 10315 10140 10127
f 10144 10145 10325
f 10132 10144 10325
f 10132 10325 10316
f 10316 10325 10326
f 10316 10326 10317
f 10317 10326 10327
f 10317 10327 10318
f 10318 10327 10328
f 10320 10329 10330
f 10320 10318 10329
f 10318 10328 10329
f 10330 10331 10332
f 10329 10331 10330
f 10332 10333 10334
f 10331 10333 10332
f 10334 10335 10336
f 10333 10335 10334
f 10322 10148 10147
f 10324 10148 10322
f 10324 10335 10148
f 10324 10336 10335
f 10322 10147 10136
f 10325 10145 10150
f 10326 10325 10150
f 10152 10326 10150
f 10327 10326 10152
f 10154 10327 10152
f 10328 10327 10154
f 10156 10328 10154
f 10329 10328 10156
f 10158 10329 10156
f 10331 10329 10158
f 10160 10331 10158
f 10333 10331 10160
f 10161 10333 10160
f 10335 10333 10161
f 10162 10335 10161
f 10335 10162 10148
f 10167 10168 10337
f 10169 10167 10337
f 10338 10169 10337
f 10170 10169 10338
f 10339 10170 10338
f 10170 10339 10172
f 10175 10176 10340
f 10168 10175 10340
f 10168 10340 10337
f 10337 10340 10341
f 10337 10341 10338
f 10338 10341 10342
f 10343 10342 10344
f 10343 10339 10342
f 10339 10338 10342
f 10346 10345 10177
f 10343 10346 10177
f 10343 10177 10172
f 10343 10172 10339
f 10177 10345 10179
f 10184 10185 10347
f 10176 10184 10347
f 10176 10347 10340
f 10340 10347 10348
f 10349 10348 10350
f 10349 10341 10348
f 10341 10340 10348
f 10341 10351 10342
f 10349 10351 10341
f 10342 10351 10344
f 10346 10352 10345
f 10354 10353 10186
f 10352 10354 10186
f 10352 10186 10179
f 10352 10179 10345
f 10187 10186 10353
f 10355 10187 10353
f 10187 10355 10189
f 10192 10193 10356
f 10194 10192 10356
f 10357 10194 10356
f 10195 10194 10357
f 10358 10195 10357
f 10358 10360 10359
f 10195 10358 10359
f 10195 10359 10347
f 10195 10347 10185
f 10347 10361 10348
f 10359 10361 10347
f 10348 10361 10350
f 10354 10362 10353
f 10353 10363 10355
f 10362 10363 10353
f 10365 10364 10196
f 10363 10365 10196
f 10363 10196 10189
f 10363 10189 10355
f 10197 10196 10364
f 10366 10197 10364
f 10197 10366 10199
f 10201 10202 10367
f 10193 10201 10367
f 10193 10367 10356
f 10356 10367 10368
f 10356 10368 10357
f 10357 10368 10369
f 10357 10369 10358
f 10358 10369 10370
f 10360 10204 10371
f 10360 10370 10204
f 10360 10358 10370
f 10370 10205 10204
f 10371 10204 10372
f 10204 10207 10372
f 10373 10207 10208
f 10373 10374 10207
f 10374 10372 10207
f 10374 10373 10375
f 10365 10376 10364
f 10364 10377 10366
f 10376 10377 10364
f 10379 10378 10209
f 10377 10379 10209
f 10377 10209 10199
f 10377 10199 10366
f 10210 10209 10378
f 10380 10210 10378
f 10210 10380 10212
f 10367 10202 10215
f 10368 10367 10215
f 10216 10368 10215
f 10369 10368 10216
f 10217 10369 10216
f 10370 10369 10217
f 10218 10370 10217
f 10370 10218 10205
f 10373 10208 10219
f 10375 10373 10219
f 10375 10219 10381
f 10381 10219 10220
f 10382 10220 10221
f 10382 10383 10220
f 10383 10381 10220
f 10383 10384 10385
f 10382 10384 10383
f 10385 10384 10386
f 10379 10387 10378
f 10389 10378 10387
f 10389 10388 10378
f 10388 10380 10378
f 10222 10212 10380
f 10222 10380 10390
f 10390 10380 10388
f 10222 10390 10224
f 10382 10221 10225
f 10384 10382 10225
f 10227 10384 10225
f 10227 10228 10391
f 10384 10227 10391
f 10384 10391 10392
f 10384 10392 10386
f 10392 10393 10394
f 10391 10393 10392
f 10394 10393 10395
f 10389 10396 10388
f 10388 10397 10390
f 10396 10397 10388
f 10399 10398 10229
f 10397 10399 10229
f 10397 10229 10224
f 10397 10224 10390
f 10229 10398 10230
f 10391 10228 10231
f 10393 10391 10231
f 10233 10393 10231
f 10233 10234 10400
f 10393 10233 10400
f 10393 10400 10401
f 10393 10401 10395
f 10401 10402 10403
f 10400 10402 10401
f 10403 10402 10404
f 10399 10405 10398
f 10398 10405 10406
f 10398 10406 10230
f 10230 10406 10236
f 10400 10234 10238
f 10238 10239 10407
f 10238 10407 10400
f 10400 10407 10402
f 10404 10407 10408
f 10402 10407 10404
f 10240 10410 10409
f 10240 10236 10410
f 10236 10406 10410
f 10240 10409 10241
f 10411 10407 10239
f 10242 10411 10239
f 10408 10411 10412
f 10407 10411 10408
f 10410 10413 10409
f 10415 10414 10243
f 10413 10415 10243
f 10413 10243 10241
f 10413 10241 10409
f 10243 10414 10244
f 10411 10242 10246
f 10246 10412 10411
f 10246 10247 10412
f 10247 10416 10412
f 10418 10414 10415
f 10417 10414 10418
f 10414 10417 10248
f 10244 10414 10248
f 10416 10247 10419
f 10419 10247 10250
f 10418 10420 10417
f 10422 10421 10251
f 10420 10422 10251
f 10420 10251 10248
f 10420 10248 10417
f 10251 10421 10252
f 10419 10250 10423
f 10423 10250 10254
f 10425 10421 10422
f 10424 10421 10425
f 10421 10424 10255
f 10252 10421 10255
f 10423 10254 10426
f 10426 10254 10257
f 10428 10424 10425
f 10427 10424 10428
f 10424 10427 10259
f 10255 10424 10259
f 10426 10257 10429
f 10429 10257 10261
f 10431 10427 10428
f 10430 10427 10431
f 10427 10430 10262
f 10259 10427 10262
f 10429 10261 10432
f 10432 10261 10263
f 10431 10433 10430
f 10435 10434 10264
f 10433 10435 10264
f 10433 10264 10262
f 10433 10262 10430
f 10264 10434 10265
f 10432 10263 10436
f 10436 10263 10267
f 10438 10434 10435
f 10437 10434 10438
f 10434 10437 10268
f 10265 10434 10268
f 10436 10267 10439
f 10439 10267 10270
f 10441 10437 10438
f 10440 10437 10441
f 10437 10440 10271
f 10268 10437 10271
f 10439 10270 10442
f 10442 10270 10274
f 10440 10276 10275
f 10440 10441 10276
f 10441 10443 10276
f 10440 10275 10271
f 10442 10274 10444
f 10444 10274 10278
f 10447 10445 10446
f 10281 10446 10445
f 10281 10280 10446
f 10280 10448 10446
f 10448 10280 10276
f 10443 10448 10276
f 10283 10284 10449
f 10449 10278 10283
f 10449 10450 10278
f 10450 10444 10278
f 10453 10451 10452
f 10445 10287 10286
f 10447 10287 10445
f 10447 10451 10287
f 10447 10452 10451
f 10445 10286 10281
f 10454 10449 10284
f 10289 10454 10284
f 10450 10454 10455
f 10449 10454 10450
f 10458 10456 10457
f 10451 10292 10291
f 10453 10292 10451
f 10453 10456 10292
f 10453 10457 10456
f 10451 10291 10287
f 10294 10295 10459
f 10459 10461 10460
f 10294 10459 10460
f 10294 10460 10454
f 10294 10454 10289
f 10454 10460 10455
f 10464 10462 10463
f 10456 10298 10297
f 10458 10298 10456
f 10458 10462 10298
f 10458 10463 10462
f 10456 10297 10292
f 10300 10301 10465
f 10295 10300 10465
f 10295 10465 10459
f 10459 10465 10466
f 10461 10466 10467
f 10459 10466 10461
f 10470 10468 10469
f 10469 10471 10472
f 10468 10471 10469
f 10462 10304 10303
f 10464 10304 10462
f 10464 10471 10304
f 10464 10472 10471
f 10462 10303 10298
f 10473 10465 10301
f 10308 10473 10301
f 10474 10473 10475
f 10474 10466 10473
f 10466 10465 10473
f 10467 10466 10474
f 10477 10478 10476
f 10468 10311 10310
f 10470 10311 10468
f 10470 10476 10311
f 10470 10477 10476
f 10471 10468 10310
f 10313 10471 10310
f 10471 10313 10304
f 10319 10320 10479
f 10321 10319 10479
f 10480 10321 10479
f 10308 10321 10480
f 10308 10480 10473
f 10473 10480 10481
f 10475 10482 10483
f 10475 10473 10482
f 10473 10481 10482
f 10476 10324 10323
f 10478 10324 10476
f 10478 10482 10324
f 10478 10483 10482
f 10476 10323 10311
f 10479 10320 10330
f 10480 10479 10330
f 10332 10480 10330
f 10481 10480 10332
f 10334 10481 10332
f 10482 10481 10334
f 10336 10482 10334
f 10482 10336 10324
f 10343 10344 10484
f 10343 10484 10346
f 10349 10350 10485
f 10351 10349 10485
f 10486 10351 10485
f 10344 10351 10486
f 10344 10486 10484
f 10484 10486 10487
f 10352 10346 10484
f 10352 10484 10488
f 10488 10484 10487
f 10352 10488 10354
f 10359 10360 10489
f 10361 10359 10489
f 10490 10361 10489
f 10350 10361 10490
f 10350 10490 10485
f 10485 10490 10491
f 10485 10491 10486
f 10486 10491 10492
f 10493 10492 10494
f 10493 10487 10492
f 10487 10486 10492
f 10487 10495 10488
f 10493 10495 10487
f 10497 10496 10362
f 10495 10497 10362
f 10495 10362 10354
f 10495 10354 10488
f 10363 10362 10496
f 10498 10363 10496
f 10363 10498 10365
f 10489 10360 10371
f 10490 10489 10371
f 10372 10490 10371
f 10491 10490 10372
f 10374 10491 10372
f 10374 10375 10499
f 10374 10499 10491
f 10491 10499 10492
f 10494 10500 10501
f 10494 10492 10500
f 10492 10499 10500
f 10501 10502 10503
f 10500 10502 10501
f 10503 10502 10505
f 10497 10504 10496
f 10496 10506 10498
f 10504 10506 10496
f 10508 10507 10376
f 10506 10508 10376
f 10506 10376 10365
f 10506 10365 10498
f 10377 10376 10507
f 10509 10377 10507
f 10377 10509 10379
f 10499 10375 10381
f 10500 10499 10381
f 10383 10500 10381
f 10502 10500 10383
f 10385 10502 10383
f 10385 10386 10510
f 10502 10385 10510
f 10502 10510 10511
f 10502 10511 10505
f 10511 10512 10513
f 10510 10512 10511
f 10513 10507 10508
f 10513 10512 10507
f 10512 10514 10507
f 10507 10514 10509
f 10509 10514 10515
f 10387 10379 10509
f 10387 10509 10516
f 10516 10509 10515
f 10387 10516 10389
f 10510 10386 10392
f 10512 10510 10392
f 10394 10512 10392
f 10394 10395 10517
f 10394 10517 10512
f 10512 10517 10514
f 10514 10517 10515
f 10515 10517 10518
f 10515 10518 10516
f 10516 10518 10519
f 10396 10389 10516
f 10396 10516 10520
f 10520 10516 10519
f 10397 10396 10520
f 10521 10397 10520
f 10397 10521 10399
f 10517 10395 10401
f 10518 10517 10401
f 10403 10518 10401
f 10403 10404 10522
f 10403 10522 10518
f 10518 10522 10519
f 10523 10522 10524
f 10523 10520 10522
f 10520 10519 10522
f 10526 10520 10523
f 10526 10525 10520
f 10525 10521 10520
f 10405 10399 10521
f 10405 10521 10527
f 10527 10521 10525
f 10405 10527 10406
f 10528 10522 10404
f 10408 10528 10404
f 10524 10528 10529
f 10522 10528 10524
f 10526 10530 10525
f 10532 10525 10530
f 10532 10531 10525
f 10531 10527 10525
f 10527 10531 10410
f 10406 10527 10410
f 10533 10528 10408
f 10412 10533 10408
f 10529 10534 10535
f 10529 10528 10534
f 10528 10533 10534
f 10535 10534 10536
f 10532 10537 10531
f 10539 10538 10413
f 10537 10539 10413
f 10537 10413 10410
f 10537 10410 10531
f 10413 10538 10415
f 10540 10533 10412
f 10416 10540 10412
f 10533 10540 10534
f 10534 10540 10541
f 10536 10541 10542
f 10534 10541 10536
f 10544 10538 10539
f 10543 10538 10544
f 10538 10543 10418
f 10415 10538 10418
f 10545 10540 10416
f 10419 10545 10416
f 10546 10545 10547
f 10546 10541 10545
f 10541 10540 10545
f 10541 10546 10542
f 10544 10548 10543
f 10550 10549 10420
f 10548 10550 10420
f 10548 10420 10418
f 10548 10418 10543
f 10420 10549 10422
f 10551 10545 10419
f 10423 10551 10419
f 10547 10551 10552
f 10545 10551 10547
f 10555 10553 10554
f 10554 10549 10550
f 10554 10553 10549
f 10553 10556 10549
f 10549 10556 10425
f 10422 10549 10425
f 10557 10551 10423
f 10426 10557 10423
f 10552 10557 10558
f 10551 10557 10552
f 10560 10553 10555
f 10559 10553 10560
f 10553 10559 10556
f 10556 10559 10561
f 10556 10561 10428
f 10425 10556 10428
f 10562 10557 10426
f 10429 10562 10426
f 10558 10562 10563
f 10557 10562 10558
f 10565 10559 10560
f 10564 10559 10565
f 10559 10564 10561
f 10561 10564 10566
f 10561 10566 10431
f 10428 10561 10431
f 10567 10562 10429
f 10432 10567 10429
f 10563 10567 10568
f 10562 10567 10563
f 10570 10564 10565
f 10569 10564 10570
f 10564 10569 10566
f 10566 10569 10571
f 10433 10431 10566
f 10433 10566 10572
f 10572 10566 10571
f 10433 10572 10435
f 10573 10567 10432
f 10436 10573 10432
f 10568 10573 10574
f 10567 10573 10568
f 10570 10575 10569
f 10577 10569 10575
f 10577 10576 10569
f 10576 10571 10569
f 10571 10576 10572
f 10572 10576 10578
f 10572 10578 10438
f 10435 10572 10438
f 10579 10573 10436
f 10439 10579 10436
f 10574 10579 10580
f 10573 10579 10574
f 10582 10576 10577
f 10581 10576 10582
f 10576 10581 10578
f 10578 10581 10583
f 10578 10583 10441
f 10438 10578 10441
f 10584 10579 10439
f 10442 10584 10439
f 10580 10584 10585
f 10579 10584 10580
f 10587 10581 10582
f 10586 10581 10587
f 10581 10586 10583
f 10583 10586 10588
f 10583 10588 10443
f 10441 10583 10443
f 10589 10584 10442
f 10444 10589 10442
f 10585 10589 10590
f 10584 10589 10585
f 10593 10591 10592
f 10586 10447 10446
f 10587 10447 10586
f 10587 10591 10447
f 10587 10592 10591
f 10588 10586 10446
f 10448 10588 10446
f 10588 10448 10443
f 10594 10589 10444
f 10450 10594 10444
f 10590 10594 10595
f 10589 10594 10590
f 10598 10596 10597
f 10591 10453 10452
f 10593 10453 10591
f 10593 10596 10453
f 10593 10597 10596
f 10591 10452 10447
f 10599 10594 10450
f 10455 10599 10450
f 10595 10600 10601
f 10595 10594 10600
f 10594 10599 10600
f 10601 10602 10603
f 10600 10602 10601
f 10596 10458 10457
f 10598 10458 10596
f 10598 10602 10458
f 10598 10603 10602
f 10596 10457 10453
f 10460 10461 10604
f 10455 10460 10604
f 10455 10604 10599
f 10599 10604 10605
f 10599 10605 10600
f 10600 10605 10606
f 10464 10463 10602
f 10464 10602 10606
f 10606 10602 10600
f 10602 10463 10458
f 10607 10604 10461
f 10467 10607 10461
f 10470 10469 10605
f 10470 10605 10607
f 10607 10605 10604
f 10606 10605 10469
f 10472 10606 10469
f 10606 10472 10464
f 10474 10475 10608
f 10478 10477 10607
f 10478 10607 10608
f 10467 10474 10607
f 10474 10608 10607
f 10607 10477 10470
f 10608 10475 10483
f 10608 10483 10478
f 10493 10494 10609
f 10495 10493 10609
f 10610 10495 10609
f 10495 10610 10497
f 10609 10494 10501
f 10610 10609 10501
f 10503 10610 10501
f 10504 10497 10610
f 10504 10610 10611
f 10503 10505 10610
f 10505 10611 10610
f 10506 10504 10611
f 10612 10506 10611
f 10506 10612 10508
f 10611 10505 10511
f 10612 10611 10511
f 10513 10612 10511
f 10612 10513 10508
f 10523 10524 10613
f 10523 10613 10526
f 10614 10613 10524
f 10529 10614 10524
f 10530 10526 10613
f 10530 10613 10615
f 10615 10613 10614
f 10530 10615 10532
f 10614 10529 10535
f 10535 10536 10616
f 10535 10616 10614
f 10614 10616 10615
f 10537 10532 10615
f 10537 10615 10617
f 10617 10615 10616
f 10537 10617 10539
f 10618 10616 10536
f 10542 10618 10536
f 10616 10618 10617
f 10617 10618 10619
f 10617 10619 10544
f 10539 10617 10544
f 10546 10547 10620
f 10542 10546 10620
f 10542 10620 10618
f 10618 10620 10621
f 10618 10621 10619
f 10619 10621 10622
f 10548 10544 10619
f 10548 10619 10623
f 10623 10619 10622
f 10548 10623 10550
f 10624 10620 10547
f 10552 10624 10547
f 10625 10624 10626
f 10625 10621 10624
f 10621 10620 10624
f 10628 10621 10625
f 10628 10627 10621
f 10627 10622 10621
f 10555 10554 10623
f 10555 10623 10627
f 10627 10623 10622
f 10623 10554 10550
f 10629 10624 10552
f 10558 10629 10552
f 10626 10629 10630
f 10624 10629 10626
f 10632 10627 10628
f 10631 10627 10632
f 10627 10631 10560
f 10555 10627 10560
f 10633 10629 10558
f 10633 10558 10634
f 10634 10558 10563
f 10629 10633 10630
f 10636 10631 10632
f 10635 10631 10636
f 10631 10635 10565
f 10560 10631 10565
f 10634 10563 10637
f 10637 10563 10568
f 10639 10635 10636
f 10638 10635 10639
f 10635 10638 10570
f 10565 10635 10570
f 10637 10568 10640
f 10640 10568 10574
f 10642 10638 10639
f 10641 10638 10642
f 10575 10570 10638
f 10575 10638 10643
f 10643 10638 10641
f 10575 10643 10577
f 10640 10574 10644
f 10644 10574 10580
f 10646 10641 10642
f 10645 10641 10646
f 10641 10645 10643
f 10643 10645 10647
f 10643 10647 10582
f 10577 10643 10582
f 10644 10580 10648
f 10648 10580 10585
f 10650 10645 10646
f 10649 10645 10650
f 10645 10649 10647
f 10647 10649 10651
f 10647 10651 10587
f 10582 10647 10587
f 10648 10585 10652
f 10652 10585 10590
f 10654 10649 10650
f 10653 10649 10654
f 10593 10592 10651
f 10593 10651 10653
f 10653 10651 10649
f 10651 10592 10587
f 10655 10656 10652
f 10655 10652 10595
f 10595 10652 10590
f 10656 10657 10658
f 10655 10657 10656
f 10653 10598 10597
f 10654 10598 10653
f 10654 10657 10598
f 10654 10658 10657
f 10653 10597 10593
f 10655 10595 10601
f 10657 10655 10601
f 10603 10657 10601
f 10657 10603 10598
f 10625 10626 10659
f 10625 10659 10628
f 10660 10659 10626
f 10630 10660 10626
f 10659 10660 10632
f 10628 10659 10632
f 10633 10634 10661
f 10630 10633 10661
f 10630 10661 10660
f 10660 10661 10662
f 10660 10662 10636
f 10632 10660 10636
f 10663 10661 10634
f 10637 10663 10634
f 10661 10663 10662
f 10662 10663 10664
f 10662 10664 10639
f 10636 10662 10639
f 10665 10663 10637
f 10665 10637 10666
f 10666 10637 10640
f 10668 10663 10665
f 10668 10667 10663
f 10667 10664 10663
f 10664 10667 10642
f 10639 10664 10642
f 10666 10640 10669
f 10669 10640 10644
f 10671 10667 10668
f 10670 10667 10671
f 10667 10670 10646
f 10642 10667 10646
f 10669 10644 10672
f 10672 10644 10648
f 10674 10670 10671
f 10673 10670 10674
f 10670 10673 10650
f 10646 10670 10650
f 10675 10676 10672
f 10675 10672 10652
f 10652 10672 10648
f 10676 10673 10674
f 10676 10675 10673
f 10675 10677 10673
f 10673 10677 10654
f 10650 10673 10654
f 10675 10652 10656
f 10677 10675 10656
f 10658 10677 10656
f 10677 10658 10654
f 10665 10666 10678
f 10665 10678 10668
f 10679 10678 10666
f 10669 10679 10666
f 10678 10679 10671
f 10668 10678 10671
f 10680 10679 10669
f 10672 10680 10669
f 10679 10680 10674
f 10671 10679 10674
f 10680 10672 10676
f 10680 10676 10674

